  0
SECTION
  2
HEADER
  9
$ACADVER
  1
AC1009
  9
$FILLMODE
 70
 0
  9
$SPLFRAME
 70
 1
  9
$EXTMIN
 10
0
 20
0
 30
0.0
  9
$EXTMAX
 10
1058.33
 20
1058.33
 30
0.0
  0
ENDSEC
  0
SECTION
  2
TABLES
  0
TABLE
  2
LAYER
 70
1
  0
LAYER
  2
0
 70
     0
 62
     7
  6
CONTINUOUS
  0
ENDTAB
  0
ENDSEC
  0
SECTION
  2
ENTITIES
  0
POLYLINE
  8
0
 62
     0
 66
     1
 10
0
 20
0
 30
0.0
 70
     1
 40
0.566929
 41
0.566929
  0
VERTEX
  8
0
 10
10.0996
 20
10.0004
 30
0.0
 40
0.2
 41
0.2
  0
VERTEX
  8
0
 10
110.1
 20
10.0004
 30
0.0
 40
0.2
 41
0.2
  0
VERTEX
  8
0
 10
110.1
 20
19.9995
 30
0.0
 40
0.2
 41
0.2
  0
VERTEX
  8
0
 10
10.0996
 20
19.9995
 30
0.0
 40
0.2
 41
0.2
  0
VERTEX
  8
0
 10
10.0996
 20
10.0004
 30
0.0
 40
0.2
 41
0.2
  0
SEQEND
 8
0
  0
TEXT
  8
0
 62
     1
 10
28.2549
 20
13.7943
 30
0.0
 40
6.00075
  1
100.0mm, burn:0.10mm
 50
0
  0
POLYLINE
  8
0
 62
     5
 66
     1
 10
0
 20
0
 30
0.0
 70
     1
 40
0.566929
 41
0.566929
  0
VERTEX
  8
0
 10
25.8506
 20
24.8998
 30
0.0
 40
0.2
 41
0.2
  0
VERTEX
  8
0
 10
22.9499
 20
24.8998
 30
0.0
 40
0.2
 41
0.2
  0
VERTEX
  8
0
 10
22.9388
 20
24.8998
 30
0.0
 40
0.2
 41
0.2
  0
VERTEX
  8
0
 10
22.9071
 20
24.886
 30
0.0
 40
0.2
 41
0.2
  0
VERTEX
  8
0
 10
22.9126
 20
24.8626
 30
0.0
 40
0.2
 41
0.2
  0
VERTEX
  8
0
 10
22.9347
 20
24.8584
 30
0.0
 40
0.2
 41
0.2
  0
VERTEX
  8
0
 10
22.9499
 20
24.8901
 30
0.0
 40
0.2
 41
0.2
  0
VERTEX
  8
0
 10
22.9499
 20
24.8998
 30
0.0
 40
0.2
 41
0.2
  0
VERTEX
  8
0
 10
22.9499
 20
27.6999
 30
0.0
 40
0.2
 41
0.2
  0
VERTEX
  8
0
 10
22.9499
 20
27.711
 30
0.0
 40
0.2
 41
0.2
  0
VERTEX
  8
0
 10
22.9347
 20
27.7427
 30
0.0
 40
0.2
 41
0.2
  0
VERTEX
  8
0
 10
22.9126
 20
27.7385
 30
0.0
 40
0.2
 41
0.2
  0
VERTEX
  8
0
 10
22.9071
 20
27.7151
 30
0.0
 40
0.2
 41
0.2
  0
VERTEX
  8
0
 10
22.9388
 20
27.6999
 30
0.0
 40
0.2
 41
0.2
  0
VERTEX
  8
0
 10
22.9499
 20
27.6999
 30
0.0
 40
0.2
 41
0.2
  0
VERTEX
  8
0
 10
28.75
 20
27.6999
 30
0.0
 40
0.2
 41
0.2
  0
VERTEX
  8
0
 10
28.7596
 20
27.6999
 30
0.0
 40
0.2
 41
0.2
  0
VERTEX
  8
0
 10
28.7914
 20
27.7151
 30
0.0
 40
0.2
 41
0.2
  0
VERTEX
  8
0
 10
28.7872
 20
27.7385
 30
0.0
 40
0.2
 41
0.2
  0
VERTEX
  8
0
 10
28.7638
 20
27.7427
 30
0.0
 40
0.2
 41
0.2
  0
VERTEX
  8
0
 10
28.75
 20
27.711
 30
0.0
 40
0.2
 41
0.2
  0
VERTEX
  8
0
 10
28.75
 20
27.6999
 30
0.0
 40
0.2
 41
0.2
  0
VERTEX
  8
0
 10
28.75
 20
24.8998
 30
0.0
 40
0.2
 41
0.2
  0
VERTEX
  8
0
 10
28.75
 20
24.8901
 30
0.0
 40
0.2
 41
0.2
  0
VERTEX
  8
0
 10
28.7638
 20
24.8584
 30
0.0
 40
0.2
 41
0.2
  0
VERTEX
  8
0
 10
28.7872
 20
24.8626
 30
0.0
 40
0.2
 41
0.2
  0
VERTEX
  8
0
 10
28.7914
 20
24.886
 30
0.0
 40
0.2
 41
0.2
  0
VERTEX
  8
0
 10
28.7596
 20
24.8998
 30
0.0
 40
0.2
 41
0.2
  0
VERTEX
  8
0
 10
28.75
 20
24.8998
 30
0.0
 40
0.2
 41
0.2
  0
VERTEX
  8
0
 10
25.8506
 20
24.8998
 30
0.0
 40
0.2
 41
0.2
  0
SEQEND
 8
0
  0
POLYLINE
  8
0
 62
     5
 66
     1
 10
0
 20
0
 30
0.0
 70
     1
 40
0.566929
 41
0.566929
  0
VERTEX
  8
0
 10
37.8492
 20
24.8998
 30
0.0
 40
0.2
 41
0.2
  0
VERTEX
  8
0
 10
34.9498
 20
24.8998
 30
0.0
 40
0.2
 41
0.2
  0
VERTEX
  8
0
 10
34.9388
 20
24.8998
 30
0.0
 40
0.2
 41
0.2
  0
VERTEX
  8
0
 10
34.9071
 20
24.886
 30
0.0
 40
0.2
 41
0.2
  0
VERTEX
  8
0
 10
34.9112
 20
24.8626
 30
0.0
 40
0.2
 41
0.2
  0
VERTEX
  8
0
 10
34.9346
 20
24.8584
 30
0.0
 40
0.2
 41
0.2
  0
VERTEX
  8
0
 10
34.9498
 20
24.8901
 30
0.0
 40
0.2
 41
0.2
  0
VERTEX
  8
0
 10
34.9498
 20
24.8998
 30
0.0
 40
0.2
 41
0.2
  0
VERTEX
  8
0
 10
34.9498
 20
27.6999
 30
0.0
 40
0.2
 41
0.2
  0
VERTEX
  8
0
 10
34.9498
 20
27.711
 30
0.0
 40
0.2
 41
0.2
  0
VERTEX
  8
0
 10
34.9346
 20
27.7427
 30
0.0
 40
0.2
 41
0.2
  0
VERTEX
  8
0
 10
34.9112
 20
27.7385
 30
0.0
 40
0.2
 41
0.2
  0
VERTEX
  8
0
 10
34.9071
 20
27.7151
 30
0.0
 40
0.2
 41
0.2
  0
VERTEX
  8
0
 10
34.9388
 20
27.6999
 30
0.0
 40
0.2
 41
0.2
  0
VERTEX
  8
0
 10
34.9498
 20
27.6999
 30
0.0
 40
0.2
 41
0.2
  0
VERTEX
  8
0
 10
40.7501
 20
27.6999
 30
0.0
 40
0.2
 41
0.2
  0
VERTEX
  8
0
 10
40.7596
 20
27.6999
 30
0.0
 40
0.2
 41
0.2
  0
VERTEX
  8
0
 10
40.7913
 20
27.7151
 30
0.0
 40
0.2
 41
0.2
  0
VERTEX
  8
0
 10
40.7871
 20
27.7385
 30
0.0
 40
0.2
 41
0.2
  0
VERTEX
  8
0
 10
40.7638
 20
27.7427
 30
0.0
 40
0.2
 41
0.2
  0
VERTEX
  8
0
 10
40.7501
 20
27.711
 30
0.0
 40
0.2
 41
0.2
  0
VERTEX
  8
0
 10
40.7501
 20
27.6999
 30
0.0
 40
0.2
 41
0.2
  0
VERTEX
  8
0
 10
40.7501
 20
24.8998
 30
0.0
 40
0.2
 41
0.2
  0
VERTEX
  8
0
 10
40.7501
 20
24.8901
 30
0.0
 40
0.2
 41
0.2
  0
VERTEX
  8
0
 10
40.7638
 20
24.8584
 30
0.0
 40
0.2
 41
0.2
  0
VERTEX
  8
0
 10
40.7871
 20
24.8626
 30
0.0
 40
0.2
 41
0.2
  0
VERTEX
  8
0
 10
40.7913
 20
24.886
 30
0.0
 40
0.2
 41
0.2
  0
VERTEX
  8
0
 10
40.7596
 20
24.8998
 30
0.0
 40
0.2
 41
0.2
  0
VERTEX
  8
0
 10
40.7501
 20
24.8998
 30
0.0
 40
0.2
 41
0.2
  0
VERTEX
  8
0
 10
37.8492
 20
24.8998
 30
0.0
 40
0.2
 41
0.2
  0
SEQEND
 8
0
  0
POLYLINE
  8
0
 62
     5
 66
     1
 10
0
 20
0
 30
0.0
 70
     1
 40
0.566929
 41
0.566929
  0
VERTEX
  8
0
 10
49.8507
 20
24.8998
 30
0.0
 40
0.2
 41
0.2
  0
VERTEX
  8
0
 10
46.9498
 20
24.8998
 30
0.0
 40
0.2
 41
0.2
  0
VERTEX
  8
0
 10
46.9388
 20
24.8998
 30
0.0
 40
0.2
 41
0.2
  0
VERTEX
  8
0
 10
46.9071
 20
24.886
 30
0.0
 40
0.2
 41
0.2
  0
VERTEX
  8
0
 10
46.9124
 20
24.8626
 30
0.0
 40
0.2
 41
0.2
  0
VERTEX
  8
0
 10
46.9346
 20
24.8584
 30
0.0
 40
0.2
 41
0.2
  0
VERTEX
  8
0
 10
46.9498
 20
24.8901
 30
0.0
 40
0.2
 41
0.2
  0
VERTEX
  8
0
 10
46.9498
 20
24.8998
 30
0.0
 40
0.2
 41
0.2
  0
VERTEX
  8
0
 10
46.9498
 20
27.6999
 30
0.0
 40
0.2
 41
0.2
  0
VERTEX
  8
0
 10
46.9498
 20
27.711
 30
0.0
 40
0.2
 41
0.2
  0
VERTEX
  8
0
 10
46.9346
 20
27.7427
 30
0.0
 40
0.2
 41
0.2
  0
VERTEX
  8
0
 10
46.9124
 20
27.7385
 30
0.0
 40
0.2
 41
0.2
  0
VERTEX
  8
0
 10
46.9071
 20
27.7151
 30
0.0
 40
0.2
 41
0.2
  0
VERTEX
  8
0
 10
46.9388
 20
27.6999
 30
0.0
 40
0.2
 41
0.2
  0
VERTEX
  8
0
 10
46.9498
 20
27.6999
 30
0.0
 40
0.2
 41
0.2
  0
VERTEX
  8
0
 10
52.7498
 20
27.6999
 30
0.0
 40
0.2
 41
0.2
  0
VERTEX
  8
0
 10
52.7597
 20
27.6999
 30
0.0
 40
0.2
 41
0.2
  0
VERTEX
  8
0
 10
52.7914
 20
27.7151
 30
0.0
 40
0.2
 41
0.2
  0
VERTEX
  8
0
 10
52.7872
 20
27.7385
 30
0.0
 40
0.2
 41
0.2
  0
VERTEX
  8
0
 10
52.7636
 20
27.7427
 30
0.0
 40
0.2
 41
0.2
  0
VERTEX
  8
0
 10
52.7498
 20
27.711
 30
0.0
 40
0.2
 41
0.2
  0
VERTEX
  8
0
 10
52.7498
 20
27.6999
 30
0.0
 40
0.2
 41
0.2
  0
VERTEX
  8
0
 10
52.7498
 20
24.8998
 30
0.0
 40
0.2
 41
0.2
  0
VERTEX
  8
0
 10
52.7498
 20
24.8901
 30
0.0
 40
0.2
 41
0.2
  0
VERTEX
  8
0
 10
52.7636
 20
24.8584
 30
0.0
 40
0.2
 41
0.2
  0
VERTEX
  8
0
 10
52.7872
 20
24.8626
 30
0.0
 40
0.2
 41
0.2
  0
VERTEX
  8
0
 10
52.7914
 20
24.886
 30
0.0
 40
0.2
 41
0.2
  0
VERTEX
  8
0
 10
52.7597
 20
24.8998
 30
0.0
 40
0.2
 41
0.2
  0
VERTEX
  8
0
 10
52.7498
 20
24.8998
 30
0.0
 40
0.2
 41
0.2
  0
VERTEX
  8
0
 10
49.8507
 20
24.8998
 30
0.0
 40
0.2
 41
0.2
  0
SEQEND
 8
0
  0
POLYLINE
  8
0
 62
     5
 66
     1
 10
0
 20
0
 30
0.0
 70
     1
 40
0.566929
 41
0.566929
  0
VERTEX
  8
0
 10
61.8504
 20
24.8998
 30
0.0
 40
0.2
 41
0.2
  0
VERTEX
  8
0
 10
58.9499
 20
24.8998
 30
0.0
 40
0.2
 41
0.2
  0
VERTEX
  8
0
 10
58.9386
 20
24.8998
 30
0.0
 40
0.2
 41
0.2
  0
VERTEX
  8
0
 10
58.9068
 20
24.886
 30
0.0
 40
0.2
 41
0.2
  0
VERTEX
  8
0
 10
58.9125
 20
24.8626
 30
0.0
 40
0.2
 41
0.2
  0
VERTEX
  8
0
 10
58.9347
 20
24.8584
 30
0.0
 40
0.2
 41
0.2
  0
VERTEX
  8
0
 10
58.9499
 20
24.8901
 30
0.0
 40
0.2
 41
0.2
  0
VERTEX
  8
0
 10
58.9499
 20
24.8998
 30
0.0
 40
0.2
 41
0.2
  0
VERTEX
  8
0
 10
58.9499
 20
27.6999
 30
0.0
 40
0.2
 41
0.2
  0
VERTEX
  8
0
 10
58.9499
 20
27.711
 30
0.0
 40
0.2
 41
0.2
  0
VERTEX
  8
0
 10
58.9347
 20
27.7427
 30
0.0
 40
0.2
 41
0.2
  0
VERTEX
  8
0
 10
58.9125
 20
27.7385
 30
0.0
 40
0.2
 41
0.2
  0
VERTEX
  8
0
 10
58.9068
 20
27.7151
 30
0.0
 40
0.2
 41
0.2
  0
VERTEX
  8
0
 10
58.9386
 20
27.6999
 30
0.0
 40
0.2
 41
0.2
  0
VERTEX
  8
0
 10
58.9499
 20
27.6999
 30
0.0
 40
0.2
 41
0.2
  0
VERTEX
  8
0
 10
64.7499
 20
27.6999
 30
0.0
 40
0.2
 41
0.2
  0
VERTEX
  8
0
 10
64.7594
 20
27.6999
 30
0.0
 40
0.2
 41
0.2
  0
VERTEX
  8
0
 10
64.7912
 20
27.7151
 30
0.0
 40
0.2
 41
0.2
  0
VERTEX
  8
0
 10
64.7869
 20
27.7385
 30
0.0
 40
0.2
 41
0.2
  0
VERTEX
  8
0
 10
64.7637
 20
27.7427
 30
0.0
 40
0.2
 41
0.2
  0
VERTEX
  8
0
 10
64.7499
 20
27.711
 30
0.0
 40
0.2
 41
0.2
  0
VERTEX
  8
0
 10
64.7499
 20
27.6999
 30
0.0
 40
0.2
 41
0.2
  0
VERTEX
  8
0
 10
64.7499
 20
24.8998
 30
0.0
 40
0.2
 41
0.2
  0
VERTEX
  8
0
 10
64.7499
 20
24.8901
 30
0.0
 40
0.2
 41
0.2
  0
VERTEX
  8
0
 10
64.7637
 20
24.8584
 30
0.0
 40
0.2
 41
0.2
  0
VERTEX
  8
0
 10
64.7869
 20
24.8626
 30
0.0
 40
0.2
 41
0.2
  0
VERTEX
  8
0
 10
64.7912
 20
24.886
 30
0.0
 40
0.2
 41
0.2
  0
VERTEX
  8
0
 10
64.7594
 20
24.8998
 30
0.0
 40
0.2
 41
0.2
  0
VERTEX
  8
0
 10
64.7499
 20
24.8998
 30
0.0
 40
0.2
 41
0.2
  0
VERTEX
  8
0
 10
61.8504
 20
24.8998
 30
0.0
 40
0.2
 41
0.2
  0
SEQEND
 8
0
  0
POLYLINE
  8
0
 62
     5
 66
     1
 10
0
 20
0
 30
0.0
 70
     1
 40
0.566929
 41
0.566929
  0
VERTEX
  8
0
 10
73.8505
 20
24.8998
 30
0.0
 40
0.2
 41
0.2
  0
VERTEX
  8
0
 10
70.9496
 20
24.8998
 30
0.0
 40
0.2
 41
0.2
  0
VERTEX
  8
0
 10
70.9387
 20
24.8998
 30
0.0
 40
0.2
 41
0.2
  0
VERTEX
  8
0
 10
70.9069
 20
24.886
 30
0.0
 40
0.2
 41
0.2
  0
VERTEX
  8
0
 10
70.9126
 20
24.8626
 30
0.0
 40
0.2
 41
0.2
  0
VERTEX
  8
0
 10
70.9344
 20
24.8584
 30
0.0
 40
0.2
 41
0.2
  0
VERTEX
  8
0
 10
70.9496
 20
24.8901
 30
0.0
 40
0.2
 41
0.2
  0
VERTEX
  8
0
 10
70.9496
 20
24.8998
 30
0.0
 40
0.2
 41
0.2
  0
VERTEX
  8
0
 10
70.9496
 20
27.6999
 30
0.0
 40
0.2
 41
0.2
  0
VERTEX
  8
0
 10
70.9496
 20
27.711
 30
0.0
 40
0.2
 41
0.2
  0
VERTEX
  8
0
 10
70.9344
 20
27.7427
 30
0.0
 40
0.2
 41
0.2
  0
VERTEX
  8
0
 10
70.9126
 20
27.7385
 30
0.0
 40
0.2
 41
0.2
  0
VERTEX
  8
0
 10
70.9069
 20
27.7151
 30
0.0
 40
0.2
 41
0.2
  0
VERTEX
  8
0
 10
70.9387
 20
27.6999
 30
0.0
 40
0.2
 41
0.2
  0
VERTEX
  8
0
 10
70.9496
 20
27.6999
 30
0.0
 40
0.2
 41
0.2
  0
VERTEX
  8
0
 10
76.75
 20
27.6999
 30
0.0
 40
0.2
 41
0.2
  0
VERTEX
  8
0
 10
76.7595
 20
27.6999
 30
0.0
 40
0.2
 41
0.2
  0
VERTEX
  8
0
 10
76.7913
 20
27.7151
 30
0.0
 40
0.2
 41
0.2
  0
VERTEX
  8
0
 10
76.787
 20
27.7385
 30
0.0
 40
0.2
 41
0.2
  0
VERTEX
  8
0
 10
76.7637
 20
27.7427
 30
0.0
 40
0.2
 41
0.2
  0
VERTEX
  8
0
 10
76.75
 20
27.711
 30
0.0
 40
0.2
 41
0.2
  0
VERTEX
  8
0
 10
76.75
 20
27.6999
 30
0.0
 40
0.2
 41
0.2
  0
VERTEX
  8
0
 10
76.75
 20
24.8998
 30
0.0
 40
0.2
 41
0.2
  0
VERTEX
  8
0
 10
76.75
 20
24.8901
 30
0.0
 40
0.2
 41
0.2
  0
VERTEX
  8
0
 10
76.7637
 20
24.8584
 30
0.0
 40
0.2
 41
0.2
  0
VERTEX
  8
0
 10
76.787
 20
24.8626
 30
0.0
 40
0.2
 41
0.2
  0
VERTEX
  8
0
 10
76.7913
 20
24.886
 30
0.0
 40
0.2
 41
0.2
  0
VERTEX
  8
0
 10
76.7595
 20
24.8998
 30
0.0
 40
0.2
 41
0.2
  0
VERTEX
  8
0
 10
76.75
 20
24.8998
 30
0.0
 40
0.2
 41
0.2
  0
VERTEX
  8
0
 10
73.8505
 20
24.8998
 30
0.0
 40
0.2
 41
0.2
  0
SEQEND
 8
0
  0
POLYLINE
  8
0
 62
     5
 66
     1
 10
0
 20
0
 30
0.0
 70
     1
 40
0.566929
 41
0.566929
  0
VERTEX
  8
0
 10
85.8502
 20
24.8998
 30
0.0
 40
0.2
 41
0.2
  0
VERTEX
  8
0
 10
82.9497
 20
24.8998
 30
0.0
 40
0.2
 41
0.2
  0
VERTEX
  8
0
 10
82.9388
 20
24.8998
 30
0.0
 40
0.2
 41
0.2
  0
VERTEX
  8
0
 10
82.907
 20
24.886
 30
0.0
 40
0.2
 41
0.2
  0
VERTEX
  8
0
 10
82.9123
 20
24.8626
 30
0.0
 40
0.2
 41
0.2
  0
VERTEX
  8
0
 10
82.9345
 20
24.8584
 30
0.0
 40
0.2
 41
0.2
  0
VERTEX
  8
0
 10
82.9497
 20
24.8901
 30
0.0
 40
0.2
 41
0.2
  0
VERTEX
  8
0
 10
82.9497
 20
24.8998
 30
0.0
 40
0.2
 41
0.2
  0
VERTEX
  8
0
 10
82.9497
 20
27.6999
 30
0.0
 40
0.2
 41
0.2
  0
VERTEX
  8
0
 10
82.9497
 20
27.711
 30
0.0
 40
0.2
 41
0.2
  0
VERTEX
  8
0
 10
82.9345
 20
27.7427
 30
0.0
 40
0.2
 41
0.2
  0
VERTEX
  8
0
 10
82.9123
 20
27.7385
 30
0.0
 40
0.2
 41
0.2
  0
VERTEX
  8
0
 10
82.907
 20
27.7151
 30
0.0
 40
0.2
 41
0.2
  0
VERTEX
  8
0
 10
82.9388
 20
27.6999
 30
0.0
 40
0.2
 41
0.2
  0
VERTEX
  8
0
 10
82.9497
 20
27.6999
 30
0.0
 40
0.2
 41
0.2
  0
VERTEX
  8
0
 10
88.7497
 20
27.6999
 30
0.0
 40
0.2
 41
0.2
  0
VERTEX
  8
0
 10
88.7596
 20
27.6999
 30
0.0
 40
0.2
 41
0.2
  0
VERTEX
  8
0
 10
88.791
 20
27.7151
 30
0.0
 40
0.2
 41
0.2
  0
VERTEX
  8
0
 10
88.7871
 20
27.7385
 30
0.0
 40
0.2
 41
0.2
  0
VERTEX
  8
0
 10
88.7635
 20
27.7427
 30
0.0
 40
0.2
 41
0.2
  0
VERTEX
  8
0
 10
88.7497
 20
27.711
 30
0.0
 40
0.2
 41
0.2
  0
VERTEX
  8
0
 10
88.7497
 20
27.6999
 30
0.0
 40
0.2
 41
0.2
  0
VERTEX
  8
0
 10
88.7497
 20
24.8998
 30
0.0
 40
0.2
 41
0.2
  0
VERTEX
  8
0
 10
88.7497
 20
24.8901
 30
0.0
 40
0.2
 41
0.2
  0
VERTEX
  8
0
 10
88.7635
 20
24.8584
 30
0.0
 40
0.2
 41
0.2
  0
VERTEX
  8
0
 10
88.7871
 20
24.8626
 30
0.0
 40
0.2
 41
0.2
  0
VERTEX
  8
0
 10
88.791
 20
24.886
 30
0.0
 40
0.2
 41
0.2
  0
VERTEX
  8
0
 10
88.7596
 20
24.8998
 30
0.0
 40
0.2
 41
0.2
  0
VERTEX
  8
0
 10
88.7497
 20
24.8998
 30
0.0
 40
0.2
 41
0.2
  0
VERTEX
  8
0
 10
85.8502
 20
24.8998
 30
0.0
 40
0.2
 41
0.2
  0
SEQEND
 8
0
  0
POLYLINE
  8
0
 62
     5
 66
     1
 10
0
 20
0
 30
0.0
 70
     1
 40
0.566929
 41
0.566929
  0
VERTEX
  8
0
 10
97.8503
 20
24.8998
 30
0.0
 40
0.2
 41
0.2
  0
VERTEX
  8
0
 10
94.9494
 20
24.8998
 30
0.0
 40
0.2
 41
0.2
  0
VERTEX
  8
0
 10
94.9385
 20
24.8998
 30
0.0
 40
0.2
 41
0.2
  0
VERTEX
  8
0
 10
94.9068
 20
24.886
 30
0.0
 40
0.2
 41
0.2
  0
VERTEX
  8
0
 10
94.9124
 20
24.8626
 30
0.0
 40
0.2
 41
0.2
  0
VERTEX
  8
0
 10
94.9343
 20
24.8584
 30
0.0
 40
0.2
 41
0.2
  0
VERTEX
  8
0
 10
94.9494
 20
24.8901
 30
0.0
 40
0.2
 41
0.2
  0
VERTEX
  8
0
 10
94.9494
 20
24.8998
 30
0.0
 40
0.2
 41
0.2
  0
VERTEX
  8
0
 10
94.9494
 20
27.6999
 30
0.0
 40
0.2
 41
0.2
  0
VERTEX
  8
0
 10
94.9494
 20
27.711
 30
0.0
 40
0.2
 41
0.2
  0
VERTEX
  8
0
 10
94.9343
 20
27.7427
 30
0.0
 40
0.2
 41
0.2
  0
VERTEX
  8
0
 10
94.9124
 20
27.7385
 30
0.0
 40
0.2
 41
0.2
  0
VERTEX
  8
0
 10
94.9068
 20
27.7151
 30
0.0
 40
0.2
 41
0.2
  0
VERTEX
  8
0
 10
94.9385
 20
27.6999
 30
0.0
 40
0.2
 41
0.2
  0
VERTEX
  8
0
 10
94.9494
 20
27.6999
 30
0.0
 40
0.2
 41
0.2
  0
VERTEX
  8
0
 10
100.75
 20
27.6999
 30
0.0
 40
0.2
 41
0.2
  0
VERTEX
  8
0
 10
100.759
 20
27.6999
 30
0.0
 40
0.2
 41
0.2
  0
VERTEX
  8
0
 10
100.791
 20
27.7151
 30
0.0
 40
0.2
 41
0.2
  0
VERTEX
  8
0
 10
100.787
 20
27.7385
 30
0.0
 40
0.2
 41
0.2
  0
VERTEX
  8
0
 10
100.764
 20
27.7427
 30
0.0
 40
0.2
 41
0.2
  0
VERTEX
  8
0
 10
100.75
 20
27.711
 30
0.0
 40
0.2
 41
0.2
  0
VERTEX
  8
0
 10
100.75
 20
27.6999
 30
0.0
 40
0.2
 41
0.2
  0
VERTEX
  8
0
 10
100.75
 20
24.8998
 30
0.0
 40
0.2
 41
0.2
  0
VERTEX
  8
0
 10
100.75
 20
24.8901
 30
0.0
 40
0.2
 41
0.2
  0
VERTEX
  8
0
 10
100.764
 20
24.8584
 30
0.0
 40
0.2
 41
0.2
  0
VERTEX
  8
0
 10
100.787
 20
24.8626
 30
0.0
 40
0.2
 41
0.2
  0
VERTEX
  8
0
 10
100.791
 20
24.886
 30
0.0
 40
0.2
 41
0.2
  0
VERTEX
  8
0
 10
100.759
 20
24.8998
 30
0.0
 40
0.2
 41
0.2
  0
VERTEX
  8
0
 10
100.75
 20
24.8998
 30
0.0
 40
0.2
 41
0.2
  0
VERTEX
  8
0
 10
97.8503
 20
24.8998
 30
0.0
 40
0.2
 41
0.2
  0
SEQEND
 8
0
  0
POLYLINE
  8
0
 62
     5
 66
     1
 10
0
 20
0
 30
0.0
 70
     1
 40
0.566929
 41
0.566929
  0
VERTEX
  8
0
 10
109.85
 20
24.8998
 30
0.0
 40
0.2
 41
0.2
  0
VERTEX
  8
0
 10
106.95
 20
24.8998
 30
0.0
 40
0.2
 41
0.2
  0
VERTEX
  8
0
 10
106.939
 20
24.8998
 30
0.0
 40
0.2
 41
0.2
  0
VERTEX
  8
0
 10
106.907
 20
24.886
 30
0.0
 40
0.2
 41
0.2
  0
VERTEX
  8
0
 10
106.912
 20
24.8626
 30
0.0
 40
0.2
 41
0.2
  0
VERTEX
  8
0
 10
106.934
 20
24.8584
 30
0.0
 40
0.2
 41
0.2
  0
VERTEX
  8
0
 10
106.95
 20
24.8901
 30
0.0
 40
0.2
 41
0.2
  0
VERTEX
  8
0
 10
106.95
 20
24.8998
 30
0.0
 40
0.2
 41
0.2
  0
VERTEX
  8
0
 10
106.95
 20
27.6999
 30
0.0
 40
0.2
 41
0.2
  0
VERTEX
  8
0
 10
106.95
 20
27.711
 30
0.0
 40
0.2
 41
0.2
  0
VERTEX
  8
0
 10
106.934
 20
27.7427
 30
0.0
 40
0.2
 41
0.2
  0
VERTEX
  8
0
 10
106.912
 20
27.7385
 30
0.0
 40
0.2
 41
0.2
  0
VERTEX
  8
0
 10
106.907
 20
27.7151
 30
0.0
 40
0.2
 41
0.2
  0
VERTEX
  8
0
 10
106.939
 20
27.6999
 30
0.0
 40
0.2
 41
0.2
  0
VERTEX
  8
0
 10
106.95
 20
27.6999
 30
0.0
 40
0.2
 41
0.2
  0
VERTEX
  8
0
 10
112.75
 20
27.6999
 30
0.0
 40
0.2
 41
0.2
  0
VERTEX
  8
0
 10
112.759
 20
27.6999
 30
0.0
 40
0.2
 41
0.2
  0
VERTEX
  8
0
 10
112.791
 20
27.7151
 30
0.0
 40
0.2
 41
0.2
  0
VERTEX
  8
0
 10
112.787
 20
27.7385
 30
0.0
 40
0.2
 41
0.2
  0
VERTEX
  8
0
 10
112.764
 20
27.7427
 30
0.0
 40
0.2
 41
0.2
  0
VERTEX
  8
0
 10
112.75
 20
27.711
 30
0.0
 40
0.2
 41
0.2
  0
VERTEX
  8
0
 10
112.75
 20
27.6999
 30
0.0
 40
0.2
 41
0.2
  0
VERTEX
  8
0
 10
112.75
 20
24.8998
 30
0.0
 40
0.2
 41
0.2
  0
VERTEX
  8
0
 10
112.75
 20
24.8901
 30
0.0
 40
0.2
 41
0.2
  0
VERTEX
  8
0
 10
112.764
 20
24.8584
 30
0.0
 40
0.2
 41
0.2
  0
VERTEX
  8
0
 10
112.787
 20
24.8626
 30
0.0
 40
0.2
 41
0.2
  0
VERTEX
  8
0
 10
112.791
 20
24.886
 30
0.0
 40
0.2
 41
0.2
  0
VERTEX
  8
0
 10
112.759
 20
24.8998
 30
0.0
 40
0.2
 41
0.2
  0
VERTEX
  8
0
 10
112.75
 20
24.8998
 30
0.0
 40
0.2
 41
0.2
  0
VERTEX
  8
0
 10
109.85
 20
24.8998
 30
0.0
 40
0.2
 41
0.2
  0
SEQEND
 8
0
  0
POLYLINE
  8
0
 62
     5
 66
     1
 10
0
 20
0
 30
0.0
 70
     1
 40
0.566929
 41
0.566929
  0
VERTEX
  8
0
 10
121.85
 20
24.8998
 30
0.0
 40
0.2
 41
0.2
  0
VERTEX
  8
0
 10
118.95
 20
24.8998
 30
0.0
 40
0.2
 41
0.2
  0
VERTEX
  8
0
 10
118.938
 20
24.8998
 30
0.0
 40
0.2
 41
0.2
  0
VERTEX
  8
0
 10
118.907
 20
24.886
 30
0.0
 40
0.2
 41
0.2
  0
VERTEX
  8
0
 10
118.912
 20
24.8626
 30
0.0
 40
0.2
 41
0.2
  0
VERTEX
  8
0
 10
118.934
 20
24.8584
 30
0.0
 40
0.2
 41
0.2
  0
VERTEX
  8
0
 10
118.95
 20
24.8901
 30
0.0
 40
0.2
 41
0.2
  0
VERTEX
  8
0
 10
118.95
 20
24.8998
 30
0.0
 40
0.2
 41
0.2
  0
VERTEX
  8
0
 10
118.95
 20
27.6999
 30
0.0
 40
0.2
 41
0.2
  0
VERTEX
  8
0
 10
118.95
 20
27.711
 30
0.0
 40
0.2
 41
0.2
  0
VERTEX
  8
0
 10
118.934
 20
27.7427
 30
0.0
 40
0.2
 41
0.2
  0
VERTEX
  8
0
 10
118.912
 20
27.7385
 30
0.0
 40
0.2
 41
0.2
  0
VERTEX
  8
0
 10
118.907
 20
27.7151
 30
0.0
 40
0.2
 41
0.2
  0
VERTEX
  8
0
 10
118.938
 20
27.6999
 30
0.0
 40
0.2
 41
0.2
  0
VERTEX
  8
0
 10
118.95
 20
27.6999
 30
0.0
 40
0.2
 41
0.2
  0
VERTEX
  8
0
 10
124.75
 20
27.6999
 30
0.0
 40
0.2
 41
0.2
  0
VERTEX
  8
0
 10
124.759
 20
27.6999
 30
0.0
 40
0.2
 41
0.2
  0
VERTEX
  8
0
 10
124.791
 20
27.7151
 30
0.0
 40
0.2
 41
0.2
  0
VERTEX
  8
0
 10
124.787
 20
27.7385
 30
0.0
 40
0.2
 41
0.2
  0
VERTEX
  8
0
 10
124.763
 20
27.7427
 30
0.0
 40
0.2
 41
0.2
  0
VERTEX
  8
0
 10
124.75
 20
27.711
 30
0.0
 40
0.2
 41
0.2
  0
VERTEX
  8
0
 10
124.75
 20
27.6999
 30
0.0
 40
0.2
 41
0.2
  0
VERTEX
  8
0
 10
124.75
 20
24.8998
 30
0.0
 40
0.2
 41
0.2
  0
VERTEX
  8
0
 10
124.75
 20
24.8901
 30
0.0
 40
0.2
 41
0.2
  0
VERTEX
  8
0
 10
124.763
 20
24.8584
 30
0.0
 40
0.2
 41
0.2
  0
VERTEX
  8
0
 10
124.787
 20
24.8626
 30
0.0
 40
0.2
 41
0.2
  0
VERTEX
  8
0
 10
124.791
 20
24.886
 30
0.0
 40
0.2
 41
0.2
  0
VERTEX
  8
0
 10
124.759
 20
24.8998
 30
0.0
 40
0.2
 41
0.2
  0
VERTEX
  8
0
 10
124.75
 20
24.8998
 30
0.0
 40
0.2
 41
0.2
  0
VERTEX
  8
0
 10
121.85
 20
24.8998
 30
0.0
 40
0.2
 41
0.2
  0
SEQEND
 8
0
  0
POLYLINE
  8
0
 62
     5
 66
     1
 10
0
 20
0
 30
0.0
 70
     1
 40
0.566929
 41
0.566929
  0
VERTEX
  8
0
 10
133.85
 20
24.8998
 30
0.0
 40
0.2
 41
0.2
  0
VERTEX
  8
0
 10
130.949
 20
24.8998
 30
0.0
 40
0.2
 41
0.2
  0
VERTEX
  8
0
 10
130.938
 20
24.8998
 30
0.0
 40
0.2
 41
0.2
  0
VERTEX
  8
0
 10
130.907
 20
24.886
 30
0.0
 40
0.2
 41
0.2
  0
VERTEX
  8
0
 10
130.912
 20
24.8626
 30
0.0
 40
0.2
 41
0.2
  0
VERTEX
  8
0
 10
130.934
 20
24.8584
 30
0.0
 40
0.2
 41
0.2
  0
VERTEX
  8
0
 10
130.949
 20
24.8901
 30
0.0
 40
0.2
 41
0.2
  0
VERTEX
  8
0
 10
130.949
 20
24.8998
 30
0.0
 40
0.2
 41
0.2
  0
VERTEX
  8
0
 10
130.949
 20
27.6999
 30
0.0
 40
0.2
 41
0.2
  0
VERTEX
  8
0
 10
130.949
 20
27.711
 30
0.0
 40
0.2
 41
0.2
  0
VERTEX
  8
0
 10
130.934
 20
27.7427
 30
0.0
 40
0.2
 41
0.2
  0
VERTEX
  8
0
 10
130.912
 20
27.7385
 30
0.0
 40
0.2
 41
0.2
  0
VERTEX
  8
0
 10
130.907
 20
27.7151
 30
0.0
 40
0.2
 41
0.2
  0
VERTEX
  8
0
 10
130.938
 20
27.6999
 30
0.0
 40
0.2
 41
0.2
  0
VERTEX
  8
0
 10
130.949
 20
27.6999
 30
0.0
 40
0.2
 41
0.2
  0
VERTEX
  8
0
 10
136.75
 20
27.6999
 30
0.0
 40
0.2
 41
0.2
  0
VERTEX
  8
0
 10
136.759
 20
27.6999
 30
0.0
 40
0.2
 41
0.2
  0
VERTEX
  8
0
 10
136.791
 20
27.7151
 30
0.0
 40
0.2
 41
0.2
  0
VERTEX
  8
0
 10
136.787
 20
27.7385
 30
0.0
 40
0.2
 41
0.2
  0
VERTEX
  8
0
 10
136.763
 20
27.7427
 30
0.0
 40
0.2
 41
0.2
  0
VERTEX
  8
0
 10
136.75
 20
27.711
 30
0.0
 40
0.2
 41
0.2
  0
VERTEX
  8
0
 10
136.75
 20
27.6999
 30
0.0
 40
0.2
 41
0.2
  0
VERTEX
  8
0
 10
136.75
 20
24.8998
 30
0.0
 40
0.2
 41
0.2
  0
VERTEX
  8
0
 10
136.75
 20
24.8901
 30
0.0
 40
0.2
 41
0.2
  0
VERTEX
  8
0
 10
136.763
 20
24.8584
 30
0.0
 40
0.2
 41
0.2
  0
VERTEX
  8
0
 10
136.787
 20
24.8626
 30
0.0
 40
0.2
 41
0.2
  0
VERTEX
  8
0
 10
136.791
 20
24.886
 30
0.0
 40
0.2
 41
0.2
  0
VERTEX
  8
0
 10
136.759
 20
24.8998
 30
0.0
 40
0.2
 41
0.2
  0
VERTEX
  8
0
 10
136.75
 20
24.8998
 30
0.0
 40
0.2
 41
0.2
  0
VERTEX
  8
0
 10
133.85
 20
24.8998
 30
0.0
 40
0.2
 41
0.2
  0
SEQEND
 8
0
  0
POLYLINE
  8
0
 62
     5
 66
     1
 10
0
 20
0
 30
0.0
 70
     1
 40
0.566929
 41
0.566929
  0
VERTEX
  8
0
 10
145.85
 20
24.8998
 30
0.0
 40
0.2
 41
0.2
  0
VERTEX
  8
0
 10
142.951
 20
24.8998
 30
0.0
 40
0.2
 41
0.2
  0
VERTEX
  8
0
 10
142.94
 20
24.8998
 30
0.0
 40
0.2
 41
0.2
  0
VERTEX
  8
0
 10
142.908
 20
24.886
 30
0.0
 40
0.2
 41
0.2
  0
VERTEX
  8
0
 10
142.912
 20
24.8626
 30
0.0
 40
0.2
 41
0.2
  0
VERTEX
  8
0
 10
142.936
 20
24.8584
 30
0.0
 40
0.2
 41
0.2
  0
VERTEX
  8
0
 10
142.951
 20
24.8901
 30
0.0
 40
0.2
 41
0.2
  0
VERTEX
  8
0
 10
142.951
 20
24.8998
 30
0.0
 40
0.2
 41
0.2
  0
VERTEX
  8
0
 10
142.951
 20
27.6999
 30
0.0
 40
0.2
 41
0.2
  0
VERTEX
  8
0
 10
142.951
 20
27.711
 30
0.0
 40
0.2
 41
0.2
  0
VERTEX
  8
0
 10
142.936
 20
27.7427
 30
0.0
 40
0.2
 41
0.2
  0
VERTEX
  8
0
 10
142.912
 20
27.7385
 30
0.0
 40
0.2
 41
0.2
  0
VERTEX
  8
0
 10
142.908
 20
27.7151
 30
0.0
 40
0.2
 41
0.2
  0
VERTEX
  8
0
 10
142.94
 20
27.6999
 30
0.0
 40
0.2
 41
0.2
  0
VERTEX
  8
0
 10
142.951
 20
27.6999
 30
0.0
 40
0.2
 41
0.2
  0
VERTEX
  8
0
 10
148.749
 20
27.6999
 30
0.0
 40
0.2
 41
0.2
  0
VERTEX
  8
0
 10
148.759
 20
27.6999
 30
0.0
 40
0.2
 41
0.2
  0
VERTEX
  8
0
 10
148.791
 20
27.7151
 30
0.0
 40
0.2
 41
0.2
  0
VERTEX
  8
0
 10
148.787
 20
27.7385
 30
0.0
 40
0.2
 41
0.2
  0
VERTEX
  8
0
 10
148.763
 20
27.7427
 30
0.0
 40
0.2
 41
0.2
  0
VERTEX
  8
0
 10
148.749
 20
27.711
 30
0.0
 40
0.2
 41
0.2
  0
VERTEX
  8
0
 10
148.749
 20
27.6999
 30
0.0
 40
0.2
 41
0.2
  0
VERTEX
  8
0
 10
148.749
 20
24.8998
 30
0.0
 40
0.2
 41
0.2
  0
VERTEX
  8
0
 10
148.749
 20
24.8901
 30
0.0
 40
0.2
 41
0.2
  0
VERTEX
  8
0
 10
148.763
 20
24.8584
 30
0.0
 40
0.2
 41
0.2
  0
VERTEX
  8
0
 10
148.787
 20
24.8626
 30
0.0
 40
0.2
 41
0.2
  0
VERTEX
  8
0
 10
148.791
 20
24.886
 30
0.0
 40
0.2
 41
0.2
  0
VERTEX
  8
0
 10
148.759
 20
24.8998
 30
0.0
 40
0.2
 41
0.2
  0
VERTEX
  8
0
 10
148.749
 20
24.8998
 30
0.0
 40
0.2
 41
0.2
  0
VERTEX
  8
0
 10
145.85
 20
24.8998
 30
0.0
 40
0.2
 41
0.2
  0
SEQEND
 8
0
  0
POLYLINE
  8
0
 62
     5
 66
     1
 10
0
 20
0
 30
0.0
 70
     1
 40
0.566929
 41
0.566929
  0
VERTEX
  8
0
 10
157.85
 20
24.8998
 30
0.0
 40
0.2
 41
0.2
  0
VERTEX
  8
0
 10
154.95
 20
24.8998
 30
0.0
 40
0.2
 41
0.2
  0
VERTEX
  8
0
 10
154.938
 20
24.8998
 30
0.0
 40
0.2
 41
0.2
  0
VERTEX
  8
0
 10
154.906
 20
24.886
 30
0.0
 40
0.2
 41
0.2
  0
VERTEX
  8
0
 10
154.912
 20
24.8626
 30
0.0
 40
0.2
 41
0.2
  0
VERTEX
  8
0
 10
154.934
 20
24.8584
 30
0.0
 40
0.2
 41
0.2
  0
VERTEX
  8
0
 10
154.95
 20
24.8901
 30
0.0
 40
0.2
 41
0.2
  0
VERTEX
  8
0
 10
154.95
 20
24.8998
 30
0.0
 40
0.2
 41
0.2
  0
VERTEX
  8
0
 10
154.95
 20
27.6999
 30
0.0
 40
0.2
 41
0.2
  0
VERTEX
  8
0
 10
154.95
 20
27.711
 30
0.0
 40
0.2
 41
0.2
  0
VERTEX
  8
0
 10
154.934
 20
27.7427
 30
0.0
 40
0.2
 41
0.2
  0
VERTEX
  8
0
 10
154.912
 20
27.7385
 30
0.0
 40
0.2
 41
0.2
  0
VERTEX
  8
0
 10
154.906
 20
27.7151
 30
0.0
 40
0.2
 41
0.2
  0
VERTEX
  8
0
 10
154.938
 20
27.6999
 30
0.0
 40
0.2
 41
0.2
  0
VERTEX
  8
0
 10
154.95
 20
27.6999
 30
0.0
 40
0.2
 41
0.2
  0
VERTEX
  8
0
 10
160.75
 20
27.6999
 30
0.0
 40
0.2
 41
0.2
  0
VERTEX
  8
0
 10
160.759
 20
27.6999
 30
0.0
 40
0.2
 41
0.2
  0
VERTEX
  8
0
 10
160.791
 20
27.7151
 30
0.0
 40
0.2
 41
0.2
  0
VERTEX
  8
0
 10
160.787
 20
27.7385
 30
0.0
 40
0.2
 41
0.2
  0
VERTEX
  8
0
 10
160.763
 20
27.7427
 30
0.0
 40
0.2
 41
0.2
  0
VERTEX
  8
0
 10
160.75
 20
27.711
 30
0.0
 40
0.2
 41
0.2
  0
VERTEX
  8
0
 10
160.75
 20
27.6999
 30
0.0
 40
0.2
 41
0.2
  0
VERTEX
  8
0
 10
160.75
 20
24.8998
 30
0.0
 40
0.2
 41
0.2
  0
VERTEX
  8
0
 10
160.75
 20
24.8901
 30
0.0
 40
0.2
 41
0.2
  0
VERTEX
  8
0
 10
160.763
 20
24.8584
 30
0.0
 40
0.2
 41
0.2
  0
VERTEX
  8
0
 10
160.787
 20
24.8626
 30
0.0
 40
0.2
 41
0.2
  0
VERTEX
  8
0
 10
160.791
 20
24.886
 30
0.0
 40
0.2
 41
0.2
  0
VERTEX
  8
0
 10
160.759
 20
24.8998
 30
0.0
 40
0.2
 41
0.2
  0
VERTEX
  8
0
 10
160.75
 20
24.8998
 30
0.0
 40
0.2
 41
0.2
  0
VERTEX
  8
0
 10
157.85
 20
24.8998
 30
0.0
 40
0.2
 41
0.2
  0
SEQEND
 8
0
  0
POLYLINE
  8
0
 62
     5
 66
     1
 10
0
 20
0
 30
0.0
 70
     1
 40
0.566929
 41
0.566929
  0
VERTEX
  8
0
 10
169.85
 20
24.8998
 30
0.0
 40
0.2
 41
0.2
  0
VERTEX
  8
0
 10
166.949
 20
24.8998
 30
0.0
 40
0.2
 41
0.2
  0
VERTEX
  8
0
 10
166.938
 20
24.8998
 30
0.0
 40
0.2
 41
0.2
  0
VERTEX
  8
0
 10
166.907
 20
24.886
 30
0.0
 40
0.2
 41
0.2
  0
VERTEX
  8
0
 10
166.912
 20
24.8626
 30
0.0
 40
0.2
 41
0.2
  0
VERTEX
  8
0
 10
166.934
 20
24.8584
 30
0.0
 40
0.2
 41
0.2
  0
VERTEX
  8
0
 10
166.949
 20
24.8901
 30
0.0
 40
0.2
 41
0.2
  0
VERTEX
  8
0
 10
166.949
 20
24.8998
 30
0.0
 40
0.2
 41
0.2
  0
VERTEX
  8
0
 10
166.949
 20
27.6999
 30
0.0
 40
0.2
 41
0.2
  0
VERTEX
  8
0
 10
166.949
 20
27.711
 30
0.0
 40
0.2
 41
0.2
  0
VERTEX
  8
0
 10
166.934
 20
27.7427
 30
0.0
 40
0.2
 41
0.2
  0
VERTEX
  8
0
 10
166.912
 20
27.7385
 30
0.0
 40
0.2
 41
0.2
  0
VERTEX
  8
0
 10
166.907
 20
27.7151
 30
0.0
 40
0.2
 41
0.2
  0
VERTEX
  8
0
 10
166.938
 20
27.6999
 30
0.0
 40
0.2
 41
0.2
  0
VERTEX
  8
0
 10
166.949
 20
27.6999
 30
0.0
 40
0.2
 41
0.2
  0
VERTEX
  8
0
 10
172.75
 20
27.6999
 30
0.0
 40
0.2
 41
0.2
  0
VERTEX
  8
0
 10
172.759
 20
27.6999
 30
0.0
 40
0.2
 41
0.2
  0
VERTEX
  8
0
 10
172.791
 20
27.7151
 30
0.0
 40
0.2
 41
0.2
  0
VERTEX
  8
0
 10
172.787
 20
27.7385
 30
0.0
 40
0.2
 41
0.2
  0
VERTEX
  8
0
 10
172.763
 20
27.7427
 30
0.0
 40
0.2
 41
0.2
  0
VERTEX
  8
0
 10
172.75
 20
27.711
 30
0.0
 40
0.2
 41
0.2
  0
VERTEX
  8
0
 10
172.75
 20
27.6999
 30
0.0
 40
0.2
 41
0.2
  0
VERTEX
  8
0
 10
172.75
 20
24.8998
 30
0.0
 40
0.2
 41
0.2
  0
VERTEX
  8
0
 10
172.75
 20
24.8901
 30
0.0
 40
0.2
 41
0.2
  0
VERTEX
  8
0
 10
172.763
 20
24.8584
 30
0.0
 40
0.2
 41
0.2
  0
VERTEX
  8
0
 10
172.787
 20
24.8626
 30
0.0
 40
0.2
 41
0.2
  0
VERTEX
  8
0
 10
172.791
 20
24.886
 30
0.0
 40
0.2
 41
0.2
  0
VERTEX
  8
0
 10
172.759
 20
24.8998
 30
0.0
 40
0.2
 41
0.2
  0
VERTEX
  8
0
 10
172.75
 20
24.8998
 30
0.0
 40
0.2
 41
0.2
  0
VERTEX
  8
0
 10
169.85
 20
24.8998
 30
0.0
 40
0.2
 41
0.2
  0
SEQEND
 8
0
  0
POLYLINE
  8
0
 62
     5
 66
     1
 10
0
 20
0
 30
0.0
 70
     1
 40
0.566929
 41
0.566929
  0
VERTEX
  8
0
 10
181.85
 20
24.8998
 30
0.0
 40
0.2
 41
0.2
  0
VERTEX
  8
0
 10
178.951
 20
24.8998
 30
0.0
 40
0.2
 41
0.2
  0
VERTEX
  8
0
 10
178.939
 20
24.8998
 30
0.0
 40
0.2
 41
0.2
  0
VERTEX
  8
0
 10
178.908
 20
24.886
 30
0.0
 40
0.2
 41
0.2
  0
VERTEX
  8
0
 10
178.912
 20
24.8626
 30
0.0
 40
0.2
 41
0.2
  0
VERTEX
  8
0
 10
178.936
 20
24.8584
 30
0.0
 40
0.2
 41
0.2
  0
VERTEX
  8
0
 10
178.951
 20
24.8901
 30
0.0
 40
0.2
 41
0.2
  0
VERTEX
  8
0
 10
178.951
 20
24.8998
 30
0.0
 40
0.2
 41
0.2
  0
VERTEX
  8
0
 10
178.951
 20
27.6999
 30
0.0
 40
0.2
 41
0.2
  0
VERTEX
  8
0
 10
178.951
 20
27.711
 30
0.0
 40
0.2
 41
0.2
  0
VERTEX
  8
0
 10
178.936
 20
27.7427
 30
0.0
 40
0.2
 41
0.2
  0
VERTEX
  8
0
 10
178.912
 20
27.7385
 30
0.0
 40
0.2
 41
0.2
  0
VERTEX
  8
0
 10
178.908
 20
27.7151
 30
0.0
 40
0.2
 41
0.2
  0
VERTEX
  8
0
 10
178.939
 20
27.6999
 30
0.0
 40
0.2
 41
0.2
  0
VERTEX
  8
0
 10
178.951
 20
27.6999
 30
0.0
 40
0.2
 41
0.2
  0
VERTEX
  8
0
 10
184.749
 20
27.6999
 30
0.0
 40
0.2
 41
0.2
  0
VERTEX
  8
0
 10
184.759
 20
27.6999
 30
0.0
 40
0.2
 41
0.2
  0
VERTEX
  8
0
 10
184.791
 20
27.7151
 30
0.0
 40
0.2
 41
0.2
  0
VERTEX
  8
0
 10
184.787
 20
27.7385
 30
0.0
 40
0.2
 41
0.2
  0
VERTEX
  8
0
 10
184.763
 20
27.7427
 30
0.0
 40
0.2
 41
0.2
  0
VERTEX
  8
0
 10
184.749
 20
27.711
 30
0.0
 40
0.2
 41
0.2
  0
VERTEX
  8
0
 10
184.749
 20
27.6999
 30
0.0
 40
0.2
 41
0.2
  0
VERTEX
  8
0
 10
184.749
 20
24.8998
 30
0.0
 40
0.2
 41
0.2
  0
VERTEX
  8
0
 10
184.749
 20
24.8901
 30
0.0
 40
0.2
 41
0.2
  0
VERTEX
  8
0
 10
184.763
 20
24.8584
 30
0.0
 40
0.2
 41
0.2
  0
VERTEX
  8
0
 10
184.787
 20
24.8626
 30
0.0
 40
0.2
 41
0.2
  0
VERTEX
  8
0
 10
184.791
 20
24.886
 30
0.0
 40
0.2
 41
0.2
  0
VERTEX
  8
0
 10
184.759
 20
24.8998
 30
0.0
 40
0.2
 41
0.2
  0
VERTEX
  8
0
 10
184.749
 20
24.8998
 30
0.0
 40
0.2
 41
0.2
  0
VERTEX
  8
0
 10
181.85
 20
24.8998
 30
0.0
 40
0.2
 41
0.2
  0
SEQEND
 8
0
  0
POLYLINE
  8
0
 62
     5
 66
     1
 10
0
 20
0
 30
0.0
 70
     1
 40
0.566929
 41
0.566929
  0
VERTEX
  8
0
 10
193.85
 20
24.8998
 30
0.0
 40
0.2
 41
0.2
  0
VERTEX
  8
0
 10
190.95
 20
24.8998
 30
0.0
 40
0.2
 41
0.2
  0
VERTEX
  8
0
 10
190.94
 20
24.8998
 30
0.0
 40
0.2
 41
0.2
  0
VERTEX
  8
0
 10
190.908
 20
24.886
 30
0.0
 40
0.2
 41
0.2
  0
VERTEX
  8
0
 10
190.912
 20
24.8626
 30
0.0
 40
0.2
 41
0.2
  0
VERTEX
  8
0
 10
190.935
 20
24.8584
 30
0.0
 40
0.2
 41
0.2
  0
VERTEX
  8
0
 10
190.95
 20
24.8901
 30
0.0
 40
0.2
 41
0.2
  0
VERTEX
  8
0
 10
190.95
 20
24.8998
 30
0.0
 40
0.2
 41
0.2
  0
VERTEX
  8
0
 10
190.95
 20
27.6999
 30
0.0
 40
0.2
 41
0.2
  0
VERTEX
  8
0
 10
190.95
 20
27.711
 30
0.0
 40
0.2
 41
0.2
  0
VERTEX
  8
0
 10
190.935
 20
27.7427
 30
0.0
 40
0.2
 41
0.2
  0
VERTEX
  8
0
 10
190.912
 20
27.7385
 30
0.0
 40
0.2
 41
0.2
  0
VERTEX
  8
0
 10
190.908
 20
27.7151
 30
0.0
 40
0.2
 41
0.2
  0
VERTEX
  8
0
 10
190.94
 20
27.6999
 30
0.0
 40
0.2
 41
0.2
  0
VERTEX
  8
0
 10
190.95
 20
27.6999
 30
0.0
 40
0.2
 41
0.2
  0
VERTEX
  8
0
 10
196.751
 20
27.6999
 30
0.0
 40
0.2
 41
0.2
  0
VERTEX
  8
0
 10
196.76
 20
27.6999
 30
0.0
 40
0.2
 41
0.2
  0
VERTEX
  8
0
 10
196.792
 20
27.7151
 30
0.0
 40
0.2
 41
0.2
  0
VERTEX
  8
0
 10
196.788
 20
27.7385
 30
0.0
 40
0.2
 41
0.2
  0
VERTEX
  8
0
 10
196.765
 20
27.7427
 30
0.0
 40
0.2
 41
0.2
  0
VERTEX
  8
0
 10
196.751
 20
27.711
 30
0.0
 40
0.2
 41
0.2
  0
VERTEX
  8
0
 10
196.751
 20
27.6999
 30
0.0
 40
0.2
 41
0.2
  0
VERTEX
  8
0
 10
196.751
 20
24.8998
 30
0.0
 40
0.2
 41
0.2
  0
VERTEX
  8
0
 10
196.751
 20
24.8901
 30
0.0
 40
0.2
 41
0.2
  0
VERTEX
  8
0
 10
196.765
 20
24.8584
 30
0.0
 40
0.2
 41
0.2
  0
VERTEX
  8
0
 10
196.788
 20
24.8626
 30
0.0
 40
0.2
 41
0.2
  0
VERTEX
  8
0
 10
196.792
 20
24.886
 30
0.0
 40
0.2
 41
0.2
  0
VERTEX
  8
0
 10
196.76
 20
24.8998
 30
0.0
 40
0.2
 41
0.2
  0
VERTEX
  8
0
 10
196.751
 20
24.8998
 30
0.0
 40
0.2
 41
0.2
  0
VERTEX
  8
0
 10
193.85
 20
24.8998
 30
0.0
 40
0.2
 41
0.2
  0
SEQEND
 8
0
  0
POLYLINE
  8
0
 62
     5
 66
     1
 10
0
 20
0
 30
0.0
 70
     1
 40
0.566929
 41
0.566929
  0
VERTEX
  8
0
 10
205.85
 20
24.8998
 30
0.0
 40
0.2
 41
0.2
  0
VERTEX
  8
0
 10
202.951
 20
24.8998
 30
0.0
 40
0.2
 41
0.2
  0
VERTEX
  8
0
 10
202.94
 20
24.8998
 30
0.0
 40
0.2
 41
0.2
  0
VERTEX
  8
0
 10
202.908
 20
24.886
 30
0.0
 40
0.2
 41
0.2
  0
VERTEX
  8
0
 10
202.912
 20
24.8626
 30
0.0
 40
0.2
 41
0.2
  0
VERTEX
  8
0
 10
202.935
 20
24.8584
 30
0.0
 40
0.2
 41
0.2
  0
VERTEX
  8
0
 10
202.951
 20
24.8901
 30
0.0
 40
0.2
 41
0.2
  0
VERTEX
  8
0
 10
202.951
 20
24.8998
 30
0.0
 40
0.2
 41
0.2
  0
VERTEX
  8
0
 10
202.951
 20
27.6999
 30
0.0
 40
0.2
 41
0.2
  0
VERTEX
  8
0
 10
202.951
 20
27.711
 30
0.0
 40
0.2
 41
0.2
  0
VERTEX
  8
0
 10
202.935
 20
27.7427
 30
0.0
 40
0.2
 41
0.2
  0
VERTEX
  8
0
 10
202.912
 20
27.7385
 30
0.0
 40
0.2
 41
0.2
  0
VERTEX
  8
0
 10
202.908
 20
27.7151
 30
0.0
 40
0.2
 41
0.2
  0
VERTEX
  8
0
 10
202.94
 20
27.6999
 30
0.0
 40
0.2
 41
0.2
  0
VERTEX
  8
0
 10
202.951
 20
27.6999
 30
0.0
 40
0.2
 41
0.2
  0
VERTEX
  8
0
 10
208.749
 20
27.6999
 30
0.0
 40
0.2
 41
0.2
  0
VERTEX
  8
0
 10
208.759
 20
27.6999
 30
0.0
 40
0.2
 41
0.2
  0
VERTEX
  8
0
 10
208.791
 20
27.7151
 30
0.0
 40
0.2
 41
0.2
  0
VERTEX
  8
0
 10
208.787
 20
27.7385
 30
0.0
 40
0.2
 41
0.2
  0
VERTEX
  8
0
 10
208.763
 20
27.7427
 30
0.0
 40
0.2
 41
0.2
  0
VERTEX
  8
0
 10
208.749
 20
27.711
 30
0.0
 40
0.2
 41
0.2
  0
VERTEX
  8
0
 10
208.749
 20
27.6999
 30
0.0
 40
0.2
 41
0.2
  0
VERTEX
  8
0
 10
208.749
 20
24.8998
 30
0.0
 40
0.2
 41
0.2
  0
VERTEX
  8
0
 10
208.749
 20
24.8901
 30
0.0
 40
0.2
 41
0.2
  0
VERTEX
  8
0
 10
208.763
 20
24.8584
 30
0.0
 40
0.2
 41
0.2
  0
VERTEX
  8
0
 10
208.787
 20
24.8626
 30
0.0
 40
0.2
 41
0.2
  0
VERTEX
  8
0
 10
208.791
 20
24.886
 30
0.0
 40
0.2
 41
0.2
  0
VERTEX
  8
0
 10
208.759
 20
24.8998
 30
0.0
 40
0.2
 41
0.2
  0
VERTEX
  8
0
 10
208.749
 20
24.8998
 30
0.0
 40
0.2
 41
0.2
  0
VERTEX
  8
0
 10
205.85
 20
24.8998
 30
0.0
 40
0.2
 41
0.2
  0
SEQEND
 8
0
  0
POLYLINE
  8
0
 62
     5
 66
     1
 10
0
 20
0
 30
0.0
 70
     1
 40
0.566929
 41
0.566929
  0
VERTEX
  8
0
 10
217.85
 20
24.8998
 30
0.0
 40
0.2
 41
0.2
  0
VERTEX
  8
0
 10
214.951
 20
24.8998
 30
0.0
 40
0.2
 41
0.2
  0
VERTEX
  8
0
 10
214.939
 20
24.8998
 30
0.0
 40
0.2
 41
0.2
  0
VERTEX
  8
0
 10
214.908
 20
24.886
 30
0.0
 40
0.2
 41
0.2
  0
VERTEX
  8
0
 10
214.912
 20
24.8626
 30
0.0
 40
0.2
 41
0.2
  0
VERTEX
  8
0
 10
214.936
 20
24.8584
 30
0.0
 40
0.2
 41
0.2
  0
VERTEX
  8
0
 10
214.951
 20
24.8901
 30
0.0
 40
0.2
 41
0.2
  0
VERTEX
  8
0
 10
214.951
 20
24.8998
 30
0.0
 40
0.2
 41
0.2
  0
VERTEX
  8
0
 10
214.951
 20
27.6999
 30
0.0
 40
0.2
 41
0.2
  0
VERTEX
  8
0
 10
214.951
 20
27.711
 30
0.0
 40
0.2
 41
0.2
  0
VERTEX
  8
0
 10
214.936
 20
27.7427
 30
0.0
 40
0.2
 41
0.2
  0
VERTEX
  8
0
 10
214.912
 20
27.7385
 30
0.0
 40
0.2
 41
0.2
  0
VERTEX
  8
0
 10
214.908
 20
27.7151
 30
0.0
 40
0.2
 41
0.2
  0
VERTEX
  8
0
 10
214.939
 20
27.6999
 30
0.0
 40
0.2
 41
0.2
  0
VERTEX
  8
0
 10
214.951
 20
27.6999
 30
0.0
 40
0.2
 41
0.2
  0
VERTEX
  8
0
 10
220.749
 20
27.6999
 30
0.0
 40
0.2
 41
0.2
  0
VERTEX
  8
0
 10
220.759
 20
27.6999
 30
0.0
 40
0.2
 41
0.2
  0
VERTEX
  8
0
 10
220.791
 20
27.7151
 30
0.0
 40
0.2
 41
0.2
  0
VERTEX
  8
0
 10
220.787
 20
27.7385
 30
0.0
 40
0.2
 41
0.2
  0
VERTEX
  8
0
 10
220.763
 20
27.7427
 30
0.0
 40
0.2
 41
0.2
  0
VERTEX
  8
0
 10
220.749
 20
27.711
 30
0.0
 40
0.2
 41
0.2
  0
VERTEX
  8
0
 10
220.749
 20
27.6999
 30
0.0
 40
0.2
 41
0.2
  0
VERTEX
  8
0
 10
220.749
 20
24.8998
 30
0.0
 40
0.2
 41
0.2
  0
VERTEX
  8
0
 10
220.749
 20
24.8901
 30
0.0
 40
0.2
 41
0.2
  0
VERTEX
  8
0
 10
220.763
 20
24.8584
 30
0.0
 40
0.2
 41
0.2
  0
VERTEX
  8
0
 10
220.787
 20
24.8626
 30
0.0
 40
0.2
 41
0.2
  0
VERTEX
  8
0
 10
220.791
 20
24.886
 30
0.0
 40
0.2
 41
0.2
  0
VERTEX
  8
0
 10
220.759
 20
24.8998
 30
0.0
 40
0.2
 41
0.2
  0
VERTEX
  8
0
 10
220.749
 20
24.8998
 30
0.0
 40
0.2
 41
0.2
  0
VERTEX
  8
0
 10
217.85
 20
24.8998
 30
0.0
 40
0.2
 41
0.2
  0
SEQEND
 8
0
  0
POLYLINE
  8
0
 62
     5
 66
     1
 10
0
 20
0
 30
0.0
 70
     1
 40
0.566929
 41
0.566929
  0
VERTEX
  8
0
 10
229.85
 20
24.8998
 30
0.0
 40
0.2
 41
0.2
  0
VERTEX
  8
0
 10
226.95
 20
24.8998
 30
0.0
 40
0.2
 41
0.2
  0
VERTEX
  8
0
 10
226.939
 20
24.8998
 30
0.0
 40
0.2
 41
0.2
  0
VERTEX
  8
0
 10
226.908
 20
24.886
 30
0.0
 40
0.2
 41
0.2
  0
VERTEX
  8
0
 10
226.912
 20
24.8626
 30
0.0
 40
0.2
 41
0.2
  0
VERTEX
  8
0
 10
226.935
 20
24.8584
 30
0.0
 40
0.2
 41
0.2
  0
VERTEX
  8
0
 10
226.95
 20
24.8901
 30
0.0
 40
0.2
 41
0.2
  0
VERTEX
  8
0
 10
226.95
 20
24.8998
 30
0.0
 40
0.2
 41
0.2
  0
VERTEX
  8
0
 10
226.95
 20
27.6999
 30
0.0
 40
0.2
 41
0.2
  0
VERTEX
  8
0
 10
226.95
 20
27.711
 30
0.0
 40
0.2
 41
0.2
  0
VERTEX
  8
0
 10
226.935
 20
27.7427
 30
0.0
 40
0.2
 41
0.2
  0
VERTEX
  8
0
 10
226.912
 20
27.7385
 30
0.0
 40
0.2
 41
0.2
  0
VERTEX
  8
0
 10
226.908
 20
27.7151
 30
0.0
 40
0.2
 41
0.2
  0
VERTEX
  8
0
 10
226.939
 20
27.6999
 30
0.0
 40
0.2
 41
0.2
  0
VERTEX
  8
0
 10
226.95
 20
27.6999
 30
0.0
 40
0.2
 41
0.2
  0
VERTEX
  8
0
 10
232.751
 20
27.6999
 30
0.0
 40
0.2
 41
0.2
  0
VERTEX
  8
0
 10
232.76
 20
27.6999
 30
0.0
 40
0.2
 41
0.2
  0
VERTEX
  8
0
 10
232.792
 20
27.7151
 30
0.0
 40
0.2
 41
0.2
  0
VERTEX
  8
0
 10
232.788
 20
27.7385
 30
0.0
 40
0.2
 41
0.2
  0
VERTEX
  8
0
 10
232.765
 20
27.7427
 30
0.0
 40
0.2
 41
0.2
  0
VERTEX
  8
0
 10
232.751
 20
27.711
 30
0.0
 40
0.2
 41
0.2
  0
VERTEX
  8
0
 10
232.751
 20
27.6999
 30
0.0
 40
0.2
 41
0.2
  0
VERTEX
  8
0
 10
232.751
 20
24.8998
 30
0.0
 40
0.2
 41
0.2
  0
VERTEX
  8
0
 10
232.751
 20
24.8901
 30
0.0
 40
0.2
 41
0.2
  0
VERTEX
  8
0
 10
232.765
 20
24.8584
 30
0.0
 40
0.2
 41
0.2
  0
VERTEX
  8
0
 10
232.788
 20
24.8626
 30
0.0
 40
0.2
 41
0.2
  0
VERTEX
  8
0
 10
232.792
 20
24.886
 30
0.0
 40
0.2
 41
0.2
  0
VERTEX
  8
0
 10
232.76
 20
24.8998
 30
0.0
 40
0.2
 41
0.2
  0
VERTEX
  8
0
 10
232.751
 20
24.8998
 30
0.0
 40
0.2
 41
0.2
  0
VERTEX
  8
0
 10
229.85
 20
24.8998
 30
0.0
 40
0.2
 41
0.2
  0
SEQEND
 8
0
  0
POLYLINE
  8
0
 62
     5
 66
     1
 10
0
 20
0
 30
0.0
 70
     1
 40
0.566929
 41
0.566929
  0
VERTEX
  8
0
 10
241.85
 20
24.8998
 30
0.0
 40
0.2
 41
0.2
  0
VERTEX
  8
0
 10
238.951
 20
24.8998
 30
0.0
 40
0.2
 41
0.2
  0
VERTEX
  8
0
 10
238.94
 20
24.8998
 30
0.0
 40
0.2
 41
0.2
  0
VERTEX
  8
0
 10
238.908
 20
24.886
 30
0.0
 40
0.2
 41
0.2
  0
VERTEX
  8
0
 10
238.912
 20
24.8626
 30
0.0
 40
0.2
 41
0.2
  0
VERTEX
  8
0
 10
238.935
 20
24.8584
 30
0.0
 40
0.2
 41
0.2
  0
VERTEX
  8
0
 10
238.951
 20
24.8901
 30
0.0
 40
0.2
 41
0.2
  0
VERTEX
  8
0
 10
238.951
 20
24.8998
 30
0.0
 40
0.2
 41
0.2
  0
VERTEX
  8
0
 10
238.951
 20
27.6999
 30
0.0
 40
0.2
 41
0.2
  0
VERTEX
  8
0
 10
238.951
 20
27.711
 30
0.0
 40
0.2
 41
0.2
  0
VERTEX
  8
0
 10
238.935
 20
27.7427
 30
0.0
 40
0.2
 41
0.2
  0
VERTEX
  8
0
 10
238.912
 20
27.7385
 30
0.0
 40
0.2
 41
0.2
  0
VERTEX
  8
0
 10
238.908
 20
27.7151
 30
0.0
 40
0.2
 41
0.2
  0
VERTEX
  8
0
 10
238.94
 20
27.6999
 30
0.0
 40
0.2
 41
0.2
  0
VERTEX
  8
0
 10
238.951
 20
27.6999
 30
0.0
 40
0.2
 41
0.2
  0
VERTEX
  8
0
 10
244.751
 20
27.6999
 30
0.0
 40
0.2
 41
0.2
  0
VERTEX
  8
0
 10
244.76
 20
27.6999
 30
0.0
 40
0.2
 41
0.2
  0
VERTEX
  8
0
 10
244.792
 20
27.7151
 30
0.0
 40
0.2
 41
0.2
  0
VERTEX
  8
0
 10
244.788
 20
27.7385
 30
0.0
 40
0.2
 41
0.2
  0
VERTEX
  8
0
 10
244.764
 20
27.7427
 30
0.0
 40
0.2
 41
0.2
  0
VERTEX
  8
0
 10
244.751
 20
27.711
 30
0.0
 40
0.2
 41
0.2
  0
VERTEX
  8
0
 10
244.751
 20
27.6999
 30
0.0
 40
0.2
 41
0.2
  0
VERTEX
  8
0
 10
244.751
 20
24.8998
 30
0.0
 40
0.2
 41
0.2
  0
VERTEX
  8
0
 10
244.751
 20
24.8901
 30
0.0
 40
0.2
 41
0.2
  0
VERTEX
  8
0
 10
244.764
 20
24.8584
 30
0.0
 40
0.2
 41
0.2
  0
VERTEX
  8
0
 10
244.788
 20
24.8626
 30
0.0
 40
0.2
 41
0.2
  0
VERTEX
  8
0
 10
244.792
 20
24.886
 30
0.0
 40
0.2
 41
0.2
  0
VERTEX
  8
0
 10
244.76
 20
24.8998
 30
0.0
 40
0.2
 41
0.2
  0
VERTEX
  8
0
 10
244.751
 20
24.8998
 30
0.0
 40
0.2
 41
0.2
  0
VERTEX
  8
0
 10
241.85
 20
24.8998
 30
0.0
 40
0.2
 41
0.2
  0
SEQEND
 8
0
  0
POLYLINE
  8
0
 62
     0
 66
     1
 10
0
 20
0
 30
0.0
 70
     1
 40
0.566929
 41
0.566929
  0
VERTEX
  8
0
 10
13.0996
 20
21.7
 30
0.0
 40
0.2
 41
0.2
  0
VERTEX
  8
0
 10
254.599
 20
21.7
 30
0.0
 40
0.2
 41
0.2
  0
VERTEX
  8
0
 10
257.599
 20
21.7
 30
0.0
 40
0.2
 41
0.2
  0
VERTEX
  8
0
 10
257.616
 20
21.7
 30
0.0
 40
0.2
 41
0.2
  0
VERTEX
  8
0
 10
257.67
 20
21.7303
 30
0.0
 40
0.2
 41
0.2
  0
VERTEX
  8
0
 10
257.7
 20
21.784
 30
0.0
 40
0.2
 41
0.2
  0
VERTEX
  8
0
 10
257.7
 20
21.8006
 30
0.0
 40
0.2
 41
0.2
  0
VERTEX
  8
0
 10
257.7
 20
30.3003
 30
0.0
 40
0.2
 41
0.2
  0
VERTEX
  8
0
 10
257.7
 20
30.3182
 30
0.0
 40
0.2
 41
0.2
  0
VERTEX
  8
0
 10
257.67
 20
30.3706
 30
0.0
 40
0.2
 41
0.2
  0
VERTEX
  8
0
 10
257.616
 20
30.3995
 30
0.0
 40
0.2
 41
0.2
  0
VERTEX
  8
0
 10
257.599
 20
30.3995
 30
0.0
 40
0.2
 41
0.2
  0
VERTEX
  8
0
 10
254.7
 20
30.3995
 30
0.0
 40
0.2
 41
0.2
  0
VERTEX
  8
0
 10
254.689
 20
30.3995
 30
0.0
 40
0.2
 41
0.2
  0
VERTEX
  8
0
 10
254.657
 20
30.3857
 30
0.0
 40
0.2
 41
0.2
  0
VERTEX
  8
0
 10
254.661
 20
30.3623
 30
0.0
 40
0.2
 41
0.2
  0
VERTEX
  8
0
 10
254.685
 20
30.3582
 30
0.0
 40
0.2
 41
0.2
  0
VERTEX
  8
0
 10
254.7
 20
30.3899
 30
0.0
 40
0.2
 41
0.2
  0
VERTEX
  8
0
 10
254.7
 20
30.3995
 30
0.0
 40
0.2
 41
0.2
  0
VERTEX
  8
0
 10
254.7
 20
36.1996
 30
0.0
 40
0.2
 41
0.2
  0
VERTEX
  8
0
 10
254.7
 20
36.2109
 30
0.0
 40
0.2
 41
0.2
  0
VERTEX
  8
0
 10
254.685
 20
36.2423
 30
0.0
 40
0.2
 41
0.2
  0
VERTEX
  8
0
 10
254.661
 20
36.2384
 30
0.0
 40
0.2
 41
0.2
  0
VERTEX
  8
0
 10
254.657
 20
36.2148
 30
0.0
 40
0.2
 41
0.2
  0
VERTEX
  8
0
 10
254.689
 20
36.1996
 30
0.0
 40
0.2
 41
0.2
  0
VERTEX
  8
0
 10
254.7
 20
36.1996
 30
0.0
 40
0.2
 41
0.2
  0
VERTEX
  8
0
 10
257.599
 20
36.1996
 30
0.0
 40
0.2
 41
0.2
  0
VERTEX
  8
0
 10
257.616
 20
36.1996
 30
0.0
 40
0.2
 41
0.2
  0
VERTEX
  8
0
 10
257.67
 20
36.2299
 30
0.0
 40
0.2
 41
0.2
  0
VERTEX
  8
0
 10
257.7
 20
36.2839
 30
0.0
 40
0.2
 41
0.2
  0
VERTEX
  8
0
 10
257.7
 20
36.3001
 30
0.0
 40
0.2
 41
0.2
  0
VERTEX
  8
0
 10
257.7
 20
42.3002
 30
0.0
 40
0.2
 41
0.2
  0
VERTEX
  8
0
 10
257.7
 20
42.3182
 30
0.0
 40
0.2
 41
0.2
  0
VERTEX
  8
0
 10
257.67
 20
42.3704
 30
0.0
 40
0.2
 41
0.2
  0
VERTEX
  8
0
 10
257.616
 20
42.3997
 30
0.0
 40
0.2
 41
0.2
  0
VERTEX
  8
0
 10
257.599
 20
42.3997
 30
0.0
 40
0.2
 41
0.2
  0
VERTEX
  8
0
 10
254.7
 20
42.3997
 30
0.0
 40
0.2
 41
0.2
  0
VERTEX
  8
0
 10
254.689
 20
42.3997
 30
0.0
 40
0.2
 41
0.2
  0
VERTEX
  8
0
 10
254.657
 20
42.3855
 30
0.0
 40
0.2
 41
0.2
  0
VERTEX
  8
0
 10
254.661
 20
42.3623
 30
0.0
 40
0.2
 41
0.2
  0
VERTEX
  8
0
 10
254.685
 20
42.358
 30
0.0
 40
0.2
 41
0.2
  0
VERTEX
  8
0
 10
254.7
 20
42.3898
 30
0.0
 40
0.2
 41
0.2
  0
VERTEX
  8
0
 10
254.7
 20
42.3997
 30
0.0
 40
0.2
 41
0.2
  0
VERTEX
  8
0
 10
254.7
 20
48.1997
 30
0.0
 40
0.2
 41
0.2
  0
VERTEX
  8
0
 10
254.7
 20
48.2106
 30
0.0
 40
0.2
 41
0.2
  0
VERTEX
  8
0
 10
254.685
 20
48.2424
 30
0.0
 40
0.2
 41
0.2
  0
VERTEX
  8
0
 10
254.661
 20
48.2381
 30
0.0
 40
0.2
 41
0.2
  0
VERTEX
  8
0
 10
254.657
 20
48.2148
 30
0.0
 40
0.2
 41
0.2
  0
VERTEX
  8
0
 10
254.689
 20
48.1997
 30
0.0
 40
0.2
 41
0.2
  0
VERTEX
  8
0
 10
254.7
 20
48.1997
 30
0.0
 40
0.2
 41
0.2
  0
VERTEX
  8
0
 10
257.599
 20
48.1997
 30
0.0
 40
0.2
 41
0.2
  0
VERTEX
  8
0
 10
257.616
 20
48.1997
 30
0.0
 40
0.2
 41
0.2
  0
VERTEX
  8
0
 10
257.67
 20
48.23
 30
0.0
 40
0.2
 41
0.2
  0
VERTEX
  8
0
 10
257.7
 20
48.2836
 30
0.0
 40
0.2
 41
0.2
  0
VERTEX
  8
0
 10
257.7
 20
48.3002
 30
0.0
 40
0.2
 41
0.2
  0
VERTEX
  8
0
 10
257.7
 20
54.3003
 30
0.0
 40
0.2
 41
0.2
  0
VERTEX
  8
0
 10
257.7
 20
54.3183
 30
0.0
 40
0.2
 41
0.2
  0
VERTEX
  8
0
 10
257.67
 20
54.3705
 30
0.0
 40
0.2
 41
0.2
  0
VERTEX
  8
0
 10
257.616
 20
54.3994
 30
0.0
 40
0.2
 41
0.2
  0
VERTEX
  8
0
 10
257.599
 20
54.3994
 30
0.0
 40
0.2
 41
0.2
  0
VERTEX
  8
0
 10
254.7
 20
54.3994
 30
0.0
 40
0.2
 41
0.2
  0
VERTEX
  8
0
 10
254.689
 20
54.3994
 30
0.0
 40
0.2
 41
0.2
  0
VERTEX
  8
0
 10
254.657
 20
54.3856
 30
0.0
 40
0.2
 41
0.2
  0
VERTEX
  8
0
 10
254.661
 20
54.3624
 30
0.0
 40
0.2
 41
0.2
  0
VERTEX
  8
0
 10
254.685
 20
54.3581
 30
0.0
 40
0.2
 41
0.2
  0
VERTEX
  8
0
 10
254.7
 20
54.3899
 30
0.0
 40
0.2
 41
0.2
  0
VERTEX
  8
0
 10
254.7
 20
54.3994
 30
0.0
 40
0.2
 41
0.2
  0
VERTEX
  8
0
 10
254.7
 20
60.1998
 30
0.0
 40
0.2
 41
0.2
  0
VERTEX
  8
0
 10
254.7
 20
60.2107
 30
0.0
 40
0.2
 41
0.2
  0
VERTEX
  8
0
 10
254.685
 20
60.2425
 30
0.0
 40
0.2
 41
0.2
  0
VERTEX
  8
0
 10
254.661
 20
60.2382
 30
0.0
 40
0.2
 41
0.2
  0
VERTEX
  8
0
 10
254.657
 20
60.2149
 30
0.0
 40
0.2
 41
0.2
  0
VERTEX
  8
0
 10
254.689
 20
60.1998
 30
0.0
 40
0.2
 41
0.2
  0
VERTEX
  8
0
 10
254.7
 20
60.1998
 30
0.0
 40
0.2
 41
0.2
  0
VERTEX
  8
0
 10
257.599
 20
60.1998
 30
0.0
 40
0.2
 41
0.2
  0
VERTEX
  8
0
 10
257.616
 20
60.1998
 30
0.0
 40
0.2
 41
0.2
  0
VERTEX
  8
0
 10
257.67
 20
60.2297
 30
0.0
 40
0.2
 41
0.2
  0
VERTEX
  8
0
 10
257.7
 20
60.2837
 30
0.0
 40
0.2
 41
0.2
  0
VERTEX
  8
0
 10
257.7
 20
60.3003
 30
0.0
 40
0.2
 41
0.2
  0
VERTEX
  8
0
 10
257.7
 20
66.3004
 30
0.0
 40
0.2
 41
0.2
  0
VERTEX
  8
0
 10
257.7
 20
66.318
 30
0.0
 40
0.2
 41
0.2
  0
VERTEX
  8
0
 10
257.67
 20
66.3706
 30
0.0
 40
0.2
 41
0.2
  0
VERTEX
  8
0
 10
257.616
 20
66.3995
 30
0.0
 40
0.2
 41
0.2
  0
VERTEX
  8
0
 10
257.599
 20
66.3995
 30
0.0
 40
0.2
 41
0.2
  0
VERTEX
  8
0
 10
254.7
 20
66.3995
 30
0.0
 40
0.2
 41
0.2
  0
VERTEX
  8
0
 10
254.689
 20
66.3995
 30
0.0
 40
0.2
 41
0.2
  0
VERTEX
  8
0
 10
254.657
 20
66.3857
 30
0.0
 40
0.2
 41
0.2
  0
VERTEX
  8
0
 10
254.661
 20
66.3621
 30
0.0
 40
0.2
 41
0.2
  0
VERTEX
  8
0
 10
254.685
 20
66.3582
 30
0.0
 40
0.2
 41
0.2
  0
VERTEX
  8
0
 10
254.7
 20
66.3896
 30
0.0
 40
0.2
 41
0.2
  0
VERTEX
  8
0
 10
254.7
 20
66.3995
 30
0.0
 40
0.2
 41
0.2
  0
VERTEX
  8
0
 10
254.7
 20
72.1995
 30
0.0
 40
0.2
 41
0.2
  0
VERTEX
  8
0
 10
254.7
 20
72.2104
 30
0.0
 40
0.2
 41
0.2
  0
VERTEX
  8
0
 10
254.685
 20
72.2422
 30
0.0
 40
0.2
 41
0.2
  0
VERTEX
  8
0
 10
254.661
 20
72.2383
 30
0.0
 40
0.2
 41
0.2
  0
VERTEX
  8
0
 10
254.657
 20
72.2147
 30
0.0
 40
0.2
 41
0.2
  0
VERTEX
  8
0
 10
254.689
 20
72.1995
 30
0.0
 40
0.2
 41
0.2
  0
VERTEX
  8
0
 10
254.7
 20
72.1995
 30
0.0
 40
0.2
 41
0.2
  0
VERTEX
  8
0
 10
257.599
 20
72.1995
 30
0.0
 40
0.2
 41
0.2
  0
VERTEX
  8
0
 10
257.616
 20
72.1995
 30
0.0
 40
0.2
 41
0.2
  0
VERTEX
  8
0
 10
257.67
 20
72.2298
 30
0.0
 40
0.2
 41
0.2
  0
VERTEX
  8
0
 10
257.7
 20
72.2835
 30
0.0
 40
0.2
 41
0.2
  0
VERTEX
  8
0
 10
257.7
 20
72.3
 30
0.0
 40
0.2
 41
0.2
  0
VERTEX
  8
0
 10
257.7
 20
78.3001
 30
0.0
 40
0.2
 41
0.2
  0
VERTEX
  8
0
 10
257.7
 20
78.3181
 30
0.0
 40
0.2
 41
0.2
  0
VERTEX
  8
0
 10
257.67
 20
78.3703
 30
0.0
 40
0.2
 41
0.2
  0
VERTEX
  8
0
 10
257.616
 20
78.3992
 30
0.0
 40
0.2
 41
0.2
  0
VERTEX
  8
0
 10
257.599
 20
78.3992
 30
0.0
 40
0.2
 41
0.2
  0
VERTEX
  8
0
 10
254.7
 20
78.3992
 30
0.0
 40
0.2
 41
0.2
  0
VERTEX
  8
0
 10
254.689
 20
78.3992
 30
0.0
 40
0.2
 41
0.2
  0
VERTEX
  8
0
 10
254.657
 20
78.3855
 30
0.0
 40
0.2
 41
0.2
  0
VERTEX
  8
0
 10
254.661
 20
78.3622
 30
0.0
 40
0.2
 41
0.2
  0
VERTEX
  8
0
 10
254.685
 20
78.3579
 30
0.0
 40
0.2
 41
0.2
  0
VERTEX
  8
0
 10
254.7
 20
78.3897
 30
0.0
 40
0.2
 41
0.2
  0
VERTEX
  8
0
 10
254.7
 20
78.3992
 30
0.0
 40
0.2
 41
0.2
  0
VERTEX
  8
0
 10
254.7
 20
84.1996
 30
0.0
 40
0.2
 41
0.2
  0
VERTEX
  8
0
 10
254.7
 20
84.2105
 30
0.0
 40
0.2
 41
0.2
  0
VERTEX
  8
0
 10
254.685
 20
84.2423
 30
0.0
 40
0.2
 41
0.2
  0
VERTEX
  8
0
 10
254.661
 20
84.238
 30
0.0
 40
0.2
 41
0.2
  0
VERTEX
  8
0
 10
254.657
 20
84.2148
 30
0.0
 40
0.2
 41
0.2
  0
VERTEX
  8
0
 10
254.689
 20
84.1996
 30
0.0
 40
0.2
 41
0.2
  0
VERTEX
  8
0
 10
254.7
 20
84.1996
 30
0.0
 40
0.2
 41
0.2
  0
VERTEX
  8
0
 10
257.599
 20
84.1996
 30
0.0
 40
0.2
 41
0.2
  0
VERTEX
  8
0
 10
257.616
 20
84.1996
 30
0.0
 40
0.2
 41
0.2
  0
VERTEX
  8
0
 10
257.67
 20
84.2299
 30
0.0
 40
0.2
 41
0.2
  0
VERTEX
  8
0
 10
257.7
 20
84.2836
 30
0.0
 40
0.2
 41
0.2
  0
VERTEX
  8
0
 10
257.7
 20
84.3001
 30
0.0
 40
0.2
 41
0.2
  0
VERTEX
  8
0
 10
257.7
 20
90.3002
 30
0.0
 40
0.2
 41
0.2
  0
VERTEX
  8
0
 10
257.7
 20
90.3182
 30
0.0
 40
0.2
 41
0.2
  0
VERTEX
  8
0
 10
257.67
 20
90.3718
 30
0.0
 40
0.2
 41
0.2
  0
VERTEX
  8
0
 10
257.616
 20
90.4007
 30
0.0
 40
0.2
 41
0.2
  0
VERTEX
  8
0
 10
257.599
 20
90.4007
 30
0.0
 40
0.2
 41
0.2
  0
VERTEX
  8
0
 10
254.7
 20
90.4007
 30
0.0
 40
0.2
 41
0.2
  0
VERTEX
  8
0
 10
254.689
 20
90.4007
 30
0.0
 40
0.2
 41
0.2
  0
VERTEX
  8
0
 10
254.657
 20
90.387
 30
0.0
 40
0.2
 41
0.2
  0
VERTEX
  8
0
 10
254.661
 20
90.3633
 30
0.0
 40
0.2
 41
0.2
  0
VERTEX
  8
0
 10
254.685
 20
90.3594
 30
0.0
 40
0.2
 41
0.2
  0
VERTEX
  8
0
 10
254.7
 20
90.3912
 30
0.0
 40
0.2
 41
0.2
  0
VERTEX
  8
0
 10
254.7
 20
90.4007
 30
0.0
 40
0.2
 41
0.2
  0
VERTEX
  8
0
 10
254.7
 20
96.1993
 30
0.0
 40
0.2
 41
0.2
  0
VERTEX
  8
0
 10
254.7
 20
96.2106
 30
0.0
 40
0.2
 41
0.2
  0
VERTEX
  8
0
 10
254.685
 20
96.2424
 30
0.0
 40
0.2
 41
0.2
  0
VERTEX
  8
0
 10
254.661
 20
96.2381
 30
0.0
 40
0.2
 41
0.2
  0
VERTEX
  8
0
 10
254.657
 20
96.2145
 30
0.0
 40
0.2
 41
0.2
  0
VERTEX
  8
0
 10
254.689
 20
96.1993
 30
0.0
 40
0.2
 41
0.2
  0
VERTEX
  8
0
 10
254.7
 20
96.1993
 30
0.0
 40
0.2
 41
0.2
  0
VERTEX
  8
0
 10
257.599
 20
96.1993
 30
0.0
 40
0.2
 41
0.2
  0
VERTEX
  8
0
 10
257.616
 20
96.1993
 30
0.0
 40
0.2
 41
0.2
  0
VERTEX
  8
0
 10
257.67
 20
96.2297
 30
0.0
 40
0.2
 41
0.2
  0
VERTEX
  8
0
 10
257.7
 20
96.2836
 30
0.0
 40
0.2
 41
0.2
  0
VERTEX
  8
0
 10
257.7
 20
96.3002
 30
0.0
 40
0.2
 41
0.2
  0
VERTEX
  8
0
 10
257.7
 20
102.3
 30
0.0
 40
0.2
 41
0.2
  0
VERTEX
  8
0
 10
257.7
 20
102.318
 30
0.0
 40
0.2
 41
0.2
  0
VERTEX
  8
0
 10
257.67
 20
102.372
 30
0.0
 40
0.2
 41
0.2
  0
VERTEX
  8
0
 10
257.616
 20
102.401
 30
0.0
 40
0.2
 41
0.2
  0
VERTEX
  8
0
 10
257.599
 20
102.401
 30
0.0
 40
0.2
 41
0.2
  0
VERTEX
  8
0
 10
254.7
 20
102.401
 30
0.0
 40
0.2
 41
0.2
  0
VERTEX
  8
0
 10
254.689
 20
102.401
 30
0.0
 40
0.2
 41
0.2
  0
VERTEX
  8
0
 10
254.657
 20
102.387
 30
0.0
 40
0.2
 41
0.2
  0
VERTEX
  8
0
 10
254.661
 20
102.363
 30
0.0
 40
0.2
 41
0.2
  0
VERTEX
  8
0
 10
254.685
 20
102.359
 30
0.0
 40
0.2
 41
0.2
  0
VERTEX
  8
0
 10
254.7
 20
102.391
 30
0.0
 40
0.2
 41
0.2
  0
VERTEX
  8
0
 10
254.7
 20
102.401
 30
0.0
 40
0.2
 41
0.2
  0
VERTEX
  8
0
 10
254.7
 20
108.201
 30
0.0
 40
0.2
 41
0.2
  0
VERTEX
  8
0
 10
254.7
 20
108.212
 30
0.0
 40
0.2
 41
0.2
  0
VERTEX
  8
0
 10
254.685
 20
108.244
 30
0.0
 40
0.2
 41
0.2
  0
VERTEX
  8
0
 10
254.661
 20
108.238
 30
0.0
 40
0.2
 41
0.2
  0
VERTEX
  8
0
 10
254.657
 20
108.216
 30
0.0
 40
0.2
 41
0.2
  0
VERTEX
  8
0
 10
254.689
 20
108.201
 30
0.0
 40
0.2
 41
0.2
  0
VERTEX
  8
0
 10
254.7
 20
108.201
 30
0.0
 40
0.2
 41
0.2
  0
VERTEX
  8
0
 10
257.599
 20
108.201
 30
0.0
 40
0.2
 41
0.2
  0
VERTEX
  8
0
 10
257.616
 20
108.201
 30
0.0
 40
0.2
 41
0.2
  0
VERTEX
  8
0
 10
257.67
 20
108.23
 30
0.0
 40
0.2
 41
0.2
  0
VERTEX
  8
0
 10
257.7
 20
108.283
 30
0.0
 40
0.2
 41
0.2
  0
VERTEX
  8
0
 10
257.7
 20
108.3
 30
0.0
 40
0.2
 41
0.2
  0
VERTEX
  8
0
 10
257.7
 20
116.8
 30
0.0
 40
0.2
 41
0.2
  0
VERTEX
  8
0
 10
257.7
 20
116.818
 30
0.0
 40
0.2
 41
0.2
  0
VERTEX
  8
0
 10
257.67
 20
116.871
 30
0.0
 40
0.2
 41
0.2
  0
VERTEX
  8
0
 10
257.616
 20
116.9
 30
0.0
 40
0.2
 41
0.2
  0
VERTEX
  8
0
 10
257.599
 20
116.9
 30
0.0
 40
0.2
 41
0.2
  0
VERTEX
  8
0
 10
254.599
 20
116.9
 30
0.0
 40
0.2
 41
0.2
  0
VERTEX
  8
0
 10
13.0996
 20
116.9
 30
0.0
 40
0.2
 41
0.2
  0
VERTEX
  8
0
 10
10.0996
 20
116.9
 30
0.0
 40
0.2
 41
0.2
  0
VERTEX
  8
0
 10
10.0817
 20
116.9
 30
0.0
 40
0.2
 41
0.2
  0
VERTEX
  8
0
 10
10.0294
 20
116.871
 30
0.0
 40
0.2
 41
0.2
  0
VERTEX
  8
0
 10
10.0004
 20
116.818
 30
0.0
 40
0.2
 41
0.2
  0
VERTEX
  8
0
 10
10.0004
 20
116.8
 30
0.0
 40
0.2
 41
0.2
  0
VERTEX
  8
0
 10
10.0004
 20
108.3
 30
0.0
 40
0.2
 41
0.2
  0
VERTEX
  8
0
 10
10.0004
 20
108.283
 30
0.0
 40
0.2
 41
0.2
  0
VERTEX
  8
0
 10
10.0294
 20
108.23
 30
0.0
 40
0.2
 41
0.2
  0
VERTEX
  8
0
 10
10.0817
 20
108.201
 30
0.0
 40
0.2
 41
0.2
  0
VERTEX
  8
0
 10
10.0996
 20
108.201
 30
0.0
 40
0.2
 41
0.2
  0
VERTEX
  8
0
 10
13.0004
 20
108.201
 30
0.0
 40
0.2
 41
0.2
  0
VERTEX
  8
0
 10
13.0101
 20
108.201
 30
0.0
 40
0.2
 41
0.2
  0
VERTEX
  8
0
 10
13.0418
 20
108.216
 30
0.0
 40
0.2
 41
0.2
  0
VERTEX
  8
0
 10
13.0376
 20
108.238
 30
0.0
 40
0.2
 41
0.2
  0
VERTEX
  8
0
 10
13.0142
 20
108.244
 30
0.0
 40
0.2
 41
0.2
  0
VERTEX
  8
0
 10
13.0004
 20
108.212
 30
0.0
 40
0.2
 41
0.2
  0
VERTEX
  8
0
 10
13.0004
 20
108.201
 30
0.0
 40
0.2
 41
0.2
  0
VERTEX
  8
0
 10
13.0004
 20
102.401
 30
0.0
 40
0.2
 41
0.2
  0
VERTEX
  8
0
 10
13.0004
 20
102.391
 30
0.0
 40
0.2
 41
0.2
  0
VERTEX
  8
0
 10
13.0142
 20
102.359
 30
0.0
 40
0.2
 41
0.2
  0
VERTEX
  8
0
 10
13.0376
 20
102.363
 30
0.0
 40
0.2
 41
0.2
  0
VERTEX
  8
0
 10
13.0418
 20
102.387
 30
0.0
 40
0.2
 41
0.2
  0
VERTEX
  8
0
 10
13.0101
 20
102.401
 30
0.0
 40
0.2
 41
0.2
  0
VERTEX
  8
0
 10
13.0004
 20
102.401
 30
0.0
 40
0.2
 41
0.2
  0
VERTEX
  8
0
 10
10.0996
 20
102.401
 30
0.0
 40
0.2
 41
0.2
  0
VERTEX
  8
0
 10
10.0817
 20
102.401
 30
0.0
 40
0.2
 41
0.2
  0
VERTEX
  8
0
 10
10.0294
 20
102.372
 30
0.0
 40
0.2
 41
0.2
  0
VERTEX
  8
0
 10
10.0004
 20
102.318
 30
0.0
 40
0.2
 41
0.2
  0
VERTEX
  8
0
 10
10.0004
 20
102.3
 30
0.0
 40
0.2
 41
0.2
  0
VERTEX
  8
0
 10
10.0004
 20
96.3002
 30
0.0
 40
0.2
 41
0.2
  0
VERTEX
  8
0
 10
10.0004
 20
96.2836
 30
0.0
 40
0.2
 41
0.2
  0
VERTEX
  8
0
 10
10.0294
 20
96.2297
 30
0.0
 40
0.2
 41
0.2
  0
VERTEX
  8
0
 10
10.0817
 20
96.1993
 30
0.0
 40
0.2
 41
0.2
  0
VERTEX
  8
0
 10
10.0996
 20
96.1993
 30
0.0
 40
0.2
 41
0.2
  0
VERTEX
  8
0
 10
13.0004
 20
96.1993
 30
0.0
 40
0.2
 41
0.2
  0
VERTEX
  8
0
 10
13.0101
 20
96.1993
 30
0.0
 40
0.2
 41
0.2
  0
VERTEX
  8
0
 10
13.0418
 20
96.2145
 30
0.0
 40
0.2
 41
0.2
  0
VERTEX
  8
0
 10
13.0376
 20
96.2381
 30
0.0
 40
0.2
 41
0.2
  0
VERTEX
  8
0
 10
13.0142
 20
96.2424
 30
0.0
 40
0.2
 41
0.2
  0
VERTEX
  8
0
 10
13.0004
 20
96.2106
 30
0.0
 40
0.2
 41
0.2
  0
VERTEX
  8
0
 10
13.0004
 20
96.1993
 30
0.0
 40
0.2
 41
0.2
  0
VERTEX
  8
0
 10
13.0004
 20
90.4007
 30
0.0
 40
0.2
 41
0.2
  0
VERTEX
  8
0
 10
13.0004
 20
90.3912
 30
0.0
 40
0.2
 41
0.2
  0
VERTEX
  8
0
 10
13.0142
 20
90.3594
 30
0.0
 40
0.2
 41
0.2
  0
VERTEX
  8
0
 10
13.0376
 20
90.3633
 30
0.0
 40
0.2
 41
0.2
  0
VERTEX
  8
0
 10
13.0418
 20
90.387
 30
0.0
 40
0.2
 41
0.2
  0
VERTEX
  8
0
 10
13.0101
 20
90.4007
 30
0.0
 40
0.2
 41
0.2
  0
VERTEX
  8
0
 10
13.0004
 20
90.4007
 30
0.0
 40
0.2
 41
0.2
  0
VERTEX
  8
0
 10
10.0996
 20
90.4007
 30
0.0
 40
0.2
 41
0.2
  0
VERTEX
  8
0
 10
10.0817
 20
90.4007
 30
0.0
 40
0.2
 41
0.2
  0
VERTEX
  8
0
 10
10.0294
 20
90.3718
 30
0.0
 40
0.2
 41
0.2
  0
VERTEX
  8
0
 10
10.0004
 20
90.3182
 30
0.0
 40
0.2
 41
0.2
  0
VERTEX
  8
0
 10
10.0004
 20
90.3002
 30
0.0
 40
0.2
 41
0.2
  0
VERTEX
  8
0
 10
10.0004
 20
84.3001
 30
0.0
 40
0.2
 41
0.2
  0
VERTEX
  8
0
 10
10.0004
 20
84.2836
 30
0.0
 40
0.2
 41
0.2
  0
VERTEX
  8
0
 10
10.0294
 20
84.2299
 30
0.0
 40
0.2
 41
0.2
  0
VERTEX
  8
0
 10
10.0817
 20
84.1996
 30
0.0
 40
0.2
 41
0.2
  0
VERTEX
  8
0
 10
10.0996
 20
84.1996
 30
0.0
 40
0.2
 41
0.2
  0
VERTEX
  8
0
 10
13.0004
 20
84.1996
 30
0.0
 40
0.2
 41
0.2
  0
VERTEX
  8
0
 10
13.0101
 20
84.1996
 30
0.0
 40
0.2
 41
0.2
  0
VERTEX
  8
0
 10
13.0418
 20
84.2148
 30
0.0
 40
0.2
 41
0.2
  0
VERTEX
  8
0
 10
13.0376
 20
84.238
 30
0.0
 40
0.2
 41
0.2
  0
VERTEX
  8
0
 10
13.0142
 20
84.2423
 30
0.0
 40
0.2
 41
0.2
  0
VERTEX
  8
0
 10
13.0004
 20
84.2105
 30
0.0
 40
0.2
 41
0.2
  0
VERTEX
  8
0
 10
13.0004
 20
84.1996
 30
0.0
 40
0.2
 41
0.2
  0
VERTEX
  8
0
 10
13.0004
 20
78.3992
 30
0.0
 40
0.2
 41
0.2
  0
VERTEX
  8
0
 10
13.0004
 20
78.3897
 30
0.0
 40
0.2
 41
0.2
  0
VERTEX
  8
0
 10
13.0142
 20
78.3579
 30
0.0
 40
0.2
 41
0.2
  0
VERTEX
  8
0
 10
13.0376
 20
78.3622
 30
0.0
 40
0.2
 41
0.2
  0
VERTEX
  8
0
 10
13.0418
 20
78.3855
 30
0.0
 40
0.2
 41
0.2
  0
VERTEX
  8
0
 10
13.0101
 20
78.3992
 30
0.0
 40
0.2
 41
0.2
  0
VERTEX
  8
0
 10
13.0004
 20
78.3992
 30
0.0
 40
0.2
 41
0.2
  0
VERTEX
  8
0
 10
10.0996
 20
78.3992
 30
0.0
 40
0.2
 41
0.2
  0
VERTEX
  8
0
 10
10.0817
 20
78.3992
 30
0.0
 40
0.2
 41
0.2
  0
VERTEX
  8
0
 10
10.0294
 20
78.3703
 30
0.0
 40
0.2
 41
0.2
  0
VERTEX
  8
0
 10
10.0004
 20
78.3181
 30
0.0
 40
0.2
 41
0.2
  0
VERTEX
  8
0
 10
10.0004
 20
78.3001
 30
0.0
 40
0.2
 41
0.2
  0
VERTEX
  8
0
 10
10.0004
 20
72.3
 30
0.0
 40
0.2
 41
0.2
  0
VERTEX
  8
0
 10
10.0004
 20
72.2835
 30
0.0
 40
0.2
 41
0.2
  0
VERTEX
  8
0
 10
10.0294
 20
72.2298
 30
0.0
 40
0.2
 41
0.2
  0
VERTEX
  8
0
 10
10.0817
 20
72.1995
 30
0.0
 40
0.2
 41
0.2
  0
VERTEX
  8
0
 10
10.0996
 20
72.1995
 30
0.0
 40
0.2
 41
0.2
  0
VERTEX
  8
0
 10
13.0004
 20
72.1995
 30
0.0
 40
0.2
 41
0.2
  0
VERTEX
  8
0
 10
13.0101
 20
72.1995
 30
0.0
 40
0.2
 41
0.2
  0
VERTEX
  8
0
 10
13.0418
 20
72.2147
 30
0.0
 40
0.2
 41
0.2
  0
VERTEX
  8
0
 10
13.0376
 20
72.2383
 30
0.0
 40
0.2
 41
0.2
  0
VERTEX
  8
0
 10
13.0142
 20
72.2422
 30
0.0
 40
0.2
 41
0.2
  0
VERTEX
  8
0
 10
13.0004
 20
72.2104
 30
0.0
 40
0.2
 41
0.2
  0
VERTEX
  8
0
 10
13.0004
 20
72.1995
 30
0.0
 40
0.2
 41
0.2
  0
VERTEX
  8
0
 10
13.0004
 20
66.3995
 30
0.0
 40
0.2
 41
0.2
  0
VERTEX
  8
0
 10
13.0004
 20
66.3896
 30
0.0
 40
0.2
 41
0.2
  0
VERTEX
  8
0
 10
13.0142
 20
66.3582
 30
0.0
 40
0.2
 41
0.2
  0
VERTEX
  8
0
 10
13.0376
 20
66.3621
 30
0.0
 40
0.2
 41
0.2
  0
VERTEX
  8
0
 10
13.0418
 20
66.3857
 30
0.0
 40
0.2
 41
0.2
  0
VERTEX
  8
0
 10
13.0101
 20
66.3995
 30
0.0
 40
0.2
 41
0.2
  0
VERTEX
  8
0
 10
13.0004
 20
66.3995
 30
0.0
 40
0.2
 41
0.2
  0
VERTEX
  8
0
 10
10.0996
 20
66.3995
 30
0.0
 40
0.2
 41
0.2
  0
VERTEX
  8
0
 10
10.0817
 20
66.3995
 30
0.0
 40
0.2
 41
0.2
  0
VERTEX
  8
0
 10
10.0294
 20
66.3706
 30
0.0
 40
0.2
 41
0.2
  0
VERTEX
  8
0
 10
10.0004
 20
66.318
 30
0.0
 40
0.2
 41
0.2
  0
VERTEX
  8
0
 10
10.0004
 20
66.3004
 30
0.0
 40
0.2
 41
0.2
  0
VERTEX
  8
0
 10
10.0004
 20
60.3003
 30
0.0
 40
0.2
 41
0.2
  0
VERTEX
  8
0
 10
10.0004
 20
60.2837
 30
0.0
 40
0.2
 41
0.2
  0
VERTEX
  8
0
 10
10.0294
 20
60.2297
 30
0.0
 40
0.2
 41
0.2
  0
VERTEX
  8
0
 10
10.0817
 20
60.1998
 30
0.0
 40
0.2
 41
0.2
  0
VERTEX
  8
0
 10
10.0996
 20
60.1998
 30
0.0
 40
0.2
 41
0.2
  0
VERTEX
  8
0
 10
13.0004
 20
60.1998
 30
0.0
 40
0.2
 41
0.2
  0
VERTEX
  8
0
 10
13.0101
 20
60.1998
 30
0.0
 40
0.2
 41
0.2
  0
VERTEX
  8
0
 10
13.0418
 20
60.2149
 30
0.0
 40
0.2
 41
0.2
  0
VERTEX
  8
0
 10
13.0376
 20
60.2382
 30
0.0
 40
0.2
 41
0.2
  0
VERTEX
  8
0
 10
13.0142
 20
60.2425
 30
0.0
 40
0.2
 41
0.2
  0
VERTEX
  8
0
 10
13.0004
 20
60.2107
 30
0.0
 40
0.2
 41
0.2
  0
VERTEX
  8
0
 10
13.0004
 20
60.1998
 30
0.0
 40
0.2
 41
0.2
  0
VERTEX
  8
0
 10
13.0004
 20
54.3994
 30
0.0
 40
0.2
 41
0.2
  0
VERTEX
  8
0
 10
13.0004
 20
54.3899
 30
0.0
 40
0.2
 41
0.2
  0
VERTEX
  8
0
 10
13.0142
 20
54.3581
 30
0.0
 40
0.2
 41
0.2
  0
VERTEX
  8
0
 10
13.0376
 20
54.3624
 30
0.0
 40
0.2
 41
0.2
  0
VERTEX
  8
0
 10
13.0418
 20
54.3856
 30
0.0
 40
0.2
 41
0.2
  0
VERTEX
  8
0
 10
13.0101
 20
54.3994
 30
0.0
 40
0.2
 41
0.2
  0
VERTEX
  8
0
 10
13.0004
 20
54.3994
 30
0.0
 40
0.2
 41
0.2
  0
VERTEX
  8
0
 10
10.0996
 20
54.3994
 30
0.0
 40
0.2
 41
0.2
  0
VERTEX
  8
0
 10
10.0817
 20
54.3994
 30
0.0
 40
0.2
 41
0.2
  0
VERTEX
  8
0
 10
10.0294
 20
54.3705
 30
0.0
 40
0.2
 41
0.2
  0
VERTEX
  8
0
 10
10.0004
 20
54.3183
 30
0.0
 40
0.2
 41
0.2
  0
VERTEX
  8
0
 10
10.0004
 20
54.3003
 30
0.0
 40
0.2
 41
0.2
  0
VERTEX
  8
0
 10
10.0004
 20
48.3002
 30
0.0
 40
0.2
 41
0.2
  0
VERTEX
  8
0
 10
10.0004
 20
48.2836
 30
0.0
 40
0.2
 41
0.2
  0
VERTEX
  8
0
 10
10.0294
 20
48.23
 30
0.0
 40
0.2
 41
0.2
  0
VERTEX
  8
0
 10
10.0817
 20
48.1997
 30
0.0
 40
0.2
 41
0.2
  0
VERTEX
  8
0
 10
10.0996
 20
48.1997
 30
0.0
 40
0.2
 41
0.2
  0
VERTEX
  8
0
 10
13.0004
 20
48.1997
 30
0.0
 40
0.2
 41
0.2
  0
VERTEX
  8
0
 10
13.0101
 20
48.1997
 30
0.0
 40
0.2
 41
0.2
  0
VERTEX
  8
0
 10
13.0418
 20
48.2148
 30
0.0
 40
0.2
 41
0.2
  0
VERTEX
  8
0
 10
13.0376
 20
48.2381
 30
0.0
 40
0.2
 41
0.2
  0
VERTEX
  8
0
 10
13.0142
 20
48.2424
 30
0.0
 40
0.2
 41
0.2
  0
VERTEX
  8
0
 10
13.0004
 20
48.2106
 30
0.0
 40
0.2
 41
0.2
  0
VERTEX
  8
0
 10
13.0004
 20
48.1997
 30
0.0
 40
0.2
 41
0.2
  0
VERTEX
  8
0
 10
13.0004
 20
42.3997
 30
0.0
 40
0.2
 41
0.2
  0
VERTEX
  8
0
 10
13.0004
 20
42.3898
 30
0.0
 40
0.2
 41
0.2
  0
VERTEX
  8
0
 10
13.0142
 20
42.358
 30
0.0
 40
0.2
 41
0.2
  0
VERTEX
  8
0
 10
13.0376
 20
42.3623
 30
0.0
 40
0.2
 41
0.2
  0
VERTEX
  8
0
 10
13.0418
 20
42.3855
 30
0.0
 40
0.2
 41
0.2
  0
VERTEX
  8
0
 10
13.0101
 20
42.3997
 30
0.0
 40
0.2
 41
0.2
  0
VERTEX
  8
0
 10
13.0004
 20
42.3997
 30
0.0
 40
0.2
 41
0.2
  0
VERTEX
  8
0
 10
10.0996
 20
42.3997
 30
0.0
 40
0.2
 41
0.2
  0
VERTEX
  8
0
 10
10.0817
 20
42.3997
 30
0.0
 40
0.2
 41
0.2
  0
VERTEX
  8
0
 10
10.0294
 20
42.3704
 30
0.0
 40
0.2
 41
0.2
  0
VERTEX
  8
0
 10
10.0004
 20
42.3182
 30
0.0
 40
0.2
 41
0.2
  0
VERTEX
  8
0
 10
10.0004
 20
42.3002
 30
0.0
 40
0.2
 41
0.2
  0
VERTEX
  8
0
 10
10.0004
 20
36.3001
 30
0.0
 40
0.2
 41
0.2
  0
VERTEX
  8
0
 10
10.0004
 20
36.2839
 30
0.0
 40
0.2
 41
0.2
  0
VERTEX
  8
0
 10
10.0294
 20
36.2299
 30
0.0
 40
0.2
 41
0.2
  0
VERTEX
  8
0
 10
10.0817
 20
36.1996
 30
0.0
 40
0.2
 41
0.2
  0
VERTEX
  8
0
 10
10.0996
 20
36.1996
 30
0.0
 40
0.2
 41
0.2
  0
VERTEX
  8
0
 10
13.0004
 20
36.1996
 30
0.0
 40
0.2
 41
0.2
  0
VERTEX
  8
0
 10
13.0101
 20
36.1996
 30
0.0
 40
0.2
 41
0.2
  0
VERTEX
  8
0
 10
13.0418
 20
36.2148
 30
0.0
 40
0.2
 41
0.2
  0
VERTEX
  8
0
 10
13.0376
 20
36.2384
 30
0.0
 40
0.2
 41
0.2
  0
VERTEX
  8
0
 10
13.0142
 20
36.2423
 30
0.0
 40
0.2
 41
0.2
  0
VERTEX
  8
0
 10
13.0004
 20
36.2109
 30
0.0
 40
0.2
 41
0.2
  0
VERTEX
  8
0
 10
13.0004
 20
36.1996
 30
0.0
 40
0.2
 41
0.2
  0
VERTEX
  8
0
 10
13.0004
 20
30.3995
 30
0.0
 40
0.2
 41
0.2
  0
VERTEX
  8
0
 10
13.0004
 20
30.3899
 30
0.0
 40
0.2
 41
0.2
  0
VERTEX
  8
0
 10
13.0142
 20
30.3582
 30
0.0
 40
0.2
 41
0.2
  0
VERTEX
  8
0
 10
13.0376
 20
30.3623
 30
0.0
 40
0.2
 41
0.2
  0
VERTEX
  8
0
 10
13.0418
 20
30.3857
 30
0.0
 40
0.2
 41
0.2
  0
VERTEX
  8
0
 10
13.0101
 20
30.3995
 30
0.0
 40
0.2
 41
0.2
  0
VERTEX
  8
0
 10
13.0004
 20
30.3995
 30
0.0
 40
0.2
 41
0.2
  0
VERTEX
  8
0
 10
10.0996
 20
30.3995
 30
0.0
 40
0.2
 41
0.2
  0
VERTEX
  8
0
 10
10.0817
 20
30.3995
 30
0.0
 40
0.2
 41
0.2
  0
VERTEX
  8
0
 10
10.0294
 20
30.3706
 30
0.0
 40
0.2
 41
0.2
  0
VERTEX
  8
0
 10
10.0004
 20
30.3182
 30
0.0
 40
0.2
 41
0.2
  0
VERTEX
  8
0
 10
10.0004
 20
30.3003
 30
0.0
 40
0.2
 41
0.2
  0
VERTEX
  8
0
 10
10.0004
 20
21.8006
 30
0.0
 40
0.2
 41
0.2
  0
VERTEX
  8
0
 10
10.0004
 20
21.784
 30
0.0
 40
0.2
 41
0.2
  0
VERTEX
  8
0
 10
10.0294
 20
21.7303
 30
0.0
 40
0.2
 41
0.2
  0
VERTEX
  8
0
 10
10.0817
 20
21.7
 30
0.0
 40
0.2
 41
0.2
  0
VERTEX
  8
0
 10
10.0996
 20
21.7
 30
0.0
 40
0.2
 41
0.2
  0
VERTEX
  8
0
 10
13.0996
 20
21.7
 30
0.0
 40
0.2
 41
0.2
  0
SEQEND
 8
0
  0
POLYLINE
  8
0
 62
     5
 66
     1
 10
0
 20
0
 30
0.0
 70
     1
 40
0.566929
 41
0.566929
  0
VERTEX
  8
0
 10
25.8506
 20
121.599
 30
0.0
 40
0.2
 41
0.2
  0
VERTEX
  8
0
 10
22.9499
 20
121.599
 30
0.0
 40
0.2
 41
0.2
  0
VERTEX
  8
0
 10
22.9388
 20
121.599
 30
0.0
 40
0.2
 41
0.2
  0
VERTEX
  8
0
 10
22.9071
 20
121.586
 30
0.0
 40
0.2
 41
0.2
  0
VERTEX
  8
0
 10
22.9126
 20
121.562
 30
0.0
 40
0.2
 41
0.2
  0
VERTEX
  8
0
 10
22.9347
 20
121.558
 30
0.0
 40
0.2
 41
0.2
  0
VERTEX
  8
0
 10
22.9499
 20
121.59
 30
0.0
 40
0.2
 41
0.2
  0
VERTEX
  8
0
 10
22.9499
 20
121.599
 30
0.0
 40
0.2
 41
0.2
  0
VERTEX
  8
0
 10
22.9499
 20
124.4
 30
0.0
 40
0.2
 41
0.2
  0
VERTEX
  8
0
 10
22.9499
 20
124.411
 30
0.0
 40
0.2
 41
0.2
  0
VERTEX
  8
0
 10
22.9347
 20
124.442
 30
0.0
 40
0.2
 41
0.2
  0
VERTEX
  8
0
 10
22.9126
 20
124.438
 30
0.0
 40
0.2
 41
0.2
  0
VERTEX
  8
0
 10
22.9071
 20
124.415
 30
0.0
 40
0.2
 41
0.2
  0
VERTEX
  8
0
 10
22.9388
 20
124.4
 30
0.0
 40
0.2
 41
0.2
  0
VERTEX
  8
0
 10
22.9499
 20
124.4
 30
0.0
 40
0.2
 41
0.2
  0
VERTEX
  8
0
 10
28.75
 20
124.4
 30
0.0
 40
0.2
 41
0.2
  0
VERTEX
  8
0
 10
28.7596
 20
124.4
 30
0.0
 40
0.2
 41
0.2
  0
VERTEX
  8
0
 10
28.7914
 20
124.415
 30
0.0
 40
0.2
 41
0.2
  0
VERTEX
  8
0
 10
28.7872
 20
124.438
 30
0.0
 40
0.2
 41
0.2
  0
VERTEX
  8
0
 10
28.7638
 20
124.442
 30
0.0
 40
0.2
 41
0.2
  0
VERTEX
  8
0
 10
28.75
 20
124.411
 30
0.0
 40
0.2
 41
0.2
  0
VERTEX
  8
0
 10
28.75
 20
124.4
 30
0.0
 40
0.2
 41
0.2
  0
VERTEX
  8
0
 10
28.75
 20
121.599
 30
0.0
 40
0.2
 41
0.2
  0
VERTEX
  8
0
 10
28.75
 20
121.59
 30
0.0
 40
0.2
 41
0.2
  0
VERTEX
  8
0
 10
28.7638
 20
121.558
 30
0.0
 40
0.2
 41
0.2
  0
VERTEX
  8
0
 10
28.7872
 20
121.562
 30
0.0
 40
0.2
 41
0.2
  0
VERTEX
  8
0
 10
28.7914
 20
121.586
 30
0.0
 40
0.2
 41
0.2
  0
VERTEX
  8
0
 10
28.7596
 20
121.599
 30
0.0
 40
0.2
 41
0.2
  0
VERTEX
  8
0
 10
28.75
 20
121.599
 30
0.0
 40
0.2
 41
0.2
  0
VERTEX
  8
0
 10
25.8506
 20
121.599
 30
0.0
 40
0.2
 41
0.2
  0
SEQEND
 8
0
  0
POLYLINE
  8
0
 62
     5
 66
     1
 10
0
 20
0
 30
0.0
 70
     1
 40
0.566929
 41
0.566929
  0
VERTEX
  8
0
 10
37.8492
 20
121.599
 30
0.0
 40
0.2
 41
0.2
  0
VERTEX
  8
0
 10
34.9498
 20
121.599
 30
0.0
 40
0.2
 41
0.2
  0
VERTEX
  8
0
 10
34.9388
 20
121.599
 30
0.0
 40
0.2
 41
0.2
  0
VERTEX
  8
0
 10
34.9071
 20
121.586
 30
0.0
 40
0.2
 41
0.2
  0
VERTEX
  8
0
 10
34.9112
 20
121.562
 30
0.0
 40
0.2
 41
0.2
  0
VERTEX
  8
0
 10
34.9346
 20
121.558
 30
0.0
 40
0.2
 41
0.2
  0
VERTEX
  8
0
 10
34.9498
 20
121.59
 30
0.0
 40
0.2
 41
0.2
  0
VERTEX
  8
0
 10
34.9498
 20
121.599
 30
0.0
 40
0.2
 41
0.2
  0
VERTEX
  8
0
 10
34.9498
 20
124.4
 30
0.0
 40
0.2
 41
0.2
  0
VERTEX
  8
0
 10
34.9498
 20
124.411
 30
0.0
 40
0.2
 41
0.2
  0
VERTEX
  8
0
 10
34.9346
 20
124.442
 30
0.0
 40
0.2
 41
0.2
  0
VERTEX
  8
0
 10
34.9112
 20
124.438
 30
0.0
 40
0.2
 41
0.2
  0
VERTEX
  8
0
 10
34.9071
 20
124.415
 30
0.0
 40
0.2
 41
0.2
  0
VERTEX
  8
0
 10
34.9388
 20
124.4
 30
0.0
 40
0.2
 41
0.2
  0
VERTEX
  8
0
 10
34.9498
 20
124.4
 30
0.0
 40
0.2
 41
0.2
  0
VERTEX
  8
0
 10
40.7501
 20
124.4
 30
0.0
 40
0.2
 41
0.2
  0
VERTEX
  8
0
 10
40.7596
 20
124.4
 30
0.0
 40
0.2
 41
0.2
  0
VERTEX
  8
0
 10
40.7913
 20
124.415
 30
0.0
 40
0.2
 41
0.2
  0
VERTEX
  8
0
 10
40.7871
 20
124.438
 30
0.0
 40
0.2
 41
0.2
  0
VERTEX
  8
0
 10
40.7638
 20
124.442
 30
0.0
 40
0.2
 41
0.2
  0
VERTEX
  8
0
 10
40.7501
 20
124.411
 30
0.0
 40
0.2
 41
0.2
  0
VERTEX
  8
0
 10
40.7501
 20
124.4
 30
0.0
 40
0.2
 41
0.2
  0
VERTEX
  8
0
 10
40.7501
 20
121.599
 30
0.0
 40
0.2
 41
0.2
  0
VERTEX
  8
0
 10
40.7501
 20
121.59
 30
0.0
 40
0.2
 41
0.2
  0
VERTEX
  8
0
 10
40.7638
 20
121.558
 30
0.0
 40
0.2
 41
0.2
  0
VERTEX
  8
0
 10
40.7871
 20
121.562
 30
0.0
 40
0.2
 41
0.2
  0
VERTEX
  8
0
 10
40.7913
 20
121.586
 30
0.0
 40
0.2
 41
0.2
  0
VERTEX
  8
0
 10
40.7596
 20
121.599
 30
0.0
 40
0.2
 41
0.2
  0
VERTEX
  8
0
 10
40.7501
 20
121.599
 30
0.0
 40
0.2
 41
0.2
  0
VERTEX
  8
0
 10
37.8492
 20
121.599
 30
0.0
 40
0.2
 41
0.2
  0
SEQEND
 8
0
  0
POLYLINE
  8
0
 62
     5
 66
     1
 10
0
 20
0
 30
0.0
 70
     1
 40
0.566929
 41
0.566929
  0
VERTEX
  8
0
 10
49.8507
 20
121.599
 30
0.0
 40
0.2
 41
0.2
  0
VERTEX
  8
0
 10
46.9498
 20
121.599
 30
0.0
 40
0.2
 41
0.2
  0
VERTEX
  8
0
 10
46.9388
 20
121.599
 30
0.0
 40
0.2
 41
0.2
  0
VERTEX
  8
0
 10
46.9071
 20
121.586
 30
0.0
 40
0.2
 41
0.2
  0
VERTEX
  8
0
 10
46.9124
 20
121.562
 30
0.0
 40
0.2
 41
0.2
  0
VERTEX
  8
0
 10
46.9346
 20
121.558
 30
0.0
 40
0.2
 41
0.2
  0
VERTEX
  8
0
 10
46.9498
 20
121.59
 30
0.0
 40
0.2
 41
0.2
  0
VERTEX
  8
0
 10
46.9498
 20
121.599
 30
0.0
 40
0.2
 41
0.2
  0
VERTEX
  8
0
 10
46.9498
 20
124.4
 30
0.0
 40
0.2
 41
0.2
  0
VERTEX
  8
0
 10
46.9498
 20
124.411
 30
0.0
 40
0.2
 41
0.2
  0
VERTEX
  8
0
 10
46.9346
 20
124.442
 30
0.0
 40
0.2
 41
0.2
  0
VERTEX
  8
0
 10
46.9124
 20
124.438
 30
0.0
 40
0.2
 41
0.2
  0
VERTEX
  8
0
 10
46.9071
 20
124.415
 30
0.0
 40
0.2
 41
0.2
  0
VERTEX
  8
0
 10
46.9388
 20
124.4
 30
0.0
 40
0.2
 41
0.2
  0
VERTEX
  8
0
 10
46.9498
 20
124.4
 30
0.0
 40
0.2
 41
0.2
  0
VERTEX
  8
0
 10
52.7498
 20
124.4
 30
0.0
 40
0.2
 41
0.2
  0
VERTEX
  8
0
 10
52.7597
 20
124.4
 30
0.0
 40
0.2
 41
0.2
  0
VERTEX
  8
0
 10
52.7914
 20
124.415
 30
0.0
 40
0.2
 41
0.2
  0
VERTEX
  8
0
 10
52.7872
 20
124.438
 30
0.0
 40
0.2
 41
0.2
  0
VERTEX
  8
0
 10
52.7636
 20
124.442
 30
0.0
 40
0.2
 41
0.2
  0
VERTEX
  8
0
 10
52.7498
 20
124.411
 30
0.0
 40
0.2
 41
0.2
  0
VERTEX
  8
0
 10
52.7498
 20
124.4
 30
0.0
 40
0.2
 41
0.2
  0
VERTEX
  8
0
 10
52.7498
 20
121.599
 30
0.0
 40
0.2
 41
0.2
  0
VERTEX
  8
0
 10
52.7498
 20
121.59
 30
0.0
 40
0.2
 41
0.2
  0
VERTEX
  8
0
 10
52.7636
 20
121.558
 30
0.0
 40
0.2
 41
0.2
  0
VERTEX
  8
0
 10
52.7872
 20
121.562
 30
0.0
 40
0.2
 41
0.2
  0
VERTEX
  8
0
 10
52.7914
 20
121.586
 30
0.0
 40
0.2
 41
0.2
  0
VERTEX
  8
0
 10
52.7597
 20
121.599
 30
0.0
 40
0.2
 41
0.2
  0
VERTEX
  8
0
 10
52.7498
 20
121.599
 30
0.0
 40
0.2
 41
0.2
  0
VERTEX
  8
0
 10
49.8507
 20
121.599
 30
0.0
 40
0.2
 41
0.2
  0
SEQEND
 8
0
  0
POLYLINE
  8
0
 62
     5
 66
     1
 10
0
 20
0
 30
0.0
 70
     1
 40
0.566929
 41
0.566929
  0
VERTEX
  8
0
 10
61.8504
 20
121.599
 30
0.0
 40
0.2
 41
0.2
  0
VERTEX
  8
0
 10
58.9499
 20
121.599
 30
0.0
 40
0.2
 41
0.2
  0
VERTEX
  8
0
 10
58.9386
 20
121.599
 30
0.0
 40
0.2
 41
0.2
  0
VERTEX
  8
0
 10
58.9068
 20
121.586
 30
0.0
 40
0.2
 41
0.2
  0
VERTEX
  8
0
 10
58.9125
 20
121.562
 30
0.0
 40
0.2
 41
0.2
  0
VERTEX
  8
0
 10
58.9347
 20
121.558
 30
0.0
 40
0.2
 41
0.2
  0
VERTEX
  8
0
 10
58.9499
 20
121.59
 30
0.0
 40
0.2
 41
0.2
  0
VERTEX
  8
0
 10
58.9499
 20
121.599
 30
0.0
 40
0.2
 41
0.2
  0
VERTEX
  8
0
 10
58.9499
 20
124.4
 30
0.0
 40
0.2
 41
0.2
  0
VERTEX
  8
0
 10
58.9499
 20
124.411
 30
0.0
 40
0.2
 41
0.2
  0
VERTEX
  8
0
 10
58.9347
 20
124.442
 30
0.0
 40
0.2
 41
0.2
  0
VERTEX
  8
0
 10
58.9125
 20
124.438
 30
0.0
 40
0.2
 41
0.2
  0
VERTEX
  8
0
 10
58.9068
 20
124.415
 30
0.0
 40
0.2
 41
0.2
  0
VERTEX
  8
0
 10
58.9386
 20
124.4
 30
0.0
 40
0.2
 41
0.2
  0
VERTEX
  8
0
 10
58.9499
 20
124.4
 30
0.0
 40
0.2
 41
0.2
  0
VERTEX
  8
0
 10
64.7499
 20
124.4
 30
0.0
 40
0.2
 41
0.2
  0
VERTEX
  8
0
 10
64.7594
 20
124.4
 30
0.0
 40
0.2
 41
0.2
  0
VERTEX
  8
0
 10
64.7912
 20
124.415
 30
0.0
 40
0.2
 41
0.2
  0
VERTEX
  8
0
 10
64.7869
 20
124.438
 30
0.0
 40
0.2
 41
0.2
  0
VERTEX
  8
0
 10
64.7637
 20
124.442
 30
0.0
 40
0.2
 41
0.2
  0
VERTEX
  8
0
 10
64.7499
 20
124.411
 30
0.0
 40
0.2
 41
0.2
  0
VERTEX
  8
0
 10
64.7499
 20
124.4
 30
0.0
 40
0.2
 41
0.2
  0
VERTEX
  8
0
 10
64.7499
 20
121.599
 30
0.0
 40
0.2
 41
0.2
  0
VERTEX
  8
0
 10
64.7499
 20
121.59
 30
0.0
 40
0.2
 41
0.2
  0
VERTEX
  8
0
 10
64.7637
 20
121.558
 30
0.0
 40
0.2
 41
0.2
  0
VERTEX
  8
0
 10
64.7869
 20
121.562
 30
0.0
 40
0.2
 41
0.2
  0
VERTEX
  8
0
 10
64.7912
 20
121.586
 30
0.0
 40
0.2
 41
0.2
  0
VERTEX
  8
0
 10
64.7594
 20
121.599
 30
0.0
 40
0.2
 41
0.2
  0
VERTEX
  8
0
 10
64.7499
 20
121.599
 30
0.0
 40
0.2
 41
0.2
  0
VERTEX
  8
0
 10
61.8504
 20
121.599
 30
0.0
 40
0.2
 41
0.2
  0
SEQEND
 8
0
  0
POLYLINE
  8
0
 62
     5
 66
     1
 10
0
 20
0
 30
0.0
 70
     1
 40
0.566929
 41
0.566929
  0
VERTEX
  8
0
 10
73.8505
 20
121.599
 30
0.0
 40
0.2
 41
0.2
  0
VERTEX
  8
0
 10
70.9496
 20
121.599
 30
0.0
 40
0.2
 41
0.2
  0
VERTEX
  8
0
 10
70.9387
 20
121.599
 30
0.0
 40
0.2
 41
0.2
  0
VERTEX
  8
0
 10
70.9069
 20
121.586
 30
0.0
 40
0.2
 41
0.2
  0
VERTEX
  8
0
 10
70.9126
 20
121.562
 30
0.0
 40
0.2
 41
0.2
  0
VERTEX
  8
0
 10
70.9344
 20
121.558
 30
0.0
 40
0.2
 41
0.2
  0
VERTEX
  8
0
 10
70.9496
 20
121.59
 30
0.0
 40
0.2
 41
0.2
  0
VERTEX
  8
0
 10
70.9496
 20
121.599
 30
0.0
 40
0.2
 41
0.2
  0
VERTEX
  8
0
 10
70.9496
 20
124.4
 30
0.0
 40
0.2
 41
0.2
  0
VERTEX
  8
0
 10
70.9496
 20
124.411
 30
0.0
 40
0.2
 41
0.2
  0
VERTEX
  8
0
 10
70.9344
 20
124.442
 30
0.0
 40
0.2
 41
0.2
  0
VERTEX
  8
0
 10
70.9126
 20
124.438
 30
0.0
 40
0.2
 41
0.2
  0
VERTEX
  8
0
 10
70.9069
 20
124.415
 30
0.0
 40
0.2
 41
0.2
  0
VERTEX
  8
0
 10
70.9387
 20
124.4
 30
0.0
 40
0.2
 41
0.2
  0
VERTEX
  8
0
 10
70.9496
 20
124.4
 30
0.0
 40
0.2
 41
0.2
  0
VERTEX
  8
0
 10
76.75
 20
124.4
 30
0.0
 40
0.2
 41
0.2
  0
VERTEX
  8
0
 10
76.7595
 20
124.4
 30
0.0
 40
0.2
 41
0.2
  0
VERTEX
  8
0
 10
76.7913
 20
124.415
 30
0.0
 40
0.2
 41
0.2
  0
VERTEX
  8
0
 10
76.787
 20
124.438
 30
0.0
 40
0.2
 41
0.2
  0
VERTEX
  8
0
 10
76.7637
 20
124.442
 30
0.0
 40
0.2
 41
0.2
  0
VERTEX
  8
0
 10
76.75
 20
124.411
 30
0.0
 40
0.2
 41
0.2
  0
VERTEX
  8
0
 10
76.75
 20
124.4
 30
0.0
 40
0.2
 41
0.2
  0
VERTEX
  8
0
 10
76.75
 20
121.599
 30
0.0
 40
0.2
 41
0.2
  0
VERTEX
  8
0
 10
76.75
 20
121.59
 30
0.0
 40
0.2
 41
0.2
  0
VERTEX
  8
0
 10
76.7637
 20
121.558
 30
0.0
 40
0.2
 41
0.2
  0
VERTEX
  8
0
 10
76.787
 20
121.562
 30
0.0
 40
0.2
 41
0.2
  0
VERTEX
  8
0
 10
76.7913
 20
121.586
 30
0.0
 40
0.2
 41
0.2
  0
VERTEX
  8
0
 10
76.7595
 20
121.599
 30
0.0
 40
0.2
 41
0.2
  0
VERTEX
  8
0
 10
76.75
 20
121.599
 30
0.0
 40
0.2
 41
0.2
  0
VERTEX
  8
0
 10
73.8505
 20
121.599
 30
0.0
 40
0.2
 41
0.2
  0
SEQEND
 8
0
  0
POLYLINE
  8
0
 62
     5
 66
     1
 10
0
 20
0
 30
0.0
 70
     1
 40
0.566929
 41
0.566929
  0
VERTEX
  8
0
 10
85.8502
 20
121.599
 30
0.0
 40
0.2
 41
0.2
  0
VERTEX
  8
0
 10
82.9497
 20
121.599
 30
0.0
 40
0.2
 41
0.2
  0
VERTEX
  8
0
 10
82.9388
 20
121.599
 30
0.0
 40
0.2
 41
0.2
  0
VERTEX
  8
0
 10
82.907
 20
121.586
 30
0.0
 40
0.2
 41
0.2
  0
VERTEX
  8
0
 10
82.9123
 20
121.562
 30
0.0
 40
0.2
 41
0.2
  0
VERTEX
  8
0
 10
82.9345
 20
121.558
 30
0.0
 40
0.2
 41
0.2
  0
VERTEX
  8
0
 10
82.9497
 20
121.59
 30
0.0
 40
0.2
 41
0.2
  0
VERTEX
  8
0
 10
82.9497
 20
121.599
 30
0.0
 40
0.2
 41
0.2
  0
VERTEX
  8
0
 10
82.9497
 20
124.4
 30
0.0
 40
0.2
 41
0.2
  0
VERTEX
  8
0
 10
82.9497
 20
124.411
 30
0.0
 40
0.2
 41
0.2
  0
VERTEX
  8
0
 10
82.9345
 20
124.442
 30
0.0
 40
0.2
 41
0.2
  0
VERTEX
  8
0
 10
82.9123
 20
124.438
 30
0.0
 40
0.2
 41
0.2
  0
VERTEX
  8
0
 10
82.907
 20
124.415
 30
0.0
 40
0.2
 41
0.2
  0
VERTEX
  8
0
 10
82.9388
 20
124.4
 30
0.0
 40
0.2
 41
0.2
  0
VERTEX
  8
0
 10
82.9497
 20
124.4
 30
0.0
 40
0.2
 41
0.2
  0
VERTEX
  8
0
 10
88.7497
 20
124.4
 30
0.0
 40
0.2
 41
0.2
  0
VERTEX
  8
0
 10
88.7596
 20
124.4
 30
0.0
 40
0.2
 41
0.2
  0
VERTEX
  8
0
 10
88.791
 20
124.415
 30
0.0
 40
0.2
 41
0.2
  0
VERTEX
  8
0
 10
88.7871
 20
124.438
 30
0.0
 40
0.2
 41
0.2
  0
VERTEX
  8
0
 10
88.7635
 20
124.442
 30
0.0
 40
0.2
 41
0.2
  0
VERTEX
  8
0
 10
88.7497
 20
124.411
 30
0.0
 40
0.2
 41
0.2
  0
VERTEX
  8
0
 10
88.7497
 20
124.4
 30
0.0
 40
0.2
 41
0.2
  0
VERTEX
  8
0
 10
88.7497
 20
121.599
 30
0.0
 40
0.2
 41
0.2
  0
VERTEX
  8
0
 10
88.7497
 20
121.59
 30
0.0
 40
0.2
 41
0.2
  0
VERTEX
  8
0
 10
88.7635
 20
121.558
 30
0.0
 40
0.2
 41
0.2
  0
VERTEX
  8
0
 10
88.7871
 20
121.562
 30
0.0
 40
0.2
 41
0.2
  0
VERTEX
  8
0
 10
88.791
 20
121.586
 30
0.0
 40
0.2
 41
0.2
  0
VERTEX
  8
0
 10
88.7596
 20
121.599
 30
0.0
 40
0.2
 41
0.2
  0
VERTEX
  8
0
 10
88.7497
 20
121.599
 30
0.0
 40
0.2
 41
0.2
  0
VERTEX
  8
0
 10
85.8502
 20
121.599
 30
0.0
 40
0.2
 41
0.2
  0
SEQEND
 8
0
  0
POLYLINE
  8
0
 62
     5
 66
     1
 10
0
 20
0
 30
0.0
 70
     1
 40
0.566929
 41
0.566929
  0
VERTEX
  8
0
 10
97.8503
 20
121.599
 30
0.0
 40
0.2
 41
0.2
  0
VERTEX
  8
0
 10
94.9494
 20
121.599
 30
0.0
 40
0.2
 41
0.2
  0
VERTEX
  8
0
 10
94.9385
 20
121.599
 30
0.0
 40
0.2
 41
0.2
  0
VERTEX
  8
0
 10
94.9068
 20
121.586
 30
0.0
 40
0.2
 41
0.2
  0
VERTEX
  8
0
 10
94.9124
 20
121.562
 30
0.0
 40
0.2
 41
0.2
  0
VERTEX
  8
0
 10
94.9343
 20
121.558
 30
0.0
 40
0.2
 41
0.2
  0
VERTEX
  8
0
 10
94.9494
 20
121.59
 30
0.0
 40
0.2
 41
0.2
  0
VERTEX
  8
0
 10
94.9494
 20
121.599
 30
0.0
 40
0.2
 41
0.2
  0
VERTEX
  8
0
 10
94.9494
 20
124.4
 30
0.0
 40
0.2
 41
0.2
  0
VERTEX
  8
0
 10
94.9494
 20
124.411
 30
0.0
 40
0.2
 41
0.2
  0
VERTEX
  8
0
 10
94.9343
 20
124.442
 30
0.0
 40
0.2
 41
0.2
  0
VERTEX
  8
0
 10
94.9124
 20
124.438
 30
0.0
 40
0.2
 41
0.2
  0
VERTEX
  8
0
 10
94.9068
 20
124.415
 30
0.0
 40
0.2
 41
0.2
  0
VERTEX
  8
0
 10
94.9385
 20
124.4
 30
0.0
 40
0.2
 41
0.2
  0
VERTEX
  8
0
 10
94.9494
 20
124.4
 30
0.0
 40
0.2
 41
0.2
  0
VERTEX
  8
0
 10
100.75
 20
124.4
 30
0.0
 40
0.2
 41
0.2
  0
VERTEX
  8
0
 10
100.759
 20
124.4
 30
0.0
 40
0.2
 41
0.2
  0
VERTEX
  8
0
 10
100.791
 20
124.415
 30
0.0
 40
0.2
 41
0.2
  0
VERTEX
  8
0
 10
100.787
 20
124.438
 30
0.0
 40
0.2
 41
0.2
  0
VERTEX
  8
0
 10
100.764
 20
124.442
 30
0.0
 40
0.2
 41
0.2
  0
VERTEX
  8
0
 10
100.75
 20
124.411
 30
0.0
 40
0.2
 41
0.2
  0
VERTEX
  8
0
 10
100.75
 20
124.4
 30
0.0
 40
0.2
 41
0.2
  0
VERTEX
  8
0
 10
100.75
 20
121.599
 30
0.0
 40
0.2
 41
0.2
  0
VERTEX
  8
0
 10
100.75
 20
121.59
 30
0.0
 40
0.2
 41
0.2
  0
VERTEX
  8
0
 10
100.764
 20
121.558
 30
0.0
 40
0.2
 41
0.2
  0
VERTEX
  8
0
 10
100.787
 20
121.562
 30
0.0
 40
0.2
 41
0.2
  0
VERTEX
  8
0
 10
100.791
 20
121.586
 30
0.0
 40
0.2
 41
0.2
  0
VERTEX
  8
0
 10
100.759
 20
121.599
 30
0.0
 40
0.2
 41
0.2
  0
VERTEX
  8
0
 10
100.75
 20
121.599
 30
0.0
 40
0.2
 41
0.2
  0
VERTEX
  8
0
 10
97.8503
 20
121.599
 30
0.0
 40
0.2
 41
0.2
  0
SEQEND
 8
0
  0
POLYLINE
  8
0
 62
     5
 66
     1
 10
0
 20
0
 30
0.0
 70
     1
 40
0.566929
 41
0.566929
  0
VERTEX
  8
0
 10
109.85
 20
121.599
 30
0.0
 40
0.2
 41
0.2
  0
VERTEX
  8
0
 10
106.95
 20
121.599
 30
0.0
 40
0.2
 41
0.2
  0
VERTEX
  8
0
 10
106.939
 20
121.599
 30
0.0
 40
0.2
 41
0.2
  0
VERTEX
  8
0
 10
106.907
 20
121.586
 30
0.0
 40
0.2
 41
0.2
  0
VERTEX
  8
0
 10
106.912
 20
121.562
 30
0.0
 40
0.2
 41
0.2
  0
VERTEX
  8
0
 10
106.934
 20
121.558
 30
0.0
 40
0.2
 41
0.2
  0
VERTEX
  8
0
 10
106.95
 20
121.59
 30
0.0
 40
0.2
 41
0.2
  0
VERTEX
  8
0
 10
106.95
 20
121.599
 30
0.0
 40
0.2
 41
0.2
  0
VERTEX
  8
0
 10
106.95
 20
124.4
 30
0.0
 40
0.2
 41
0.2
  0
VERTEX
  8
0
 10
106.95
 20
124.411
 30
0.0
 40
0.2
 41
0.2
  0
VERTEX
  8
0
 10
106.934
 20
124.442
 30
0.0
 40
0.2
 41
0.2
  0
VERTEX
  8
0
 10
106.912
 20
124.438
 30
0.0
 40
0.2
 41
0.2
  0
VERTEX
  8
0
 10
106.907
 20
124.415
 30
0.0
 40
0.2
 41
0.2
  0
VERTEX
  8
0
 10
106.939
 20
124.4
 30
0.0
 40
0.2
 41
0.2
  0
VERTEX
  8
0
 10
106.95
 20
124.4
 30
0.0
 40
0.2
 41
0.2
  0
VERTEX
  8
0
 10
112.75
 20
124.4
 30
0.0
 40
0.2
 41
0.2
  0
VERTEX
  8
0
 10
112.759
 20
124.4
 30
0.0
 40
0.2
 41
0.2
  0
VERTEX
  8
0
 10
112.791
 20
124.415
 30
0.0
 40
0.2
 41
0.2
  0
VERTEX
  8
0
 10
112.787
 20
124.438
 30
0.0
 40
0.2
 41
0.2
  0
VERTEX
  8
0
 10
112.764
 20
124.442
 30
0.0
 40
0.2
 41
0.2
  0
VERTEX
  8
0
 10
112.75
 20
124.411
 30
0.0
 40
0.2
 41
0.2
  0
VERTEX
  8
0
 10
112.75
 20
124.4
 30
0.0
 40
0.2
 41
0.2
  0
VERTEX
  8
0
 10
112.75
 20
121.599
 30
0.0
 40
0.2
 41
0.2
  0
VERTEX
  8
0
 10
112.75
 20
121.59
 30
0.0
 40
0.2
 41
0.2
  0
VERTEX
  8
0
 10
112.764
 20
121.558
 30
0.0
 40
0.2
 41
0.2
  0
VERTEX
  8
0
 10
112.787
 20
121.562
 30
0.0
 40
0.2
 41
0.2
  0
VERTEX
  8
0
 10
112.791
 20
121.586
 30
0.0
 40
0.2
 41
0.2
  0
VERTEX
  8
0
 10
112.759
 20
121.599
 30
0.0
 40
0.2
 41
0.2
  0
VERTEX
  8
0
 10
112.75
 20
121.599
 30
0.0
 40
0.2
 41
0.2
  0
VERTEX
  8
0
 10
109.85
 20
121.599
 30
0.0
 40
0.2
 41
0.2
  0
SEQEND
 8
0
  0
POLYLINE
  8
0
 62
     5
 66
     1
 10
0
 20
0
 30
0.0
 70
     1
 40
0.566929
 41
0.566929
  0
VERTEX
  8
0
 10
121.85
 20
121.599
 30
0.0
 40
0.2
 41
0.2
  0
VERTEX
  8
0
 10
118.95
 20
121.599
 30
0.0
 40
0.2
 41
0.2
  0
VERTEX
  8
0
 10
118.938
 20
121.599
 30
0.0
 40
0.2
 41
0.2
  0
VERTEX
  8
0
 10
118.907
 20
121.586
 30
0.0
 40
0.2
 41
0.2
  0
VERTEX
  8
0
 10
118.912
 20
121.562
 30
0.0
 40
0.2
 41
0.2
  0
VERTEX
  8
0
 10
118.934
 20
121.558
 30
0.0
 40
0.2
 41
0.2
  0
VERTEX
  8
0
 10
118.95
 20
121.59
 30
0.0
 40
0.2
 41
0.2
  0
VERTEX
  8
0
 10
118.95
 20
121.599
 30
0.0
 40
0.2
 41
0.2
  0
VERTEX
  8
0
 10
118.95
 20
124.4
 30
0.0
 40
0.2
 41
0.2
  0
VERTEX
  8
0
 10
118.95
 20
124.411
 30
0.0
 40
0.2
 41
0.2
  0
VERTEX
  8
0
 10
118.934
 20
124.442
 30
0.0
 40
0.2
 41
0.2
  0
VERTEX
  8
0
 10
118.912
 20
124.438
 30
0.0
 40
0.2
 41
0.2
  0
VERTEX
  8
0
 10
118.907
 20
124.415
 30
0.0
 40
0.2
 41
0.2
  0
VERTEX
  8
0
 10
118.938
 20
124.4
 30
0.0
 40
0.2
 41
0.2
  0
VERTEX
  8
0
 10
118.95
 20
124.4
 30
0.0
 40
0.2
 41
0.2
  0
VERTEX
  8
0
 10
124.75
 20
124.4
 30
0.0
 40
0.2
 41
0.2
  0
VERTEX
  8
0
 10
124.759
 20
124.4
 30
0.0
 40
0.2
 41
0.2
  0
VERTEX
  8
0
 10
124.791
 20
124.415
 30
0.0
 40
0.2
 41
0.2
  0
VERTEX
  8
0
 10
124.787
 20
124.438
 30
0.0
 40
0.2
 41
0.2
  0
VERTEX
  8
0
 10
124.763
 20
124.442
 30
0.0
 40
0.2
 41
0.2
  0
VERTEX
  8
0
 10
124.75
 20
124.411
 30
0.0
 40
0.2
 41
0.2
  0
VERTEX
  8
0
 10
124.75
 20
124.4
 30
0.0
 40
0.2
 41
0.2
  0
VERTEX
  8
0
 10
124.75
 20
121.599
 30
0.0
 40
0.2
 41
0.2
  0
VERTEX
  8
0
 10
124.75
 20
121.59
 30
0.0
 40
0.2
 41
0.2
  0
VERTEX
  8
0
 10
124.763
 20
121.558
 30
0.0
 40
0.2
 41
0.2
  0
VERTEX
  8
0
 10
124.787
 20
121.562
 30
0.0
 40
0.2
 41
0.2
  0
VERTEX
  8
0
 10
124.791
 20
121.586
 30
0.0
 40
0.2
 41
0.2
  0
VERTEX
  8
0
 10
124.759
 20
121.599
 30
0.0
 40
0.2
 41
0.2
  0
VERTEX
  8
0
 10
124.75
 20
121.599
 30
0.0
 40
0.2
 41
0.2
  0
VERTEX
  8
0
 10
121.85
 20
121.599
 30
0.0
 40
0.2
 41
0.2
  0
SEQEND
 8
0
  0
POLYLINE
  8
0
 62
     5
 66
     1
 10
0
 20
0
 30
0.0
 70
     1
 40
0.566929
 41
0.566929
  0
VERTEX
  8
0
 10
133.85
 20
121.599
 30
0.0
 40
0.2
 41
0.2
  0
VERTEX
  8
0
 10
130.949
 20
121.599
 30
0.0
 40
0.2
 41
0.2
  0
VERTEX
  8
0
 10
130.938
 20
121.599
 30
0.0
 40
0.2
 41
0.2
  0
VERTEX
  8
0
 10
130.907
 20
121.586
 30
0.0
 40
0.2
 41
0.2
  0
VERTEX
  8
0
 10
130.912
 20
121.562
 30
0.0
 40
0.2
 41
0.2
  0
VERTEX
  8
0
 10
130.934
 20
121.558
 30
0.0
 40
0.2
 41
0.2
  0
VERTEX
  8
0
 10
130.949
 20
121.59
 30
0.0
 40
0.2
 41
0.2
  0
VERTEX
  8
0
 10
130.949
 20
121.599
 30
0.0
 40
0.2
 41
0.2
  0
VERTEX
  8
0
 10
130.949
 20
124.4
 30
0.0
 40
0.2
 41
0.2
  0
VERTEX
  8
0
 10
130.949
 20
124.411
 30
0.0
 40
0.2
 41
0.2
  0
VERTEX
  8
0
 10
130.934
 20
124.442
 30
0.0
 40
0.2
 41
0.2
  0
VERTEX
  8
0
 10
130.912
 20
124.438
 30
0.0
 40
0.2
 41
0.2
  0
VERTEX
  8
0
 10
130.907
 20
124.415
 30
0.0
 40
0.2
 41
0.2
  0
VERTEX
  8
0
 10
130.938
 20
124.4
 30
0.0
 40
0.2
 41
0.2
  0
VERTEX
  8
0
 10
130.949
 20
124.4
 30
0.0
 40
0.2
 41
0.2
  0
VERTEX
  8
0
 10
136.75
 20
124.4
 30
0.0
 40
0.2
 41
0.2
  0
VERTEX
  8
0
 10
136.759
 20
124.4
 30
0.0
 40
0.2
 41
0.2
  0
VERTEX
  8
0
 10
136.791
 20
124.415
 30
0.0
 40
0.2
 41
0.2
  0
VERTEX
  8
0
 10
136.787
 20
124.438
 30
0.0
 40
0.2
 41
0.2
  0
VERTEX
  8
0
 10
136.763
 20
124.442
 30
0.0
 40
0.2
 41
0.2
  0
VERTEX
  8
0
 10
136.75
 20
124.411
 30
0.0
 40
0.2
 41
0.2
  0
VERTEX
  8
0
 10
136.75
 20
124.4
 30
0.0
 40
0.2
 41
0.2
  0
VERTEX
  8
0
 10
136.75
 20
121.599
 30
0.0
 40
0.2
 41
0.2
  0
VERTEX
  8
0
 10
136.75
 20
121.59
 30
0.0
 40
0.2
 41
0.2
  0
VERTEX
  8
0
 10
136.763
 20
121.558
 30
0.0
 40
0.2
 41
0.2
  0
VERTEX
  8
0
 10
136.787
 20
121.562
 30
0.0
 40
0.2
 41
0.2
  0
VERTEX
  8
0
 10
136.791
 20
121.586
 30
0.0
 40
0.2
 41
0.2
  0
VERTEX
  8
0
 10
136.759
 20
121.599
 30
0.0
 40
0.2
 41
0.2
  0
VERTEX
  8
0
 10
136.75
 20
121.599
 30
0.0
 40
0.2
 41
0.2
  0
VERTEX
  8
0
 10
133.85
 20
121.599
 30
0.0
 40
0.2
 41
0.2
  0
SEQEND
 8
0
  0
POLYLINE
  8
0
 62
     5
 66
     1
 10
0
 20
0
 30
0.0
 70
     1
 40
0.566929
 41
0.566929
  0
VERTEX
  8
0
 10
145.85
 20
121.599
 30
0.0
 40
0.2
 41
0.2
  0
VERTEX
  8
0
 10
142.951
 20
121.599
 30
0.0
 40
0.2
 41
0.2
  0
VERTEX
  8
0
 10
142.94
 20
121.599
 30
0.0
 40
0.2
 41
0.2
  0
VERTEX
  8
0
 10
142.908
 20
121.586
 30
0.0
 40
0.2
 41
0.2
  0
VERTEX
  8
0
 10
142.912
 20
121.562
 30
0.0
 40
0.2
 41
0.2
  0
VERTEX
  8
0
 10
142.936
 20
121.558
 30
0.0
 40
0.2
 41
0.2
  0
VERTEX
  8
0
 10
142.951
 20
121.59
 30
0.0
 40
0.2
 41
0.2
  0
VERTEX
  8
0
 10
142.951
 20
121.599
 30
0.0
 40
0.2
 41
0.2
  0
VERTEX
  8
0
 10
142.951
 20
124.4
 30
0.0
 40
0.2
 41
0.2
  0
VERTEX
  8
0
 10
142.951
 20
124.411
 30
0.0
 40
0.2
 41
0.2
  0
VERTEX
  8
0
 10
142.936
 20
124.442
 30
0.0
 40
0.2
 41
0.2
  0
VERTEX
  8
0
 10
142.912
 20
124.438
 30
0.0
 40
0.2
 41
0.2
  0
VERTEX
  8
0
 10
142.908
 20
124.415
 30
0.0
 40
0.2
 41
0.2
  0
VERTEX
  8
0
 10
142.94
 20
124.4
 30
0.0
 40
0.2
 41
0.2
  0
VERTEX
  8
0
 10
142.951
 20
124.4
 30
0.0
 40
0.2
 41
0.2
  0
VERTEX
  8
0
 10
148.749
 20
124.4
 30
0.0
 40
0.2
 41
0.2
  0
VERTEX
  8
0
 10
148.759
 20
124.4
 30
0.0
 40
0.2
 41
0.2
  0
VERTEX
  8
0
 10
148.791
 20
124.415
 30
0.0
 40
0.2
 41
0.2
  0
VERTEX
  8
0
 10
148.787
 20
124.438
 30
0.0
 40
0.2
 41
0.2
  0
VERTEX
  8
0
 10
148.763
 20
124.442
 30
0.0
 40
0.2
 41
0.2
  0
VERTEX
  8
0
 10
148.749
 20
124.411
 30
0.0
 40
0.2
 41
0.2
  0
VERTEX
  8
0
 10
148.749
 20
124.4
 30
0.0
 40
0.2
 41
0.2
  0
VERTEX
  8
0
 10
148.749
 20
121.599
 30
0.0
 40
0.2
 41
0.2
  0
VERTEX
  8
0
 10
148.749
 20
121.59
 30
0.0
 40
0.2
 41
0.2
  0
VERTEX
  8
0
 10
148.763
 20
121.558
 30
0.0
 40
0.2
 41
0.2
  0
VERTEX
  8
0
 10
148.787
 20
121.562
 30
0.0
 40
0.2
 41
0.2
  0
VERTEX
  8
0
 10
148.791
 20
121.586
 30
0.0
 40
0.2
 41
0.2
  0
VERTEX
  8
0
 10
148.759
 20
121.599
 30
0.0
 40
0.2
 41
0.2
  0
VERTEX
  8
0
 10
148.749
 20
121.599
 30
0.0
 40
0.2
 41
0.2
  0
VERTEX
  8
0
 10
145.85
 20
121.599
 30
0.0
 40
0.2
 41
0.2
  0
SEQEND
 8
0
  0
POLYLINE
  8
0
 62
     5
 66
     1
 10
0
 20
0
 30
0.0
 70
     1
 40
0.566929
 41
0.566929
  0
VERTEX
  8
0
 10
157.85
 20
121.599
 30
0.0
 40
0.2
 41
0.2
  0
VERTEX
  8
0
 10
154.95
 20
121.599
 30
0.0
 40
0.2
 41
0.2
  0
VERTEX
  8
0
 10
154.938
 20
121.599
 30
0.0
 40
0.2
 41
0.2
  0
VERTEX
  8
0
 10
154.906
 20
121.586
 30
0.0
 40
0.2
 41
0.2
  0
VERTEX
  8
0
 10
154.912
 20
121.562
 30
0.0
 40
0.2
 41
0.2
  0
VERTEX
  8
0
 10
154.934
 20
121.558
 30
0.0
 40
0.2
 41
0.2
  0
VERTEX
  8
0
 10
154.95
 20
121.59
 30
0.0
 40
0.2
 41
0.2
  0
VERTEX
  8
0
 10
154.95
 20
121.599
 30
0.0
 40
0.2
 41
0.2
  0
VERTEX
  8
0
 10
154.95
 20
124.4
 30
0.0
 40
0.2
 41
0.2
  0
VERTEX
  8
0
 10
154.95
 20
124.411
 30
0.0
 40
0.2
 41
0.2
  0
VERTEX
  8
0
 10
154.934
 20
124.442
 30
0.0
 40
0.2
 41
0.2
  0
VERTEX
  8
0
 10
154.912
 20
124.438
 30
0.0
 40
0.2
 41
0.2
  0
VERTEX
  8
0
 10
154.906
 20
124.415
 30
0.0
 40
0.2
 41
0.2
  0
VERTEX
  8
0
 10
154.938
 20
124.4
 30
0.0
 40
0.2
 41
0.2
  0
VERTEX
  8
0
 10
154.95
 20
124.4
 30
0.0
 40
0.2
 41
0.2
  0
VERTEX
  8
0
 10
160.75
 20
124.4
 30
0.0
 40
0.2
 41
0.2
  0
VERTEX
  8
0
 10
160.759
 20
124.4
 30
0.0
 40
0.2
 41
0.2
  0
VERTEX
  8
0
 10
160.791
 20
124.415
 30
0.0
 40
0.2
 41
0.2
  0
VERTEX
  8
0
 10
160.787
 20
124.438
 30
0.0
 40
0.2
 41
0.2
  0
VERTEX
  8
0
 10
160.763
 20
124.442
 30
0.0
 40
0.2
 41
0.2
  0
VERTEX
  8
0
 10
160.75
 20
124.411
 30
0.0
 40
0.2
 41
0.2
  0
VERTEX
  8
0
 10
160.75
 20
124.4
 30
0.0
 40
0.2
 41
0.2
  0
VERTEX
  8
0
 10
160.75
 20
121.599
 30
0.0
 40
0.2
 41
0.2
  0
VERTEX
  8
0
 10
160.75
 20
121.59
 30
0.0
 40
0.2
 41
0.2
  0
VERTEX
  8
0
 10
160.763
 20
121.558
 30
0.0
 40
0.2
 41
0.2
  0
VERTEX
  8
0
 10
160.787
 20
121.562
 30
0.0
 40
0.2
 41
0.2
  0
VERTEX
  8
0
 10
160.791
 20
121.586
 30
0.0
 40
0.2
 41
0.2
  0
VERTEX
  8
0
 10
160.759
 20
121.599
 30
0.0
 40
0.2
 41
0.2
  0
VERTEX
  8
0
 10
160.75
 20
121.599
 30
0.0
 40
0.2
 41
0.2
  0
VERTEX
  8
0
 10
157.85
 20
121.599
 30
0.0
 40
0.2
 41
0.2
  0
SEQEND
 8
0
  0
POLYLINE
  8
0
 62
     5
 66
     1
 10
0
 20
0
 30
0.0
 70
     1
 40
0.566929
 41
0.566929
  0
VERTEX
  8
0
 10
169.85
 20
121.599
 30
0.0
 40
0.2
 41
0.2
  0
VERTEX
  8
0
 10
166.949
 20
121.599
 30
0.0
 40
0.2
 41
0.2
  0
VERTEX
  8
0
 10
166.938
 20
121.599
 30
0.0
 40
0.2
 41
0.2
  0
VERTEX
  8
0
 10
166.907
 20
121.586
 30
0.0
 40
0.2
 41
0.2
  0
VERTEX
  8
0
 10
166.912
 20
121.562
 30
0.0
 40
0.2
 41
0.2
  0
VERTEX
  8
0
 10
166.934
 20
121.558
 30
0.0
 40
0.2
 41
0.2
  0
VERTEX
  8
0
 10
166.949
 20
121.59
 30
0.0
 40
0.2
 41
0.2
  0
VERTEX
  8
0
 10
166.949
 20
121.599
 30
0.0
 40
0.2
 41
0.2
  0
VERTEX
  8
0
 10
166.949
 20
124.4
 30
0.0
 40
0.2
 41
0.2
  0
VERTEX
  8
0
 10
166.949
 20
124.411
 30
0.0
 40
0.2
 41
0.2
  0
VERTEX
  8
0
 10
166.934
 20
124.442
 30
0.0
 40
0.2
 41
0.2
  0
VERTEX
  8
0
 10
166.912
 20
124.438
 30
0.0
 40
0.2
 41
0.2
  0
VERTEX
  8
0
 10
166.907
 20
124.415
 30
0.0
 40
0.2
 41
0.2
  0
VERTEX
  8
0
 10
166.938
 20
124.4
 30
0.0
 40
0.2
 41
0.2
  0
VERTEX
  8
0
 10
166.949
 20
124.4
 30
0.0
 40
0.2
 41
0.2
  0
VERTEX
  8
0
 10
172.75
 20
124.4
 30
0.0
 40
0.2
 41
0.2
  0
VERTEX
  8
0
 10
172.759
 20
124.4
 30
0.0
 40
0.2
 41
0.2
  0
VERTEX
  8
0
 10
172.791
 20
124.415
 30
0.0
 40
0.2
 41
0.2
  0
VERTEX
  8
0
 10
172.787
 20
124.438
 30
0.0
 40
0.2
 41
0.2
  0
VERTEX
  8
0
 10
172.763
 20
124.442
 30
0.0
 40
0.2
 41
0.2
  0
VERTEX
  8
0
 10
172.75
 20
124.411
 30
0.0
 40
0.2
 41
0.2
  0
VERTEX
  8
0
 10
172.75
 20
124.4
 30
0.0
 40
0.2
 41
0.2
  0
VERTEX
  8
0
 10
172.75
 20
121.599
 30
0.0
 40
0.2
 41
0.2
  0
VERTEX
  8
0
 10
172.75
 20
121.59
 30
0.0
 40
0.2
 41
0.2
  0
VERTEX
  8
0
 10
172.763
 20
121.558
 30
0.0
 40
0.2
 41
0.2
  0
VERTEX
  8
0
 10
172.787
 20
121.562
 30
0.0
 40
0.2
 41
0.2
  0
VERTEX
  8
0
 10
172.791
 20
121.586
 30
0.0
 40
0.2
 41
0.2
  0
VERTEX
  8
0
 10
172.759
 20
121.599
 30
0.0
 40
0.2
 41
0.2
  0
VERTEX
  8
0
 10
172.75
 20
121.599
 30
0.0
 40
0.2
 41
0.2
  0
VERTEX
  8
0
 10
169.85
 20
121.599
 30
0.0
 40
0.2
 41
0.2
  0
SEQEND
 8
0
  0
POLYLINE
  8
0
 62
     5
 66
     1
 10
0
 20
0
 30
0.0
 70
     1
 40
0.566929
 41
0.566929
  0
VERTEX
  8
0
 10
181.85
 20
121.599
 30
0.0
 40
0.2
 41
0.2
  0
VERTEX
  8
0
 10
178.951
 20
121.599
 30
0.0
 40
0.2
 41
0.2
  0
VERTEX
  8
0
 10
178.939
 20
121.599
 30
0.0
 40
0.2
 41
0.2
  0
VERTEX
  8
0
 10
178.908
 20
121.586
 30
0.0
 40
0.2
 41
0.2
  0
VERTEX
  8
0
 10
178.912
 20
121.562
 30
0.0
 40
0.2
 41
0.2
  0
VERTEX
  8
0
 10
178.936
 20
121.558
 30
0.0
 40
0.2
 41
0.2
  0
VERTEX
  8
0
 10
178.951
 20
121.59
 30
0.0
 40
0.2
 41
0.2
  0
VERTEX
  8
0
 10
178.951
 20
121.599
 30
0.0
 40
0.2
 41
0.2
  0
VERTEX
  8
0
 10
178.951
 20
124.4
 30
0.0
 40
0.2
 41
0.2
  0
VERTEX
  8
0
 10
178.951
 20
124.411
 30
0.0
 40
0.2
 41
0.2
  0
VERTEX
  8
0
 10
178.936
 20
124.442
 30
0.0
 40
0.2
 41
0.2
  0
VERTEX
  8
0
 10
178.912
 20
124.438
 30
0.0
 40
0.2
 41
0.2
  0
VERTEX
  8
0
 10
178.908
 20
124.415
 30
0.0
 40
0.2
 41
0.2
  0
VERTEX
  8
0
 10
178.939
 20
124.4
 30
0.0
 40
0.2
 41
0.2
  0
VERTEX
  8
0
 10
178.951
 20
124.4
 30
0.0
 40
0.2
 41
0.2
  0
VERTEX
  8
0
 10
184.749
 20
124.4
 30
0.0
 40
0.2
 41
0.2
  0
VERTEX
  8
0
 10
184.759
 20
124.4
 30
0.0
 40
0.2
 41
0.2
  0
VERTEX
  8
0
 10
184.791
 20
124.415
 30
0.0
 40
0.2
 41
0.2
  0
VERTEX
  8
0
 10
184.787
 20
124.438
 30
0.0
 40
0.2
 41
0.2
  0
VERTEX
  8
0
 10
184.763
 20
124.442
 30
0.0
 40
0.2
 41
0.2
  0
VERTEX
  8
0
 10
184.749
 20
124.411
 30
0.0
 40
0.2
 41
0.2
  0
VERTEX
  8
0
 10
184.749
 20
124.4
 30
0.0
 40
0.2
 41
0.2
  0
VERTEX
  8
0
 10
184.749
 20
121.599
 30
0.0
 40
0.2
 41
0.2
  0
VERTEX
  8
0
 10
184.749
 20
121.59
 30
0.0
 40
0.2
 41
0.2
  0
VERTEX
  8
0
 10
184.763
 20
121.558
 30
0.0
 40
0.2
 41
0.2
  0
VERTEX
  8
0
 10
184.787
 20
121.562
 30
0.0
 40
0.2
 41
0.2
  0
VERTEX
  8
0
 10
184.791
 20
121.586
 30
0.0
 40
0.2
 41
0.2
  0
VERTEX
  8
0
 10
184.759
 20
121.599
 30
0.0
 40
0.2
 41
0.2
  0
VERTEX
  8
0
 10
184.749
 20
121.599
 30
0.0
 40
0.2
 41
0.2
  0
VERTEX
  8
0
 10
181.85
 20
121.599
 30
0.0
 40
0.2
 41
0.2
  0
SEQEND
 8
0
  0
POLYLINE
  8
0
 62
     5
 66
     1
 10
0
 20
0
 30
0.0
 70
     1
 40
0.566929
 41
0.566929
  0
VERTEX
  8
0
 10
193.85
 20
121.599
 30
0.0
 40
0.2
 41
0.2
  0
VERTEX
  8
0
 10
190.95
 20
121.599
 30
0.0
 40
0.2
 41
0.2
  0
VERTEX
  8
0
 10
190.94
 20
121.599
 30
0.0
 40
0.2
 41
0.2
  0
VERTEX
  8
0
 10
190.908
 20
121.586
 30
0.0
 40
0.2
 41
0.2
  0
VERTEX
  8
0
 10
190.912
 20
121.562
 30
0.0
 40
0.2
 41
0.2
  0
VERTEX
  8
0
 10
190.935
 20
121.558
 30
0.0
 40
0.2
 41
0.2
  0
VERTEX
  8
0
 10
190.95
 20
121.59
 30
0.0
 40
0.2
 41
0.2
  0
VERTEX
  8
0
 10
190.95
 20
121.599
 30
0.0
 40
0.2
 41
0.2
  0
VERTEX
  8
0
 10
190.95
 20
124.4
 30
0.0
 40
0.2
 41
0.2
  0
VERTEX
  8
0
 10
190.95
 20
124.411
 30
0.0
 40
0.2
 41
0.2
  0
VERTEX
  8
0
 10
190.935
 20
124.442
 30
0.0
 40
0.2
 41
0.2
  0
VERTEX
  8
0
 10
190.912
 20
124.438
 30
0.0
 40
0.2
 41
0.2
  0
VERTEX
  8
0
 10
190.908
 20
124.415
 30
0.0
 40
0.2
 41
0.2
  0
VERTEX
  8
0
 10
190.94
 20
124.4
 30
0.0
 40
0.2
 41
0.2
  0
VERTEX
  8
0
 10
190.95
 20
124.4
 30
0.0
 40
0.2
 41
0.2
  0
VERTEX
  8
0
 10
196.751
 20
124.4
 30
0.0
 40
0.2
 41
0.2
  0
VERTEX
  8
0
 10
196.76
 20
124.4
 30
0.0
 40
0.2
 41
0.2
  0
VERTEX
  8
0
 10
196.792
 20
124.415
 30
0.0
 40
0.2
 41
0.2
  0
VERTEX
  8
0
 10
196.788
 20
124.438
 30
0.0
 40
0.2
 41
0.2
  0
VERTEX
  8
0
 10
196.765
 20
124.442
 30
0.0
 40
0.2
 41
0.2
  0
VERTEX
  8
0
 10
196.751
 20
124.411
 30
0.0
 40
0.2
 41
0.2
  0
VERTEX
  8
0
 10
196.751
 20
124.4
 30
0.0
 40
0.2
 41
0.2
  0
VERTEX
  8
0
 10
196.751
 20
121.599
 30
0.0
 40
0.2
 41
0.2
  0
VERTEX
  8
0
 10
196.751
 20
121.59
 30
0.0
 40
0.2
 41
0.2
  0
VERTEX
  8
0
 10
196.765
 20
121.558
 30
0.0
 40
0.2
 41
0.2
  0
VERTEX
  8
0
 10
196.788
 20
121.562
 30
0.0
 40
0.2
 41
0.2
  0
VERTEX
  8
0
 10
196.792
 20
121.586
 30
0.0
 40
0.2
 41
0.2
  0
VERTEX
  8
0
 10
196.76
 20
121.599
 30
0.0
 40
0.2
 41
0.2
  0
VERTEX
  8
0
 10
196.751
 20
121.599
 30
0.0
 40
0.2
 41
0.2
  0
VERTEX
  8
0
 10
193.85
 20
121.599
 30
0.0
 40
0.2
 41
0.2
  0
SEQEND
 8
0
  0
POLYLINE
  8
0
 62
     5
 66
     1
 10
0
 20
0
 30
0.0
 70
     1
 40
0.566929
 41
0.566929
  0
VERTEX
  8
0
 10
205.85
 20
121.599
 30
0.0
 40
0.2
 41
0.2
  0
VERTEX
  8
0
 10
202.951
 20
121.599
 30
0.0
 40
0.2
 41
0.2
  0
VERTEX
  8
0
 10
202.94
 20
121.599
 30
0.0
 40
0.2
 41
0.2
  0
VERTEX
  8
0
 10
202.908
 20
121.586
 30
0.0
 40
0.2
 41
0.2
  0
VERTEX
  8
0
 10
202.912
 20
121.562
 30
0.0
 40
0.2
 41
0.2
  0
VERTEX
  8
0
 10
202.935
 20
121.558
 30
0.0
 40
0.2
 41
0.2
  0
VERTEX
  8
0
 10
202.951
 20
121.59
 30
0.0
 40
0.2
 41
0.2
  0
VERTEX
  8
0
 10
202.951
 20
121.599
 30
0.0
 40
0.2
 41
0.2
  0
VERTEX
  8
0
 10
202.951
 20
124.4
 30
0.0
 40
0.2
 41
0.2
  0
VERTEX
  8
0
 10
202.951
 20
124.411
 30
0.0
 40
0.2
 41
0.2
  0
VERTEX
  8
0
 10
202.935
 20
124.442
 30
0.0
 40
0.2
 41
0.2
  0
VERTEX
  8
0
 10
202.912
 20
124.438
 30
0.0
 40
0.2
 41
0.2
  0
VERTEX
  8
0
 10
202.908
 20
124.415
 30
0.0
 40
0.2
 41
0.2
  0
VERTEX
  8
0
 10
202.94
 20
124.4
 30
0.0
 40
0.2
 41
0.2
  0
VERTEX
  8
0
 10
202.951
 20
124.4
 30
0.0
 40
0.2
 41
0.2
  0
VERTEX
  8
0
 10
208.749
 20
124.4
 30
0.0
 40
0.2
 41
0.2
  0
VERTEX
  8
0
 10
208.759
 20
124.4
 30
0.0
 40
0.2
 41
0.2
  0
VERTEX
  8
0
 10
208.791
 20
124.415
 30
0.0
 40
0.2
 41
0.2
  0
VERTEX
  8
0
 10
208.787
 20
124.438
 30
0.0
 40
0.2
 41
0.2
  0
VERTEX
  8
0
 10
208.763
 20
124.442
 30
0.0
 40
0.2
 41
0.2
  0
VERTEX
  8
0
 10
208.749
 20
124.411
 30
0.0
 40
0.2
 41
0.2
  0
VERTEX
  8
0
 10
208.749
 20
124.4
 30
0.0
 40
0.2
 41
0.2
  0
VERTEX
  8
0
 10
208.749
 20
121.599
 30
0.0
 40
0.2
 41
0.2
  0
VERTEX
  8
0
 10
208.749
 20
121.59
 30
0.0
 40
0.2
 41
0.2
  0
VERTEX
  8
0
 10
208.763
 20
121.558
 30
0.0
 40
0.2
 41
0.2
  0
VERTEX
  8
0
 10
208.787
 20
121.562
 30
0.0
 40
0.2
 41
0.2
  0
VERTEX
  8
0
 10
208.791
 20
121.586
 30
0.0
 40
0.2
 41
0.2
  0
VERTEX
  8
0
 10
208.759
 20
121.599
 30
0.0
 40
0.2
 41
0.2
  0
VERTEX
  8
0
 10
208.749
 20
121.599
 30
0.0
 40
0.2
 41
0.2
  0
VERTEX
  8
0
 10
205.85
 20
121.599
 30
0.0
 40
0.2
 41
0.2
  0
SEQEND
 8
0
  0
POLYLINE
  8
0
 62
     5
 66
     1
 10
0
 20
0
 30
0.0
 70
     1
 40
0.566929
 41
0.566929
  0
VERTEX
  8
0
 10
217.85
 20
121.599
 30
0.0
 40
0.2
 41
0.2
  0
VERTEX
  8
0
 10
214.951
 20
121.599
 30
0.0
 40
0.2
 41
0.2
  0
VERTEX
  8
0
 10
214.939
 20
121.599
 30
0.0
 40
0.2
 41
0.2
  0
VERTEX
  8
0
 10
214.908
 20
121.586
 30
0.0
 40
0.2
 41
0.2
  0
VERTEX
  8
0
 10
214.912
 20
121.562
 30
0.0
 40
0.2
 41
0.2
  0
VERTEX
  8
0
 10
214.936
 20
121.558
 30
0.0
 40
0.2
 41
0.2
  0
VERTEX
  8
0
 10
214.951
 20
121.59
 30
0.0
 40
0.2
 41
0.2
  0
VERTEX
  8
0
 10
214.951
 20
121.599
 30
0.0
 40
0.2
 41
0.2
  0
VERTEX
  8
0
 10
214.951
 20
124.4
 30
0.0
 40
0.2
 41
0.2
  0
VERTEX
  8
0
 10
214.951
 20
124.411
 30
0.0
 40
0.2
 41
0.2
  0
VERTEX
  8
0
 10
214.936
 20
124.442
 30
0.0
 40
0.2
 41
0.2
  0
VERTEX
  8
0
 10
214.912
 20
124.438
 30
0.0
 40
0.2
 41
0.2
  0
VERTEX
  8
0
 10
214.908
 20
124.415
 30
0.0
 40
0.2
 41
0.2
  0
VERTEX
  8
0
 10
214.939
 20
124.4
 30
0.0
 40
0.2
 41
0.2
  0
VERTEX
  8
0
 10
214.951
 20
124.4
 30
0.0
 40
0.2
 41
0.2
  0
VERTEX
  8
0
 10
220.749
 20
124.4
 30
0.0
 40
0.2
 41
0.2
  0
VERTEX
  8
0
 10
220.759
 20
124.4
 30
0.0
 40
0.2
 41
0.2
  0
VERTEX
  8
0
 10
220.791
 20
124.415
 30
0.0
 40
0.2
 41
0.2
  0
VERTEX
  8
0
 10
220.787
 20
124.438
 30
0.0
 40
0.2
 41
0.2
  0
VERTEX
  8
0
 10
220.763
 20
124.442
 30
0.0
 40
0.2
 41
0.2
  0
VERTEX
  8
0
 10
220.749
 20
124.411
 30
0.0
 40
0.2
 41
0.2
  0
VERTEX
  8
0
 10
220.749
 20
124.4
 30
0.0
 40
0.2
 41
0.2
  0
VERTEX
  8
0
 10
220.749
 20
121.599
 30
0.0
 40
0.2
 41
0.2
  0
VERTEX
  8
0
 10
220.749
 20
121.59
 30
0.0
 40
0.2
 41
0.2
  0
VERTEX
  8
0
 10
220.763
 20
121.558
 30
0.0
 40
0.2
 41
0.2
  0
VERTEX
  8
0
 10
220.787
 20
121.562
 30
0.0
 40
0.2
 41
0.2
  0
VERTEX
  8
0
 10
220.791
 20
121.586
 30
0.0
 40
0.2
 41
0.2
  0
VERTEX
  8
0
 10
220.759
 20
121.599
 30
0.0
 40
0.2
 41
0.2
  0
VERTEX
  8
0
 10
220.749
 20
121.599
 30
0.0
 40
0.2
 41
0.2
  0
VERTEX
  8
0
 10
217.85
 20
121.599
 30
0.0
 40
0.2
 41
0.2
  0
SEQEND
 8
0
  0
POLYLINE
  8
0
 62
     5
 66
     1
 10
0
 20
0
 30
0.0
 70
     1
 40
0.566929
 41
0.566929
  0
VERTEX
  8
0
 10
229.85
 20
121.599
 30
0.0
 40
0.2
 41
0.2
  0
VERTEX
  8
0
 10
226.95
 20
121.599
 30
0.0
 40
0.2
 41
0.2
  0
VERTEX
  8
0
 10
226.939
 20
121.599
 30
0.0
 40
0.2
 41
0.2
  0
VERTEX
  8
0
 10
226.908
 20
121.586
 30
0.0
 40
0.2
 41
0.2
  0
VERTEX
  8
0
 10
226.912
 20
121.562
 30
0.0
 40
0.2
 41
0.2
  0
VERTEX
  8
0
 10
226.935
 20
121.558
 30
0.0
 40
0.2
 41
0.2
  0
VERTEX
  8
0
 10
226.95
 20
121.59
 30
0.0
 40
0.2
 41
0.2
  0
VERTEX
  8
0
 10
226.95
 20
121.599
 30
0.0
 40
0.2
 41
0.2
  0
VERTEX
  8
0
 10
226.95
 20
124.4
 30
0.0
 40
0.2
 41
0.2
  0
VERTEX
  8
0
 10
226.95
 20
124.411
 30
0.0
 40
0.2
 41
0.2
  0
VERTEX
  8
0
 10
226.935
 20
124.442
 30
0.0
 40
0.2
 41
0.2
  0
VERTEX
  8
0
 10
226.912
 20
124.438
 30
0.0
 40
0.2
 41
0.2
  0
VERTEX
  8
0
 10
226.908
 20
124.415
 30
0.0
 40
0.2
 41
0.2
  0
VERTEX
  8
0
 10
226.939
 20
124.4
 30
0.0
 40
0.2
 41
0.2
  0
VERTEX
  8
0
 10
226.95
 20
124.4
 30
0.0
 40
0.2
 41
0.2
  0
VERTEX
  8
0
 10
232.751
 20
124.4
 30
0.0
 40
0.2
 41
0.2
  0
VERTEX
  8
0
 10
232.76
 20
124.4
 30
0.0
 40
0.2
 41
0.2
  0
VERTEX
  8
0
 10
232.792
 20
124.415
 30
0.0
 40
0.2
 41
0.2
  0
VERTEX
  8
0
 10
232.788
 20
124.438
 30
0.0
 40
0.2
 41
0.2
  0
VERTEX
  8
0
 10
232.765
 20
124.442
 30
0.0
 40
0.2
 41
0.2
  0
VERTEX
  8
0
 10
232.751
 20
124.411
 30
0.0
 40
0.2
 41
0.2
  0
VERTEX
  8
0
 10
232.751
 20
124.4
 30
0.0
 40
0.2
 41
0.2
  0
VERTEX
  8
0
 10
232.751
 20
121.599
 30
0.0
 40
0.2
 41
0.2
  0
VERTEX
  8
0
 10
232.751
 20
121.59
 30
0.0
 40
0.2
 41
0.2
  0
VERTEX
  8
0
 10
232.765
 20
121.558
 30
0.0
 40
0.2
 41
0.2
  0
VERTEX
  8
0
 10
232.788
 20
121.562
 30
0.0
 40
0.2
 41
0.2
  0
VERTEX
  8
0
 10
232.792
 20
121.586
 30
0.0
 40
0.2
 41
0.2
  0
VERTEX
  8
0
 10
232.76
 20
121.599
 30
0.0
 40
0.2
 41
0.2
  0
VERTEX
  8
0
 10
232.751
 20
121.599
 30
0.0
 40
0.2
 41
0.2
  0
VERTEX
  8
0
 10
229.85
 20
121.599
 30
0.0
 40
0.2
 41
0.2
  0
SEQEND
 8
0
  0
POLYLINE
  8
0
 62
     5
 66
     1
 10
0
 20
0
 30
0.0
 70
     1
 40
0.566929
 41
0.566929
  0
VERTEX
  8
0
 10
241.85
 20
121.599
 30
0.0
 40
0.2
 41
0.2
  0
VERTEX
  8
0
 10
238.951
 20
121.599
 30
0.0
 40
0.2
 41
0.2
  0
VERTEX
  8
0
 10
238.94
 20
121.599
 30
0.0
 40
0.2
 41
0.2
  0
VERTEX
  8
0
 10
238.908
 20
121.586
 30
0.0
 40
0.2
 41
0.2
  0
VERTEX
  8
0
 10
238.912
 20
121.562
 30
0.0
 40
0.2
 41
0.2
  0
VERTEX
  8
0
 10
238.935
 20
121.558
 30
0.0
 40
0.2
 41
0.2
  0
VERTEX
  8
0
 10
238.951
 20
121.59
 30
0.0
 40
0.2
 41
0.2
  0
VERTEX
  8
0
 10
238.951
 20
121.599
 30
0.0
 40
0.2
 41
0.2
  0
VERTEX
  8
0
 10
238.951
 20
124.4
 30
0.0
 40
0.2
 41
0.2
  0
VERTEX
  8
0
 10
238.951
 20
124.411
 30
0.0
 40
0.2
 41
0.2
  0
VERTEX
  8
0
 10
238.935
 20
124.442
 30
0.0
 40
0.2
 41
0.2
  0
VERTEX
  8
0
 10
238.912
 20
124.438
 30
0.0
 40
0.2
 41
0.2
  0
VERTEX
  8
0
 10
238.908
 20
124.415
 30
0.0
 40
0.2
 41
0.2
  0
VERTEX
  8
0
 10
238.94
 20
124.4
 30
0.0
 40
0.2
 41
0.2
  0
VERTEX
  8
0
 10
238.951
 20
124.4
 30
0.0
 40
0.2
 41
0.2
  0
VERTEX
  8
0
 10
244.751
 20
124.4
 30
0.0
 40
0.2
 41
0.2
  0
VERTEX
  8
0
 10
244.76
 20
124.4
 30
0.0
 40
0.2
 41
0.2
  0
VERTEX
  8
0
 10
244.792
 20
124.415
 30
0.0
 40
0.2
 41
0.2
  0
VERTEX
  8
0
 10
244.788
 20
124.438
 30
0.0
 40
0.2
 41
0.2
  0
VERTEX
  8
0
 10
244.764
 20
124.442
 30
0.0
 40
0.2
 41
0.2
  0
VERTEX
  8
0
 10
244.751
 20
124.411
 30
0.0
 40
0.2
 41
0.2
  0
VERTEX
  8
0
 10
244.751
 20
124.4
 30
0.0
 40
0.2
 41
0.2
  0
VERTEX
  8
0
 10
244.751
 20
121.599
 30
0.0
 40
0.2
 41
0.2
  0
VERTEX
  8
0
 10
244.751
 20
121.59
 30
0.0
 40
0.2
 41
0.2
  0
VERTEX
  8
0
 10
244.764
 20
121.558
 30
0.0
 40
0.2
 41
0.2
  0
VERTEX
  8
0
 10
244.788
 20
121.562
 30
0.0
 40
0.2
 41
0.2
  0
VERTEX
  8
0
 10
244.792
 20
121.586
 30
0.0
 40
0.2
 41
0.2
  0
VERTEX
  8
0
 10
244.76
 20
121.599
 30
0.0
 40
0.2
 41
0.2
  0
VERTEX
  8
0
 10
244.751
 20
121.599
 30
0.0
 40
0.2
 41
0.2
  0
VERTEX
  8
0
 10
241.85
 20
121.599
 30
0.0
 40
0.2
 41
0.2
  0
SEQEND
 8
0
  0
POLYLINE
  8
0
 62
     0
 66
     1
 10
0
 20
0
 30
0.0
 70
     1
 40
0.566929
 41
0.566929
  0
VERTEX
  8
0
 10
13.0996
 20
118.4
 30
0.0
 40
0.2
 41
0.2
  0
VERTEX
  8
0
 10
254.599
 20
118.4
 30
0.0
 40
0.2
 41
0.2
  0
VERTEX
  8
0
 10
257.599
 20
118.4
 30
0.0
 40
0.2
 41
0.2
  0
VERTEX
  8
0
 10
257.616
 20
118.4
 30
0.0
 40
0.2
 41
0.2
  0
VERTEX
  8
0
 10
257.67
 20
118.43
 30
0.0
 40
0.2
 41
0.2
  0
VERTEX
  8
0
 10
257.7
 20
118.484
 30
0.0
 40
0.2
 41
0.2
  0
VERTEX
  8
0
 10
257.7
 20
118.5
 30
0.0
 40
0.2
 41
0.2
  0
VERTEX
  8
0
 10
257.7
 20
127
 30
0.0
 40
0.2
 41
0.2
  0
VERTEX
  8
0
 10
257.7
 20
127.018
 30
0.0
 40
0.2
 41
0.2
  0
VERTEX
  8
0
 10
257.67
 20
127.07
 30
0.0
 40
0.2
 41
0.2
  0
VERTEX
  8
0
 10
257.616
 20
127.099
 30
0.0
 40
0.2
 41
0.2
  0
VERTEX
  8
0
 10
257.599
 20
127.099
 30
0.0
 40
0.2
 41
0.2
  0
VERTEX
  8
0
 10
254.7
 20
127.099
 30
0.0
 40
0.2
 41
0.2
  0
VERTEX
  8
0
 10
254.689
 20
127.099
 30
0.0
 40
0.2
 41
0.2
  0
VERTEX
  8
0
 10
254.657
 20
127.085
 30
0.0
 40
0.2
 41
0.2
  0
VERTEX
  8
0
 10
254.661
 20
127.062
 30
0.0
 40
0.2
 41
0.2
  0
VERTEX
  8
0
 10
254.685
 20
127.058
 30
0.0
 40
0.2
 41
0.2
  0
VERTEX
  8
0
 10
254.7
 20
127.09
 30
0.0
 40
0.2
 41
0.2
  0
VERTEX
  8
0
 10
254.7
 20
127.099
 30
0.0
 40
0.2
 41
0.2
  0
VERTEX
  8
0
 10
254.7
 20
132.9
 30
0.0
 40
0.2
 41
0.2
  0
VERTEX
  8
0
 10
254.7
 20
132.91
 30
0.0
 40
0.2
 41
0.2
  0
VERTEX
  8
0
 10
254.685
 20
132.942
 30
0.0
 40
0.2
 41
0.2
  0
VERTEX
  8
0
 10
254.661
 20
132.938
 30
0.0
 40
0.2
 41
0.2
  0
VERTEX
  8
0
 10
254.657
 20
132.915
 30
0.0
 40
0.2
 41
0.2
  0
VERTEX
  8
0
 10
254.689
 20
132.9
 30
0.0
 40
0.2
 41
0.2
  0
VERTEX
  8
0
 10
254.7
 20
132.9
 30
0.0
 40
0.2
 41
0.2
  0
VERTEX
  8
0
 10
257.599
 20
132.9
 30
0.0
 40
0.2
 41
0.2
  0
VERTEX
  8
0
 10
257.616
 20
132.9
 30
0.0
 40
0.2
 41
0.2
  0
VERTEX
  8
0
 10
257.67
 20
132.93
 30
0.0
 40
0.2
 41
0.2
  0
VERTEX
  8
0
 10
257.7
 20
132.983
 30
0.0
 40
0.2
 41
0.2
  0
VERTEX
  8
0
 10
257.7
 20
133
 30
0.0
 40
0.2
 41
0.2
  0
VERTEX
  8
0
 10
257.7
 20
139
 30
0.0
 40
0.2
 41
0.2
  0
VERTEX
  8
0
 10
257.7
 20
139.018
 30
0.0
 40
0.2
 41
0.2
  0
VERTEX
  8
0
 10
257.67
 20
139.072
 30
0.0
 40
0.2
 41
0.2
  0
VERTEX
  8
0
 10
257.616
 20
139.101
 30
0.0
 40
0.2
 41
0.2
  0
VERTEX
  8
0
 10
257.599
 20
139.101
 30
0.0
 40
0.2
 41
0.2
  0
VERTEX
  8
0
 10
254.7
 20
139.101
 30
0.0
 40
0.2
 41
0.2
  0
VERTEX
  8
0
 10
254.689
 20
139.101
 30
0.0
 40
0.2
 41
0.2
  0
VERTEX
  8
0
 10
254.657
 20
139.087
 30
0.0
 40
0.2
 41
0.2
  0
VERTEX
  8
0
 10
254.661
 20
139.063
 30
0.0
 40
0.2
 41
0.2
  0
VERTEX
  8
0
 10
254.685
 20
139.059
 30
0.0
 40
0.2
 41
0.2
  0
VERTEX
  8
0
 10
254.7
 20
139.091
 30
0.0
 40
0.2
 41
0.2
  0
VERTEX
  8
0
 10
254.7
 20
139.101
 30
0.0
 40
0.2
 41
0.2
  0
VERTEX
  8
0
 10
254.7
 20
144.899
 30
0.0
 40
0.2
 41
0.2
  0
VERTEX
  8
0
 10
254.7
 20
144.911
 30
0.0
 40
0.2
 41
0.2
  0
VERTEX
  8
0
 10
254.685
 20
144.942
 30
0.0
 40
0.2
 41
0.2
  0
VERTEX
  8
0
 10
254.661
 20
144.938
 30
0.0
 40
0.2
 41
0.2
  0
VERTEX
  8
0
 10
254.657
 20
144.914
 30
0.0
 40
0.2
 41
0.2
  0
VERTEX
  8
0
 10
254.689
 20
144.899
 30
0.0
 40
0.2
 41
0.2
  0
VERTEX
  8
0
 10
254.7
 20
144.899
 30
0.0
 40
0.2
 41
0.2
  0
VERTEX
  8
0
 10
257.599
 20
144.899
 30
0.0
 40
0.2
 41
0.2
  0
VERTEX
  8
0
 10
257.616
 20
144.899
 30
0.0
 40
0.2
 41
0.2
  0
VERTEX
  8
0
 10
257.67
 20
144.93
 30
0.0
 40
0.2
 41
0.2
  0
VERTEX
  8
0
 10
257.7
 20
144.984
 30
0.0
 40
0.2
 41
0.2
  0
VERTEX
  8
0
 10
257.7
 20
145
 30
0.0
 40
0.2
 41
0.2
  0
VERTEX
  8
0
 10
257.7
 20
151
 30
0.0
 40
0.2
 41
0.2
  0
VERTEX
  8
0
 10
257.7
 20
151.018
 30
0.0
 40
0.2
 41
0.2
  0
VERTEX
  8
0
 10
257.67
 20
151.071
 30
0.0
 40
0.2
 41
0.2
  0
VERTEX
  8
0
 10
257.616
 20
151.1
 30
0.0
 40
0.2
 41
0.2
  0
VERTEX
  8
0
 10
257.599
 20
151.1
 30
0.0
 40
0.2
 41
0.2
  0
VERTEX
  8
0
 10
254.7
 20
151.1
 30
0.0
 40
0.2
 41
0.2
  0
VERTEX
  8
0
 10
254.689
 20
151.1
 30
0.0
 40
0.2
 41
0.2
  0
VERTEX
  8
0
 10
254.657
 20
151.087
 30
0.0
 40
0.2
 41
0.2
  0
VERTEX
  8
0
 10
254.661
 20
151.063
 30
0.0
 40
0.2
 41
0.2
  0
VERTEX
  8
0
 10
254.685
 20
151.059
 30
0.0
 40
0.2
 41
0.2
  0
VERTEX
  8
0
 10
254.7
 20
151.091
 30
0.0
 40
0.2
 41
0.2
  0
VERTEX
  8
0
 10
254.7
 20
151.1
 30
0.0
 40
0.2
 41
0.2
  0
VERTEX
  8
0
 10
254.7
 20
156.901
 30
0.0
 40
0.2
 41
0.2
  0
VERTEX
  8
0
 10
254.7
 20
156.912
 30
0.0
 40
0.2
 41
0.2
  0
VERTEX
  8
0
 10
254.685
 20
156.943
 30
0.0
 40
0.2
 41
0.2
  0
VERTEX
  8
0
 10
254.661
 20
156.938
 30
0.0
 40
0.2
 41
0.2
  0
VERTEX
  8
0
 10
254.657
 20
156.916
 30
0.0
 40
0.2
 41
0.2
  0
VERTEX
  8
0
 10
254.689
 20
156.901
 30
0.0
 40
0.2
 41
0.2
  0
VERTEX
  8
0
 10
254.7
 20
156.901
 30
0.0
 40
0.2
 41
0.2
  0
VERTEX
  8
0
 10
257.599
 20
156.901
 30
0.0
 40
0.2
 41
0.2
  0
VERTEX
  8
0
 10
257.616
 20
156.901
 30
0.0
 40
0.2
 41
0.2
  0
VERTEX
  8
0
 10
257.67
 20
156.93
 30
0.0
 40
0.2
 41
0.2
  0
VERTEX
  8
0
 10
257.7
 20
156.983
 30
0.0
 40
0.2
 41
0.2
  0
VERTEX
  8
0
 10
257.7
 20
157
 30
0.0
 40
0.2
 41
0.2
  0
VERTEX
  8
0
 10
257.7
 20
163
 30
0.0
 40
0.2
 41
0.2
  0
VERTEX
  8
0
 10
257.7
 20
163.018
 30
0.0
 40
0.2
 41
0.2
  0
VERTEX
  8
0
 10
257.67
 20
163.072
 30
0.0
 40
0.2
 41
0.2
  0
VERTEX
  8
0
 10
257.616
 20
163.1
 30
0.0
 40
0.2
 41
0.2
  0
VERTEX
  8
0
 10
257.599
 20
163.1
 30
0.0
 40
0.2
 41
0.2
  0
VERTEX
  8
0
 10
254.7
 20
163.1
 30
0.0
 40
0.2
 41
0.2
  0
VERTEX
  8
0
 10
254.689
 20
163.1
 30
0.0
 40
0.2
 41
0.2
  0
VERTEX
  8
0
 10
254.657
 20
163.087
 30
0.0
 40
0.2
 41
0.2
  0
VERTEX
  8
0
 10
254.661
 20
163.063
 30
0.0
 40
0.2
 41
0.2
  0
VERTEX
  8
0
 10
254.685
 20
163.059
 30
0.0
 40
0.2
 41
0.2
  0
VERTEX
  8
0
 10
254.7
 20
163.091
 30
0.0
 40
0.2
 41
0.2
  0
VERTEX
  8
0
 10
254.7
 20
163.1
 30
0.0
 40
0.2
 41
0.2
  0
VERTEX
  8
0
 10
254.7
 20
168.9
 30
0.0
 40
0.2
 41
0.2
  0
VERTEX
  8
0
 10
254.7
 20
168.912
 30
0.0
 40
0.2
 41
0.2
  0
VERTEX
  8
0
 10
254.685
 20
168.944
 30
0.0
 40
0.2
 41
0.2
  0
VERTEX
  8
0
 10
254.661
 20
168.938
 30
0.0
 40
0.2
 41
0.2
  0
VERTEX
  8
0
 10
254.657
 20
168.916
 30
0.0
 40
0.2
 41
0.2
  0
VERTEX
  8
0
 10
254.689
 20
168.9
 30
0.0
 40
0.2
 41
0.2
  0
VERTEX
  8
0
 10
254.7
 20
168.9
 30
0.0
 40
0.2
 41
0.2
  0
VERTEX
  8
0
 10
257.599
 20
168.9
 30
0.0
 40
0.2
 41
0.2
  0
VERTEX
  8
0
 10
257.616
 20
168.9
 30
0.0
 40
0.2
 41
0.2
  0
VERTEX
  8
0
 10
257.67
 20
168.929
 30
0.0
 40
0.2
 41
0.2
  0
VERTEX
  8
0
 10
257.7
 20
168.983
 30
0.0
 40
0.2
 41
0.2
  0
VERTEX
  8
0
 10
257.7
 20
169
 30
0.0
 40
0.2
 41
0.2
  0
VERTEX
  8
0
 10
257.7
 20
175
 30
0.0
 40
0.2
 41
0.2
  0
VERTEX
  8
0
 10
257.7
 20
175.018
 30
0.0
 40
0.2
 41
0.2
  0
VERTEX
  8
0
 10
257.67
 20
175.072
 30
0.0
 40
0.2
 41
0.2
  0
VERTEX
  8
0
 10
257.616
 20
175.101
 30
0.0
 40
0.2
 41
0.2
  0
VERTEX
  8
0
 10
257.599
 20
175.101
 30
0.0
 40
0.2
 41
0.2
  0
VERTEX
  8
0
 10
254.7
 20
175.101
 30
0.0
 40
0.2
 41
0.2
  0
VERTEX
  8
0
 10
254.689
 20
175.101
 30
0.0
 40
0.2
 41
0.2
  0
VERTEX
  8
0
 10
254.657
 20
175.087
 30
0.0
 40
0.2
 41
0.2
  0
VERTEX
  8
0
 10
254.661
 20
175.063
 30
0.0
 40
0.2
 41
0.2
  0
VERTEX
  8
0
 10
254.685
 20
175.059
 30
0.0
 40
0.2
 41
0.2
  0
VERTEX
  8
0
 10
254.7
 20
175.091
 30
0.0
 40
0.2
 41
0.2
  0
VERTEX
  8
0
 10
254.7
 20
175.101
 30
0.0
 40
0.2
 41
0.2
  0
VERTEX
  8
0
 10
254.7
 20
180.899
 30
0.0
 40
0.2
 41
0.2
  0
VERTEX
  8
0
 10
254.7
 20
180.91
 30
0.0
 40
0.2
 41
0.2
  0
VERTEX
  8
0
 10
254.685
 20
180.942
 30
0.0
 40
0.2
 41
0.2
  0
VERTEX
  8
0
 10
254.661
 20
180.938
 30
0.0
 40
0.2
 41
0.2
  0
VERTEX
  8
0
 10
254.657
 20
180.914
 30
0.0
 40
0.2
 41
0.2
  0
VERTEX
  8
0
 10
254.689
 20
180.899
 30
0.0
 40
0.2
 41
0.2
  0
VERTEX
  8
0
 10
254.7
 20
180.899
 30
0.0
 40
0.2
 41
0.2
  0
VERTEX
  8
0
 10
257.599
 20
180.899
 30
0.0
 40
0.2
 41
0.2
  0
VERTEX
  8
0
 10
257.616
 20
180.899
 30
0.0
 40
0.2
 41
0.2
  0
VERTEX
  8
0
 10
257.67
 20
180.929
 30
0.0
 40
0.2
 41
0.2
  0
VERTEX
  8
0
 10
257.7
 20
180.983
 30
0.0
 40
0.2
 41
0.2
  0
VERTEX
  8
0
 10
257.7
 20
181
 30
0.0
 40
0.2
 41
0.2
  0
VERTEX
  8
0
 10
257.7
 20
187
 30
0.0
 40
0.2
 41
0.2
  0
VERTEX
  8
0
 10
257.7
 20
187.018
 30
0.0
 40
0.2
 41
0.2
  0
VERTEX
  8
0
 10
257.67
 20
187.071
 30
0.0
 40
0.2
 41
0.2
  0
VERTEX
  8
0
 10
257.616
 20
187.1
 30
0.0
 40
0.2
 41
0.2
  0
VERTEX
  8
0
 10
257.599
 20
187.1
 30
0.0
 40
0.2
 41
0.2
  0
VERTEX
  8
0
 10
254.7
 20
187.1
 30
0.0
 40
0.2
 41
0.2
  0
VERTEX
  8
0
 10
254.689
 20
187.1
 30
0.0
 40
0.2
 41
0.2
  0
VERTEX
  8
0
 10
254.657
 20
187.087
 30
0.0
 40
0.2
 41
0.2
  0
VERTEX
  8
0
 10
254.661
 20
187.063
 30
0.0
 40
0.2
 41
0.2
  0
VERTEX
  8
0
 10
254.685
 20
187.059
 30
0.0
 40
0.2
 41
0.2
  0
VERTEX
  8
0
 10
254.7
 20
187.091
 30
0.0
 40
0.2
 41
0.2
  0
VERTEX
  8
0
 10
254.7
 20
187.1
 30
0.0
 40
0.2
 41
0.2
  0
VERTEX
  8
0
 10
254.7
 20
192.901
 30
0.0
 40
0.2
 41
0.2
  0
VERTEX
  8
0
 10
254.7
 20
192.912
 30
0.0
 40
0.2
 41
0.2
  0
VERTEX
  8
0
 10
254.685
 20
192.943
 30
0.0
 40
0.2
 41
0.2
  0
VERTEX
  8
0
 10
254.661
 20
192.938
 30
0.0
 40
0.2
 41
0.2
  0
VERTEX
  8
0
 10
254.657
 20
192.916
 30
0.0
 40
0.2
 41
0.2
  0
VERTEX
  8
0
 10
254.689
 20
192.901
 30
0.0
 40
0.2
 41
0.2
  0
VERTEX
  8
0
 10
254.7
 20
192.901
 30
0.0
 40
0.2
 41
0.2
  0
VERTEX
  8
0
 10
257.599
 20
192.901
 30
0.0
 40
0.2
 41
0.2
  0
VERTEX
  8
0
 10
257.616
 20
192.901
 30
0.0
 40
0.2
 41
0.2
  0
VERTEX
  8
0
 10
257.67
 20
192.93
 30
0.0
 40
0.2
 41
0.2
  0
VERTEX
  8
0
 10
257.7
 20
192.983
 30
0.0
 40
0.2
 41
0.2
  0
VERTEX
  8
0
 10
257.7
 20
193
 30
0.0
 40
0.2
 41
0.2
  0
VERTEX
  8
0
 10
257.7
 20
199
 30
0.0
 40
0.2
 41
0.2
  0
VERTEX
  8
0
 10
257.7
 20
199.018
 30
0.0
 40
0.2
 41
0.2
  0
VERTEX
  8
0
 10
257.67
 20
199.071
 30
0.0
 40
0.2
 41
0.2
  0
VERTEX
  8
0
 10
257.616
 20
199.1
 30
0.0
 40
0.2
 41
0.2
  0
VERTEX
  8
0
 10
257.599
 20
199.1
 30
0.0
 40
0.2
 41
0.2
  0
VERTEX
  8
0
 10
254.7
 20
199.1
 30
0.0
 40
0.2
 41
0.2
  0
VERTEX
  8
0
 10
254.689
 20
199.1
 30
0.0
 40
0.2
 41
0.2
  0
VERTEX
  8
0
 10
254.657
 20
199.087
 30
0.0
 40
0.2
 41
0.2
  0
VERTEX
  8
0
 10
254.661
 20
199.063
 30
0.0
 40
0.2
 41
0.2
  0
VERTEX
  8
0
 10
254.685
 20
199.059
 30
0.0
 40
0.2
 41
0.2
  0
VERTEX
  8
0
 10
254.7
 20
199.091
 30
0.0
 40
0.2
 41
0.2
  0
VERTEX
  8
0
 10
254.7
 20
199.1
 30
0.0
 40
0.2
 41
0.2
  0
VERTEX
  8
0
 10
254.7
 20
204.9
 30
0.0
 40
0.2
 41
0.2
  0
VERTEX
  8
0
 10
254.7
 20
204.912
 30
0.0
 40
0.2
 41
0.2
  0
VERTEX
  8
0
 10
254.685
 20
204.943
 30
0.0
 40
0.2
 41
0.2
  0
VERTEX
  8
0
 10
254.661
 20
204.938
 30
0.0
 40
0.2
 41
0.2
  0
VERTEX
  8
0
 10
254.657
 20
204.916
 30
0.0
 40
0.2
 41
0.2
  0
VERTEX
  8
0
 10
254.689
 20
204.9
 30
0.0
 40
0.2
 41
0.2
  0
VERTEX
  8
0
 10
254.7
 20
204.9
 30
0.0
 40
0.2
 41
0.2
  0
VERTEX
  8
0
 10
257.599
 20
204.9
 30
0.0
 40
0.2
 41
0.2
  0
VERTEX
  8
0
 10
257.616
 20
204.9
 30
0.0
 40
0.2
 41
0.2
  0
VERTEX
  8
0
 10
257.67
 20
204.929
 30
0.0
 40
0.2
 41
0.2
  0
VERTEX
  8
0
 10
257.7
 20
204.983
 30
0.0
 40
0.2
 41
0.2
  0
VERTEX
  8
0
 10
257.7
 20
205
 30
0.0
 40
0.2
 41
0.2
  0
VERTEX
  8
0
 10
257.7
 20
213.499
 30
0.0
 40
0.2
 41
0.2
  0
VERTEX
  8
0
 10
257.7
 20
213.517
 30
0.0
 40
0.2
 41
0.2
  0
VERTEX
  8
0
 10
257.67
 20
213.571
 30
0.0
 40
0.2
 41
0.2
  0
VERTEX
  8
0
 10
257.616
 20
213.6
 30
0.0
 40
0.2
 41
0.2
  0
VERTEX
  8
0
 10
257.599
 20
213.6
 30
0.0
 40
0.2
 41
0.2
  0
VERTEX
  8
0
 10
254.599
 20
213.6
 30
0.0
 40
0.2
 41
0.2
  0
VERTEX
  8
0
 10
13.0996
 20
213.6
 30
0.0
 40
0.2
 41
0.2
  0
VERTEX
  8
0
 10
10.0996
 20
213.6
 30
0.0
 40
0.2
 41
0.2
  0
VERTEX
  8
0
 10
10.0817
 20
213.6
 30
0.0
 40
0.2
 41
0.2
  0
VERTEX
  8
0
 10
10.0294
 20
213.571
 30
0.0
 40
0.2
 41
0.2
  0
VERTEX
  8
0
 10
10.0004
 20
213.517
 30
0.0
 40
0.2
 41
0.2
  0
VERTEX
  8
0
 10
10.0004
 20
213.499
 30
0.0
 40
0.2
 41
0.2
  0
VERTEX
  8
0
 10
10.0004
 20
205
 30
0.0
 40
0.2
 41
0.2
  0
VERTEX
  8
0
 10
10.0004
 20
204.983
 30
0.0
 40
0.2
 41
0.2
  0
VERTEX
  8
0
 10
10.0294
 20
204.929
 30
0.0
 40
0.2
 41
0.2
  0
VERTEX
  8
0
 10
10.0817
 20
204.9
 30
0.0
 40
0.2
 41
0.2
  0
VERTEX
  8
0
 10
10.0996
 20
204.9
 30
0.0
 40
0.2
 41
0.2
  0
VERTEX
  8
0
 10
13.0004
 20
204.9
 30
0.0
 40
0.2
 41
0.2
  0
VERTEX
  8
0
 10
13.0101
 20
204.9
 30
0.0
 40
0.2
 41
0.2
  0
VERTEX
  8
0
 10
13.0418
 20
204.916
 30
0.0
 40
0.2
 41
0.2
  0
VERTEX
  8
0
 10
13.0376
 20
204.938
 30
0.0
 40
0.2
 41
0.2
  0
VERTEX
  8
0
 10
13.0142
 20
204.943
 30
0.0
 40
0.2
 41
0.2
  0
VERTEX
  8
0
 10
13.0004
 20
204.912
 30
0.0
 40
0.2
 41
0.2
  0
VERTEX
  8
0
 10
13.0004
 20
204.9
 30
0.0
 40
0.2
 41
0.2
  0
VERTEX
  8
0
 10
13.0004
 20
199.1
 30
0.0
 40
0.2
 41
0.2
  0
VERTEX
  8
0
 10
13.0004
 20
199.091
 30
0.0
 40
0.2
 41
0.2
  0
VERTEX
  8
0
 10
13.0142
 20
199.059
 30
0.0
 40
0.2
 41
0.2
  0
VERTEX
  8
0
 10
13.0376
 20
199.063
 30
0.0
 40
0.2
 41
0.2
  0
VERTEX
  8
0
 10
13.0418
 20
199.087
 30
0.0
 40
0.2
 41
0.2
  0
VERTEX
  8
0
 10
13.0101
 20
199.1
 30
0.0
 40
0.2
 41
0.2
  0
VERTEX
  8
0
 10
13.0004
 20
199.1
 30
0.0
 40
0.2
 41
0.2
  0
VERTEX
  8
0
 10
10.0996
 20
199.1
 30
0.0
 40
0.2
 41
0.2
  0
VERTEX
  8
0
 10
10.0817
 20
199.1
 30
0.0
 40
0.2
 41
0.2
  0
VERTEX
  8
0
 10
10.0294
 20
199.071
 30
0.0
 40
0.2
 41
0.2
  0
VERTEX
  8
0
 10
10.0004
 20
199.018
 30
0.0
 40
0.2
 41
0.2
  0
VERTEX
  8
0
 10
10.0004
 20
199
 30
0.0
 40
0.2
 41
0.2
  0
VERTEX
  8
0
 10
10.0004
 20
193
 30
0.0
 40
0.2
 41
0.2
  0
VERTEX
  8
0
 10
10.0004
 20
192.983
 30
0.0
 40
0.2
 41
0.2
  0
VERTEX
  8
0
 10
10.0294
 20
192.93
 30
0.0
 40
0.2
 41
0.2
  0
VERTEX
  8
0
 10
10.0817
 20
192.901
 30
0.0
 40
0.2
 41
0.2
  0
VERTEX
  8
0
 10
10.0996
 20
192.901
 30
0.0
 40
0.2
 41
0.2
  0
VERTEX
  8
0
 10
13.0004
 20
192.901
 30
0.0
 40
0.2
 41
0.2
  0
VERTEX
  8
0
 10
13.0101
 20
192.901
 30
0.0
 40
0.2
 41
0.2
  0
VERTEX
  8
0
 10
13.0418
 20
192.916
 30
0.0
 40
0.2
 41
0.2
  0
VERTEX
  8
0
 10
13.0376
 20
192.938
 30
0.0
 40
0.2
 41
0.2
  0
VERTEX
  8
0
 10
13.0142
 20
192.943
 30
0.0
 40
0.2
 41
0.2
  0
VERTEX
  8
0
 10
13.0004
 20
192.912
 30
0.0
 40
0.2
 41
0.2
  0
VERTEX
  8
0
 10
13.0004
 20
192.901
 30
0.0
 40
0.2
 41
0.2
  0
VERTEX
  8
0
 10
13.0004
 20
187.1
 30
0.0
 40
0.2
 41
0.2
  0
VERTEX
  8
0
 10
13.0004
 20
187.091
 30
0.0
 40
0.2
 41
0.2
  0
VERTEX
  8
0
 10
13.0142
 20
187.059
 30
0.0
 40
0.2
 41
0.2
  0
VERTEX
  8
0
 10
13.0376
 20
187.063
 30
0.0
 40
0.2
 41
0.2
  0
VERTEX
  8
0
 10
13.0418
 20
187.087
 30
0.0
 40
0.2
 41
0.2
  0
VERTEX
  8
0
 10
13.0101
 20
187.1
 30
0.0
 40
0.2
 41
0.2
  0
VERTEX
  8
0
 10
13.0004
 20
187.1
 30
0.0
 40
0.2
 41
0.2
  0
VERTEX
  8
0
 10
10.0996
 20
187.1
 30
0.0
 40
0.2
 41
0.2
  0
VERTEX
  8
0
 10
10.0817
 20
187.1
 30
0.0
 40
0.2
 41
0.2
  0
VERTEX
  8
0
 10
10.0294
 20
187.071
 30
0.0
 40
0.2
 41
0.2
  0
VERTEX
  8
0
 10
10.0004
 20
187.018
 30
0.0
 40
0.2
 41
0.2
  0
VERTEX
  8
0
 10
10.0004
 20
187
 30
0.0
 40
0.2
 41
0.2
  0
VERTEX
  8
0
 10
10.0004
 20
181
 30
0.0
 40
0.2
 41
0.2
  0
VERTEX
  8
0
 10
10.0004
 20
180.983
 30
0.0
 40
0.2
 41
0.2
  0
VERTEX
  8
0
 10
10.0294
 20
180.929
 30
0.0
 40
0.2
 41
0.2
  0
VERTEX
  8
0
 10
10.0817
 20
180.899
 30
0.0
 40
0.2
 41
0.2
  0
VERTEX
  8
0
 10
10.0996
 20
180.899
 30
0.0
 40
0.2
 41
0.2
  0
VERTEX
  8
0
 10
13.0004
 20
180.899
 30
0.0
 40
0.2
 41
0.2
  0
VERTEX
  8
0
 10
13.0101
 20
180.899
 30
0.0
 40
0.2
 41
0.2
  0
VERTEX
  8
0
 10
13.0418
 20
180.914
 30
0.0
 40
0.2
 41
0.2
  0
VERTEX
  8
0
 10
13.0376
 20
180.938
 30
0.0
 40
0.2
 41
0.2
  0
VERTEX
  8
0
 10
13.0142
 20
180.942
 30
0.0
 40
0.2
 41
0.2
  0
VERTEX
  8
0
 10
13.0004
 20
180.91
 30
0.0
 40
0.2
 41
0.2
  0
VERTEX
  8
0
 10
13.0004
 20
180.899
 30
0.0
 40
0.2
 41
0.2
  0
VERTEX
  8
0
 10
13.0004
 20
175.101
 30
0.0
 40
0.2
 41
0.2
  0
VERTEX
  8
0
 10
13.0004
 20
175.091
 30
0.0
 40
0.2
 41
0.2
  0
VERTEX
  8
0
 10
13.0142
 20
175.059
 30
0.0
 40
0.2
 41
0.2
  0
VERTEX
  8
0
 10
13.0376
 20
175.063
 30
0.0
 40
0.2
 41
0.2
  0
VERTEX
  8
0
 10
13.0418
 20
175.087
 30
0.0
 40
0.2
 41
0.2
  0
VERTEX
  8
0
 10
13.0101
 20
175.101
 30
0.0
 40
0.2
 41
0.2
  0
VERTEX
  8
0
 10
13.0004
 20
175.101
 30
0.0
 40
0.2
 41
0.2
  0
VERTEX
  8
0
 10
10.0996
 20
175.101
 30
0.0
 40
0.2
 41
0.2
  0
VERTEX
  8
0
 10
10.0817
 20
175.101
 30
0.0
 40
0.2
 41
0.2
  0
VERTEX
  8
0
 10
10.0294
 20
175.072
 30
0.0
 40
0.2
 41
0.2
  0
VERTEX
  8
0
 10
10.0004
 20
175.018
 30
0.0
 40
0.2
 41
0.2
  0
VERTEX
  8
0
 10
10.0004
 20
175
 30
0.0
 40
0.2
 41
0.2
  0
VERTEX
  8
0
 10
10.0004
 20
169
 30
0.0
 40
0.2
 41
0.2
  0
VERTEX
  8
0
 10
10.0004
 20
168.983
 30
0.0
 40
0.2
 41
0.2
  0
VERTEX
  8
0
 10
10.0294
 20
168.929
 30
0.0
 40
0.2
 41
0.2
  0
VERTEX
  8
0
 10
10.0817
 20
168.9
 30
0.0
 40
0.2
 41
0.2
  0
VERTEX
  8
0
 10
10.0996
 20
168.9
 30
0.0
 40
0.2
 41
0.2
  0
VERTEX
  8
0
 10
13.0004
 20
168.9
 30
0.0
 40
0.2
 41
0.2
  0
VERTEX
  8
0
 10
13.0101
 20
168.9
 30
0.0
 40
0.2
 41
0.2
  0
VERTEX
  8
0
 10
13.0418
 20
168.916
 30
0.0
 40
0.2
 41
0.2
  0
VERTEX
  8
0
 10
13.0376
 20
168.938
 30
0.0
 40
0.2
 41
0.2
  0
VERTEX
  8
0
 10
13.0142
 20
168.944
 30
0.0
 40
0.2
 41
0.2
  0
VERTEX
  8
0
 10
13.0004
 20
168.912
 30
0.0
 40
0.2
 41
0.2
  0
VERTEX
  8
0
 10
13.0004
 20
168.9
 30
0.0
 40
0.2
 41
0.2
  0
VERTEX
  8
0
 10
13.0004
 20
163.1
 30
0.0
 40
0.2
 41
0.2
  0
VERTEX
  8
0
 10
13.0004
 20
163.091
 30
0.0
 40
0.2
 41
0.2
  0
VERTEX
  8
0
 10
13.0142
 20
163.059
 30
0.0
 40
0.2
 41
0.2
  0
VERTEX
  8
0
 10
13.0376
 20
163.063
 30
0.0
 40
0.2
 41
0.2
  0
VERTEX
  8
0
 10
13.0418
 20
163.087
 30
0.0
 40
0.2
 41
0.2
  0
VERTEX
  8
0
 10
13.0101
 20
163.1
 30
0.0
 40
0.2
 41
0.2
  0
VERTEX
  8
0
 10
13.0004
 20
163.1
 30
0.0
 40
0.2
 41
0.2
  0
VERTEX
  8
0
 10
10.0996
 20
163.1
 30
0.0
 40
0.2
 41
0.2
  0
VERTEX
  8
0
 10
10.0817
 20
163.1
 30
0.0
 40
0.2
 41
0.2
  0
VERTEX
  8
0
 10
10.0294
 20
163.072
 30
0.0
 40
0.2
 41
0.2
  0
VERTEX
  8
0
 10
10.0004
 20
163.018
 30
0.0
 40
0.2
 41
0.2
  0
VERTEX
  8
0
 10
10.0004
 20
163
 30
0.0
 40
0.2
 41
0.2
  0
VERTEX
  8
0
 10
10.0004
 20
157
 30
0.0
 40
0.2
 41
0.2
  0
VERTEX
  8
0
 10
10.0004
 20
156.983
 30
0.0
 40
0.2
 41
0.2
  0
VERTEX
  8
0
 10
10.0294
 20
156.93
 30
0.0
 40
0.2
 41
0.2
  0
VERTEX
  8
0
 10
10.0817
 20
156.901
 30
0.0
 40
0.2
 41
0.2
  0
VERTEX
  8
0
 10
10.0996
 20
156.901
 30
0.0
 40
0.2
 41
0.2
  0
VERTEX
  8
0
 10
13.0004
 20
156.901
 30
0.0
 40
0.2
 41
0.2
  0
VERTEX
  8
0
 10
13.0101
 20
156.901
 30
0.0
 40
0.2
 41
0.2
  0
VERTEX
  8
0
 10
13.0418
 20
156.916
 30
0.0
 40
0.2
 41
0.2
  0
VERTEX
  8
0
 10
13.0376
 20
156.938
 30
0.0
 40
0.2
 41
0.2
  0
VERTEX
  8
0
 10
13.0142
 20
156.943
 30
0.0
 40
0.2
 41
0.2
  0
VERTEX
  8
0
 10
13.0004
 20
156.912
 30
0.0
 40
0.2
 41
0.2
  0
VERTEX
  8
0
 10
13.0004
 20
156.901
 30
0.0
 40
0.2
 41
0.2
  0
VERTEX
  8
0
 10
13.0004
 20
151.1
 30
0.0
 40
0.2
 41
0.2
  0
VERTEX
  8
0
 10
13.0004
 20
151.091
 30
0.0
 40
0.2
 41
0.2
  0
VERTEX
  8
0
 10
13.0142
 20
151.059
 30
0.0
 40
0.2
 41
0.2
  0
VERTEX
  8
0
 10
13.0376
 20
151.063
 30
0.0
 40
0.2
 41
0.2
  0
VERTEX
  8
0
 10
13.0418
 20
151.087
 30
0.0
 40
0.2
 41
0.2
  0
VERTEX
  8
0
 10
13.0101
 20
151.1
 30
0.0
 40
0.2
 41
0.2
  0
VERTEX
  8
0
 10
13.0004
 20
151.1
 30
0.0
 40
0.2
 41
0.2
  0
VERTEX
  8
0
 10
10.0996
 20
151.1
 30
0.0
 40
0.2
 41
0.2
  0
VERTEX
  8
0
 10
10.0817
 20
151.1
 30
0.0
 40
0.2
 41
0.2
  0
VERTEX
  8
0
 10
10.0294
 20
151.071
 30
0.0
 40
0.2
 41
0.2
  0
VERTEX
  8
0
 10
10.0004
 20
151.018
 30
0.0
 40
0.2
 41
0.2
  0
VERTEX
  8
0
 10
10.0004
 20
151
 30
0.0
 40
0.2
 41
0.2
  0
VERTEX
  8
0
 10
10.0004
 20
145
 30
0.0
 40
0.2
 41
0.2
  0
VERTEX
  8
0
 10
10.0004
 20
144.984
 30
0.0
 40
0.2
 41
0.2
  0
VERTEX
  8
0
 10
10.0294
 20
144.93
 30
0.0
 40
0.2
 41
0.2
  0
VERTEX
  8
0
 10
10.0817
 20
144.899
 30
0.0
 40
0.2
 41
0.2
  0
VERTEX
  8
0
 10
10.0996
 20
144.899
 30
0.0
 40
0.2
 41
0.2
  0
VERTEX
  8
0
 10
13.0004
 20
144.899
 30
0.0
 40
0.2
 41
0.2
  0
VERTEX
  8
0
 10
13.0101
 20
144.899
 30
0.0
 40
0.2
 41
0.2
  0
VERTEX
  8
0
 10
13.0418
 20
144.914
 30
0.0
 40
0.2
 41
0.2
  0
VERTEX
  8
0
 10
13.0376
 20
144.938
 30
0.0
 40
0.2
 41
0.2
  0
VERTEX
  8
0
 10
13.0142
 20
144.942
 30
0.0
 40
0.2
 41
0.2
  0
VERTEX
  8
0
 10
13.0004
 20
144.911
 30
0.0
 40
0.2
 41
0.2
  0
VERTEX
  8
0
 10
13.0004
 20
144.899
 30
0.0
 40
0.2
 41
0.2
  0
VERTEX
  8
0
 10
13.0004
 20
139.101
 30
0.0
 40
0.2
 41
0.2
  0
VERTEX
  8
0
 10
13.0004
 20
139.091
 30
0.0
 40
0.2
 41
0.2
  0
VERTEX
  8
0
 10
13.0142
 20
139.059
 30
0.0
 40
0.2
 41
0.2
  0
VERTEX
  8
0
 10
13.0376
 20
139.063
 30
0.0
 40
0.2
 41
0.2
  0
VERTEX
  8
0
 10
13.0418
 20
139.087
 30
0.0
 40
0.2
 41
0.2
  0
VERTEX
  8
0
 10
13.0101
 20
139.101
 30
0.0
 40
0.2
 41
0.2
  0
VERTEX
  8
0
 10
13.0004
 20
139.101
 30
0.0
 40
0.2
 41
0.2
  0
VERTEX
  8
0
 10
10.0996
 20
139.101
 30
0.0
 40
0.2
 41
0.2
  0
VERTEX
  8
0
 10
10.0817
 20
139.101
 30
0.0
 40
0.2
 41
0.2
  0
VERTEX
  8
0
 10
10.0294
 20
139.072
 30
0.0
 40
0.2
 41
0.2
  0
VERTEX
  8
0
 10
10.0004
 20
139.018
 30
0.0
 40
0.2
 41
0.2
  0
VERTEX
  8
0
 10
10.0004
 20
139
 30
0.0
 40
0.2
 41
0.2
  0
VERTEX
  8
0
 10
10.0004
 20
133
 30
0.0
 40
0.2
 41
0.2
  0
VERTEX
  8
0
 10
10.0004
 20
132.983
 30
0.0
 40
0.2
 41
0.2
  0
VERTEX
  8
0
 10
10.0294
 20
132.93
 30
0.0
 40
0.2
 41
0.2
  0
VERTEX
  8
0
 10
10.0817
 20
132.9
 30
0.0
 40
0.2
 41
0.2
  0
VERTEX
  8
0
 10
10.0996
 20
132.9
 30
0.0
 40
0.2
 41
0.2
  0
VERTEX
  8
0
 10
13.0004
 20
132.9
 30
0.0
 40
0.2
 41
0.2
  0
VERTEX
  8
0
 10
13.0101
 20
132.9
 30
0.0
 40
0.2
 41
0.2
  0
VERTEX
  8
0
 10
13.0418
 20
132.915
 30
0.0
 40
0.2
 41
0.2
  0
VERTEX
  8
0
 10
13.0376
 20
132.938
 30
0.0
 40
0.2
 41
0.2
  0
VERTEX
  8
0
 10
13.0142
 20
132.942
 30
0.0
 40
0.2
 41
0.2
  0
VERTEX
  8
0
 10
13.0004
 20
132.91
 30
0.0
 40
0.2
 41
0.2
  0
VERTEX
  8
0
 10
13.0004
 20
132.9
 30
0.0
 40
0.2
 41
0.2
  0
VERTEX
  8
0
 10
13.0004
 20
127.099
 30
0.0
 40
0.2
 41
0.2
  0
VERTEX
  8
0
 10
13.0004
 20
127.09
 30
0.0
 40
0.2
 41
0.2
  0
VERTEX
  8
0
 10
13.0142
 20
127.058
 30
0.0
 40
0.2
 41
0.2
  0
VERTEX
  8
0
 10
13.0376
 20
127.062
 30
0.0
 40
0.2
 41
0.2
  0
VERTEX
  8
0
 10
13.0418
 20
127.085
 30
0.0
 40
0.2
 41
0.2
  0
VERTEX
  8
0
 10
13.0101
 20
127.099
 30
0.0
 40
0.2
 41
0.2
  0
VERTEX
  8
0
 10
13.0004
 20
127.099
 30
0.0
 40
0.2
 41
0.2
  0
VERTEX
  8
0
 10
10.0996
 20
127.099
 30
0.0
 40
0.2
 41
0.2
  0
VERTEX
  8
0
 10
10.0817
 20
127.099
 30
0.0
 40
0.2
 41
0.2
  0
VERTEX
  8
0
 10
10.0294
 20
127.07
 30
0.0
 40
0.2
 41
0.2
  0
VERTEX
  8
0
 10
10.0004
 20
127.018
 30
0.0
 40
0.2
 41
0.2
  0
VERTEX
  8
0
 10
10.0004
 20
127
 30
0.0
 40
0.2
 41
0.2
  0
VERTEX
  8
0
 10
10.0004
 20
118.5
 30
0.0
 40
0.2
 41
0.2
  0
VERTEX
  8
0
 10
10.0004
 20
118.484
 30
0.0
 40
0.2
 41
0.2
  0
VERTEX
  8
0
 10
10.0294
 20
118.43
 30
0.0
 40
0.2
 41
0.2
  0
VERTEX
  8
0
 10
10.0817
 20
118.4
 30
0.0
 40
0.2
 41
0.2
  0
VERTEX
  8
0
 10
10.0996
 20
118.4
 30
0.0
 40
0.2
 41
0.2
  0
VERTEX
  8
0
 10
13.0996
 20
118.4
 30
0.0
 40
0.2
 41
0.2
  0
SEQEND
 8
0
  0
POLYLINE
  8
0
 62
     0
 66
     1
 10
0
 20
0
 30
0.0
 70
     1
 40
0.566929
 41
0.566929
  0
VERTEX
  8
0
 10
13.0996
 20
218.099
 30
0.0
 40
0.2
 41
0.2
  0
VERTEX
  8
0
 10
22.75
 20
218.099
 30
0.0
 40
0.2
 41
0.2
  0
VERTEX
  8
0
 10
22.7597
 20
218.099
 30
0.0
 40
0.2
 41
0.2
  0
VERTEX
  8
0
 10
22.7914
 20
218.114
 30
0.0
 40
0.2
 41
0.2
  0
VERTEX
  8
0
 10
22.7873
 20
218.138
 30
0.0
 40
0.2
 41
0.2
  0
VERTEX
  8
0
 10
22.7638
 20
218.142
 30
0.0
 40
0.2
 41
0.2
  0
VERTEX
  8
0
 10
22.75
 20
218.111
 30
0.0
 40
0.2
 41
0.2
  0
VERTEX
  8
0
 10
22.75
 20
218.099
 30
0.0
 40
0.2
 41
0.2
  0
VERTEX
  8
0
 10
22.75
 20
215.2
 30
0.0
 40
0.2
 41
0.2
  0
VERTEX
  8
0
 10
22.75
 20
215.184
 30
0.0
 40
0.2
 41
0.2
  0
VERTEX
  8
0
 10
22.779
 20
215.13
 30
0.0
 40
0.2
 41
0.2
  0
VERTEX
  8
0
 10
22.8327
 20
215.099
 30
0.0
 40
0.2
 41
0.2
  0
VERTEX
  8
0
 10
22.8506
 20
215.099
 30
0.0
 40
0.2
 41
0.2
  0
VERTEX
  8
0
 10
28.8506
 20
215.099
 30
0.0
 40
0.2
 41
0.2
  0
VERTEX
  8
0
 10
28.8671
 20
215.099
 30
0.0
 40
0.2
 41
0.2
  0
VERTEX
  8
0
 10
28.9209
 20
215.13
 30
0.0
 40
0.2
 41
0.2
  0
VERTEX
  8
0
 10
28.9498
 20
215.184
 30
0.0
 40
0.2
 41
0.2
  0
VERTEX
  8
0
 10
28.9498
 20
215.2
 30
0.0
 40
0.2
 41
0.2
  0
VERTEX
  8
0
 10
28.9498
 20
218.099
 30
0.0
 40
0.2
 41
0.2
  0
VERTEX
  8
0
 10
28.9498
 20
218.111
 30
0.0
 40
0.2
 41
0.2
  0
VERTEX
  8
0
 10
28.9347
 20
218.142
 30
0.0
 40
0.2
 41
0.2
  0
VERTEX
  8
0
 10
28.9126
 20
218.138
 30
0.0
 40
0.2
 41
0.2
  0
VERTEX
  8
0
 10
28.9071
 20
218.114
 30
0.0
 40
0.2
 41
0.2
  0
VERTEX
  8
0
 10
28.9388
 20
218.099
 30
0.0
 40
0.2
 41
0.2
  0
VERTEX
  8
0
 10
28.9498
 20
218.099
 30
0.0
 40
0.2
 41
0.2
  0
VERTEX
  8
0
 10
34.75
 20
218.099
 30
0.0
 40
0.2
 41
0.2
  0
VERTEX
  8
0
 10
34.7597
 20
218.099
 30
0.0
 40
0.2
 41
0.2
  0
VERTEX
  8
0
 10
34.7913
 20
218.114
 30
0.0
 40
0.2
 41
0.2
  0
VERTEX
  8
0
 10
34.7872
 20
218.138
 30
0.0
 40
0.2
 41
0.2
  0
VERTEX
  8
0
 10
34.7638
 20
218.142
 30
0.0
 40
0.2
 41
0.2
  0
VERTEX
  8
0
 10
34.75
 20
218.111
 30
0.0
 40
0.2
 41
0.2
  0
VERTEX
  8
0
 10
34.75
 20
218.099
 30
0.0
 40
0.2
 41
0.2
  0
VERTEX
  8
0
 10
34.75
 20
215.2
 30
0.0
 40
0.2
 41
0.2
  0
VERTEX
  8
0
 10
34.75
 20
215.184
 30
0.0
 40
0.2
 41
0.2
  0
VERTEX
  8
0
 10
34.7789
 20
215.13
 30
0.0
 40
0.2
 41
0.2
  0
VERTEX
  8
0
 10
34.8313
 20
215.099
 30
0.0
 40
0.2
 41
0.2
  0
VERTEX
  8
0
 10
34.8492
 20
215.099
 30
0.0
 40
0.2
 41
0.2
  0
VERTEX
  8
0
 10
40.8506
 20
215.099
 30
0.0
 40
0.2
 41
0.2
  0
VERTEX
  8
0
 10
40.8672
 20
215.099
 30
0.0
 40
0.2
 41
0.2
  0
VERTEX
  8
0
 10
40.9208
 20
215.13
 30
0.0
 40
0.2
 41
0.2
  0
VERTEX
  8
0
 10
40.9497
 20
215.184
 30
0.0
 40
0.2
 41
0.2
  0
VERTEX
  8
0
 10
40.9497
 20
215.2
 30
0.0
 40
0.2
 41
0.2
  0
VERTEX
  8
0
 10
40.9497
 20
218.099
 30
0.0
 40
0.2
 41
0.2
  0
VERTEX
  8
0
 10
40.9497
 20
218.111
 30
0.0
 40
0.2
 41
0.2
  0
VERTEX
  8
0
 10
40.9346
 20
218.142
 30
0.0
 40
0.2
 41
0.2
  0
VERTEX
  8
0
 10
40.9127
 20
218.138
 30
0.0
 40
0.2
 41
0.2
  0
VERTEX
  8
0
 10
40.9071
 20
218.114
 30
0.0
 40
0.2
 41
0.2
  0
VERTEX
  8
0
 10
40.9388
 20
218.099
 30
0.0
 40
0.2
 41
0.2
  0
VERTEX
  8
0
 10
40.9497
 20
218.099
 30
0.0
 40
0.2
 41
0.2
  0
VERTEX
  8
0
 10
46.7501
 20
218.099
 30
0.0
 40
0.2
 41
0.2
  0
VERTEX
  8
0
 10
46.7596
 20
218.099
 30
0.0
 40
0.2
 41
0.2
  0
VERTEX
  8
0
 10
46.7914
 20
218.114
 30
0.0
 40
0.2
 41
0.2
  0
VERTEX
  8
0
 10
46.7872
 20
218.138
 30
0.0
 40
0.2
 41
0.2
  0
VERTEX
  8
0
 10
46.7639
 20
218.142
 30
0.0
 40
0.2
 41
0.2
  0
VERTEX
  8
0
 10
46.7501
 20
218.111
 30
0.0
 40
0.2
 41
0.2
  0
VERTEX
  8
0
 10
46.7501
 20
218.099
 30
0.0
 40
0.2
 41
0.2
  0
VERTEX
  8
0
 10
46.7501
 20
215.2
 30
0.0
 40
0.2
 41
0.2
  0
VERTEX
  8
0
 10
46.7501
 20
215.184
 30
0.0
 40
0.2
 41
0.2
  0
VERTEX
  8
0
 10
46.779
 20
215.13
 30
0.0
 40
0.2
 41
0.2
  0
VERTEX
  8
0
 10
46.8327
 20
215.099
 30
0.0
 40
0.2
 41
0.2
  0
VERTEX
  8
0
 10
46.8507
 20
215.099
 30
0.0
 40
0.2
 41
0.2
  0
VERTEX
  8
0
 10
52.8507
 20
215.099
 30
0.0
 40
0.2
 41
0.2
  0
VERTEX
  8
0
 10
52.8669
 20
215.099
 30
0.0
 40
0.2
 41
0.2
  0
VERTEX
  8
0
 10
52.9209
 20
215.13
 30
0.0
 40
0.2
 41
0.2
  0
VERTEX
  8
0
 10
52.9498
 20
215.184
 30
0.0
 40
0.2
 41
0.2
  0
VERTEX
  8
0
 10
52.9498
 20
215.2
 30
0.0
 40
0.2
 41
0.2
  0
VERTEX
  8
0
 10
52.9498
 20
218.099
 30
0.0
 40
0.2
 41
0.2
  0
VERTEX
  8
0
 10
52.9498
 20
218.111
 30
0.0
 40
0.2
 41
0.2
  0
VERTEX
  8
0
 10
52.9347
 20
218.142
 30
0.0
 40
0.2
 41
0.2
  0
VERTEX
  8
0
 10
52.9124
 20
218.138
 30
0.0
 40
0.2
 41
0.2
  0
VERTEX
  8
0
 10
52.9071
 20
218.114
 30
0.0
 40
0.2
 41
0.2
  0
VERTEX
  8
0
 10
52.9389
 20
218.099
 30
0.0
 40
0.2
 41
0.2
  0
VERTEX
  8
0
 10
52.9498
 20
218.099
 30
0.0
 40
0.2
 41
0.2
  0
VERTEX
  8
0
 10
58.7498
 20
218.099
 30
0.0
 40
0.2
 41
0.2
  0
VERTEX
  8
0
 10
58.7597
 20
218.099
 30
0.0
 40
0.2
 41
0.2
  0
VERTEX
  8
0
 10
58.7911
 20
218.114
 30
0.0
 40
0.2
 41
0.2
  0
VERTEX
  8
0
 10
58.7872
 20
218.138
 30
0.0
 40
0.2
 41
0.2
  0
VERTEX
  8
0
 10
58.7636
 20
218.142
 30
0.0
 40
0.2
 41
0.2
  0
VERTEX
  8
0
 10
58.7498
 20
218.111
 30
0.0
 40
0.2
 41
0.2
  0
VERTEX
  8
0
 10
58.7498
 20
218.099
 30
0.0
 40
0.2
 41
0.2
  0
VERTEX
  8
0
 10
58.7498
 20
215.2
 30
0.0
 40
0.2
 41
0.2
  0
VERTEX
  8
0
 10
58.7498
 20
215.184
 30
0.0
 40
0.2
 41
0.2
  0
VERTEX
  8
0
 10
58.7788
 20
215.13
 30
0.0
 40
0.2
 41
0.2
  0
VERTEX
  8
0
 10
58.8328
 20
215.099
 30
0.0
 40
0.2
 41
0.2
  0
VERTEX
  8
0
 10
58.8504
 20
215.099
 30
0.0
 40
0.2
 41
0.2
  0
VERTEX
  8
0
 10
64.8504
 20
215.099
 30
0.0
 40
0.2
 41
0.2
  0
VERTEX
  8
0
 10
64.867
 20
215.099
 30
0.0
 40
0.2
 41
0.2
  0
VERTEX
  8
0
 10
64.9206
 20
215.13
 30
0.0
 40
0.2
 41
0.2
  0
VERTEX
  8
0
 10
64.9496
 20
215.184
 30
0.0
 40
0.2
 41
0.2
  0
VERTEX
  8
0
 10
64.9496
 20
215.2
 30
0.0
 40
0.2
 41
0.2
  0
VERTEX
  8
0
 10
64.9496
 20
218.099
 30
0.0
 40
0.2
 41
0.2
  0
VERTEX
  8
0
 10
64.9496
 20
218.111
 30
0.0
 40
0.2
 41
0.2
  0
VERTEX
  8
0
 10
64.9344
 20
218.142
 30
0.0
 40
0.2
 41
0.2
  0
VERTEX
  8
0
 10
64.9125
 20
218.138
 30
0.0
 40
0.2
 41
0.2
  0
VERTEX
  8
0
 10
64.9069
 20
218.114
 30
0.0
 40
0.2
 41
0.2
  0
VERTEX
  8
0
 10
64.9386
 20
218.099
 30
0.0
 40
0.2
 41
0.2
  0
VERTEX
  8
0
 10
64.9496
 20
218.099
 30
0.0
 40
0.2
 41
0.2
  0
VERTEX
  8
0
 10
70.7499
 20
218.099
 30
0.0
 40
0.2
 41
0.2
  0
VERTEX
  8
0
 10
70.7595
 20
218.099
 30
0.0
 40
0.2
 41
0.2
  0
VERTEX
  8
0
 10
70.7912
 20
218.114
 30
0.0
 40
0.2
 41
0.2
  0
VERTEX
  8
0
 10
70.787
 20
218.138
 30
0.0
 40
0.2
 41
0.2
  0
VERTEX
  8
0
 10
70.7637
 20
218.142
 30
0.0
 40
0.2
 41
0.2
  0
VERTEX
  8
0
 10
70.7499
 20
218.111
 30
0.0
 40
0.2
 41
0.2
  0
VERTEX
  8
0
 10
70.7499
 20
218.099
 30
0.0
 40
0.2
 41
0.2
  0
VERTEX
  8
0
 10
70.7499
 20
215.2
 30
0.0
 40
0.2
 41
0.2
  0
VERTEX
  8
0
 10
70.7499
 20
215.184
 30
0.0
 40
0.2
 41
0.2
  0
VERTEX
  8
0
 10
70.7789
 20
215.13
 30
0.0
 40
0.2
 41
0.2
  0
VERTEX
  8
0
 10
70.8325
 20
215.099
 30
0.0
 40
0.2
 41
0.2
  0
VERTEX
  8
0
 10
70.8505
 20
215.099
 30
0.0
 40
0.2
 41
0.2
  0
VERTEX
  8
0
 10
76.8505
 20
215.099
 30
0.0
 40
0.2
 41
0.2
  0
VERTEX
  8
0
 10
76.8671
 20
215.099
 30
0.0
 40
0.2
 41
0.2
  0
VERTEX
  8
0
 10
76.9207
 20
215.13
 30
0.0
 40
0.2
 41
0.2
  0
VERTEX
  8
0
 10
76.9497
 20
215.184
 30
0.0
 40
0.2
 41
0.2
  0
VERTEX
  8
0
 10
76.9497
 20
215.2
 30
0.0
 40
0.2
 41
0.2
  0
VERTEX
  8
0
 10
76.9497
 20
218.099
 30
0.0
 40
0.2
 41
0.2
  0
VERTEX
  8
0
 10
76.9497
 20
218.111
 30
0.0
 40
0.2
 41
0.2
  0
VERTEX
  8
0
 10
76.9345
 20
218.142
 30
0.0
 40
0.2
 41
0.2
  0
VERTEX
  8
0
 10
76.9126
 20
218.138
 30
0.0
 40
0.2
 41
0.2
  0
VERTEX
  8
0
 10
76.907
 20
218.114
 30
0.0
 40
0.2
 41
0.2
  0
VERTEX
  8
0
 10
76.9387
 20
218.099
 30
0.0
 40
0.2
 41
0.2
  0
VERTEX
  8
0
 10
76.9497
 20
218.099
 30
0.0
 40
0.2
 41
0.2
  0
VERTEX
  8
0
 10
82.7497
 20
218.099
 30
0.0
 40
0.2
 41
0.2
  0
VERTEX
  8
0
 10
82.7595
 20
218.099
 30
0.0
 40
0.2
 41
0.2
  0
VERTEX
  8
0
 10
82.7913
 20
218.114
 30
0.0
 40
0.2
 41
0.2
  0
VERTEX
  8
0
 10
82.7871
 20
218.138
 30
0.0
 40
0.2
 41
0.2
  0
VERTEX
  8
0
 10
82.7634
 20
218.142
 30
0.0
 40
0.2
 41
0.2
  0
VERTEX
  8
0
 10
82.7497
 20
218.111
 30
0.0
 40
0.2
 41
0.2
  0
VERTEX
  8
0
 10
82.7497
 20
218.099
 30
0.0
 40
0.2
 41
0.2
  0
VERTEX
  8
0
 10
82.7497
 20
215.2
 30
0.0
 40
0.2
 41
0.2
  0
VERTEX
  8
0
 10
82.7497
 20
215.184
 30
0.0
 40
0.2
 41
0.2
  0
VERTEX
  8
0
 10
82.7786
 20
215.13
 30
0.0
 40
0.2
 41
0.2
  0
VERTEX
  8
0
 10
82.8326
 20
215.099
 30
0.0
 40
0.2
 41
0.2
  0
VERTEX
  8
0
 10
82.8506
 20
215.099
 30
0.0
 40
0.2
 41
0.2
  0
VERTEX
  8
0
 10
88.8503
 20
215.099
 30
0.0
 40
0.2
 41
0.2
  0
VERTEX
  8
0
 10
88.8668
 20
215.099
 30
0.0
 40
0.2
 41
0.2
  0
VERTEX
  8
0
 10
88.9208
 20
215.13
 30
0.0
 40
0.2
 41
0.2
  0
VERTEX
  8
0
 10
88.9497
 20
215.184
 30
0.0
 40
0.2
 41
0.2
  0
VERTEX
  8
0
 10
88.9497
 20
215.2
 30
0.0
 40
0.2
 41
0.2
  0
VERTEX
  8
0
 10
88.9497
 20
218.099
 30
0.0
 40
0.2
 41
0.2
  0
VERTEX
  8
0
 10
88.9497
 20
218.111
 30
0.0
 40
0.2
 41
0.2
  0
VERTEX
  8
0
 10
88.9346
 20
218.142
 30
0.0
 40
0.2
 41
0.2
  0
VERTEX
  8
0
 10
88.9123
 20
218.138
 30
0.0
 40
0.2
 41
0.2
  0
VERTEX
  8
0
 10
88.9071
 20
218.114
 30
0.0
 40
0.2
 41
0.2
  0
VERTEX
  8
0
 10
88.9385
 20
218.099
 30
0.0
 40
0.2
 41
0.2
  0
VERTEX
  8
0
 10
88.9497
 20
218.099
 30
0.0
 40
0.2
 41
0.2
  0
VERTEX
  8
0
 10
94.7498
 20
218.099
 30
0.0
 40
0.2
 41
0.2
  0
VERTEX
  8
0
 10
94.7593
 20
218.099
 30
0.0
 40
0.2
 41
0.2
  0
VERTEX
  8
0
 10
94.791
 20
218.114
 30
0.0
 40
0.2
 41
0.2
  0
VERTEX
  8
0
 10
94.7872
 20
218.138
 30
0.0
 40
0.2
 41
0.2
  0
VERTEX
  8
0
 10
94.7635
 20
218.142
 30
0.0
 40
0.2
 41
0.2
  0
VERTEX
  8
0
 10
94.7498
 20
218.111
 30
0.0
 40
0.2
 41
0.2
  0
VERTEX
  8
0
 10
94.7498
 20
218.099
 30
0.0
 40
0.2
 41
0.2
  0
VERTEX
  8
0
 10
94.7498
 20
215.2
 30
0.0
 40
0.2
 41
0.2
  0
VERTEX
  8
0
 10
94.7498
 20
215.184
 30
0.0
 40
0.2
 41
0.2
  0
VERTEX
  8
0
 10
94.7787
 20
215.13
 30
0.0
 40
0.2
 41
0.2
  0
VERTEX
  8
0
 10
94.8323
 20
215.099
 30
0.0
 40
0.2
 41
0.2
  0
VERTEX
  8
0
 10
94.8503
 20
215.099
 30
0.0
 40
0.2
 41
0.2
  0
VERTEX
  8
0
 10
100.85
 20
215.099
 30
0.0
 40
0.2
 41
0.2
  0
VERTEX
  8
0
 10
100.867
 20
215.099
 30
0.0
 40
0.2
 41
0.2
  0
VERTEX
  8
0
 10
100.921
 20
215.13
 30
0.0
 40
0.2
 41
0.2
  0
VERTEX
  8
0
 10
100.949
 20
215.184
 30
0.0
 40
0.2
 41
0.2
  0
VERTEX
  8
0
 10
100.949
 20
215.2
 30
0.0
 40
0.2
 41
0.2
  0
VERTEX
  8
0
 10
100.949
 20
218.099
 30
0.0
 40
0.2
 41
0.2
  0
VERTEX
  8
0
 10
100.949
 20
218.111
 30
0.0
 40
0.2
 41
0.2
  0
VERTEX
  8
0
 10
100.934
 20
218.142
 30
0.0
 40
0.2
 41
0.2
  0
VERTEX
  8
0
 10
100.912
 20
218.138
 30
0.0
 40
0.2
 41
0.2
  0
VERTEX
  8
0
 10
100.907
 20
218.114
 30
0.0
 40
0.2
 41
0.2
  0
VERTEX
  8
0
 10
100.939
 20
218.099
 30
0.0
 40
0.2
 41
0.2
  0
VERTEX
  8
0
 10
100.949
 20
218.099
 30
0.0
 40
0.2
 41
0.2
  0
VERTEX
  8
0
 10
106.75
 20
218.099
 30
0.0
 40
0.2
 41
0.2
  0
VERTEX
  8
0
 10
106.759
 20
218.099
 30
0.0
 40
0.2
 41
0.2
  0
VERTEX
  8
0
 10
106.791
 20
218.114
 30
0.0
 40
0.2
 41
0.2
  0
VERTEX
  8
0
 10
106.787
 20
218.138
 30
0.0
 40
0.2
 41
0.2
  0
VERTEX
  8
0
 10
106.764
 20
218.142
 30
0.0
 40
0.2
 41
0.2
  0
VERTEX
  8
0
 10
106.75
 20
218.111
 30
0.0
 40
0.2
 41
0.2
  0
VERTEX
  8
0
 10
106.75
 20
218.099
 30
0.0
 40
0.2
 41
0.2
  0
VERTEX
  8
0
 10
106.75
 20
215.2
 30
0.0
 40
0.2
 41
0.2
  0
VERTEX
  8
0
 10
106.75
 20
215.184
 30
0.0
 40
0.2
 41
0.2
  0
VERTEX
  8
0
 10
106.779
 20
215.13
 30
0.0
 40
0.2
 41
0.2
  0
VERTEX
  8
0
 10
106.832
 20
215.099
 30
0.0
 40
0.2
 41
0.2
  0
VERTEX
  8
0
 10
106.85
 20
215.099
 30
0.0
 40
0.2
 41
0.2
  0
VERTEX
  8
0
 10
112.85
 20
215.099
 30
0.0
 40
0.2
 41
0.2
  0
VERTEX
  8
0
 10
112.867
 20
215.099
 30
0.0
 40
0.2
 41
0.2
  0
VERTEX
  8
0
 10
112.921
 20
215.13
 30
0.0
 40
0.2
 41
0.2
  0
VERTEX
  8
0
 10
112.95
 20
215.184
 30
0.0
 40
0.2
 41
0.2
  0
VERTEX
  8
0
 10
112.95
 20
215.2
 30
0.0
 40
0.2
 41
0.2
  0
VERTEX
  8
0
 10
112.95
 20
218.099
 30
0.0
 40
0.2
 41
0.2
  0
VERTEX
  8
0
 10
112.95
 20
218.111
 30
0.0
 40
0.2
 41
0.2
  0
VERTEX
  8
0
 10
112.934
 20
218.142
 30
0.0
 40
0.2
 41
0.2
  0
VERTEX
  8
0
 10
112.912
 20
218.138
 30
0.0
 40
0.2
 41
0.2
  0
VERTEX
  8
0
 10
112.907
 20
218.114
 30
0.0
 40
0.2
 41
0.2
  0
VERTEX
  8
0
 10
112.939
 20
218.099
 30
0.0
 40
0.2
 41
0.2
  0
VERTEX
  8
0
 10
112.95
 20
218.099
 30
0.0
 40
0.2
 41
0.2
  0
VERTEX
  8
0
 10
118.75
 20
218.099
 30
0.0
 40
0.2
 41
0.2
  0
VERTEX
  8
0
 10
118.759
 20
218.099
 30
0.0
 40
0.2
 41
0.2
  0
VERTEX
  8
0
 10
118.791
 20
218.114
 30
0.0
 40
0.2
 41
0.2
  0
VERTEX
  8
0
 10
118.787
 20
218.138
 30
0.0
 40
0.2
 41
0.2
  0
VERTEX
  8
0
 10
118.763
 20
218.142
 30
0.0
 40
0.2
 41
0.2
  0
VERTEX
  8
0
 10
118.75
 20
218.111
 30
0.0
 40
0.2
 41
0.2
  0
VERTEX
  8
0
 10
118.75
 20
218.099
 30
0.0
 40
0.2
 41
0.2
  0
VERTEX
  8
0
 10
118.75
 20
215.2
 30
0.0
 40
0.2
 41
0.2
  0
VERTEX
  8
0
 10
118.75
 20
215.184
 30
0.0
 40
0.2
 41
0.2
  0
VERTEX
  8
0
 10
118.779
 20
215.13
 30
0.0
 40
0.2
 41
0.2
  0
VERTEX
  8
0
 10
118.832
 20
215.099
 30
0.0
 40
0.2
 41
0.2
  0
VERTEX
  8
0
 10
118.85
 20
215.099
 30
0.0
 40
0.2
 41
0.2
  0
VERTEX
  8
0
 10
124.85
 20
215.099
 30
0.0
 40
0.2
 41
0.2
  0
VERTEX
  8
0
 10
124.867
 20
215.099
 30
0.0
 40
0.2
 41
0.2
  0
VERTEX
  8
0
 10
124.92
 20
215.13
 30
0.0
 40
0.2
 41
0.2
  0
VERTEX
  8
0
 10
124.95
 20
215.184
 30
0.0
 40
0.2
 41
0.2
  0
VERTEX
  8
0
 10
124.95
 20
215.2
 30
0.0
 40
0.2
 41
0.2
  0
VERTEX
  8
0
 10
124.95
 20
218.099
 30
0.0
 40
0.2
 41
0.2
  0
VERTEX
  8
0
 10
124.95
 20
218.111
 30
0.0
 40
0.2
 41
0.2
  0
VERTEX
  8
0
 10
124.934
 20
218.142
 30
0.0
 40
0.2
 41
0.2
  0
VERTEX
  8
0
 10
124.912
 20
218.138
 30
0.0
 40
0.2
 41
0.2
  0
VERTEX
  8
0
 10
124.907
 20
218.114
 30
0.0
 40
0.2
 41
0.2
  0
VERTEX
  8
0
 10
124.938
 20
218.099
 30
0.0
 40
0.2
 41
0.2
  0
VERTEX
  8
0
 10
124.95
 20
218.099
 30
0.0
 40
0.2
 41
0.2
  0
VERTEX
  8
0
 10
130.75
 20
218.099
 30
0.0
 40
0.2
 41
0.2
  0
VERTEX
  8
0
 10
130.759
 20
218.099
 30
0.0
 40
0.2
 41
0.2
  0
VERTEX
  8
0
 10
130.791
 20
218.114
 30
0.0
 40
0.2
 41
0.2
  0
VERTEX
  8
0
 10
130.787
 20
218.138
 30
0.0
 40
0.2
 41
0.2
  0
VERTEX
  8
0
 10
130.763
 20
218.142
 30
0.0
 40
0.2
 41
0.2
  0
VERTEX
  8
0
 10
130.75
 20
218.111
 30
0.0
 40
0.2
 41
0.2
  0
VERTEX
  8
0
 10
130.75
 20
218.099
 30
0.0
 40
0.2
 41
0.2
  0
VERTEX
  8
0
 10
130.75
 20
215.2
 30
0.0
 40
0.2
 41
0.2
  0
VERTEX
  8
0
 10
130.75
 20
215.184
 30
0.0
 40
0.2
 41
0.2
  0
VERTEX
  8
0
 10
130.779
 20
215.13
 30
0.0
 40
0.2
 41
0.2
  0
VERTEX
  8
0
 10
130.832
 20
215.099
 30
0.0
 40
0.2
 41
0.2
  0
VERTEX
  8
0
 10
130.85
 20
215.099
 30
0.0
 40
0.2
 41
0.2
  0
VERTEX
  8
0
 10
136.85
 20
215.099
 30
0.0
 40
0.2
 41
0.2
  0
VERTEX
  8
0
 10
136.867
 20
215.099
 30
0.0
 40
0.2
 41
0.2
  0
VERTEX
  8
0
 10
136.92
 20
215.13
 30
0.0
 40
0.2
 41
0.2
  0
VERTEX
  8
0
 10
136.949
 20
215.184
 30
0.0
 40
0.2
 41
0.2
  0
VERTEX
  8
0
 10
136.949
 20
215.2
 30
0.0
 40
0.2
 41
0.2
  0
VERTEX
  8
0
 10
136.949
 20
218.099
 30
0.0
 40
0.2
 41
0.2
  0
VERTEX
  8
0
 10
136.949
 20
218.111
 30
0.0
 40
0.2
 41
0.2
  0
VERTEX
  8
0
 10
136.934
 20
218.142
 30
0.0
 40
0.2
 41
0.2
  0
VERTEX
  8
0
 10
136.912
 20
218.138
 30
0.0
 40
0.2
 41
0.2
  0
VERTEX
  8
0
 10
136.907
 20
218.114
 30
0.0
 40
0.2
 41
0.2
  0
VERTEX
  8
0
 10
136.938
 20
218.099
 30
0.0
 40
0.2
 41
0.2
  0
VERTEX
  8
0
 10
136.949
 20
218.099
 30
0.0
 40
0.2
 41
0.2
  0
VERTEX
  8
0
 10
142.75
 20
218.099
 30
0.0
 40
0.2
 41
0.2
  0
VERTEX
  8
0
 10
142.759
 20
218.099
 30
0.0
 40
0.2
 41
0.2
  0
VERTEX
  8
0
 10
142.791
 20
218.114
 30
0.0
 40
0.2
 41
0.2
  0
VERTEX
  8
0
 10
142.787
 20
218.138
 30
0.0
 40
0.2
 41
0.2
  0
VERTEX
  8
0
 10
142.764
 20
218.142
 30
0.0
 40
0.2
 41
0.2
  0
VERTEX
  8
0
 10
142.75
 20
218.111
 30
0.0
 40
0.2
 41
0.2
  0
VERTEX
  8
0
 10
142.75
 20
218.099
 30
0.0
 40
0.2
 41
0.2
  0
VERTEX
  8
0
 10
142.75
 20
215.2
 30
0.0
 40
0.2
 41
0.2
  0
VERTEX
  8
0
 10
142.75
 20
215.184
 30
0.0
 40
0.2
 41
0.2
  0
VERTEX
  8
0
 10
142.779
 20
215.13
 30
0.0
 40
0.2
 41
0.2
  0
VERTEX
  8
0
 10
142.832
 20
215.099
 30
0.0
 40
0.2
 41
0.2
  0
VERTEX
  8
0
 10
142.85
 20
215.099
 30
0.0
 40
0.2
 41
0.2
  0
VERTEX
  8
0
 10
148.85
 20
215.099
 30
0.0
 40
0.2
 41
0.2
  0
VERTEX
  8
0
 10
148.867
 20
215.099
 30
0.0
 40
0.2
 41
0.2
  0
VERTEX
  8
0
 10
148.921
 20
215.13
 30
0.0
 40
0.2
 41
0.2
  0
VERTEX
  8
0
 10
148.949
 20
215.184
 30
0.0
 40
0.2
 41
0.2
  0
VERTEX
  8
0
 10
148.949
 20
215.2
 30
0.0
 40
0.2
 41
0.2
  0
VERTEX
  8
0
 10
148.949
 20
218.099
 30
0.0
 40
0.2
 41
0.2
  0
VERTEX
  8
0
 10
148.949
 20
218.111
 30
0.0
 40
0.2
 41
0.2
  0
VERTEX
  8
0
 10
148.934
 20
218.142
 30
0.0
 40
0.2
 41
0.2
  0
VERTEX
  8
0
 10
148.912
 20
218.138
 30
0.0
 40
0.2
 41
0.2
  0
VERTEX
  8
0
 10
148.907
 20
218.114
 30
0.0
 40
0.2
 41
0.2
  0
VERTEX
  8
0
 10
148.939
 20
218.099
 30
0.0
 40
0.2
 41
0.2
  0
VERTEX
  8
0
 10
148.949
 20
218.099
 30
0.0
 40
0.2
 41
0.2
  0
VERTEX
  8
0
 10
154.75
 20
218.099
 30
0.0
 40
0.2
 41
0.2
  0
VERTEX
  8
0
 10
154.759
 20
218.099
 30
0.0
 40
0.2
 41
0.2
  0
VERTEX
  8
0
 10
154.791
 20
218.114
 30
0.0
 40
0.2
 41
0.2
  0
VERTEX
  8
0
 10
154.787
 20
218.138
 30
0.0
 40
0.2
 41
0.2
  0
VERTEX
  8
0
 10
154.763
 20
218.142
 30
0.0
 40
0.2
 41
0.2
  0
VERTEX
  8
0
 10
154.75
 20
218.111
 30
0.0
 40
0.2
 41
0.2
  0
VERTEX
  8
0
 10
154.75
 20
218.099
 30
0.0
 40
0.2
 41
0.2
  0
VERTEX
  8
0
 10
154.75
 20
215.2
 30
0.0
 40
0.2
 41
0.2
  0
VERTEX
  8
0
 10
154.75
 20
215.184
 30
0.0
 40
0.2
 41
0.2
  0
VERTEX
  8
0
 10
154.778
 20
215.13
 30
0.0
 40
0.2
 41
0.2
  0
VERTEX
  8
0
 10
154.832
 20
215.099
 30
0.0
 40
0.2
 41
0.2
  0
VERTEX
  8
0
 10
154.85
 20
215.099
 30
0.0
 40
0.2
 41
0.2
  0
VERTEX
  8
0
 10
160.85
 20
215.099
 30
0.0
 40
0.2
 41
0.2
  0
VERTEX
  8
0
 10
160.867
 20
215.099
 30
0.0
 40
0.2
 41
0.2
  0
VERTEX
  8
0
 10
160.92
 20
215.13
 30
0.0
 40
0.2
 41
0.2
  0
VERTEX
  8
0
 10
160.949
 20
215.184
 30
0.0
 40
0.2
 41
0.2
  0
VERTEX
  8
0
 10
160.949
 20
215.2
 30
0.0
 40
0.2
 41
0.2
  0
VERTEX
  8
0
 10
160.949
 20
218.099
 30
0.0
 40
0.2
 41
0.2
  0
VERTEX
  8
0
 10
160.949
 20
218.111
 30
0.0
 40
0.2
 41
0.2
  0
VERTEX
  8
0
 10
160.934
 20
218.142
 30
0.0
 40
0.2
 41
0.2
  0
VERTEX
  8
0
 10
160.912
 20
218.138
 30
0.0
 40
0.2
 41
0.2
  0
VERTEX
  8
0
 10
160.907
 20
218.114
 30
0.0
 40
0.2
 41
0.2
  0
VERTEX
  8
0
 10
160.938
 20
218.099
 30
0.0
 40
0.2
 41
0.2
  0
VERTEX
  8
0
 10
160.949
 20
218.099
 30
0.0
 40
0.2
 41
0.2
  0
VERTEX
  8
0
 10
166.75
 20
218.099
 30
0.0
 40
0.2
 41
0.2
  0
VERTEX
  8
0
 10
166.759
 20
218.099
 30
0.0
 40
0.2
 41
0.2
  0
VERTEX
  8
0
 10
166.791
 20
218.114
 30
0.0
 40
0.2
 41
0.2
  0
VERTEX
  8
0
 10
166.787
 20
218.138
 30
0.0
 40
0.2
 41
0.2
  0
VERTEX
  8
0
 10
166.763
 20
218.142
 30
0.0
 40
0.2
 41
0.2
  0
VERTEX
  8
0
 10
166.75
 20
218.111
 30
0.0
 40
0.2
 41
0.2
  0
VERTEX
  8
0
 10
166.75
 20
218.099
 30
0.0
 40
0.2
 41
0.2
  0
VERTEX
  8
0
 10
166.75
 20
215.2
 30
0.0
 40
0.2
 41
0.2
  0
VERTEX
  8
0
 10
166.75
 20
215.184
 30
0.0
 40
0.2
 41
0.2
  0
VERTEX
  8
0
 10
166.779
 20
215.13
 30
0.0
 40
0.2
 41
0.2
  0
VERTEX
  8
0
 10
166.832
 20
215.099
 30
0.0
 40
0.2
 41
0.2
  0
VERTEX
  8
0
 10
166.85
 20
215.099
 30
0.0
 40
0.2
 41
0.2
  0
VERTEX
  8
0
 10
172.85
 20
215.099
 30
0.0
 40
0.2
 41
0.2
  0
VERTEX
  8
0
 10
172.867
 20
215.099
 30
0.0
 40
0.2
 41
0.2
  0
VERTEX
  8
0
 10
172.92
 20
215.13
 30
0.0
 40
0.2
 41
0.2
  0
VERTEX
  8
0
 10
172.951
 20
215.184
 30
0.0
 40
0.2
 41
0.2
  0
VERTEX
  8
0
 10
172.951
 20
215.2
 30
0.0
 40
0.2
 41
0.2
  0
VERTEX
  8
0
 10
172.951
 20
218.099
 30
0.0
 40
0.2
 41
0.2
  0
VERTEX
  8
0
 10
172.951
 20
218.111
 30
0.0
 40
0.2
 41
0.2
  0
VERTEX
  8
0
 10
172.936
 20
218.142
 30
0.0
 40
0.2
 41
0.2
  0
VERTEX
  8
0
 10
172.912
 20
218.138
 30
0.0
 40
0.2
 41
0.2
  0
VERTEX
  8
0
 10
172.908
 20
218.114
 30
0.0
 40
0.2
 41
0.2
  0
VERTEX
  8
0
 10
172.94
 20
218.099
 30
0.0
 40
0.2
 41
0.2
  0
VERTEX
  8
0
 10
172.951
 20
218.099
 30
0.0
 40
0.2
 41
0.2
  0
VERTEX
  8
0
 10
178.749
 20
218.099
 30
0.0
 40
0.2
 41
0.2
  0
VERTEX
  8
0
 10
178.759
 20
218.099
 30
0.0
 40
0.2
 41
0.2
  0
VERTEX
  8
0
 10
178.791
 20
218.114
 30
0.0
 40
0.2
 41
0.2
  0
VERTEX
  8
0
 10
178.787
 20
218.138
 30
0.0
 40
0.2
 41
0.2
  0
VERTEX
  8
0
 10
178.763
 20
218.142
 30
0.0
 40
0.2
 41
0.2
  0
VERTEX
  8
0
 10
178.749
 20
218.111
 30
0.0
 40
0.2
 41
0.2
  0
VERTEX
  8
0
 10
178.749
 20
218.099
 30
0.0
 40
0.2
 41
0.2
  0
VERTEX
  8
0
 10
178.749
 20
215.2
 30
0.0
 40
0.2
 41
0.2
  0
VERTEX
  8
0
 10
178.749
 20
215.184
 30
0.0
 40
0.2
 41
0.2
  0
VERTEX
  8
0
 10
178.778
 20
215.13
 30
0.0
 40
0.2
 41
0.2
  0
VERTEX
  8
0
 10
178.832
 20
215.099
 30
0.0
 40
0.2
 41
0.2
  0
VERTEX
  8
0
 10
178.85
 20
215.099
 30
0.0
 40
0.2
 41
0.2
  0
VERTEX
  8
0
 10
184.85
 20
215.099
 30
0.0
 40
0.2
 41
0.2
  0
VERTEX
  8
0
 10
184.866
 20
215.099
 30
0.0
 40
0.2
 41
0.2
  0
VERTEX
  8
0
 10
184.92
 20
215.13
 30
0.0
 40
0.2
 41
0.2
  0
VERTEX
  8
0
 10
184.951
 20
215.184
 30
0.0
 40
0.2
 41
0.2
  0
VERTEX
  8
0
 10
184.951
 20
215.2
 30
0.0
 40
0.2
 41
0.2
  0
VERTEX
  8
0
 10
184.951
 20
218.099
 30
0.0
 40
0.2
 41
0.2
  0
VERTEX
  8
0
 10
184.951
 20
218.111
 30
0.0
 40
0.2
 41
0.2
  0
VERTEX
  8
0
 10
184.936
 20
218.142
 30
0.0
 40
0.2
 41
0.2
  0
VERTEX
  8
0
 10
184.912
 20
218.138
 30
0.0
 40
0.2
 41
0.2
  0
VERTEX
  8
0
 10
184.908
 20
218.114
 30
0.0
 40
0.2
 41
0.2
  0
VERTEX
  8
0
 10
184.94
 20
218.099
 30
0.0
 40
0.2
 41
0.2
  0
VERTEX
  8
0
 10
184.951
 20
218.099
 30
0.0
 40
0.2
 41
0.2
  0
VERTEX
  8
0
 10
190.751
 20
218.099
 30
0.0
 40
0.2
 41
0.2
  0
VERTEX
  8
0
 10
190.76
 20
218.099
 30
0.0
 40
0.2
 41
0.2
  0
VERTEX
  8
0
 10
190.792
 20
218.114
 30
0.0
 40
0.2
 41
0.2
  0
VERTEX
  8
0
 10
190.788
 20
218.138
 30
0.0
 40
0.2
 41
0.2
  0
VERTEX
  8
0
 10
190.765
 20
218.142
 30
0.0
 40
0.2
 41
0.2
  0
VERTEX
  8
0
 10
190.751
 20
218.111
 30
0.0
 40
0.2
 41
0.2
  0
VERTEX
  8
0
 10
190.751
 20
218.099
 30
0.0
 40
0.2
 41
0.2
  0
VERTEX
  8
0
 10
190.751
 20
215.2
 30
0.0
 40
0.2
 41
0.2
  0
VERTEX
  8
0
 10
190.751
 20
215.184
 30
0.0
 40
0.2
 41
0.2
  0
VERTEX
  8
0
 10
190.78
 20
215.13
 30
0.0
 40
0.2
 41
0.2
  0
VERTEX
  8
0
 10
190.832
 20
215.099
 30
0.0
 40
0.2
 41
0.2
  0
VERTEX
  8
0
 10
190.85
 20
215.099
 30
0.0
 40
0.2
 41
0.2
  0
VERTEX
  8
0
 10
196.85
 20
215.099
 30
0.0
 40
0.2
 41
0.2
  0
VERTEX
  8
0
 10
196.867
 20
215.099
 30
0.0
 40
0.2
 41
0.2
  0
VERTEX
  8
0
 10
196.92
 20
215.13
 30
0.0
 40
0.2
 41
0.2
  0
VERTEX
  8
0
 10
196.949
 20
215.184
 30
0.0
 40
0.2
 41
0.2
  0
VERTEX
  8
0
 10
196.949
 20
215.2
 30
0.0
 40
0.2
 41
0.2
  0
VERTEX
  8
0
 10
196.949
 20
218.099
 30
0.0
 40
0.2
 41
0.2
  0
VERTEX
  8
0
 10
196.949
 20
218.111
 30
0.0
 40
0.2
 41
0.2
  0
VERTEX
  8
0
 10
196.934
 20
218.142
 30
0.0
 40
0.2
 41
0.2
  0
VERTEX
  8
0
 10
196.912
 20
218.138
 30
0.0
 40
0.2
 41
0.2
  0
VERTEX
  8
0
 10
196.906
 20
218.114
 30
0.0
 40
0.2
 41
0.2
  0
VERTEX
  8
0
 10
196.938
 20
218.099
 30
0.0
 40
0.2
 41
0.2
  0
VERTEX
  8
0
 10
196.949
 20
218.099
 30
0.0
 40
0.2
 41
0.2
  0
VERTEX
  8
0
 10
202.75
 20
218.099
 30
0.0
 40
0.2
 41
0.2
  0
VERTEX
  8
0
 10
202.759
 20
218.099
 30
0.0
 40
0.2
 41
0.2
  0
VERTEX
  8
0
 10
202.791
 20
218.114
 30
0.0
 40
0.2
 41
0.2
  0
VERTEX
  8
0
 10
202.787
 20
218.138
 30
0.0
 40
0.2
 41
0.2
  0
VERTEX
  8
0
 10
202.763
 20
218.142
 30
0.0
 40
0.2
 41
0.2
  0
VERTEX
  8
0
 10
202.75
 20
218.111
 30
0.0
 40
0.2
 41
0.2
  0
VERTEX
  8
0
 10
202.75
 20
218.099
 30
0.0
 40
0.2
 41
0.2
  0
VERTEX
  8
0
 10
202.75
 20
215.2
 30
0.0
 40
0.2
 41
0.2
  0
VERTEX
  8
0
 10
202.75
 20
215.184
 30
0.0
 40
0.2
 41
0.2
  0
VERTEX
  8
0
 10
202.778
 20
215.13
 30
0.0
 40
0.2
 41
0.2
  0
VERTEX
  8
0
 10
202.832
 20
215.099
 30
0.0
 40
0.2
 41
0.2
  0
VERTEX
  8
0
 10
202.85
 20
215.099
 30
0.0
 40
0.2
 41
0.2
  0
VERTEX
  8
0
 10
208.85
 20
215.099
 30
0.0
 40
0.2
 41
0.2
  0
VERTEX
  8
0
 10
208.867
 20
215.099
 30
0.0
 40
0.2
 41
0.2
  0
VERTEX
  8
0
 10
208.92
 20
215.13
 30
0.0
 40
0.2
 41
0.2
  0
VERTEX
  8
0
 10
208.951
 20
215.184
 30
0.0
 40
0.2
 41
0.2
  0
VERTEX
  8
0
 10
208.951
 20
215.2
 30
0.0
 40
0.2
 41
0.2
  0
VERTEX
  8
0
 10
208.951
 20
218.099
 30
0.0
 40
0.2
 41
0.2
  0
VERTEX
  8
0
 10
208.951
 20
218.111
 30
0.0
 40
0.2
 41
0.2
  0
VERTEX
  8
0
 10
208.935
 20
218.142
 30
0.0
 40
0.2
 41
0.2
  0
VERTEX
  8
0
 10
208.912
 20
218.138
 30
0.0
 40
0.2
 41
0.2
  0
VERTEX
  8
0
 10
208.908
 20
218.114
 30
0.0
 40
0.2
 41
0.2
  0
VERTEX
  8
0
 10
208.94
 20
218.099
 30
0.0
 40
0.2
 41
0.2
  0
VERTEX
  8
0
 10
208.951
 20
218.099
 30
0.0
 40
0.2
 41
0.2
  0
VERTEX
  8
0
 10
214.749
 20
218.099
 30
0.0
 40
0.2
 41
0.2
  0
VERTEX
  8
0
 10
214.759
 20
218.099
 30
0.0
 40
0.2
 41
0.2
  0
VERTEX
  8
0
 10
214.791
 20
218.114
 30
0.0
 40
0.2
 41
0.2
  0
VERTEX
  8
0
 10
214.787
 20
218.138
 30
0.0
 40
0.2
 41
0.2
  0
VERTEX
  8
0
 10
214.763
 20
218.142
 30
0.0
 40
0.2
 41
0.2
  0
VERTEX
  8
0
 10
214.749
 20
218.111
 30
0.0
 40
0.2
 41
0.2
  0
VERTEX
  8
0
 10
214.749
 20
218.099
 30
0.0
 40
0.2
 41
0.2
  0
VERTEX
  8
0
 10
214.749
 20
215.2
 30
0.0
 40
0.2
 41
0.2
  0
VERTEX
  8
0
 10
214.749
 20
215.184
 30
0.0
 40
0.2
 41
0.2
  0
VERTEX
  8
0
 10
214.778
 20
215.13
 30
0.0
 40
0.2
 41
0.2
  0
VERTEX
  8
0
 10
214.832
 20
215.099
 30
0.0
 40
0.2
 41
0.2
  0
VERTEX
  8
0
 10
214.85
 20
215.099
 30
0.0
 40
0.2
 41
0.2
  0
VERTEX
  8
0
 10
220.85
 20
215.099
 30
0.0
 40
0.2
 41
0.2
  0
VERTEX
  8
0
 10
220.866
 20
215.099
 30
0.0
 40
0.2
 41
0.2
  0
VERTEX
  8
0
 10
220.92
 20
215.13
 30
0.0
 40
0.2
 41
0.2
  0
VERTEX
  8
0
 10
220.95
 20
215.184
 30
0.0
 40
0.2
 41
0.2
  0
VERTEX
  8
0
 10
220.95
 20
215.2
 30
0.0
 40
0.2
 41
0.2
  0
VERTEX
  8
0
 10
220.95
 20
218.099
 30
0.0
 40
0.2
 41
0.2
  0
VERTEX
  8
0
 10
220.95
 20
218.111
 30
0.0
 40
0.2
 41
0.2
  0
VERTEX
  8
0
 10
220.935
 20
218.142
 30
0.0
 40
0.2
 41
0.2
  0
VERTEX
  8
0
 10
220.912
 20
218.138
 30
0.0
 40
0.2
 41
0.2
  0
VERTEX
  8
0
 10
220.908
 20
218.114
 30
0.0
 40
0.2
 41
0.2
  0
VERTEX
  8
0
 10
220.939
 20
218.099
 30
0.0
 40
0.2
 41
0.2
  0
VERTEX
  8
0
 10
220.95
 20
218.099
 30
0.0
 40
0.2
 41
0.2
  0
VERTEX
  8
0
 10
226.751
 20
218.099
 30
0.0
 40
0.2
 41
0.2
  0
VERTEX
  8
0
 10
226.76
 20
218.099
 30
0.0
 40
0.2
 41
0.2
  0
VERTEX
  8
0
 10
226.792
 20
218.114
 30
0.0
 40
0.2
 41
0.2
  0
VERTEX
  8
0
 10
226.788
 20
218.138
 30
0.0
 40
0.2
 41
0.2
  0
VERTEX
  8
0
 10
226.764
 20
218.142
 30
0.0
 40
0.2
 41
0.2
  0
VERTEX
  8
0
 10
226.751
 20
218.111
 30
0.0
 40
0.2
 41
0.2
  0
VERTEX
  8
0
 10
226.751
 20
218.099
 30
0.0
 40
0.2
 41
0.2
  0
VERTEX
  8
0
 10
226.751
 20
215.2
 30
0.0
 40
0.2
 41
0.2
  0
VERTEX
  8
0
 10
226.751
 20
215.184
 30
0.0
 40
0.2
 41
0.2
  0
VERTEX
  8
0
 10
226.78
 20
215.13
 30
0.0
 40
0.2
 41
0.2
  0
VERTEX
  8
0
 10
226.832
 20
215.099
 30
0.0
 40
0.2
 41
0.2
  0
VERTEX
  8
0
 10
226.85
 20
215.099
 30
0.0
 40
0.2
 41
0.2
  0
VERTEX
  8
0
 10
232.85
 20
215.099
 30
0.0
 40
0.2
 41
0.2
  0
VERTEX
  8
0
 10
232.866
 20
215.099
 30
0.0
 40
0.2
 41
0.2
  0
VERTEX
  8
0
 10
232.92
 20
215.13
 30
0.0
 40
0.2
 41
0.2
  0
VERTEX
  8
0
 10
232.95
 20
215.184
 30
0.0
 40
0.2
 41
0.2
  0
VERTEX
  8
0
 10
232.95
 20
215.2
 30
0.0
 40
0.2
 41
0.2
  0
VERTEX
  8
0
 10
232.95
 20
218.099
 30
0.0
 40
0.2
 41
0.2
  0
VERTEX
  8
0
 10
232.95
 20
218.111
 30
0.0
 40
0.2
 41
0.2
  0
VERTEX
  8
0
 10
232.935
 20
218.142
 30
0.0
 40
0.2
 41
0.2
  0
VERTEX
  8
0
 10
232.912
 20
218.138
 30
0.0
 40
0.2
 41
0.2
  0
VERTEX
  8
0
 10
232.908
 20
218.114
 30
0.0
 40
0.2
 41
0.2
  0
VERTEX
  8
0
 10
232.94
 20
218.099
 30
0.0
 40
0.2
 41
0.2
  0
VERTEX
  8
0
 10
232.95
 20
218.099
 30
0.0
 40
0.2
 41
0.2
  0
VERTEX
  8
0
 10
238.75
 20
218.099
 30
0.0
 40
0.2
 41
0.2
  0
VERTEX
  8
0
 10
238.76
 20
218.099
 30
0.0
 40
0.2
 41
0.2
  0
VERTEX
  8
0
 10
238.792
 20
218.114
 30
0.0
 40
0.2
 41
0.2
  0
VERTEX
  8
0
 10
238.788
 20
218.138
 30
0.0
 40
0.2
 41
0.2
  0
VERTEX
  8
0
 10
238.765
 20
218.142
 30
0.0
 40
0.2
 41
0.2
  0
VERTEX
  8
0
 10
238.75
 20
218.111
 30
0.0
 40
0.2
 41
0.2
  0
VERTEX
  8
0
 10
238.75
 20
218.099
 30
0.0
 40
0.2
 41
0.2
  0
VERTEX
  8
0
 10
238.75
 20
215.2
 30
0.0
 40
0.2
 41
0.2
  0
VERTEX
  8
0
 10
238.75
 20
215.184
 30
0.0
 40
0.2
 41
0.2
  0
VERTEX
  8
0
 10
238.779
 20
215.13
 30
0.0
 40
0.2
 41
0.2
  0
VERTEX
  8
0
 10
238.832
 20
215.099
 30
0.0
 40
0.2
 41
0.2
  0
VERTEX
  8
0
 10
238.85
 20
215.099
 30
0.0
 40
0.2
 41
0.2
  0
VERTEX
  8
0
 10
244.85
 20
215.099
 30
0.0
 40
0.2
 41
0.2
  0
VERTEX
  8
0
 10
244.866
 20
215.099
 30
0.0
 40
0.2
 41
0.2
  0
VERTEX
  8
0
 10
244.92
 20
215.13
 30
0.0
 40
0.2
 41
0.2
  0
VERTEX
  8
0
 10
244.951
 20
215.184
 30
0.0
 40
0.2
 41
0.2
  0
VERTEX
  8
0
 10
244.951
 20
215.2
 30
0.0
 40
0.2
 41
0.2
  0
VERTEX
  8
0
 10
244.951
 20
218.099
 30
0.0
 40
0.2
 41
0.2
  0
VERTEX
  8
0
 10
244.951
 20
218.111
 30
0.0
 40
0.2
 41
0.2
  0
VERTEX
  8
0
 10
244.935
 20
218.142
 30
0.0
 40
0.2
 41
0.2
  0
VERTEX
  8
0
 10
244.912
 20
218.138
 30
0.0
 40
0.2
 41
0.2
  0
VERTEX
  8
0
 10
244.908
 20
218.114
 30
0.0
 40
0.2
 41
0.2
  0
VERTEX
  8
0
 10
244.939
 20
218.099
 30
0.0
 40
0.2
 41
0.2
  0
VERTEX
  8
0
 10
244.951
 20
218.099
 30
0.0
 40
0.2
 41
0.2
  0
VERTEX
  8
0
 10
254.599
 20
218.099
 30
0.0
 40
0.2
 41
0.2
  0
VERTEX
  8
0
 10
254.616
 20
218.099
 30
0.0
 40
0.2
 41
0.2
  0
VERTEX
  8
0
 10
254.67
 20
218.13
 30
0.0
 40
0.2
 41
0.2
  0
VERTEX
  8
0
 10
254.7
 20
218.184
 30
0.0
 40
0.2
 41
0.2
  0
VERTEX
  8
0
 10
254.7
 20
218.2
 30
0.0
 40
0.2
 41
0.2
  0
VERTEX
  8
0
 10
254.7
 20
229.85
 30
0.0
 40
0.2
 41
0.2
  0
VERTEX
  8
0
 10
254.7
 20
229.861
 30
0.0
 40
0.2
 41
0.2
  0
VERTEX
  8
0
 10
254.685
 20
229.893
 30
0.0
 40
0.2
 41
0.2
  0
VERTEX
  8
0
 10
254.661
 20
229.888
 30
0.0
 40
0.2
 41
0.2
  0
VERTEX
  8
0
 10
254.657
 20
229.865
 30
0.0
 40
0.2
 41
0.2
  0
VERTEX
  8
0
 10
254.689
 20
229.85
 30
0.0
 40
0.2
 41
0.2
  0
VERTEX
  8
0
 10
254.7
 20
229.85
 30
0.0
 40
0.2
 41
0.2
  0
VERTEX
  8
0
 10
257.599
 20
229.85
 30
0.0
 40
0.2
 41
0.2
  0
VERTEX
  8
0
 10
257.616
 20
229.85
 30
0.0
 40
0.2
 41
0.2
  0
VERTEX
  8
0
 10
257.67
 20
229.88
 30
0.0
 40
0.2
 41
0.2
  0
VERTEX
  8
0
 10
257.7
 20
229.934
 30
0.0
 40
0.2
 41
0.2
  0
VERTEX
  8
0
 10
257.7
 20
229.95
 30
0.0
 40
0.2
 41
0.2
  0
VERTEX
  8
0
 10
257.7
 20
235.95
 30
0.0
 40
0.2
 41
0.2
  0
VERTEX
  8
0
 10
257.7
 20
235.968
 30
0.0
 40
0.2
 41
0.2
  0
VERTEX
  8
0
 10
257.67
 20
236.021
 30
0.0
 40
0.2
 41
0.2
  0
VERTEX
  8
0
 10
257.616
 20
236.05
 30
0.0
 40
0.2
 41
0.2
  0
VERTEX
  8
0
 10
257.599
 20
236.05
 30
0.0
 40
0.2
 41
0.2
  0
VERTEX
  8
0
 10
254.7
 20
236.05
 30
0.0
 40
0.2
 41
0.2
  0
VERTEX
  8
0
 10
254.689
 20
236.05
 30
0.0
 40
0.2
 41
0.2
  0
VERTEX
  8
0
 10
254.657
 20
236.036
 30
0.0
 40
0.2
 41
0.2
  0
VERTEX
  8
0
 10
254.661
 20
236.013
 30
0.0
 40
0.2
 41
0.2
  0
VERTEX
  8
0
 10
254.685
 20
236.008
 30
0.0
 40
0.2
 41
0.2
  0
VERTEX
  8
0
 10
254.7
 20
236.04
 30
0.0
 40
0.2
 41
0.2
  0
VERTEX
  8
0
 10
254.7
 20
236.05
 30
0.0
 40
0.2
 41
0.2
  0
VERTEX
  8
0
 10
254.7
 20
241.85
 30
0.0
 40
0.2
 41
0.2
  0
VERTEX
  8
0
 10
254.7
 20
241.861
 30
0.0
 40
0.2
 41
0.2
  0
VERTEX
  8
0
 10
254.685
 20
241.893
 30
0.0
 40
0.2
 41
0.2
  0
VERTEX
  8
0
 10
254.661
 20
241.888
 30
0.0
 40
0.2
 41
0.2
  0
VERTEX
  8
0
 10
254.657
 20
241.865
 30
0.0
 40
0.2
 41
0.2
  0
VERTEX
  8
0
 10
254.689
 20
241.85
 30
0.0
 40
0.2
 41
0.2
  0
VERTEX
  8
0
 10
254.7
 20
241.85
 30
0.0
 40
0.2
 41
0.2
  0
VERTEX
  8
0
 10
257.599
 20
241.85
 30
0.0
 40
0.2
 41
0.2
  0
VERTEX
  8
0
 10
257.616
 20
241.85
 30
0.0
 40
0.2
 41
0.2
  0
VERTEX
  8
0
 10
257.67
 20
241.88
 30
0.0
 40
0.2
 41
0.2
  0
VERTEX
  8
0
 10
257.7
 20
241.934
 30
0.0
 40
0.2
 41
0.2
  0
VERTEX
  8
0
 10
257.7
 20
241.951
 30
0.0
 40
0.2
 41
0.2
  0
VERTEX
  8
0
 10
257.7
 20
247.951
 30
0.0
 40
0.2
 41
0.2
  0
VERTEX
  8
0
 10
257.7
 20
247.968
 30
0.0
 40
0.2
 41
0.2
  0
VERTEX
  8
0
 10
257.67
 20
248.021
 30
0.0
 40
0.2
 41
0.2
  0
VERTEX
  8
0
 10
257.616
 20
248.05
 30
0.0
 40
0.2
 41
0.2
  0
VERTEX
  8
0
 10
257.599
 20
248.05
 30
0.0
 40
0.2
 41
0.2
  0
VERTEX
  8
0
 10
254.7
 20
248.05
 30
0.0
 40
0.2
 41
0.2
  0
VERTEX
  8
0
 10
254.689
 20
248.05
 30
0.0
 40
0.2
 41
0.2
  0
VERTEX
  8
0
 10
254.657
 20
248.036
 30
0.0
 40
0.2
 41
0.2
  0
VERTEX
  8
0
 10
254.661
 20
248.012
 30
0.0
 40
0.2
 41
0.2
  0
VERTEX
  8
0
 10
254.685
 20
248.008
 30
0.0
 40
0.2
 41
0.2
  0
VERTEX
  8
0
 10
254.7
 20
248.04
 30
0.0
 40
0.2
 41
0.2
  0
VERTEX
  8
0
 10
254.7
 20
248.05
 30
0.0
 40
0.2
 41
0.2
  0
VERTEX
  8
0
 10
254.7
 20
253.85
 30
0.0
 40
0.2
 41
0.2
  0
VERTEX
  8
0
 10
254.7
 20
253.861
 30
0.0
 40
0.2
 41
0.2
  0
VERTEX
  8
0
 10
254.685
 20
253.892
 30
0.0
 40
0.2
 41
0.2
  0
VERTEX
  8
0
 10
254.661
 20
253.889
 30
0.0
 40
0.2
 41
0.2
  0
VERTEX
  8
0
 10
254.657
 20
253.865
 30
0.0
 40
0.2
 41
0.2
  0
VERTEX
  8
0
 10
254.689
 20
253.85
 30
0.0
 40
0.2
 41
0.2
  0
VERTEX
  8
0
 10
254.7
 20
253.85
 30
0.0
 40
0.2
 41
0.2
  0
VERTEX
  8
0
 10
257.599
 20
253.85
 30
0.0
 40
0.2
 41
0.2
  0
VERTEX
  8
0
 10
257.616
 20
253.85
 30
0.0
 40
0.2
 41
0.2
  0
VERTEX
  8
0
 10
257.67
 20
253.88
 30
0.0
 40
0.2
 41
0.2
  0
VERTEX
  8
0
 10
257.7
 20
253.934
 30
0.0
 40
0.2
 41
0.2
  0
VERTEX
  8
0
 10
257.7
 20
253.95
 30
0.0
 40
0.2
 41
0.2
  0
VERTEX
  8
0
 10
257.7
 20
259.95
 30
0.0
 40
0.2
 41
0.2
  0
VERTEX
  8
0
 10
257.7
 20
259.968
 30
0.0
 40
0.2
 41
0.2
  0
VERTEX
  8
0
 10
257.67
 20
260.02
 30
0.0
 40
0.2
 41
0.2
  0
VERTEX
  8
0
 10
257.616
 20
260.049
 30
0.0
 40
0.2
 41
0.2
  0
VERTEX
  8
0
 10
257.599
 20
260.049
 30
0.0
 40
0.2
 41
0.2
  0
VERTEX
  8
0
 10
254.7
 20
260.049
 30
0.0
 40
0.2
 41
0.2
  0
VERTEX
  8
0
 10
254.689
 20
260.049
 30
0.0
 40
0.2
 41
0.2
  0
VERTEX
  8
0
 10
254.657
 20
260.036
 30
0.0
 40
0.2
 41
0.2
  0
VERTEX
  8
0
 10
254.661
 20
260.012
 30
0.0
 40
0.2
 41
0.2
  0
VERTEX
  8
0
 10
254.685
 20
260.008
 30
0.0
 40
0.2
 41
0.2
  0
VERTEX
  8
0
 10
254.7
 20
260.04
 30
0.0
 40
0.2
 41
0.2
  0
VERTEX
  8
0
 10
254.7
 20
260.049
 30
0.0
 40
0.2
 41
0.2
  0
VERTEX
  8
0
 10
254.7
 20
265.85
 30
0.0
 40
0.2
 41
0.2
  0
VERTEX
  8
0
 10
254.7
 20
265.861
 30
0.0
 40
0.2
 41
0.2
  0
VERTEX
  8
0
 10
254.685
 20
265.892
 30
0.0
 40
0.2
 41
0.2
  0
VERTEX
  8
0
 10
254.661
 20
265.888
 30
0.0
 40
0.2
 41
0.2
  0
VERTEX
  8
0
 10
254.657
 20
265.865
 30
0.0
 40
0.2
 41
0.2
  0
VERTEX
  8
0
 10
254.689
 20
265.85
 30
0.0
 40
0.2
 41
0.2
  0
VERTEX
  8
0
 10
254.7
 20
265.85
 30
0.0
 40
0.2
 41
0.2
  0
VERTEX
  8
0
 10
257.599
 20
265.85
 30
0.0
 40
0.2
 41
0.2
  0
VERTEX
  8
0
 10
257.616
 20
265.85
 30
0.0
 40
0.2
 41
0.2
  0
VERTEX
  8
0
 10
257.67
 20
265.88
 30
0.0
 40
0.2
 41
0.2
  0
VERTEX
  8
0
 10
257.7
 20
265.934
 30
0.0
 40
0.2
 41
0.2
  0
VERTEX
  8
0
 10
257.7
 20
265.95
 30
0.0
 40
0.2
 41
0.2
  0
VERTEX
  8
0
 10
257.7
 20
271.95
 30
0.0
 40
0.2
 41
0.2
  0
VERTEX
  8
0
 10
257.7
 20
271.968
 30
0.0
 40
0.2
 41
0.2
  0
VERTEX
  8
0
 10
257.67
 20
272.021
 30
0.0
 40
0.2
 41
0.2
  0
VERTEX
  8
0
 10
257.616
 20
272.05
 30
0.0
 40
0.2
 41
0.2
  0
VERTEX
  8
0
 10
257.599
 20
272.05
 30
0.0
 40
0.2
 41
0.2
  0
VERTEX
  8
0
 10
254.7
 20
272.05
 30
0.0
 40
0.2
 41
0.2
  0
VERTEX
  8
0
 10
254.689
 20
272.05
 30
0.0
 40
0.2
 41
0.2
  0
VERTEX
  8
0
 10
254.657
 20
272.036
 30
0.0
 40
0.2
 41
0.2
  0
VERTEX
  8
0
 10
254.661
 20
272.012
 30
0.0
 40
0.2
 41
0.2
  0
VERTEX
  8
0
 10
254.685
 20
272.008
 30
0.0
 40
0.2
 41
0.2
  0
VERTEX
  8
0
 10
254.7
 20
272.04
 30
0.0
 40
0.2
 41
0.2
  0
VERTEX
  8
0
 10
254.7
 20
272.05
 30
0.0
 40
0.2
 41
0.2
  0
VERTEX
  8
0
 10
254.7
 20
277.85
 30
0.0
 40
0.2
 41
0.2
  0
VERTEX
  8
0
 10
254.7
 20
277.861
 30
0.0
 40
0.2
 41
0.2
  0
VERTEX
  8
0
 10
254.685
 20
277.893
 30
0.0
 40
0.2
 41
0.2
  0
VERTEX
  8
0
 10
254.661
 20
277.888
 30
0.0
 40
0.2
 41
0.2
  0
VERTEX
  8
0
 10
254.657
 20
277.865
 30
0.0
 40
0.2
 41
0.2
  0
VERTEX
  8
0
 10
254.689
 20
277.85
 30
0.0
 40
0.2
 41
0.2
  0
VERTEX
  8
0
 10
254.7
 20
277.85
 30
0.0
 40
0.2
 41
0.2
  0
VERTEX
  8
0
 10
257.599
 20
277.85
 30
0.0
 40
0.2
 41
0.2
  0
VERTEX
  8
0
 10
257.616
 20
277.85
 30
0.0
 40
0.2
 41
0.2
  0
VERTEX
  8
0
 10
257.67
 20
277.88
 30
0.0
 40
0.2
 41
0.2
  0
VERTEX
  8
0
 10
257.7
 20
277.934
 30
0.0
 40
0.2
 41
0.2
  0
VERTEX
  8
0
 10
257.7
 20
277.95
 30
0.0
 40
0.2
 41
0.2
  0
VERTEX
  8
0
 10
257.7
 20
283.95
 30
0.0
 40
0.2
 41
0.2
  0
VERTEX
  8
0
 10
257.7
 20
283.968
 30
0.0
 40
0.2
 41
0.2
  0
VERTEX
  8
0
 10
257.67
 20
284.021
 30
0.0
 40
0.2
 41
0.2
  0
VERTEX
  8
0
 10
257.616
 20
284.05
 30
0.0
 40
0.2
 41
0.2
  0
VERTEX
  8
0
 10
257.599
 20
284.05
 30
0.0
 40
0.2
 41
0.2
  0
VERTEX
  8
0
 10
254.7
 20
284.05
 30
0.0
 40
0.2
 41
0.2
  0
VERTEX
  8
0
 10
254.689
 20
284.05
 30
0.0
 40
0.2
 41
0.2
  0
VERTEX
  8
0
 10
254.657
 20
284.036
 30
0.0
 40
0.2
 41
0.2
  0
VERTEX
  8
0
 10
254.661
 20
284.012
 30
0.0
 40
0.2
 41
0.2
  0
VERTEX
  8
0
 10
254.685
 20
284.008
 30
0.0
 40
0.2
 41
0.2
  0
VERTEX
  8
0
 10
254.7
 20
284.04
 30
0.0
 40
0.2
 41
0.2
  0
VERTEX
  8
0
 10
254.7
 20
284.05
 30
0.0
 40
0.2
 41
0.2
  0
VERTEX
  8
0
 10
254.7
 20
289.85
 30
0.0
 40
0.2
 41
0.2
  0
VERTEX
  8
0
 10
254.7
 20
289.861
 30
0.0
 40
0.2
 41
0.2
  0
VERTEX
  8
0
 10
254.685
 20
289.892
 30
0.0
 40
0.2
 41
0.2
  0
VERTEX
  8
0
 10
254.661
 20
289.888
 30
0.0
 40
0.2
 41
0.2
  0
VERTEX
  8
0
 10
254.657
 20
289.865
 30
0.0
 40
0.2
 41
0.2
  0
VERTEX
  8
0
 10
254.689
 20
289.85
 30
0.0
 40
0.2
 41
0.2
  0
VERTEX
  8
0
 10
254.7
 20
289.85
 30
0.0
 40
0.2
 41
0.2
  0
VERTEX
  8
0
 10
257.599
 20
289.85
 30
0.0
 40
0.2
 41
0.2
  0
VERTEX
  8
0
 10
257.616
 20
289.85
 30
0.0
 40
0.2
 41
0.2
  0
VERTEX
  8
0
 10
257.67
 20
289.88
 30
0.0
 40
0.2
 41
0.2
  0
VERTEX
  8
0
 10
257.7
 20
289.934
 30
0.0
 40
0.2
 41
0.2
  0
VERTEX
  8
0
 10
257.7
 20
289.95
 30
0.0
 40
0.2
 41
0.2
  0
VERTEX
  8
0
 10
257.7
 20
295.95
 30
0.0
 40
0.2
 41
0.2
  0
VERTEX
  8
0
 10
257.7
 20
295.968
 30
0.0
 40
0.2
 41
0.2
  0
VERTEX
  8
0
 10
257.67
 20
296.02
 30
0.0
 40
0.2
 41
0.2
  0
VERTEX
  8
0
 10
257.616
 20
296.049
 30
0.0
 40
0.2
 41
0.2
  0
VERTEX
  8
0
 10
257.599
 20
296.049
 30
0.0
 40
0.2
 41
0.2
  0
VERTEX
  8
0
 10
254.7
 20
296.049
 30
0.0
 40
0.2
 41
0.2
  0
VERTEX
  8
0
 10
254.689
 20
296.049
 30
0.0
 40
0.2
 41
0.2
  0
VERTEX
  8
0
 10
254.657
 20
296.036
 30
0.0
 40
0.2
 41
0.2
  0
VERTEX
  8
0
 10
254.661
 20
296.012
 30
0.0
 40
0.2
 41
0.2
  0
VERTEX
  8
0
 10
254.685
 20
296.008
 30
0.0
 40
0.2
 41
0.2
  0
VERTEX
  8
0
 10
254.7
 20
296.04
 30
0.0
 40
0.2
 41
0.2
  0
VERTEX
  8
0
 10
254.7
 20
296.049
 30
0.0
 40
0.2
 41
0.2
  0
VERTEX
  8
0
 10
254.7
 20
301.85
 30
0.0
 40
0.2
 41
0.2
  0
VERTEX
  8
0
 10
254.7
 20
301.861
 30
0.0
 40
0.2
 41
0.2
  0
VERTEX
  8
0
 10
254.685
 20
301.892
 30
0.0
 40
0.2
 41
0.2
  0
VERTEX
  8
0
 10
254.661
 20
301.888
 30
0.0
 40
0.2
 41
0.2
  0
VERTEX
  8
0
 10
254.657
 20
301.865
 30
0.0
 40
0.2
 41
0.2
  0
VERTEX
  8
0
 10
254.689
 20
301.85
 30
0.0
 40
0.2
 41
0.2
  0
VERTEX
  8
0
 10
254.7
 20
301.85
 30
0.0
 40
0.2
 41
0.2
  0
VERTEX
  8
0
 10
257.599
 20
301.85
 30
0.0
 40
0.2
 41
0.2
  0
VERTEX
  8
0
 10
257.616
 20
301.85
 30
0.0
 40
0.2
 41
0.2
  0
VERTEX
  8
0
 10
257.67
 20
301.88
 30
0.0
 40
0.2
 41
0.2
  0
VERTEX
  8
0
 10
257.7
 20
301.934
 30
0.0
 40
0.2
 41
0.2
  0
VERTEX
  8
0
 10
257.7
 20
301.95
 30
0.0
 40
0.2
 41
0.2
  0
VERTEX
  8
0
 10
257.7
 20
307.95
 30
0.0
 40
0.2
 41
0.2
  0
VERTEX
  8
0
 10
257.7
 20
307.968
 30
0.0
 40
0.2
 41
0.2
  0
VERTEX
  8
0
 10
257.67
 20
308.022
 30
0.0
 40
0.2
 41
0.2
  0
VERTEX
  8
0
 10
257.616
 20
308.051
 30
0.0
 40
0.2
 41
0.2
  0
VERTEX
  8
0
 10
257.599
 20
308.051
 30
0.0
 40
0.2
 41
0.2
  0
VERTEX
  8
0
 10
254.7
 20
308.051
 30
0.0
 40
0.2
 41
0.2
  0
VERTEX
  8
0
 10
254.689
 20
308.051
 30
0.0
 40
0.2
 41
0.2
  0
VERTEX
  8
0
 10
254.657
 20
308.037
 30
0.0
 40
0.2
 41
0.2
  0
VERTEX
  8
0
 10
254.661
 20
308.013
 30
0.0
 40
0.2
 41
0.2
  0
VERTEX
  8
0
 10
254.685
 20
308.01
 30
0.0
 40
0.2
 41
0.2
  0
VERTEX
  8
0
 10
254.7
 20
308.041
 30
0.0
 40
0.2
 41
0.2
  0
VERTEX
  8
0
 10
254.7
 20
308.051
 30
0.0
 40
0.2
 41
0.2
  0
VERTEX
  8
0
 10
254.7
 20
313.849
 30
0.0
 40
0.2
 41
0.2
  0
VERTEX
  8
0
 10
254.7
 20
313.861
 30
0.0
 40
0.2
 41
0.2
  0
VERTEX
  8
0
 10
254.685
 20
313.892
 30
0.0
 40
0.2
 41
0.2
  0
VERTEX
  8
0
 10
254.661
 20
313.888
 30
0.0
 40
0.2
 41
0.2
  0
VERTEX
  8
0
 10
254.657
 20
313.865
 30
0.0
 40
0.2
 41
0.2
  0
VERTEX
  8
0
 10
254.689
 20
313.849
 30
0.0
 40
0.2
 41
0.2
  0
VERTEX
  8
0
 10
254.7
 20
313.849
 30
0.0
 40
0.2
 41
0.2
  0
VERTEX
  8
0
 10
257.599
 20
313.849
 30
0.0
 40
0.2
 41
0.2
  0
VERTEX
  8
0
 10
257.616
 20
313.849
 30
0.0
 40
0.2
 41
0.2
  0
VERTEX
  8
0
 10
257.67
 20
313.88
 30
0.0
 40
0.2
 41
0.2
  0
VERTEX
  8
0
 10
257.7
 20
313.934
 30
0.0
 40
0.2
 41
0.2
  0
VERTEX
  8
0
 10
257.7
 20
313.95
 30
0.0
 40
0.2
 41
0.2
  0
VERTEX
  8
0
 10
257.7
 20
319.95
 30
0.0
 40
0.2
 41
0.2
  0
VERTEX
  8
0
 10
257.7
 20
319.968
 30
0.0
 40
0.2
 41
0.2
  0
VERTEX
  8
0
 10
257.67
 20
320.021
 30
0.0
 40
0.2
 41
0.2
  0
VERTEX
  8
0
 10
257.616
 20
320.05
 30
0.0
 40
0.2
 41
0.2
  0
VERTEX
  8
0
 10
257.599
 20
320.05
 30
0.0
 40
0.2
 41
0.2
  0
VERTEX
  8
0
 10
254.7
 20
320.05
 30
0.0
 40
0.2
 41
0.2
  0
VERTEX
  8
0
 10
254.689
 20
320.05
 30
0.0
 40
0.2
 41
0.2
  0
VERTEX
  8
0
 10
254.657
 20
320.036
 30
0.0
 40
0.2
 41
0.2
  0
VERTEX
  8
0
 10
254.661
 20
320.012
 30
0.0
 40
0.2
 41
0.2
  0
VERTEX
  8
0
 10
254.685
 20
320.008
 30
0.0
 40
0.2
 41
0.2
  0
VERTEX
  8
0
 10
254.7
 20
320.04
 30
0.0
 40
0.2
 41
0.2
  0
VERTEX
  8
0
 10
254.7
 20
320.05
 30
0.0
 40
0.2
 41
0.2
  0
VERTEX
  8
0
 10
254.7
 20
325.85
 30
0.0
 40
0.2
 41
0.2
  0
VERTEX
  8
0
 10
254.7
 20
325.86
 30
0.0
 40
0.2
 41
0.2
  0
VERTEX
  8
0
 10
254.685
 20
325.892
 30
0.0
 40
0.2
 41
0.2
  0
VERTEX
  8
0
 10
254.661
 20
325.888
 30
0.0
 40
0.2
 41
0.2
  0
VERTEX
  8
0
 10
254.657
 20
325.865
 30
0.0
 40
0.2
 41
0.2
  0
VERTEX
  8
0
 10
254.689
 20
325.85
 30
0.0
 40
0.2
 41
0.2
  0
VERTEX
  8
0
 10
254.7
 20
325.85
 30
0.0
 40
0.2
 41
0.2
  0
VERTEX
  8
0
 10
257.599
 20
325.85
 30
0.0
 40
0.2
 41
0.2
  0
VERTEX
  8
0
 10
257.616
 20
325.85
 30
0.0
 40
0.2
 41
0.2
  0
VERTEX
  8
0
 10
257.67
 20
325.88
 30
0.0
 40
0.2
 41
0.2
  0
VERTEX
  8
0
 10
257.7
 20
325.934
 30
0.0
 40
0.2
 41
0.2
  0
VERTEX
  8
0
 10
257.7
 20
325.95
 30
0.0
 40
0.2
 41
0.2
  0
VERTEX
  8
0
 10
257.7
 20
331.95
 30
0.0
 40
0.2
 41
0.2
  0
VERTEX
  8
0
 10
257.7
 20
331.968
 30
0.0
 40
0.2
 41
0.2
  0
VERTEX
  8
0
 10
257.67
 20
332.02
 30
0.0
 40
0.2
 41
0.2
  0
VERTEX
  8
0
 10
257.616
 20
332.049
 30
0.0
 40
0.2
 41
0.2
  0
VERTEX
  8
0
 10
257.599
 20
332.049
 30
0.0
 40
0.2
 41
0.2
  0
VERTEX
  8
0
 10
254.7
 20
332.049
 30
0.0
 40
0.2
 41
0.2
  0
VERTEX
  8
0
 10
254.689
 20
332.049
 30
0.0
 40
0.2
 41
0.2
  0
VERTEX
  8
0
 10
254.657
 20
332.036
 30
0.0
 40
0.2
 41
0.2
  0
VERTEX
  8
0
 10
254.661
 20
332.012
 30
0.0
 40
0.2
 41
0.2
  0
VERTEX
  8
0
 10
254.685
 20
332.008
 30
0.0
 40
0.2
 41
0.2
  0
VERTEX
  8
0
 10
254.7
 20
332.04
 30
0.0
 40
0.2
 41
0.2
  0
VERTEX
  8
0
 10
254.7
 20
332.049
 30
0.0
 40
0.2
 41
0.2
  0
VERTEX
  8
0
 10
254.7
 20
337.85
 30
0.0
 40
0.2
 41
0.2
  0
VERTEX
  8
0
 10
254.7
 20
337.861
 30
0.0
 40
0.2
 41
0.2
  0
VERTEX
  8
0
 10
254.685
 20
337.892
 30
0.0
 40
0.2
 41
0.2
  0
VERTEX
  8
0
 10
254.661
 20
337.888
 30
0.0
 40
0.2
 41
0.2
  0
VERTEX
  8
0
 10
254.657
 20
337.865
 30
0.0
 40
0.2
 41
0.2
  0
VERTEX
  8
0
 10
254.689
 20
337.85
 30
0.0
 40
0.2
 41
0.2
  0
VERTEX
  8
0
 10
254.7
 20
337.85
 30
0.0
 40
0.2
 41
0.2
  0
VERTEX
  8
0
 10
257.599
 20
337.85
 30
0.0
 40
0.2
 41
0.2
  0
VERTEX
  8
0
 10
257.616
 20
337.85
 30
0.0
 40
0.2
 41
0.2
  0
VERTEX
  8
0
 10
257.67
 20
337.88
 30
0.0
 40
0.2
 41
0.2
  0
VERTEX
  8
0
 10
257.7
 20
337.934
 30
0.0
 40
0.2
 41
0.2
  0
VERTEX
  8
0
 10
257.7
 20
337.95
 30
0.0
 40
0.2
 41
0.2
  0
VERTEX
  8
0
 10
257.7
 20
343.95
 30
0.0
 40
0.2
 41
0.2
  0
VERTEX
  8
0
 10
257.7
 20
343.968
 30
0.0
 40
0.2
 41
0.2
  0
VERTEX
  8
0
 10
257.67
 20
344.022
 30
0.0
 40
0.2
 41
0.2
  0
VERTEX
  8
0
 10
257.616
 20
344.051
 30
0.0
 40
0.2
 41
0.2
  0
VERTEX
  8
0
 10
257.599
 20
344.051
 30
0.0
 40
0.2
 41
0.2
  0
VERTEX
  8
0
 10
254.7
 20
344.051
 30
0.0
 40
0.2
 41
0.2
  0
VERTEX
  8
0
 10
254.689
 20
344.051
 30
0.0
 40
0.2
 41
0.2
  0
VERTEX
  8
0
 10
254.657
 20
344.037
 30
0.0
 40
0.2
 41
0.2
  0
VERTEX
  8
0
 10
254.661
 20
344.013
 30
0.0
 40
0.2
 41
0.2
  0
VERTEX
  8
0
 10
254.685
 20
344.009
 30
0.0
 40
0.2
 41
0.2
  0
VERTEX
  8
0
 10
254.7
 20
344.041
 30
0.0
 40
0.2
 41
0.2
  0
VERTEX
  8
0
 10
254.7
 20
344.051
 30
0.0
 40
0.2
 41
0.2
  0
VERTEX
  8
0
 10
254.7
 20
349.849
 30
0.0
 40
0.2
 41
0.2
  0
VERTEX
  8
0
 10
254.7
 20
349.86
 30
0.0
 40
0.2
 41
0.2
  0
VERTEX
  8
0
 10
254.685
 20
349.892
 30
0.0
 40
0.2
 41
0.2
  0
VERTEX
  8
0
 10
254.661
 20
349.888
 30
0.0
 40
0.2
 41
0.2
  0
VERTEX
  8
0
 10
254.657
 20
349.865
 30
0.0
 40
0.2
 41
0.2
  0
VERTEX
  8
0
 10
254.689
 20
349.849
 30
0.0
 40
0.2
 41
0.2
  0
VERTEX
  8
0
 10
254.7
 20
349.849
 30
0.0
 40
0.2
 41
0.2
  0
VERTEX
  8
0
 10
257.599
 20
349.849
 30
0.0
 40
0.2
 41
0.2
  0
VERTEX
  8
0
 10
257.616
 20
349.849
 30
0.0
 40
0.2
 41
0.2
  0
VERTEX
  8
0
 10
257.67
 20
349.88
 30
0.0
 40
0.2
 41
0.2
  0
VERTEX
  8
0
 10
257.7
 20
349.934
 30
0.0
 40
0.2
 41
0.2
  0
VERTEX
  8
0
 10
257.7
 20
349.95
 30
0.0
 40
0.2
 41
0.2
  0
VERTEX
  8
0
 10
257.7
 20
355.949
 30
0.0
 40
0.2
 41
0.2
  0
VERTEX
  8
0
 10
257.7
 20
355.967
 30
0.0
 40
0.2
 41
0.2
  0
VERTEX
  8
0
 10
257.67
 20
356.023
 30
0.0
 40
0.2
 41
0.2
  0
VERTEX
  8
0
 10
257.616
 20
356.052
 30
0.0
 40
0.2
 41
0.2
  0
VERTEX
  8
0
 10
257.599
 20
356.052
 30
0.0
 40
0.2
 41
0.2
  0
VERTEX
  8
0
 10
254.7
 20
356.052
 30
0.0
 40
0.2
 41
0.2
  0
VERTEX
  8
0
 10
254.689
 20
356.052
 30
0.0
 40
0.2
 41
0.2
  0
VERTEX
  8
0
 10
254.657
 20
356.037
 30
0.0
 40
0.2
 41
0.2
  0
VERTEX
  8
0
 10
254.661
 20
356.013
 30
0.0
 40
0.2
 41
0.2
  0
VERTEX
  8
0
 10
254.685
 20
356.009
 30
0.0
 40
0.2
 41
0.2
  0
VERTEX
  8
0
 10
254.7
 20
356.041
 30
0.0
 40
0.2
 41
0.2
  0
VERTEX
  8
0
 10
254.7
 20
356.052
 30
0.0
 40
0.2
 41
0.2
  0
VERTEX
  8
0
 10
254.7
 20
361.851
 30
0.0
 40
0.2
 41
0.2
  0
VERTEX
  8
0
 10
254.7
 20
361.862
 30
0.0
 40
0.2
 41
0.2
  0
VERTEX
  8
0
 10
254.685
 20
361.894
 30
0.0
 40
0.2
 41
0.2
  0
VERTEX
  8
0
 10
254.661
 20
361.886
 30
0.0
 40
0.2
 41
0.2
  0
VERTEX
  8
0
 10
254.657
 20
361.865
 30
0.0
 40
0.2
 41
0.2
  0
VERTEX
  8
0
 10
254.689
 20
361.851
 30
0.0
 40
0.2
 41
0.2
  0
VERTEX
  8
0
 10
254.7
 20
361.851
 30
0.0
 40
0.2
 41
0.2
  0
VERTEX
  8
0
 10
257.599
 20
361.851
 30
0.0
 40
0.2
 41
0.2
  0
VERTEX
  8
0
 10
257.616
 20
361.851
 30
0.0
 40
0.2
 41
0.2
  0
VERTEX
  8
0
 10
257.67
 20
361.879
 30
0.0
 40
0.2
 41
0.2
  0
VERTEX
  8
0
 10
257.7
 20
361.932
 30
0.0
 40
0.2
 41
0.2
  0
VERTEX
  8
0
 10
257.7
 20
361.95
 30
0.0
 40
0.2
 41
0.2
  0
VERTEX
  8
0
 10
257.7
 20
367.951
 30
0.0
 40
0.2
 41
0.2
  0
VERTEX
  8
0
 10
257.7
 20
367.968
 30
0.0
 40
0.2
 41
0.2
  0
VERTEX
  8
0
 10
257.67
 20
368.021
 30
0.0
 40
0.2
 41
0.2
  0
VERTEX
  8
0
 10
257.616
 20
368.05
 30
0.0
 40
0.2
 41
0.2
  0
VERTEX
  8
0
 10
257.599
 20
368.05
 30
0.0
 40
0.2
 41
0.2
  0
VERTEX
  8
0
 10
254.7
 20
368.05
 30
0.0
 40
0.2
 41
0.2
  0
VERTEX
  8
0
 10
254.689
 20
368.05
 30
0.0
 40
0.2
 41
0.2
  0
VERTEX
  8
0
 10
254.657
 20
368.035
 30
0.0
 40
0.2
 41
0.2
  0
VERTEX
  8
0
 10
254.661
 20
368.011
 30
0.0
 40
0.2
 41
0.2
  0
VERTEX
  8
0
 10
254.685
 20
368.007
 30
0.0
 40
0.2
 41
0.2
  0
VERTEX
  8
0
 10
254.7
 20
368.039
 30
0.0
 40
0.2
 41
0.2
  0
VERTEX
  8
0
 10
254.7
 20
368.05
 30
0.0
 40
0.2
 41
0.2
  0
VERTEX
  8
0
 10
254.7
 20
379.702
 30
0.0
 40
0.2
 41
0.2
  0
VERTEX
  8
0
 10
254.7
 20
379.719
 30
0.0
 40
0.2
 41
0.2
  0
VERTEX
  8
0
 10
254.67
 20
379.772
 30
0.0
 40
0.2
 41
0.2
  0
VERTEX
  8
0
 10
254.616
 20
379.801
 30
0.0
 40
0.2
 41
0.2
  0
VERTEX
  8
0
 10
254.599
 20
379.801
 30
0.0
 40
0.2
 41
0.2
  0
VERTEX
  8
0
 10
244.951
 20
379.801
 30
0.0
 40
0.2
 41
0.2
  0
VERTEX
  8
0
 10
244.939
 20
379.801
 30
0.0
 40
0.2
 41
0.2
  0
VERTEX
  8
0
 10
244.908
 20
379.786
 30
0.0
 40
0.2
 41
0.2
  0
VERTEX
  8
0
 10
244.912
 20
379.762
 30
0.0
 40
0.2
 41
0.2
  0
VERTEX
  8
0
 10
244.935
 20
379.758
 30
0.0
 40
0.2
 41
0.2
  0
VERTEX
  8
0
 10
244.951
 20
379.79
 30
0.0
 40
0.2
 41
0.2
  0
VERTEX
  8
0
 10
244.951
 20
379.801
 30
0.0
 40
0.2
 41
0.2
  0
VERTEX
  8
0
 10
244.951
 20
382.7
 30
0.0
 40
0.2
 41
0.2
  0
VERTEX
  8
0
 10
244.951
 20
382.718
 30
0.0
 40
0.2
 41
0.2
  0
VERTEX
  8
0
 10
244.92
 20
382.771
 30
0.0
 40
0.2
 41
0.2
  0
VERTEX
  8
0
 10
244.866
 20
382.799
 30
0.0
 40
0.2
 41
0.2
  0
VERTEX
  8
0
 10
244.85
 20
382.799
 30
0.0
 40
0.2
 41
0.2
  0
VERTEX
  8
0
 10
238.85
 20
382.799
 30
0.0
 40
0.2
 41
0.2
  0
VERTEX
  8
0
 10
238.832
 20
382.799
 30
0.0
 40
0.2
 41
0.2
  0
VERTEX
  8
0
 10
238.779
 20
382.771
 30
0.0
 40
0.2
 41
0.2
  0
VERTEX
  8
0
 10
238.75
 20
382.718
 30
0.0
 40
0.2
 41
0.2
  0
VERTEX
  8
0
 10
238.75
 20
382.7
 30
0.0
 40
0.2
 41
0.2
  0
VERTEX
  8
0
 10
238.75
 20
379.801
 30
0.0
 40
0.2
 41
0.2
  0
VERTEX
  8
0
 10
238.75
 20
379.79
 30
0.0
 40
0.2
 41
0.2
  0
VERTEX
  8
0
 10
238.765
 20
379.758
 30
0.0
 40
0.2
 41
0.2
  0
VERTEX
  8
0
 10
238.788
 20
379.762
 30
0.0
 40
0.2
 41
0.2
  0
VERTEX
  8
0
 10
238.792
 20
379.786
 30
0.0
 40
0.2
 41
0.2
  0
VERTEX
  8
0
 10
238.76
 20
379.801
 30
0.0
 40
0.2
 41
0.2
  0
VERTEX
  8
0
 10
238.75
 20
379.801
 30
0.0
 40
0.2
 41
0.2
  0
VERTEX
  8
0
 10
232.95
 20
379.801
 30
0.0
 40
0.2
 41
0.2
  0
VERTEX
  8
0
 10
232.94
 20
379.801
 30
0.0
 40
0.2
 41
0.2
  0
VERTEX
  8
0
 10
232.908
 20
379.786
 30
0.0
 40
0.2
 41
0.2
  0
VERTEX
  8
0
 10
232.912
 20
379.762
 30
0.0
 40
0.2
 41
0.2
  0
VERTEX
  8
0
 10
232.935
 20
379.758
 30
0.0
 40
0.2
 41
0.2
  0
VERTEX
  8
0
 10
232.95
 20
379.79
 30
0.0
 40
0.2
 41
0.2
  0
VERTEX
  8
0
 10
232.95
 20
379.801
 30
0.0
 40
0.2
 41
0.2
  0
VERTEX
  8
0
 10
232.95
 20
382.7
 30
0.0
 40
0.2
 41
0.2
  0
VERTEX
  8
0
 10
232.95
 20
382.718
 30
0.0
 40
0.2
 41
0.2
  0
VERTEX
  8
0
 10
232.92
 20
382.771
 30
0.0
 40
0.2
 41
0.2
  0
VERTEX
  8
0
 10
232.866
 20
382.799
 30
0.0
 40
0.2
 41
0.2
  0
VERTEX
  8
0
 10
232.85
 20
382.799
 30
0.0
 40
0.2
 41
0.2
  0
VERTEX
  8
0
 10
226.85
 20
382.799
 30
0.0
 40
0.2
 41
0.2
  0
VERTEX
  8
0
 10
226.832
 20
382.799
 30
0.0
 40
0.2
 41
0.2
  0
VERTEX
  8
0
 10
226.78
 20
382.771
 30
0.0
 40
0.2
 41
0.2
  0
VERTEX
  8
0
 10
226.751
 20
382.718
 30
0.0
 40
0.2
 41
0.2
  0
VERTEX
  8
0
 10
226.751
 20
382.7
 30
0.0
 40
0.2
 41
0.2
  0
VERTEX
  8
0
 10
226.751
 20
379.801
 30
0.0
 40
0.2
 41
0.2
  0
VERTEX
  8
0
 10
226.751
 20
379.79
 30
0.0
 40
0.2
 41
0.2
  0
VERTEX
  8
0
 10
226.764
 20
379.758
 30
0.0
 40
0.2
 41
0.2
  0
VERTEX
  8
0
 10
226.788
 20
379.762
 30
0.0
 40
0.2
 41
0.2
  0
VERTEX
  8
0
 10
226.792
 20
379.786
 30
0.0
 40
0.2
 41
0.2
  0
VERTEX
  8
0
 10
226.76
 20
379.801
 30
0.0
 40
0.2
 41
0.2
  0
VERTEX
  8
0
 10
226.751
 20
379.801
 30
0.0
 40
0.2
 41
0.2
  0
VERTEX
  8
0
 10
220.95
 20
379.801
 30
0.0
 40
0.2
 41
0.2
  0
VERTEX
  8
0
 10
220.939
 20
379.801
 30
0.0
 40
0.2
 41
0.2
  0
VERTEX
  8
0
 10
220.908
 20
379.786
 30
0.0
 40
0.2
 41
0.2
  0
VERTEX
  8
0
 10
220.912
 20
379.762
 30
0.0
 40
0.2
 41
0.2
  0
VERTEX
  8
0
 10
220.935
 20
379.758
 30
0.0
 40
0.2
 41
0.2
  0
VERTEX
  8
0
 10
220.95
 20
379.79
 30
0.0
 40
0.2
 41
0.2
  0
VERTEX
  8
0
 10
220.95
 20
379.801
 30
0.0
 40
0.2
 41
0.2
  0
VERTEX
  8
0
 10
220.95
 20
382.7
 30
0.0
 40
0.2
 41
0.2
  0
VERTEX
  8
0
 10
220.95
 20
382.718
 30
0.0
 40
0.2
 41
0.2
  0
VERTEX
  8
0
 10
220.92
 20
382.771
 30
0.0
 40
0.2
 41
0.2
  0
VERTEX
  8
0
 10
220.866
 20
382.799
 30
0.0
 40
0.2
 41
0.2
  0
VERTEX
  8
0
 10
220.85
 20
382.799
 30
0.0
 40
0.2
 41
0.2
  0
VERTEX
  8
0
 10
214.85
 20
382.799
 30
0.0
 40
0.2
 41
0.2
  0
VERTEX
  8
0
 10
214.832
 20
382.799
 30
0.0
 40
0.2
 41
0.2
  0
VERTEX
  8
0
 10
214.778
 20
382.771
 30
0.0
 40
0.2
 41
0.2
  0
VERTEX
  8
0
 10
214.749
 20
382.718
 30
0.0
 40
0.2
 41
0.2
  0
VERTEX
  8
0
 10
214.749
 20
382.7
 30
0.0
 40
0.2
 41
0.2
  0
VERTEX
  8
0
 10
214.749
 20
379.801
 30
0.0
 40
0.2
 41
0.2
  0
VERTEX
  8
0
 10
214.749
 20
379.79
 30
0.0
 40
0.2
 41
0.2
  0
VERTEX
  8
0
 10
214.763
 20
379.758
 30
0.0
 40
0.2
 41
0.2
  0
VERTEX
  8
0
 10
214.787
 20
379.762
 30
0.0
 40
0.2
 41
0.2
  0
VERTEX
  8
0
 10
214.791
 20
379.786
 30
0.0
 40
0.2
 41
0.2
  0
VERTEX
  8
0
 10
214.759
 20
379.801
 30
0.0
 40
0.2
 41
0.2
  0
VERTEX
  8
0
 10
214.749
 20
379.801
 30
0.0
 40
0.2
 41
0.2
  0
VERTEX
  8
0
 10
208.951
 20
379.801
 30
0.0
 40
0.2
 41
0.2
  0
VERTEX
  8
0
 10
208.94
 20
379.801
 30
0.0
 40
0.2
 41
0.2
  0
VERTEX
  8
0
 10
208.908
 20
379.786
 30
0.0
 40
0.2
 41
0.2
  0
VERTEX
  8
0
 10
208.912
 20
379.762
 30
0.0
 40
0.2
 41
0.2
  0
VERTEX
  8
0
 10
208.935
 20
379.758
 30
0.0
 40
0.2
 41
0.2
  0
VERTEX
  8
0
 10
208.951
 20
379.79
 30
0.0
 40
0.2
 41
0.2
  0
VERTEX
  8
0
 10
208.951
 20
379.801
 30
0.0
 40
0.2
 41
0.2
  0
VERTEX
  8
0
 10
208.951
 20
382.7
 30
0.0
 40
0.2
 41
0.2
  0
VERTEX
  8
0
 10
208.951
 20
382.718
 30
0.0
 40
0.2
 41
0.2
  0
VERTEX
  8
0
 10
208.92
 20
382.771
 30
0.0
 40
0.2
 41
0.2
  0
VERTEX
  8
0
 10
208.867
 20
382.799
 30
0.0
 40
0.2
 41
0.2
  0
VERTEX
  8
0
 10
208.85
 20
382.799
 30
0.0
 40
0.2
 41
0.2
  0
VERTEX
  8
0
 10
202.85
 20
382.799
 30
0.0
 40
0.2
 41
0.2
  0
VERTEX
  8
0
 10
202.832
 20
382.799
 30
0.0
 40
0.2
 41
0.2
  0
VERTEX
  8
0
 10
202.778
 20
382.771
 30
0.0
 40
0.2
 41
0.2
  0
VERTEX
  8
0
 10
202.75
 20
382.718
 30
0.0
 40
0.2
 41
0.2
  0
VERTEX
  8
0
 10
202.75
 20
382.7
 30
0.0
 40
0.2
 41
0.2
  0
VERTEX
  8
0
 10
202.75
 20
379.801
 30
0.0
 40
0.2
 41
0.2
  0
VERTEX
  8
0
 10
202.75
 20
379.79
 30
0.0
 40
0.2
 41
0.2
  0
VERTEX
  8
0
 10
202.763
 20
379.758
 30
0.0
 40
0.2
 41
0.2
  0
VERTEX
  8
0
 10
202.787
 20
379.762
 30
0.0
 40
0.2
 41
0.2
  0
VERTEX
  8
0
 10
202.791
 20
379.786
 30
0.0
 40
0.2
 41
0.2
  0
VERTEX
  8
0
 10
202.759
 20
379.801
 30
0.0
 40
0.2
 41
0.2
  0
VERTEX
  8
0
 10
202.75
 20
379.801
 30
0.0
 40
0.2
 41
0.2
  0
VERTEX
  8
0
 10
196.949
 20
379.801
 30
0.0
 40
0.2
 41
0.2
  0
VERTEX
  8
0
 10
196.938
 20
379.801
 30
0.0
 40
0.2
 41
0.2
  0
VERTEX
  8
0
 10
196.906
 20
379.786
 30
0.0
 40
0.2
 41
0.2
  0
VERTEX
  8
0
 10
196.912
 20
379.762
 30
0.0
 40
0.2
 41
0.2
  0
VERTEX
  8
0
 10
196.934
 20
379.758
 30
0.0
 40
0.2
 41
0.2
  0
VERTEX
  8
0
 10
196.949
 20
379.79
 30
0.0
 40
0.2
 41
0.2
  0
VERTEX
  8
0
 10
196.949
 20
379.801
 30
0.0
 40
0.2
 41
0.2
  0
VERTEX
  8
0
 10
196.949
 20
382.7
 30
0.0
 40
0.2
 41
0.2
  0
VERTEX
  8
0
 10
196.949
 20
382.718
 30
0.0
 40
0.2
 41
0.2
  0
VERTEX
  8
0
 10
196.92
 20
382.771
 30
0.0
 40
0.2
 41
0.2
  0
VERTEX
  8
0
 10
196.867
 20
382.799
 30
0.0
 40
0.2
 41
0.2
  0
VERTEX
  8
0
 10
196.85
 20
382.799
 30
0.0
 40
0.2
 41
0.2
  0
VERTEX
  8
0
 10
190.85
 20
382.799
 30
0.0
 40
0.2
 41
0.2
  0
VERTEX
  8
0
 10
190.832
 20
382.799
 30
0.0
 40
0.2
 41
0.2
  0
VERTEX
  8
0
 10
190.78
 20
382.771
 30
0.0
 40
0.2
 41
0.2
  0
VERTEX
  8
0
 10
190.751
 20
382.718
 30
0.0
 40
0.2
 41
0.2
  0
VERTEX
  8
0
 10
190.751
 20
382.7
 30
0.0
 40
0.2
 41
0.2
  0
VERTEX
  8
0
 10
190.751
 20
379.801
 30
0.0
 40
0.2
 41
0.2
  0
VERTEX
  8
0
 10
190.751
 20
379.79
 30
0.0
 40
0.2
 41
0.2
  0
VERTEX
  8
0
 10
190.765
 20
379.758
 30
0.0
 40
0.2
 41
0.2
  0
VERTEX
  8
0
 10
190.788
 20
379.762
 30
0.0
 40
0.2
 41
0.2
  0
VERTEX
  8
0
 10
190.792
 20
379.786
 30
0.0
 40
0.2
 41
0.2
  0
VERTEX
  8
0
 10
190.76
 20
379.801
 30
0.0
 40
0.2
 41
0.2
  0
VERTEX
  8
0
 10
190.751
 20
379.801
 30
0.0
 40
0.2
 41
0.2
  0
VERTEX
  8
0
 10
184.951
 20
379.801
 30
0.0
 40
0.2
 41
0.2
  0
VERTEX
  8
0
 10
184.94
 20
379.801
 30
0.0
 40
0.2
 41
0.2
  0
VERTEX
  8
0
 10
184.908
 20
379.786
 30
0.0
 40
0.2
 41
0.2
  0
VERTEX
  8
0
 10
184.912
 20
379.762
 30
0.0
 40
0.2
 41
0.2
  0
VERTEX
  8
0
 10
184.936
 20
379.758
 30
0.0
 40
0.2
 41
0.2
  0
VERTEX
  8
0
 10
184.951
 20
379.79
 30
0.0
 40
0.2
 41
0.2
  0
VERTEX
  8
0
 10
184.951
 20
379.801
 30
0.0
 40
0.2
 41
0.2
  0
VERTEX
  8
0
 10
184.951
 20
382.7
 30
0.0
 40
0.2
 41
0.2
  0
VERTEX
  8
0
 10
184.951
 20
382.718
 30
0.0
 40
0.2
 41
0.2
  0
VERTEX
  8
0
 10
184.92
 20
382.771
 30
0.0
 40
0.2
 41
0.2
  0
VERTEX
  8
0
 10
184.866
 20
382.799
 30
0.0
 40
0.2
 41
0.2
  0
VERTEX
  8
0
 10
184.85
 20
382.799
 30
0.0
 40
0.2
 41
0.2
  0
VERTEX
  8
0
 10
178.85
 20
382.799
 30
0.0
 40
0.2
 41
0.2
  0
VERTEX
  8
0
 10
178.832
 20
382.799
 30
0.0
 40
0.2
 41
0.2
  0
VERTEX
  8
0
 10
178.778
 20
382.771
 30
0.0
 40
0.2
 41
0.2
  0
VERTEX
  8
0
 10
178.749
 20
382.718
 30
0.0
 40
0.2
 41
0.2
  0
VERTEX
  8
0
 10
178.749
 20
382.7
 30
0.0
 40
0.2
 41
0.2
  0
VERTEX
  8
0
 10
178.749
 20
379.801
 30
0.0
 40
0.2
 41
0.2
  0
VERTEX
  8
0
 10
178.749
 20
379.79
 30
0.0
 40
0.2
 41
0.2
  0
VERTEX
  8
0
 10
178.763
 20
379.758
 30
0.0
 40
0.2
 41
0.2
  0
VERTEX
  8
0
 10
178.787
 20
379.762
 30
0.0
 40
0.2
 41
0.2
  0
VERTEX
  8
0
 10
178.791
 20
379.786
 30
0.0
 40
0.2
 41
0.2
  0
VERTEX
  8
0
 10
178.759
 20
379.801
 30
0.0
 40
0.2
 41
0.2
  0
VERTEX
  8
0
 10
178.749
 20
379.801
 30
0.0
 40
0.2
 41
0.2
  0
VERTEX
  8
0
 10
172.951
 20
379.801
 30
0.0
 40
0.2
 41
0.2
  0
VERTEX
  8
0
 10
172.94
 20
379.801
 30
0.0
 40
0.2
 41
0.2
  0
VERTEX
  8
0
 10
172.908
 20
379.786
 30
0.0
 40
0.2
 41
0.2
  0
VERTEX
  8
0
 10
172.912
 20
379.762
 30
0.0
 40
0.2
 41
0.2
  0
VERTEX
  8
0
 10
172.936
 20
379.758
 30
0.0
 40
0.2
 41
0.2
  0
VERTEX
  8
0
 10
172.951
 20
379.79
 30
0.0
 40
0.2
 41
0.2
  0
VERTEX
  8
0
 10
172.951
 20
379.801
 30
0.0
 40
0.2
 41
0.2
  0
VERTEX
  8
0
 10
172.951
 20
382.7
 30
0.0
 40
0.2
 41
0.2
  0
VERTEX
  8
0
 10
172.951
 20
382.718
 30
0.0
 40
0.2
 41
0.2
  0
VERTEX
  8
0
 10
172.92
 20
382.771
 30
0.0
 40
0.2
 41
0.2
  0
VERTEX
  8
0
 10
172.867
 20
382.799
 30
0.0
 40
0.2
 41
0.2
  0
VERTEX
  8
0
 10
172.85
 20
382.799
 30
0.0
 40
0.2
 41
0.2
  0
VERTEX
  8
0
 10
166.85
 20
382.799
 30
0.0
 40
0.2
 41
0.2
  0
VERTEX
  8
0
 10
166.832
 20
382.799
 30
0.0
 40
0.2
 41
0.2
  0
VERTEX
  8
0
 10
166.779
 20
382.771
 30
0.0
 40
0.2
 41
0.2
  0
VERTEX
  8
0
 10
166.75
 20
382.718
 30
0.0
 40
0.2
 41
0.2
  0
VERTEX
  8
0
 10
166.75
 20
382.7
 30
0.0
 40
0.2
 41
0.2
  0
VERTEX
  8
0
 10
166.75
 20
379.801
 30
0.0
 40
0.2
 41
0.2
  0
VERTEX
  8
0
 10
166.75
 20
379.79
 30
0.0
 40
0.2
 41
0.2
  0
VERTEX
  8
0
 10
166.763
 20
379.758
 30
0.0
 40
0.2
 41
0.2
  0
VERTEX
  8
0
 10
166.787
 20
379.762
 30
0.0
 40
0.2
 41
0.2
  0
VERTEX
  8
0
 10
166.791
 20
379.786
 30
0.0
 40
0.2
 41
0.2
  0
VERTEX
  8
0
 10
166.759
 20
379.801
 30
0.0
 40
0.2
 41
0.2
  0
VERTEX
  8
0
 10
166.75
 20
379.801
 30
0.0
 40
0.2
 41
0.2
  0
VERTEX
  8
0
 10
160.949
 20
379.801
 30
0.0
 40
0.2
 41
0.2
  0
VERTEX
  8
0
 10
160.938
 20
379.801
 30
0.0
 40
0.2
 41
0.2
  0
VERTEX
  8
0
 10
160.907
 20
379.786
 30
0.0
 40
0.2
 41
0.2
  0
VERTEX
  8
0
 10
160.912
 20
379.762
 30
0.0
 40
0.2
 41
0.2
  0
VERTEX
  8
0
 10
160.934
 20
379.758
 30
0.0
 40
0.2
 41
0.2
  0
VERTEX
  8
0
 10
160.949
 20
379.79
 30
0.0
 40
0.2
 41
0.2
  0
VERTEX
  8
0
 10
160.949
 20
379.801
 30
0.0
 40
0.2
 41
0.2
  0
VERTEX
  8
0
 10
160.949
 20
382.7
 30
0.0
 40
0.2
 41
0.2
  0
VERTEX
  8
0
 10
160.949
 20
382.718
 30
0.0
 40
0.2
 41
0.2
  0
VERTEX
  8
0
 10
160.92
 20
382.771
 30
0.0
 40
0.2
 41
0.2
  0
VERTEX
  8
0
 10
160.867
 20
382.799
 30
0.0
 40
0.2
 41
0.2
  0
VERTEX
  8
0
 10
160.85
 20
382.799
 30
0.0
 40
0.2
 41
0.2
  0
VERTEX
  8
0
 10
154.85
 20
382.799
 30
0.0
 40
0.2
 41
0.2
  0
VERTEX
  8
0
 10
154.832
 20
382.799
 30
0.0
 40
0.2
 41
0.2
  0
VERTEX
  8
0
 10
154.778
 20
382.771
 30
0.0
 40
0.2
 41
0.2
  0
VERTEX
  8
0
 10
154.75
 20
382.718
 30
0.0
 40
0.2
 41
0.2
  0
VERTEX
  8
0
 10
154.75
 20
382.7
 30
0.0
 40
0.2
 41
0.2
  0
VERTEX
  8
0
 10
154.75
 20
379.801
 30
0.0
 40
0.2
 41
0.2
  0
VERTEX
  8
0
 10
154.75
 20
379.79
 30
0.0
 40
0.2
 41
0.2
  0
VERTEX
  8
0
 10
154.763
 20
379.758
 30
0.0
 40
0.2
 41
0.2
  0
VERTEX
  8
0
 10
154.787
 20
379.762
 30
0.0
 40
0.2
 41
0.2
  0
VERTEX
  8
0
 10
154.791
 20
379.786
 30
0.0
 40
0.2
 41
0.2
  0
VERTEX
  8
0
 10
154.759
 20
379.801
 30
0.0
 40
0.2
 41
0.2
  0
VERTEX
  8
0
 10
154.75
 20
379.801
 30
0.0
 40
0.2
 41
0.2
  0
VERTEX
  8
0
 10
148.949
 20
379.801
 30
0.0
 40
0.2
 41
0.2
  0
VERTEX
  8
0
 10
148.939
 20
379.801
 30
0.0
 40
0.2
 41
0.2
  0
VERTEX
  8
0
 10
148.907
 20
379.786
 30
0.0
 40
0.2
 41
0.2
  0
VERTEX
  8
0
 10
148.912
 20
379.762
 30
0.0
 40
0.2
 41
0.2
  0
VERTEX
  8
0
 10
148.934
 20
379.758
 30
0.0
 40
0.2
 41
0.2
  0
VERTEX
  8
0
 10
148.949
 20
379.79
 30
0.0
 40
0.2
 41
0.2
  0
VERTEX
  8
0
 10
148.949
 20
379.801
 30
0.0
 40
0.2
 41
0.2
  0
VERTEX
  8
0
 10
148.949
 20
382.7
 30
0.0
 40
0.2
 41
0.2
  0
VERTEX
  8
0
 10
148.949
 20
382.718
 30
0.0
 40
0.2
 41
0.2
  0
VERTEX
  8
0
 10
148.921
 20
382.771
 30
0.0
 40
0.2
 41
0.2
  0
VERTEX
  8
0
 10
148.867
 20
382.799
 30
0.0
 40
0.2
 41
0.2
  0
VERTEX
  8
0
 10
148.85
 20
382.799
 30
0.0
 40
0.2
 41
0.2
  0
VERTEX
  8
0
 10
142.85
 20
382.799
 30
0.0
 40
0.2
 41
0.2
  0
VERTEX
  8
0
 10
142.832
 20
382.799
 30
0.0
 40
0.2
 41
0.2
  0
VERTEX
  8
0
 10
142.779
 20
382.771
 30
0.0
 40
0.2
 41
0.2
  0
VERTEX
  8
0
 10
142.75
 20
382.718
 30
0.0
 40
0.2
 41
0.2
  0
VERTEX
  8
0
 10
142.75
 20
382.7
 30
0.0
 40
0.2
 41
0.2
  0
VERTEX
  8
0
 10
142.75
 20
379.801
 30
0.0
 40
0.2
 41
0.2
  0
VERTEX
  8
0
 10
142.75
 20
379.79
 30
0.0
 40
0.2
 41
0.2
  0
VERTEX
  8
0
 10
142.764
 20
379.758
 30
0.0
 40
0.2
 41
0.2
  0
VERTEX
  8
0
 10
142.787
 20
379.762
 30
0.0
 40
0.2
 41
0.2
  0
VERTEX
  8
0
 10
142.791
 20
379.786
 30
0.0
 40
0.2
 41
0.2
  0
VERTEX
  8
0
 10
142.759
 20
379.801
 30
0.0
 40
0.2
 41
0.2
  0
VERTEX
  8
0
 10
142.75
 20
379.801
 30
0.0
 40
0.2
 41
0.2
  0
VERTEX
  8
0
 10
136.949
 20
379.801
 30
0.0
 40
0.2
 41
0.2
  0
VERTEX
  8
0
 10
136.938
 20
379.801
 30
0.0
 40
0.2
 41
0.2
  0
VERTEX
  8
0
 10
136.907
 20
379.786
 30
0.0
 40
0.2
 41
0.2
  0
VERTEX
  8
0
 10
136.912
 20
379.762
 30
0.0
 40
0.2
 41
0.2
  0
VERTEX
  8
0
 10
136.934
 20
379.758
 30
0.0
 40
0.2
 41
0.2
  0
VERTEX
  8
0
 10
136.949
 20
379.79
 30
0.0
 40
0.2
 41
0.2
  0
VERTEX
  8
0
 10
136.949
 20
379.801
 30
0.0
 40
0.2
 41
0.2
  0
VERTEX
  8
0
 10
136.949
 20
382.7
 30
0.0
 40
0.2
 41
0.2
  0
VERTEX
  8
0
 10
136.949
 20
382.718
 30
0.0
 40
0.2
 41
0.2
  0
VERTEX
  8
0
 10
136.92
 20
382.771
 30
0.0
 40
0.2
 41
0.2
  0
VERTEX
  8
0
 10
136.867
 20
382.799
 30
0.0
 40
0.2
 41
0.2
  0
VERTEX
  8
0
 10
136.85
 20
382.799
 30
0.0
 40
0.2
 41
0.2
  0
VERTEX
  8
0
 10
130.85
 20
382.799
 30
0.0
 40
0.2
 41
0.2
  0
VERTEX
  8
0
 10
130.832
 20
382.799
 30
0.0
 40
0.2
 41
0.2
  0
VERTEX
  8
0
 10
130.779
 20
382.771
 30
0.0
 40
0.2
 41
0.2
  0
VERTEX
  8
0
 10
130.75
 20
382.718
 30
0.0
 40
0.2
 41
0.2
  0
VERTEX
  8
0
 10
130.75
 20
382.7
 30
0.0
 40
0.2
 41
0.2
  0
VERTEX
  8
0
 10
130.75
 20
379.801
 30
0.0
 40
0.2
 41
0.2
  0
VERTEX
  8
0
 10
130.75
 20
379.79
 30
0.0
 40
0.2
 41
0.2
  0
VERTEX
  8
0
 10
130.763
 20
379.758
 30
0.0
 40
0.2
 41
0.2
  0
VERTEX
  8
0
 10
130.787
 20
379.762
 30
0.0
 40
0.2
 41
0.2
  0
VERTEX
  8
0
 10
130.791
 20
379.786
 30
0.0
 40
0.2
 41
0.2
  0
VERTEX
  8
0
 10
130.759
 20
379.801
 30
0.0
 40
0.2
 41
0.2
  0
VERTEX
  8
0
 10
130.75
 20
379.801
 30
0.0
 40
0.2
 41
0.2
  0
VERTEX
  8
0
 10
124.95
 20
379.801
 30
0.0
 40
0.2
 41
0.2
  0
VERTEX
  8
0
 10
124.938
 20
379.801
 30
0.0
 40
0.2
 41
0.2
  0
VERTEX
  8
0
 10
124.907
 20
379.786
 30
0.0
 40
0.2
 41
0.2
  0
VERTEX
  8
0
 10
124.912
 20
379.762
 30
0.0
 40
0.2
 41
0.2
  0
VERTEX
  8
0
 10
124.934
 20
379.758
 30
0.0
 40
0.2
 41
0.2
  0
VERTEX
  8
0
 10
124.95
 20
379.79
 30
0.0
 40
0.2
 41
0.2
  0
VERTEX
  8
0
 10
124.95
 20
379.801
 30
0.0
 40
0.2
 41
0.2
  0
VERTEX
  8
0
 10
124.95
 20
382.7
 30
0.0
 40
0.2
 41
0.2
  0
VERTEX
  8
0
 10
124.95
 20
382.718
 30
0.0
 40
0.2
 41
0.2
  0
VERTEX
  8
0
 10
124.92
 20
382.771
 30
0.0
 40
0.2
 41
0.2
  0
VERTEX
  8
0
 10
124.867
 20
382.799
 30
0.0
 40
0.2
 41
0.2
  0
VERTEX
  8
0
 10
124.85
 20
382.799
 30
0.0
 40
0.2
 41
0.2
  0
VERTEX
  8
0
 10
118.85
 20
382.799
 30
0.0
 40
0.2
 41
0.2
  0
VERTEX
  8
0
 10
118.832
 20
382.799
 30
0.0
 40
0.2
 41
0.2
  0
VERTEX
  8
0
 10
118.779
 20
382.771
 30
0.0
 40
0.2
 41
0.2
  0
VERTEX
  8
0
 10
118.75
 20
382.718
 30
0.0
 40
0.2
 41
0.2
  0
VERTEX
  8
0
 10
118.75
 20
382.7
 30
0.0
 40
0.2
 41
0.2
  0
VERTEX
  8
0
 10
118.75
 20
379.801
 30
0.0
 40
0.2
 41
0.2
  0
VERTEX
  8
0
 10
118.75
 20
379.79
 30
0.0
 40
0.2
 41
0.2
  0
VERTEX
  8
0
 10
118.763
 20
379.758
 30
0.0
 40
0.2
 41
0.2
  0
VERTEX
  8
0
 10
118.787
 20
379.762
 30
0.0
 40
0.2
 41
0.2
  0
VERTEX
  8
0
 10
118.791
 20
379.786
 30
0.0
 40
0.2
 41
0.2
  0
VERTEX
  8
0
 10
118.759
 20
379.801
 30
0.0
 40
0.2
 41
0.2
  0
VERTEX
  8
0
 10
118.75
 20
379.801
 30
0.0
 40
0.2
 41
0.2
  0
VERTEX
  8
0
 10
112.95
 20
379.801
 30
0.0
 40
0.2
 41
0.2
  0
VERTEX
  8
0
 10
112.939
 20
379.801
 30
0.0
 40
0.2
 41
0.2
  0
VERTEX
  8
0
 10
112.907
 20
379.786
 30
0.0
 40
0.2
 41
0.2
  0
VERTEX
  8
0
 10
112.912
 20
379.762
 30
0.0
 40
0.2
 41
0.2
  0
VERTEX
  8
0
 10
112.934
 20
379.758
 30
0.0
 40
0.2
 41
0.2
  0
VERTEX
  8
0
 10
112.95
 20
379.79
 30
0.0
 40
0.2
 41
0.2
  0
VERTEX
  8
0
 10
112.95
 20
379.801
 30
0.0
 40
0.2
 41
0.2
  0
VERTEX
  8
0
 10
112.95
 20
382.7
 30
0.0
 40
0.2
 41
0.2
  0
VERTEX
  8
0
 10
112.95
 20
382.718
 30
0.0
 40
0.2
 41
0.2
  0
VERTEX
  8
0
 10
112.921
 20
382.771
 30
0.0
 40
0.2
 41
0.2
  0
VERTEX
  8
0
 10
112.867
 20
382.799
 30
0.0
 40
0.2
 41
0.2
  0
VERTEX
  8
0
 10
112.85
 20
382.799
 30
0.0
 40
0.2
 41
0.2
  0
VERTEX
  8
0
 10
106.85
 20
382.799
 30
0.0
 40
0.2
 41
0.2
  0
VERTEX
  8
0
 10
106.832
 20
382.799
 30
0.0
 40
0.2
 41
0.2
  0
VERTEX
  8
0
 10
106.779
 20
382.771
 30
0.0
 40
0.2
 41
0.2
  0
VERTEX
  8
0
 10
106.75
 20
382.718
 30
0.0
 40
0.2
 41
0.2
  0
VERTEX
  8
0
 10
106.75
 20
382.7
 30
0.0
 40
0.2
 41
0.2
  0
VERTEX
  8
0
 10
106.75
 20
379.801
 30
0.0
 40
0.2
 41
0.2
  0
VERTEX
  8
0
 10
106.75
 20
379.79
 30
0.0
 40
0.2
 41
0.2
  0
VERTEX
  8
0
 10
106.764
 20
379.758
 30
0.0
 40
0.2
 41
0.2
  0
VERTEX
  8
0
 10
106.787
 20
379.762
 30
0.0
 40
0.2
 41
0.2
  0
VERTEX
  8
0
 10
106.791
 20
379.786
 30
0.0
 40
0.2
 41
0.2
  0
VERTEX
  8
0
 10
106.759
 20
379.801
 30
0.0
 40
0.2
 41
0.2
  0
VERTEX
  8
0
 10
106.75
 20
379.801
 30
0.0
 40
0.2
 41
0.2
  0
VERTEX
  8
0
 10
100.949
 20
379.801
 30
0.0
 40
0.2
 41
0.2
  0
VERTEX
  8
0
 10
100.939
 20
379.801
 30
0.0
 40
0.2
 41
0.2
  0
VERTEX
  8
0
 10
100.907
 20
379.786
 30
0.0
 40
0.2
 41
0.2
  0
VERTEX
  8
0
 10
100.912
 20
379.762
 30
0.0
 40
0.2
 41
0.2
  0
VERTEX
  8
0
 10
100.934
 20
379.758
 30
0.0
 40
0.2
 41
0.2
  0
VERTEX
  8
0
 10
100.949
 20
379.79
 30
0.0
 40
0.2
 41
0.2
  0
VERTEX
  8
0
 10
100.949
 20
379.801
 30
0.0
 40
0.2
 41
0.2
  0
VERTEX
  8
0
 10
100.949
 20
382.7
 30
0.0
 40
0.2
 41
0.2
  0
VERTEX
  8
0
 10
100.949
 20
382.718
 30
0.0
 40
0.2
 41
0.2
  0
VERTEX
  8
0
 10
100.921
 20
382.771
 30
0.0
 40
0.2
 41
0.2
  0
VERTEX
  8
0
 10
100.867
 20
382.799
 30
0.0
 40
0.2
 41
0.2
  0
VERTEX
  8
0
 10
100.85
 20
382.799
 30
0.0
 40
0.2
 41
0.2
  0
VERTEX
  8
0
 10
94.8503
 20
382.799
 30
0.0
 40
0.2
 41
0.2
  0
VERTEX
  8
0
 10
94.8323
 20
382.799
 30
0.0
 40
0.2
 41
0.2
  0
VERTEX
  8
0
 10
94.7787
 20
382.771
 30
0.0
 40
0.2
 41
0.2
  0
VERTEX
  8
0
 10
94.7498
 20
382.718
 30
0.0
 40
0.2
 41
0.2
  0
VERTEX
  8
0
 10
94.7498
 20
382.7
 30
0.0
 40
0.2
 41
0.2
  0
VERTEX
  8
0
 10
94.7498
 20
379.801
 30
0.0
 40
0.2
 41
0.2
  0
VERTEX
  8
0
 10
94.7498
 20
379.79
 30
0.0
 40
0.2
 41
0.2
  0
VERTEX
  8
0
 10
94.7635
 20
379.758
 30
0.0
 40
0.2
 41
0.2
  0
VERTEX
  8
0
 10
94.7872
 20
379.762
 30
0.0
 40
0.2
 41
0.2
  0
VERTEX
  8
0
 10
94.791
 20
379.786
 30
0.0
 40
0.2
 41
0.2
  0
VERTEX
  8
0
 10
94.7593
 20
379.801
 30
0.0
 40
0.2
 41
0.2
  0
VERTEX
  8
0
 10
94.7498
 20
379.801
 30
0.0
 40
0.2
 41
0.2
  0
VERTEX
  8
0
 10
88.9497
 20
379.801
 30
0.0
 40
0.2
 41
0.2
  0
VERTEX
  8
0
 10
88.9385
 20
379.801
 30
0.0
 40
0.2
 41
0.2
  0
VERTEX
  8
0
 10
88.9071
 20
379.786
 30
0.0
 40
0.2
 41
0.2
  0
VERTEX
  8
0
 10
88.9123
 20
379.762
 30
0.0
 40
0.2
 41
0.2
  0
VERTEX
  8
0
 10
88.9346
 20
379.758
 30
0.0
 40
0.2
 41
0.2
  0
VERTEX
  8
0
 10
88.9497
 20
379.79
 30
0.0
 40
0.2
 41
0.2
  0
VERTEX
  8
0
 10
88.9497
 20
379.801
 30
0.0
 40
0.2
 41
0.2
  0
VERTEX
  8
0
 10
88.9497
 20
382.7
 30
0.0
 40
0.2
 41
0.2
  0
VERTEX
  8
0
 10
88.9497
 20
382.718
 30
0.0
 40
0.2
 41
0.2
  0
VERTEX
  8
0
 10
88.9208
 20
382.771
 30
0.0
 40
0.2
 41
0.2
  0
VERTEX
  8
0
 10
88.8668
 20
382.799
 30
0.0
 40
0.2
 41
0.2
  0
VERTEX
  8
0
 10
88.8503
 20
382.799
 30
0.0
 40
0.2
 41
0.2
  0
VERTEX
  8
0
 10
82.8506
 20
382.799
 30
0.0
 40
0.2
 41
0.2
  0
VERTEX
  8
0
 10
82.8326
 20
382.799
 30
0.0
 40
0.2
 41
0.2
  0
VERTEX
  8
0
 10
82.7786
 20
382.771
 30
0.0
 40
0.2
 41
0.2
  0
VERTEX
  8
0
 10
82.7497
 20
382.718
 30
0.0
 40
0.2
 41
0.2
  0
VERTEX
  8
0
 10
82.7497
 20
382.7
 30
0.0
 40
0.2
 41
0.2
  0
VERTEX
  8
0
 10
82.7497
 20
379.801
 30
0.0
 40
0.2
 41
0.2
  0
VERTEX
  8
0
 10
82.7497
 20
379.79
 30
0.0
 40
0.2
 41
0.2
  0
VERTEX
  8
0
 10
82.7634
 20
379.758
 30
0.0
 40
0.2
 41
0.2
  0
VERTEX
  8
0
 10
82.7871
 20
379.762
 30
0.0
 40
0.2
 41
0.2
  0
VERTEX
  8
0
 10
82.7913
 20
379.786
 30
0.0
 40
0.2
 41
0.2
  0
VERTEX
  8
0
 10
82.7595
 20
379.801
 30
0.0
 40
0.2
 41
0.2
  0
VERTEX
  8
0
 10
82.7497
 20
379.801
 30
0.0
 40
0.2
 41
0.2
  0
VERTEX
  8
0
 10
76.9497
 20
379.801
 30
0.0
 40
0.2
 41
0.2
  0
VERTEX
  8
0
 10
76.9387
 20
379.801
 30
0.0
 40
0.2
 41
0.2
  0
VERTEX
  8
0
 10
76.907
 20
379.786
 30
0.0
 40
0.2
 41
0.2
  0
VERTEX
  8
0
 10
76.9126
 20
379.762
 30
0.0
 40
0.2
 41
0.2
  0
VERTEX
  8
0
 10
76.9345
 20
379.758
 30
0.0
 40
0.2
 41
0.2
  0
VERTEX
  8
0
 10
76.9497
 20
379.79
 30
0.0
 40
0.2
 41
0.2
  0
VERTEX
  8
0
 10
76.9497
 20
379.801
 30
0.0
 40
0.2
 41
0.2
  0
VERTEX
  8
0
 10
76.9497
 20
382.7
 30
0.0
 40
0.2
 41
0.2
  0
VERTEX
  8
0
 10
76.9497
 20
382.718
 30
0.0
 40
0.2
 41
0.2
  0
VERTEX
  8
0
 10
76.9207
 20
382.771
 30
0.0
 40
0.2
 41
0.2
  0
VERTEX
  8
0
 10
76.8671
 20
382.799
 30
0.0
 40
0.2
 41
0.2
  0
VERTEX
  8
0
 10
76.8505
 20
382.799
 30
0.0
 40
0.2
 41
0.2
  0
VERTEX
  8
0
 10
70.8505
 20
382.799
 30
0.0
 40
0.2
 41
0.2
  0
VERTEX
  8
0
 10
70.8325
 20
382.799
 30
0.0
 40
0.2
 41
0.2
  0
VERTEX
  8
0
 10
70.7789
 20
382.771
 30
0.0
 40
0.2
 41
0.2
  0
VERTEX
  8
0
 10
70.7499
 20
382.718
 30
0.0
 40
0.2
 41
0.2
  0
VERTEX
  8
0
 10
70.7499
 20
382.7
 30
0.0
 40
0.2
 41
0.2
  0
VERTEX
  8
0
 10
70.7499
 20
379.801
 30
0.0
 40
0.2
 41
0.2
  0
VERTEX
  8
0
 10
70.7499
 20
379.79
 30
0.0
 40
0.2
 41
0.2
  0
VERTEX
  8
0
 10
70.7637
 20
379.758
 30
0.0
 40
0.2
 41
0.2
  0
VERTEX
  8
0
 10
70.787
 20
379.762
 30
0.0
 40
0.2
 41
0.2
  0
VERTEX
  8
0
 10
70.7912
 20
379.786
 30
0.0
 40
0.2
 41
0.2
  0
VERTEX
  8
0
 10
70.7595
 20
379.801
 30
0.0
 40
0.2
 41
0.2
  0
VERTEX
  8
0
 10
70.7499
 20
379.801
 30
0.0
 40
0.2
 41
0.2
  0
VERTEX
  8
0
 10
64.9496
 20
379.801
 30
0.0
 40
0.2
 41
0.2
  0
VERTEX
  8
0
 10
64.9386
 20
379.801
 30
0.0
 40
0.2
 41
0.2
  0
VERTEX
  8
0
 10
64.9069
 20
379.786
 30
0.0
 40
0.2
 41
0.2
  0
VERTEX
  8
0
 10
64.9125
 20
379.762
 30
0.0
 40
0.2
 41
0.2
  0
VERTEX
  8
0
 10
64.9344
 20
379.758
 30
0.0
 40
0.2
 41
0.2
  0
VERTEX
  8
0
 10
64.9496
 20
379.79
 30
0.0
 40
0.2
 41
0.2
  0
VERTEX
  8
0
 10
64.9496
 20
379.801
 30
0.0
 40
0.2
 41
0.2
  0
VERTEX
  8
0
 10
64.9496
 20
382.7
 30
0.0
 40
0.2
 41
0.2
  0
VERTEX
  8
0
 10
64.9496
 20
382.718
 30
0.0
 40
0.2
 41
0.2
  0
VERTEX
  8
0
 10
64.9206
 20
382.771
 30
0.0
 40
0.2
 41
0.2
  0
VERTEX
  8
0
 10
64.867
 20
382.799
 30
0.0
 40
0.2
 41
0.2
  0
VERTEX
  8
0
 10
64.8504
 20
382.799
 30
0.0
 40
0.2
 41
0.2
  0
VERTEX
  8
0
 10
58.8504
 20
382.799
 30
0.0
 40
0.2
 41
0.2
  0
VERTEX
  8
0
 10
58.8328
 20
382.799
 30
0.0
 40
0.2
 41
0.2
  0
VERTEX
  8
0
 10
58.7788
 20
382.771
 30
0.0
 40
0.2
 41
0.2
  0
VERTEX
  8
0
 10
58.7498
 20
382.718
 30
0.0
 40
0.2
 41
0.2
  0
VERTEX
  8
0
 10
58.7498
 20
382.7
 30
0.0
 40
0.2
 41
0.2
  0
VERTEX
  8
0
 10
58.7498
 20
379.801
 30
0.0
 40
0.2
 41
0.2
  0
VERTEX
  8
0
 10
58.7498
 20
379.79
 30
0.0
 40
0.2
 41
0.2
  0
VERTEX
  8
0
 10
58.7636
 20
379.758
 30
0.0
 40
0.2
 41
0.2
  0
VERTEX
  8
0
 10
58.7872
 20
379.762
 30
0.0
 40
0.2
 41
0.2
  0
VERTEX
  8
0
 10
58.7911
 20
379.786
 30
0.0
 40
0.2
 41
0.2
  0
VERTEX
  8
0
 10
58.7597
 20
379.801
 30
0.0
 40
0.2
 41
0.2
  0
VERTEX
  8
0
 10
58.7498
 20
379.801
 30
0.0
 40
0.2
 41
0.2
  0
VERTEX
  8
0
 10
52.9498
 20
379.801
 30
0.0
 40
0.2
 41
0.2
  0
VERTEX
  8
0
 10
52.9389
 20
379.801
 30
0.0
 40
0.2
 41
0.2
  0
VERTEX
  8
0
 10
52.9071
 20
379.786
 30
0.0
 40
0.2
 41
0.2
  0
VERTEX
  8
0
 10
52.9124
 20
379.762
 30
0.0
 40
0.2
 41
0.2
  0
VERTEX
  8
0
 10
52.9347
 20
379.758
 30
0.0
 40
0.2
 41
0.2
  0
VERTEX
  8
0
 10
52.9498
 20
379.79
 30
0.0
 40
0.2
 41
0.2
  0
VERTEX
  8
0
 10
52.9498
 20
379.801
 30
0.0
 40
0.2
 41
0.2
  0
VERTEX
  8
0
 10
52.9498
 20
382.7
 30
0.0
 40
0.2
 41
0.2
  0
VERTEX
  8
0
 10
52.9498
 20
382.718
 30
0.0
 40
0.2
 41
0.2
  0
VERTEX
  8
0
 10
52.9209
 20
382.771
 30
0.0
 40
0.2
 41
0.2
  0
VERTEX
  8
0
 10
52.8669
 20
382.799
 30
0.0
 40
0.2
 41
0.2
  0
VERTEX
  8
0
 10
52.8507
 20
382.799
 30
0.0
 40
0.2
 41
0.2
  0
VERTEX
  8
0
 10
46.8507
 20
382.799
 30
0.0
 40
0.2
 41
0.2
  0
VERTEX
  8
0
 10
46.8327
 20
382.799
 30
0.0
 40
0.2
 41
0.2
  0
VERTEX
  8
0
 10
46.779
 20
382.771
 30
0.0
 40
0.2
 41
0.2
  0
VERTEX
  8
0
 10
46.7501
 20
382.718
 30
0.0
 40
0.2
 41
0.2
  0
VERTEX
  8
0
 10
46.7501
 20
382.7
 30
0.0
 40
0.2
 41
0.2
  0
VERTEX
  8
0
 10
46.7501
 20
379.801
 30
0.0
 40
0.2
 41
0.2
  0
VERTEX
  8
0
 10
46.7501
 20
379.79
 30
0.0
 40
0.2
 41
0.2
  0
VERTEX
  8
0
 10
46.7639
 20
379.758
 30
0.0
 40
0.2
 41
0.2
  0
VERTEX
  8
0
 10
46.7872
 20
379.762
 30
0.0
 40
0.2
 41
0.2
  0
VERTEX
  8
0
 10
46.7914
 20
379.786
 30
0.0
 40
0.2
 41
0.2
  0
VERTEX
  8
0
 10
46.7596
 20
379.801
 30
0.0
 40
0.2
 41
0.2
  0
VERTEX
  8
0
 10
46.7501
 20
379.801
 30
0.0
 40
0.2
 41
0.2
  0
VERTEX
  8
0
 10
40.9497
 20
379.801
 30
0.0
 40
0.2
 41
0.2
  0
VERTEX
  8
0
 10
40.9388
 20
379.801
 30
0.0
 40
0.2
 41
0.2
  0
VERTEX
  8
0
 10
40.9071
 20
379.786
 30
0.0
 40
0.2
 41
0.2
  0
VERTEX
  8
0
 10
40.9127
 20
379.762
 30
0.0
 40
0.2
 41
0.2
  0
VERTEX
  8
0
 10
40.9346
 20
379.758
 30
0.0
 40
0.2
 41
0.2
  0
VERTEX
  8
0
 10
40.9497
 20
379.79
 30
0.0
 40
0.2
 41
0.2
  0
VERTEX
  8
0
 10
40.9497
 20
379.801
 30
0.0
 40
0.2
 41
0.2
  0
VERTEX
  8
0
 10
40.9497
 20
382.7
 30
0.0
 40
0.2
 41
0.2
  0
VERTEX
  8
0
 10
40.9497
 20
382.718
 30
0.0
 40
0.2
 41
0.2
  0
VERTEX
  8
0
 10
40.9208
 20
382.771
 30
0.0
 40
0.2
 41
0.2
  0
VERTEX
  8
0
 10
40.8672
 20
382.799
 30
0.0
 40
0.2
 41
0.2
  0
VERTEX
  8
0
 10
40.8506
 20
382.799
 30
0.0
 40
0.2
 41
0.2
  0
VERTEX
  8
0
 10
34.8492
 20
382.799
 30
0.0
 40
0.2
 41
0.2
  0
VERTEX
  8
0
 10
34.8313
 20
382.799
 30
0.0
 40
0.2
 41
0.2
  0
VERTEX
  8
0
 10
34.7789
 20
382.771
 30
0.0
 40
0.2
 41
0.2
  0
VERTEX
  8
0
 10
34.75
 20
382.718
 30
0.0
 40
0.2
 41
0.2
  0
VERTEX
  8
0
 10
34.75
 20
382.7
 30
0.0
 40
0.2
 41
0.2
  0
VERTEX
  8
0
 10
34.75
 20
379.801
 30
0.0
 40
0.2
 41
0.2
  0
VERTEX
  8
0
 10
34.75
 20
379.79
 30
0.0
 40
0.2
 41
0.2
  0
VERTEX
  8
0
 10
34.7638
 20
379.758
 30
0.0
 40
0.2
 41
0.2
  0
VERTEX
  8
0
 10
34.7872
 20
379.762
 30
0.0
 40
0.2
 41
0.2
  0
VERTEX
  8
0
 10
34.7913
 20
379.786
 30
0.0
 40
0.2
 41
0.2
  0
VERTEX
  8
0
 10
34.7597
 20
379.801
 30
0.0
 40
0.2
 41
0.2
  0
VERTEX
  8
0
 10
34.75
 20
379.801
 30
0.0
 40
0.2
 41
0.2
  0
VERTEX
  8
0
 10
28.9498
 20
379.801
 30
0.0
 40
0.2
 41
0.2
  0
VERTEX
  8
0
 10
28.9388
 20
379.801
 30
0.0
 40
0.2
 41
0.2
  0
VERTEX
  8
0
 10
28.9071
 20
379.786
 30
0.0
 40
0.2
 41
0.2
  0
VERTEX
  8
0
 10
28.9126
 20
379.762
 30
0.0
 40
0.2
 41
0.2
  0
VERTEX
  8
0
 10
28.9347
 20
379.758
 30
0.0
 40
0.2
 41
0.2
  0
VERTEX
  8
0
 10
28.9498
 20
379.79
 30
0.0
 40
0.2
 41
0.2
  0
VERTEX
  8
0
 10
28.9498
 20
379.801
 30
0.0
 40
0.2
 41
0.2
  0
VERTEX
  8
0
 10
28.9498
 20
382.7
 30
0.0
 40
0.2
 41
0.2
  0
VERTEX
  8
0
 10
28.9498
 20
382.718
 30
0.0
 40
0.2
 41
0.2
  0
VERTEX
  8
0
 10
28.9209
 20
382.771
 30
0.0
 40
0.2
 41
0.2
  0
VERTEX
  8
0
 10
28.8671
 20
382.799
 30
0.0
 40
0.2
 41
0.2
  0
VERTEX
  8
0
 10
28.8506
 20
382.799
 30
0.0
 40
0.2
 41
0.2
  0
VERTEX
  8
0
 10
22.8506
 20
382.799
 30
0.0
 40
0.2
 41
0.2
  0
VERTEX
  8
0
 10
22.8327
 20
382.799
 30
0.0
 40
0.2
 41
0.2
  0
VERTEX
  8
0
 10
22.779
 20
382.771
 30
0.0
 40
0.2
 41
0.2
  0
VERTEX
  8
0
 10
22.75
 20
382.718
 30
0.0
 40
0.2
 41
0.2
  0
VERTEX
  8
0
 10
22.75
 20
382.7
 30
0.0
 40
0.2
 41
0.2
  0
VERTEX
  8
0
 10
22.75
 20
379.801
 30
0.0
 40
0.2
 41
0.2
  0
VERTEX
  8
0
 10
22.75
 20
379.79
 30
0.0
 40
0.2
 41
0.2
  0
VERTEX
  8
0
 10
22.7638
 20
379.758
 30
0.0
 40
0.2
 41
0.2
  0
VERTEX
  8
0
 10
22.7873
 20
379.762
 30
0.0
 40
0.2
 41
0.2
  0
VERTEX
  8
0
 10
22.7914
 20
379.786
 30
0.0
 40
0.2
 41
0.2
  0
VERTEX
  8
0
 10
22.7597
 20
379.801
 30
0.0
 40
0.2
 41
0.2
  0
VERTEX
  8
0
 10
22.75
 20
379.801
 30
0.0
 40
0.2
 41
0.2
  0
VERTEX
  8
0
 10
13.0996
 20
379.801
 30
0.0
 40
0.2
 41
0.2
  0
VERTEX
  8
0
 10
13.0817
 20
379.801
 30
0.0
 40
0.2
 41
0.2
  0
VERTEX
  8
0
 10
13.0294
 20
379.772
 30
0.0
 40
0.2
 41
0.2
  0
VERTEX
  8
0
 10
13.0004
 20
379.719
 30
0.0
 40
0.2
 41
0.2
  0
VERTEX
  8
0
 10
13.0004
 20
379.702
 30
0.0
 40
0.2
 41
0.2
  0
VERTEX
  8
0
 10
13.0004
 20
368.05
 30
0.0
 40
0.2
 41
0.2
  0
VERTEX
  8
0
 10
13.0004
 20
368.039
 30
0.0
 40
0.2
 41
0.2
  0
VERTEX
  8
0
 10
13.0142
 20
368.007
 30
0.0
 40
0.2
 41
0.2
  0
VERTEX
  8
0
 10
13.0376
 20
368.011
 30
0.0
 40
0.2
 41
0.2
  0
VERTEX
  8
0
 10
13.0418
 20
368.035
 30
0.0
 40
0.2
 41
0.2
  0
VERTEX
  8
0
 10
13.0101
 20
368.05
 30
0.0
 40
0.2
 41
0.2
  0
VERTEX
  8
0
 10
13.0004
 20
368.05
 30
0.0
 40
0.2
 41
0.2
  0
VERTEX
  8
0
 10
10.0996
 20
368.05
 30
0.0
 40
0.2
 41
0.2
  0
VERTEX
  8
0
 10
10.0817
 20
368.05
 30
0.0
 40
0.2
 41
0.2
  0
VERTEX
  8
0
 10
10.0294
 20
368.021
 30
0.0
 40
0.2
 41
0.2
  0
VERTEX
  8
0
 10
10.0004
 20
367.968
 30
0.0
 40
0.2
 41
0.2
  0
VERTEX
  8
0
 10
10.0004
 20
367.951
 30
0.0
 40
0.2
 41
0.2
  0
VERTEX
  8
0
 10
10.0004
 20
361.95
 30
0.0
 40
0.2
 41
0.2
  0
VERTEX
  8
0
 10
10.0004
 20
361.932
 30
0.0
 40
0.2
 41
0.2
  0
VERTEX
  8
0
 10
10.0294
 20
361.879
 30
0.0
 40
0.2
 41
0.2
  0
VERTEX
  8
0
 10
10.0817
 20
361.851
 30
0.0
 40
0.2
 41
0.2
  0
VERTEX
  8
0
 10
10.0996
 20
361.851
 30
0.0
 40
0.2
 41
0.2
  0
VERTEX
  8
0
 10
13.0004
 20
361.851
 30
0.0
 40
0.2
 41
0.2
  0
VERTEX
  8
0
 10
13.0101
 20
361.851
 30
0.0
 40
0.2
 41
0.2
  0
VERTEX
  8
0
 10
13.0418
 20
361.865
 30
0.0
 40
0.2
 41
0.2
  0
VERTEX
  8
0
 10
13.0376
 20
361.886
 30
0.0
 40
0.2
 41
0.2
  0
VERTEX
  8
0
 10
13.0142
 20
361.894
 30
0.0
 40
0.2
 41
0.2
  0
VERTEX
  8
0
 10
13.0004
 20
361.862
 30
0.0
 40
0.2
 41
0.2
  0
VERTEX
  8
0
 10
13.0004
 20
361.851
 30
0.0
 40
0.2
 41
0.2
  0
VERTEX
  8
0
 10
13.0004
 20
356.052
 30
0.0
 40
0.2
 41
0.2
  0
VERTEX
  8
0
 10
13.0004
 20
356.041
 30
0.0
 40
0.2
 41
0.2
  0
VERTEX
  8
0
 10
13.0142
 20
356.009
 30
0.0
 40
0.2
 41
0.2
  0
VERTEX
  8
0
 10
13.0376
 20
356.013
 30
0.0
 40
0.2
 41
0.2
  0
VERTEX
  8
0
 10
13.0418
 20
356.037
 30
0.0
 40
0.2
 41
0.2
  0
VERTEX
  8
0
 10
13.0101
 20
356.052
 30
0.0
 40
0.2
 41
0.2
  0
VERTEX
  8
0
 10
13.0004
 20
356.052
 30
0.0
 40
0.2
 41
0.2
  0
VERTEX
  8
0
 10
10.0996
 20
356.052
 30
0.0
 40
0.2
 41
0.2
  0
VERTEX
  8
0
 10
10.0817
 20
356.052
 30
0.0
 40
0.2
 41
0.2
  0
VERTEX
  8
0
 10
10.0294
 20
356.023
 30
0.0
 40
0.2
 41
0.2
  0
VERTEX
  8
0
 10
10.0004
 20
355.967
 30
0.0
 40
0.2
 41
0.2
  0
VERTEX
  8
0
 10
10.0004
 20
355.949
 30
0.0
 40
0.2
 41
0.2
  0
VERTEX
  8
0
 10
10.0004
 20
349.95
 30
0.0
 40
0.2
 41
0.2
  0
VERTEX
  8
0
 10
10.0004
 20
349.934
 30
0.0
 40
0.2
 41
0.2
  0
VERTEX
  8
0
 10
10.0294
 20
349.88
 30
0.0
 40
0.2
 41
0.2
  0
VERTEX
  8
0
 10
10.0817
 20
349.849
 30
0.0
 40
0.2
 41
0.2
  0
VERTEX
  8
0
 10
10.0996
 20
349.849
 30
0.0
 40
0.2
 41
0.2
  0
VERTEX
  8
0
 10
13.0004
 20
349.849
 30
0.0
 40
0.2
 41
0.2
  0
VERTEX
  8
0
 10
13.0101
 20
349.849
 30
0.0
 40
0.2
 41
0.2
  0
VERTEX
  8
0
 10
13.0418
 20
349.865
 30
0.0
 40
0.2
 41
0.2
  0
VERTEX
  8
0
 10
13.0376
 20
349.888
 30
0.0
 40
0.2
 41
0.2
  0
VERTEX
  8
0
 10
13.0142
 20
349.892
 30
0.0
 40
0.2
 41
0.2
  0
VERTEX
  8
0
 10
13.0004
 20
349.86
 30
0.0
 40
0.2
 41
0.2
  0
VERTEX
  8
0
 10
13.0004
 20
349.849
 30
0.0
 40
0.2
 41
0.2
  0
VERTEX
  8
0
 10
13.0004
 20
344.051
 30
0.0
 40
0.2
 41
0.2
  0
VERTEX
  8
0
 10
13.0004
 20
344.041
 30
0.0
 40
0.2
 41
0.2
  0
VERTEX
  8
0
 10
13.0142
 20
344.009
 30
0.0
 40
0.2
 41
0.2
  0
VERTEX
  8
0
 10
13.0376
 20
344.013
 30
0.0
 40
0.2
 41
0.2
  0
VERTEX
  8
0
 10
13.0418
 20
344.037
 30
0.0
 40
0.2
 41
0.2
  0
VERTEX
  8
0
 10
13.0101
 20
344.051
 30
0.0
 40
0.2
 41
0.2
  0
VERTEX
  8
0
 10
13.0004
 20
344.051
 30
0.0
 40
0.2
 41
0.2
  0
VERTEX
  8
0
 10
10.0996
 20
344.051
 30
0.0
 40
0.2
 41
0.2
  0
VERTEX
  8
0
 10
10.0817
 20
344.051
 30
0.0
 40
0.2
 41
0.2
  0
VERTEX
  8
0
 10
10.0294
 20
344.022
 30
0.0
 40
0.2
 41
0.2
  0
VERTEX
  8
0
 10
10.0004
 20
343.968
 30
0.0
 40
0.2
 41
0.2
  0
VERTEX
  8
0
 10
10.0004
 20
343.95
 30
0.0
 40
0.2
 41
0.2
  0
VERTEX
  8
0
 10
10.0004
 20
337.95
 30
0.0
 40
0.2
 41
0.2
  0
VERTEX
  8
0
 10
10.0004
 20
337.934
 30
0.0
 40
0.2
 41
0.2
  0
VERTEX
  8
0
 10
10.0294
 20
337.88
 30
0.0
 40
0.2
 41
0.2
  0
VERTEX
  8
0
 10
10.0817
 20
337.85
 30
0.0
 40
0.2
 41
0.2
  0
VERTEX
  8
0
 10
10.0996
 20
337.85
 30
0.0
 40
0.2
 41
0.2
  0
VERTEX
  8
0
 10
13.0004
 20
337.85
 30
0.0
 40
0.2
 41
0.2
  0
VERTEX
  8
0
 10
13.0101
 20
337.85
 30
0.0
 40
0.2
 41
0.2
  0
VERTEX
  8
0
 10
13.0418
 20
337.865
 30
0.0
 40
0.2
 41
0.2
  0
VERTEX
  8
0
 10
13.0376
 20
337.888
 30
0.0
 40
0.2
 41
0.2
  0
VERTEX
  8
0
 10
13.0142
 20
337.892
 30
0.0
 40
0.2
 41
0.2
  0
VERTEX
  8
0
 10
13.0004
 20
337.861
 30
0.0
 40
0.2
 41
0.2
  0
VERTEX
  8
0
 10
13.0004
 20
337.85
 30
0.0
 40
0.2
 41
0.2
  0
VERTEX
  8
0
 10
13.0004
 20
332.049
 30
0.0
 40
0.2
 41
0.2
  0
VERTEX
  8
0
 10
13.0004
 20
332.04
 30
0.0
 40
0.2
 41
0.2
  0
VERTEX
  8
0
 10
13.0142
 20
332.008
 30
0.0
 40
0.2
 41
0.2
  0
VERTEX
  8
0
 10
13.0376
 20
332.012
 30
0.0
 40
0.2
 41
0.2
  0
VERTEX
  8
0
 10
13.0418
 20
332.036
 30
0.0
 40
0.2
 41
0.2
  0
VERTEX
  8
0
 10
13.0101
 20
332.049
 30
0.0
 40
0.2
 41
0.2
  0
VERTEX
  8
0
 10
13.0004
 20
332.049
 30
0.0
 40
0.2
 41
0.2
  0
VERTEX
  8
0
 10
10.0996
 20
332.049
 30
0.0
 40
0.2
 41
0.2
  0
VERTEX
  8
0
 10
10.0817
 20
332.049
 30
0.0
 40
0.2
 41
0.2
  0
VERTEX
  8
0
 10
10.0294
 20
332.02
 30
0.0
 40
0.2
 41
0.2
  0
VERTEX
  8
0
 10
10.0004
 20
331.968
 30
0.0
 40
0.2
 41
0.2
  0
VERTEX
  8
0
 10
10.0004
 20
331.95
 30
0.0
 40
0.2
 41
0.2
  0
VERTEX
  8
0
 10
10.0004
 20
325.95
 30
0.0
 40
0.2
 41
0.2
  0
VERTEX
  8
0
 10
10.0004
 20
325.934
 30
0.0
 40
0.2
 41
0.2
  0
VERTEX
  8
0
 10
10.0294
 20
325.88
 30
0.0
 40
0.2
 41
0.2
  0
VERTEX
  8
0
 10
10.0817
 20
325.85
 30
0.0
 40
0.2
 41
0.2
  0
VERTEX
  8
0
 10
10.0996
 20
325.85
 30
0.0
 40
0.2
 41
0.2
  0
VERTEX
  8
0
 10
13.0004
 20
325.85
 30
0.0
 40
0.2
 41
0.2
  0
VERTEX
  8
0
 10
13.0101
 20
325.85
 30
0.0
 40
0.2
 41
0.2
  0
VERTEX
  8
0
 10
13.0418
 20
325.865
 30
0.0
 40
0.2
 41
0.2
  0
VERTEX
  8
0
 10
13.0376
 20
325.888
 30
0.0
 40
0.2
 41
0.2
  0
VERTEX
  8
0
 10
13.0142
 20
325.892
 30
0.0
 40
0.2
 41
0.2
  0
VERTEX
  8
0
 10
13.0004
 20
325.86
 30
0.0
 40
0.2
 41
0.2
  0
VERTEX
  8
0
 10
13.0004
 20
325.85
 30
0.0
 40
0.2
 41
0.2
  0
VERTEX
  8
0
 10
13.0004
 20
320.05
 30
0.0
 40
0.2
 41
0.2
  0
VERTEX
  8
0
 10
13.0004
 20
320.04
 30
0.0
 40
0.2
 41
0.2
  0
VERTEX
  8
0
 10
13.0142
 20
320.008
 30
0.0
 40
0.2
 41
0.2
  0
VERTEX
  8
0
 10
13.0376
 20
320.012
 30
0.0
 40
0.2
 41
0.2
  0
VERTEX
  8
0
 10
13.0418
 20
320.036
 30
0.0
 40
0.2
 41
0.2
  0
VERTEX
  8
0
 10
13.0101
 20
320.05
 30
0.0
 40
0.2
 41
0.2
  0
VERTEX
  8
0
 10
13.0004
 20
320.05
 30
0.0
 40
0.2
 41
0.2
  0
VERTEX
  8
0
 10
10.0996
 20
320.05
 30
0.0
 40
0.2
 41
0.2
  0
VERTEX
  8
0
 10
10.0817
 20
320.05
 30
0.0
 40
0.2
 41
0.2
  0
VERTEX
  8
0
 10
10.0294
 20
320.021
 30
0.0
 40
0.2
 41
0.2
  0
VERTEX
  8
0
 10
10.0004
 20
319.968
 30
0.0
 40
0.2
 41
0.2
  0
VERTEX
  8
0
 10
10.0004
 20
319.95
 30
0.0
 40
0.2
 41
0.2
  0
VERTEX
  8
0
 10
10.0004
 20
313.95
 30
0.0
 40
0.2
 41
0.2
  0
VERTEX
  8
0
 10
10.0004
 20
313.934
 30
0.0
 40
0.2
 41
0.2
  0
VERTEX
  8
0
 10
10.0294
 20
313.88
 30
0.0
 40
0.2
 41
0.2
  0
VERTEX
  8
0
 10
10.0817
 20
313.849
 30
0.0
 40
0.2
 41
0.2
  0
VERTEX
  8
0
 10
10.0996
 20
313.849
 30
0.0
 40
0.2
 41
0.2
  0
VERTEX
  8
0
 10
13.0004
 20
313.849
 30
0.0
 40
0.2
 41
0.2
  0
VERTEX
  8
0
 10
13.0101
 20
313.849
 30
0.0
 40
0.2
 41
0.2
  0
VERTEX
  8
0
 10
13.0418
 20
313.865
 30
0.0
 40
0.2
 41
0.2
  0
VERTEX
  8
0
 10
13.0376
 20
313.888
 30
0.0
 40
0.2
 41
0.2
  0
VERTEX
  8
0
 10
13.0142
 20
313.892
 30
0.0
 40
0.2
 41
0.2
  0
VERTEX
  8
0
 10
13.0004
 20
313.861
 30
0.0
 40
0.2
 41
0.2
  0
VERTEX
  8
0
 10
13.0004
 20
313.849
 30
0.0
 40
0.2
 41
0.2
  0
VERTEX
  8
0
 10
13.0004
 20
308.051
 30
0.0
 40
0.2
 41
0.2
  0
VERTEX
  8
0
 10
13.0004
 20
308.041
 30
0.0
 40
0.2
 41
0.2
  0
VERTEX
  8
0
 10
13.0142
 20
308.01
 30
0.0
 40
0.2
 41
0.2
  0
VERTEX
  8
0
 10
13.0376
 20
308.013
 30
0.0
 40
0.2
 41
0.2
  0
VERTEX
  8
0
 10
13.0418
 20
308.037
 30
0.0
 40
0.2
 41
0.2
  0
VERTEX
  8
0
 10
13.0101
 20
308.051
 30
0.0
 40
0.2
 41
0.2
  0
VERTEX
  8
0
 10
13.0004
 20
308.051
 30
0.0
 40
0.2
 41
0.2
  0
VERTEX
  8
0
 10
10.0996
 20
308.051
 30
0.0
 40
0.2
 41
0.2
  0
VERTEX
  8
0
 10
10.0817
 20
308.051
 30
0.0
 40
0.2
 41
0.2
  0
VERTEX
  8
0
 10
10.0294
 20
308.022
 30
0.0
 40
0.2
 41
0.2
  0
VERTEX
  8
0
 10
10.0004
 20
307.968
 30
0.0
 40
0.2
 41
0.2
  0
VERTEX
  8
0
 10
10.0004
 20
307.95
 30
0.0
 40
0.2
 41
0.2
  0
VERTEX
  8
0
 10
10.0004
 20
301.95
 30
0.0
 40
0.2
 41
0.2
  0
VERTEX
  8
0
 10
10.0004
 20
301.934
 30
0.0
 40
0.2
 41
0.2
  0
VERTEX
  8
0
 10
10.0294
 20
301.88
 30
0.0
 40
0.2
 41
0.2
  0
VERTEX
  8
0
 10
10.0817
 20
301.85
 30
0.0
 40
0.2
 41
0.2
  0
VERTEX
  8
0
 10
10.0996
 20
301.85
 30
0.0
 40
0.2
 41
0.2
  0
VERTEX
  8
0
 10
13.0004
 20
301.85
 30
0.0
 40
0.2
 41
0.2
  0
VERTEX
  8
0
 10
13.0101
 20
301.85
 30
0.0
 40
0.2
 41
0.2
  0
VERTEX
  8
0
 10
13.0418
 20
301.865
 30
0.0
 40
0.2
 41
0.2
  0
VERTEX
  8
0
 10
13.0376
 20
301.888
 30
0.0
 40
0.2
 41
0.2
  0
VERTEX
  8
0
 10
13.0142
 20
301.892
 30
0.0
 40
0.2
 41
0.2
  0
VERTEX
  8
0
 10
13.0004
 20
301.861
 30
0.0
 40
0.2
 41
0.2
  0
VERTEX
  8
0
 10
13.0004
 20
301.85
 30
0.0
 40
0.2
 41
0.2
  0
VERTEX
  8
0
 10
13.0004
 20
296.049
 30
0.0
 40
0.2
 41
0.2
  0
VERTEX
  8
0
 10
13.0004
 20
296.04
 30
0.0
 40
0.2
 41
0.2
  0
VERTEX
  8
0
 10
13.0142
 20
296.008
 30
0.0
 40
0.2
 41
0.2
  0
VERTEX
  8
0
 10
13.0376
 20
296.012
 30
0.0
 40
0.2
 41
0.2
  0
VERTEX
  8
0
 10
13.0418
 20
296.036
 30
0.0
 40
0.2
 41
0.2
  0
VERTEX
  8
0
 10
13.0101
 20
296.049
 30
0.0
 40
0.2
 41
0.2
  0
VERTEX
  8
0
 10
13.0004
 20
296.049
 30
0.0
 40
0.2
 41
0.2
  0
VERTEX
  8
0
 10
10.0996
 20
296.049
 30
0.0
 40
0.2
 41
0.2
  0
VERTEX
  8
0
 10
10.0817
 20
296.049
 30
0.0
 40
0.2
 41
0.2
  0
VERTEX
  8
0
 10
10.0294
 20
296.02
 30
0.0
 40
0.2
 41
0.2
  0
VERTEX
  8
0
 10
10.0004
 20
295.968
 30
0.0
 40
0.2
 41
0.2
  0
VERTEX
  8
0
 10
10.0004
 20
295.95
 30
0.0
 40
0.2
 41
0.2
  0
VERTEX
  8
0
 10
10.0004
 20
289.95
 30
0.0
 40
0.2
 41
0.2
  0
VERTEX
  8
0
 10
10.0004
 20
289.934
 30
0.0
 40
0.2
 41
0.2
  0
VERTEX
  8
0
 10
10.0294
 20
289.88
 30
0.0
 40
0.2
 41
0.2
  0
VERTEX
  8
0
 10
10.0817
 20
289.85
 30
0.0
 40
0.2
 41
0.2
  0
VERTEX
  8
0
 10
10.0996
 20
289.85
 30
0.0
 40
0.2
 41
0.2
  0
VERTEX
  8
0
 10
13.0004
 20
289.85
 30
0.0
 40
0.2
 41
0.2
  0
VERTEX
  8
0
 10
13.0101
 20
289.85
 30
0.0
 40
0.2
 41
0.2
  0
VERTEX
  8
0
 10
13.0418
 20
289.865
 30
0.0
 40
0.2
 41
0.2
  0
VERTEX
  8
0
 10
13.0376
 20
289.888
 30
0.0
 40
0.2
 41
0.2
  0
VERTEX
  8
0
 10
13.0142
 20
289.892
 30
0.0
 40
0.2
 41
0.2
  0
VERTEX
  8
0
 10
13.0004
 20
289.861
 30
0.0
 40
0.2
 41
0.2
  0
VERTEX
  8
0
 10
13.0004
 20
289.85
 30
0.0
 40
0.2
 41
0.2
  0
VERTEX
  8
0
 10
13.0004
 20
284.05
 30
0.0
 40
0.2
 41
0.2
  0
VERTEX
  8
0
 10
13.0004
 20
284.04
 30
0.0
 40
0.2
 41
0.2
  0
VERTEX
  8
0
 10
13.0142
 20
284.008
 30
0.0
 40
0.2
 41
0.2
  0
VERTEX
  8
0
 10
13.0376
 20
284.012
 30
0.0
 40
0.2
 41
0.2
  0
VERTEX
  8
0
 10
13.0418
 20
284.036
 30
0.0
 40
0.2
 41
0.2
  0
VERTEX
  8
0
 10
13.0101
 20
284.05
 30
0.0
 40
0.2
 41
0.2
  0
VERTEX
  8
0
 10
13.0004
 20
284.05
 30
0.0
 40
0.2
 41
0.2
  0
VERTEX
  8
0
 10
10.0996
 20
284.05
 30
0.0
 40
0.2
 41
0.2
  0
VERTEX
  8
0
 10
10.0817
 20
284.05
 30
0.0
 40
0.2
 41
0.2
  0
VERTEX
  8
0
 10
10.0294
 20
284.021
 30
0.0
 40
0.2
 41
0.2
  0
VERTEX
  8
0
 10
10.0004
 20
283.968
 30
0.0
 40
0.2
 41
0.2
  0
VERTEX
  8
0
 10
10.0004
 20
283.95
 30
0.0
 40
0.2
 41
0.2
  0
VERTEX
  8
0
 10
10.0004
 20
277.95
 30
0.0
 40
0.2
 41
0.2
  0
VERTEX
  8
0
 10
10.0004
 20
277.934
 30
0.0
 40
0.2
 41
0.2
  0
VERTEX
  8
0
 10
10.0294
 20
277.88
 30
0.0
 40
0.2
 41
0.2
  0
VERTEX
  8
0
 10
10.0817
 20
277.85
 30
0.0
 40
0.2
 41
0.2
  0
VERTEX
  8
0
 10
10.0996
 20
277.85
 30
0.0
 40
0.2
 41
0.2
  0
VERTEX
  8
0
 10
13.0004
 20
277.85
 30
0.0
 40
0.2
 41
0.2
  0
VERTEX
  8
0
 10
13.0101
 20
277.85
 30
0.0
 40
0.2
 41
0.2
  0
VERTEX
  8
0
 10
13.0418
 20
277.865
 30
0.0
 40
0.2
 41
0.2
  0
VERTEX
  8
0
 10
13.0376
 20
277.888
 30
0.0
 40
0.2
 41
0.2
  0
VERTEX
  8
0
 10
13.0142
 20
277.893
 30
0.0
 40
0.2
 41
0.2
  0
VERTEX
  8
0
 10
13.0004
 20
277.861
 30
0.0
 40
0.2
 41
0.2
  0
VERTEX
  8
0
 10
13.0004
 20
277.85
 30
0.0
 40
0.2
 41
0.2
  0
VERTEX
  8
0
 10
13.0004
 20
272.05
 30
0.0
 40
0.2
 41
0.2
  0
VERTEX
  8
0
 10
13.0004
 20
272.04
 30
0.0
 40
0.2
 41
0.2
  0
VERTEX
  8
0
 10
13.0142
 20
272.008
 30
0.0
 40
0.2
 41
0.2
  0
VERTEX
  8
0
 10
13.0376
 20
272.012
 30
0.0
 40
0.2
 41
0.2
  0
VERTEX
  8
0
 10
13.0418
 20
272.036
 30
0.0
 40
0.2
 41
0.2
  0
VERTEX
  8
0
 10
13.0101
 20
272.05
 30
0.0
 40
0.2
 41
0.2
  0
VERTEX
  8
0
 10
13.0004
 20
272.05
 30
0.0
 40
0.2
 41
0.2
  0
VERTEX
  8
0
 10
10.0996
 20
272.05
 30
0.0
 40
0.2
 41
0.2
  0
VERTEX
  8
0
 10
10.0817
 20
272.05
 30
0.0
 40
0.2
 41
0.2
  0
VERTEX
  8
0
 10
10.0294
 20
272.021
 30
0.0
 40
0.2
 41
0.2
  0
VERTEX
  8
0
 10
10.0004
 20
271.968
 30
0.0
 40
0.2
 41
0.2
  0
VERTEX
  8
0
 10
10.0004
 20
271.95
 30
0.0
 40
0.2
 41
0.2
  0
VERTEX
  8
0
 10
10.0004
 20
265.95
 30
0.0
 40
0.2
 41
0.2
  0
VERTEX
  8
0
 10
10.0004
 20
265.934
 30
0.0
 40
0.2
 41
0.2
  0
VERTEX
  8
0
 10
10.0294
 20
265.88
 30
0.0
 40
0.2
 41
0.2
  0
VERTEX
  8
0
 10
10.0817
 20
265.85
 30
0.0
 40
0.2
 41
0.2
  0
VERTEX
  8
0
 10
10.0996
 20
265.85
 30
0.0
 40
0.2
 41
0.2
  0
VERTEX
  8
0
 10
13.0004
 20
265.85
 30
0.0
 40
0.2
 41
0.2
  0
VERTEX
  8
0
 10
13.0101
 20
265.85
 30
0.0
 40
0.2
 41
0.2
  0
VERTEX
  8
0
 10
13.0418
 20
265.865
 30
0.0
 40
0.2
 41
0.2
  0
VERTEX
  8
0
 10
13.0376
 20
265.888
 30
0.0
 40
0.2
 41
0.2
  0
VERTEX
  8
0
 10
13.0142
 20
265.892
 30
0.0
 40
0.2
 41
0.2
  0
VERTEX
  8
0
 10
13.0004
 20
265.861
 30
0.0
 40
0.2
 41
0.2
  0
VERTEX
  8
0
 10
13.0004
 20
265.85
 30
0.0
 40
0.2
 41
0.2
  0
VERTEX
  8
0
 10
13.0004
 20
260.049
 30
0.0
 40
0.2
 41
0.2
  0
VERTEX
  8
0
 10
13.0004
 20
260.04
 30
0.0
 40
0.2
 41
0.2
  0
VERTEX
  8
0
 10
13.0142
 20
260.008
 30
0.0
 40
0.2
 41
0.2
  0
VERTEX
  8
0
 10
13.0376
 20
260.012
 30
0.0
 40
0.2
 41
0.2
  0
VERTEX
  8
0
 10
13.0418
 20
260.036
 30
0.0
 40
0.2
 41
0.2
  0
VERTEX
  8
0
 10
13.0101
 20
260.049
 30
0.0
 40
0.2
 41
0.2
  0
VERTEX
  8
0
 10
13.0004
 20
260.049
 30
0.0
 40
0.2
 41
0.2
  0
VERTEX
  8
0
 10
10.0996
 20
260.049
 30
0.0
 40
0.2
 41
0.2
  0
VERTEX
  8
0
 10
10.0817
 20
260.049
 30
0.0
 40
0.2
 41
0.2
  0
VERTEX
  8
0
 10
10.0294
 20
260.02
 30
0.0
 40
0.2
 41
0.2
  0
VERTEX
  8
0
 10
10.0004
 20
259.968
 30
0.0
 40
0.2
 41
0.2
  0
VERTEX
  8
0
 10
10.0004
 20
259.95
 30
0.0
 40
0.2
 41
0.2
  0
VERTEX
  8
0
 10
10.0004
 20
253.95
 30
0.0
 40
0.2
 41
0.2
  0
VERTEX
  8
0
 10
10.0004
 20
253.934
 30
0.0
 40
0.2
 41
0.2
  0
VERTEX
  8
0
 10
10.0294
 20
253.88
 30
0.0
 40
0.2
 41
0.2
  0
VERTEX
  8
0
 10
10.0817
 20
253.85
 30
0.0
 40
0.2
 41
0.2
  0
VERTEX
  8
0
 10
10.0996
 20
253.85
 30
0.0
 40
0.2
 41
0.2
  0
VERTEX
  8
0
 10
13.0004
 20
253.85
 30
0.0
 40
0.2
 41
0.2
  0
VERTEX
  8
0
 10
13.0101
 20
253.85
 30
0.0
 40
0.2
 41
0.2
  0
VERTEX
  8
0
 10
13.0418
 20
253.865
 30
0.0
 40
0.2
 41
0.2
  0
VERTEX
  8
0
 10
13.0376
 20
253.889
 30
0.0
 40
0.2
 41
0.2
  0
VERTEX
  8
0
 10
13.0142
 20
253.892
 30
0.0
 40
0.2
 41
0.2
  0
VERTEX
  8
0
 10
13.0004
 20
253.861
 30
0.0
 40
0.2
 41
0.2
  0
VERTEX
  8
0
 10
13.0004
 20
253.85
 30
0.0
 40
0.2
 41
0.2
  0
VERTEX
  8
0
 10
13.0004
 20
248.05
 30
0.0
 40
0.2
 41
0.2
  0
VERTEX
  8
0
 10
13.0004
 20
248.04
 30
0.0
 40
0.2
 41
0.2
  0
VERTEX
  8
0
 10
13.0142
 20
248.008
 30
0.0
 40
0.2
 41
0.2
  0
VERTEX
  8
0
 10
13.0376
 20
248.012
 30
0.0
 40
0.2
 41
0.2
  0
VERTEX
  8
0
 10
13.0418
 20
248.036
 30
0.0
 40
0.2
 41
0.2
  0
VERTEX
  8
0
 10
13.0101
 20
248.05
 30
0.0
 40
0.2
 41
0.2
  0
VERTEX
  8
0
 10
13.0004
 20
248.05
 30
0.0
 40
0.2
 41
0.2
  0
VERTEX
  8
0
 10
10.0996
 20
248.05
 30
0.0
 40
0.2
 41
0.2
  0
VERTEX
  8
0
 10
10.0817
 20
248.05
 30
0.0
 40
0.2
 41
0.2
  0
VERTEX
  8
0
 10
10.0294
 20
248.021
 30
0.0
 40
0.2
 41
0.2
  0
VERTEX
  8
0
 10
10.0004
 20
247.968
 30
0.0
 40
0.2
 41
0.2
  0
VERTEX
  8
0
 10
10.0004
 20
247.951
 30
0.0
 40
0.2
 41
0.2
  0
VERTEX
  8
0
 10
10.0004
 20
241.951
 30
0.0
 40
0.2
 41
0.2
  0
VERTEX
  8
0
 10
10.0004
 20
241.934
 30
0.0
 40
0.2
 41
0.2
  0
VERTEX
  8
0
 10
10.0294
 20
241.88
 30
0.0
 40
0.2
 41
0.2
  0
VERTEX
  8
0
 10
10.0817
 20
241.85
 30
0.0
 40
0.2
 41
0.2
  0
VERTEX
  8
0
 10
10.0996
 20
241.85
 30
0.0
 40
0.2
 41
0.2
  0
VERTEX
  8
0
 10
13.0004
 20
241.85
 30
0.0
 40
0.2
 41
0.2
  0
VERTEX
  8
0
 10
13.0101
 20
241.85
 30
0.0
 40
0.2
 41
0.2
  0
VERTEX
  8
0
 10
13.0418
 20
241.865
 30
0.0
 40
0.2
 41
0.2
  0
VERTEX
  8
0
 10
13.0376
 20
241.888
 30
0.0
 40
0.2
 41
0.2
  0
VERTEX
  8
0
 10
13.0142
 20
241.893
 30
0.0
 40
0.2
 41
0.2
  0
VERTEX
  8
0
 10
13.0004
 20
241.861
 30
0.0
 40
0.2
 41
0.2
  0
VERTEX
  8
0
 10
13.0004
 20
241.85
 30
0.0
 40
0.2
 41
0.2
  0
VERTEX
  8
0
 10
13.0004
 20
236.05
 30
0.0
 40
0.2
 41
0.2
  0
VERTEX
  8
0
 10
13.0004
 20
236.04
 30
0.0
 40
0.2
 41
0.2
  0
VERTEX
  8
0
 10
13.0142
 20
236.008
 30
0.0
 40
0.2
 41
0.2
  0
VERTEX
  8
0
 10
13.0376
 20
236.013
 30
0.0
 40
0.2
 41
0.2
  0
VERTEX
  8
0
 10
13.0418
 20
236.036
 30
0.0
 40
0.2
 41
0.2
  0
VERTEX
  8
0
 10
13.0101
 20
236.05
 30
0.0
 40
0.2
 41
0.2
  0
VERTEX
  8
0
 10
13.0004
 20
236.05
 30
0.0
 40
0.2
 41
0.2
  0
VERTEX
  8
0
 10
10.0996
 20
236.05
 30
0.0
 40
0.2
 41
0.2
  0
VERTEX
  8
0
 10
10.0817
 20
236.05
 30
0.0
 40
0.2
 41
0.2
  0
VERTEX
  8
0
 10
10.0294
 20
236.021
 30
0.0
 40
0.2
 41
0.2
  0
VERTEX
  8
0
 10
10.0004
 20
235.968
 30
0.0
 40
0.2
 41
0.2
  0
VERTEX
  8
0
 10
10.0004
 20
235.95
 30
0.0
 40
0.2
 41
0.2
  0
VERTEX
  8
0
 10
10.0004
 20
229.95
 30
0.0
 40
0.2
 41
0.2
  0
VERTEX
  8
0
 10
10.0004
 20
229.934
 30
0.0
 40
0.2
 41
0.2
  0
VERTEX
  8
0
 10
10.0294
 20
229.88
 30
0.0
 40
0.2
 41
0.2
  0
VERTEX
  8
0
 10
10.0817
 20
229.85
 30
0.0
 40
0.2
 41
0.2
  0
VERTEX
  8
0
 10
10.0996
 20
229.85
 30
0.0
 40
0.2
 41
0.2
  0
VERTEX
  8
0
 10
13.0004
 20
229.85
 30
0.0
 40
0.2
 41
0.2
  0
VERTEX
  8
0
 10
13.0101
 20
229.85
 30
0.0
 40
0.2
 41
0.2
  0
VERTEX
  8
0
 10
13.0418
 20
229.865
 30
0.0
 40
0.2
 41
0.2
  0
VERTEX
  8
0
 10
13.0376
 20
229.888
 30
0.0
 40
0.2
 41
0.2
  0
VERTEX
  8
0
 10
13.0142
 20
229.893
 30
0.0
 40
0.2
 41
0.2
  0
VERTEX
  8
0
 10
13.0004
 20
229.861
 30
0.0
 40
0.2
 41
0.2
  0
VERTEX
  8
0
 10
13.0004
 20
229.85
 30
0.0
 40
0.2
 41
0.2
  0
VERTEX
  8
0
 10
13.0004
 20
218.2
 30
0.0
 40
0.2
 41
0.2
  0
VERTEX
  8
0
 10
13.0004
 20
218.184
 30
0.0
 40
0.2
 41
0.2
  0
VERTEX
  8
0
 10
13.0294
 20
218.13
 30
0.0
 40
0.2
 41
0.2
  0
VERTEX
  8
0
 10
13.0817
 20
218.099
 30
0.0
 40
0.2
 41
0.2
  0
VERTEX
  8
0
 10
13.0996
 20
218.099
 30
0.0
 40
0.2
 41
0.2
  0
SEQEND
 8
0
  0
POLYLINE
  8
0
 62
     5
 66
     1
 10
0
 20
0
 30
0.0
 70
     1
 40
0.566929
 41
0.566929
  0
VERTEX
  8
0
 10
277.051
 20
24.8998
 30
0.0
 40
0.2
 41
0.2
  0
VERTEX
  8
0
 10
274.15
 20
24.8998
 30
0.0
 40
0.2
 41
0.2
  0
VERTEX
  8
0
 10
274.139
 20
24.8998
 30
0.0
 40
0.2
 41
0.2
  0
VERTEX
  8
0
 10
274.107
 20
24.886
 30
0.0
 40
0.2
 41
0.2
  0
VERTEX
  8
0
 10
274.113
 20
24.8626
 30
0.0
 40
0.2
 41
0.2
  0
VERTEX
  8
0
 10
274.134
 20
24.8584
 30
0.0
 40
0.2
 41
0.2
  0
VERTEX
  8
0
 10
274.15
 20
24.8901
 30
0.0
 40
0.2
 41
0.2
  0
VERTEX
  8
0
 10
274.15
 20
24.8998
 30
0.0
 40
0.2
 41
0.2
  0
VERTEX
  8
0
 10
274.15
 20
27.6999
 30
0.0
 40
0.2
 41
0.2
  0
VERTEX
  8
0
 10
274.15
 20
27.711
 30
0.0
 40
0.2
 41
0.2
  0
VERTEX
  8
0
 10
274.134
 20
27.7427
 30
0.0
 40
0.2
 41
0.2
  0
VERTEX
  8
0
 10
274.113
 20
27.7385
 30
0.0
 40
0.2
 41
0.2
  0
VERTEX
  8
0
 10
274.107
 20
27.7151
 30
0.0
 40
0.2
 41
0.2
  0
VERTEX
  8
0
 10
274.139
 20
27.6999
 30
0.0
 40
0.2
 41
0.2
  0
VERTEX
  8
0
 10
274.15
 20
27.6999
 30
0.0
 40
0.2
 41
0.2
  0
VERTEX
  8
0
 10
279.95
 20
27.6999
 30
0.0
 40
0.2
 41
0.2
  0
VERTEX
  8
0
 10
279.96
 20
27.6999
 30
0.0
 40
0.2
 41
0.2
  0
VERTEX
  8
0
 10
279.991
 20
27.7151
 30
0.0
 40
0.2
 41
0.2
  0
VERTEX
  8
0
 10
279.987
 20
27.7385
 30
0.0
 40
0.2
 41
0.2
  0
VERTEX
  8
0
 10
279.964
 20
27.7427
 30
0.0
 40
0.2
 41
0.2
  0
VERTEX
  8
0
 10
279.95
 20
27.711
 30
0.0
 40
0.2
 41
0.2
  0
VERTEX
  8
0
 10
279.95
 20
27.6999
 30
0.0
 40
0.2
 41
0.2
  0
VERTEX
  8
0
 10
279.95
 20
24.8998
 30
0.0
 40
0.2
 41
0.2
  0
VERTEX
  8
0
 10
279.95
 20
24.8901
 30
0.0
 40
0.2
 41
0.2
  0
VERTEX
  8
0
 10
279.964
 20
24.8584
 30
0.0
 40
0.2
 41
0.2
  0
VERTEX
  8
0
 10
279.987
 20
24.8626
 30
0.0
 40
0.2
 41
0.2
  0
VERTEX
  8
0
 10
279.991
 20
24.886
 30
0.0
 40
0.2
 41
0.2
  0
VERTEX
  8
0
 10
279.96
 20
24.8998
 30
0.0
 40
0.2
 41
0.2
  0
VERTEX
  8
0
 10
279.95
 20
24.8998
 30
0.0
 40
0.2
 41
0.2
  0
VERTEX
  8
0
 10
277.051
 20
24.8998
 30
0.0
 40
0.2
 41
0.2
  0
SEQEND
 8
0
  0
POLYLINE
  8
0
 62
     5
 66
     1
 10
0
 20
0
 30
0.0
 70
     1
 40
0.566929
 41
0.566929
  0
VERTEX
  8
0
 10
289.05
 20
24.8998
 30
0.0
 40
0.2
 41
0.2
  0
VERTEX
  8
0
 10
286.15
 20
24.8998
 30
0.0
 40
0.2
 41
0.2
  0
VERTEX
  8
0
 10
286.139
 20
24.8998
 30
0.0
 40
0.2
 41
0.2
  0
VERTEX
  8
0
 10
286.107
 20
24.886
 30
0.0
 40
0.2
 41
0.2
  0
VERTEX
  8
0
 10
286.112
 20
24.8626
 30
0.0
 40
0.2
 41
0.2
  0
VERTEX
  8
0
 10
286.135
 20
24.8584
 30
0.0
 40
0.2
 41
0.2
  0
VERTEX
  8
0
 10
286.15
 20
24.8901
 30
0.0
 40
0.2
 41
0.2
  0
VERTEX
  8
0
 10
286.15
 20
24.8998
 30
0.0
 40
0.2
 41
0.2
  0
VERTEX
  8
0
 10
286.15
 20
27.6999
 30
0.0
 40
0.2
 41
0.2
  0
VERTEX
  8
0
 10
286.15
 20
27.711
 30
0.0
 40
0.2
 41
0.2
  0
VERTEX
  8
0
 10
286.135
 20
27.7427
 30
0.0
 40
0.2
 41
0.2
  0
VERTEX
  8
0
 10
286.112
 20
27.7385
 30
0.0
 40
0.2
 41
0.2
  0
VERTEX
  8
0
 10
286.107
 20
27.7151
 30
0.0
 40
0.2
 41
0.2
  0
VERTEX
  8
0
 10
286.139
 20
27.6999
 30
0.0
 40
0.2
 41
0.2
  0
VERTEX
  8
0
 10
286.15
 20
27.6999
 30
0.0
 40
0.2
 41
0.2
  0
VERTEX
  8
0
 10
291.95
 20
27.6999
 30
0.0
 40
0.2
 41
0.2
  0
VERTEX
  8
0
 10
291.96
 20
27.6999
 30
0.0
 40
0.2
 41
0.2
  0
VERTEX
  8
0
 10
291.991
 20
27.7151
 30
0.0
 40
0.2
 41
0.2
  0
VERTEX
  8
0
 10
291.987
 20
27.7385
 30
0.0
 40
0.2
 41
0.2
  0
VERTEX
  8
0
 10
291.963
 20
27.7427
 30
0.0
 40
0.2
 41
0.2
  0
VERTEX
  8
0
 10
291.95
 20
27.711
 30
0.0
 40
0.2
 41
0.2
  0
VERTEX
  8
0
 10
291.95
 20
27.6999
 30
0.0
 40
0.2
 41
0.2
  0
VERTEX
  8
0
 10
291.95
 20
24.8998
 30
0.0
 40
0.2
 41
0.2
  0
VERTEX
  8
0
 10
291.95
 20
24.8901
 30
0.0
 40
0.2
 41
0.2
  0
VERTEX
  8
0
 10
291.963
 20
24.8584
 30
0.0
 40
0.2
 41
0.2
  0
VERTEX
  8
0
 10
291.987
 20
24.8626
 30
0.0
 40
0.2
 41
0.2
  0
VERTEX
  8
0
 10
291.991
 20
24.886
 30
0.0
 40
0.2
 41
0.2
  0
VERTEX
  8
0
 10
291.96
 20
24.8998
 30
0.0
 40
0.2
 41
0.2
  0
VERTEX
  8
0
 10
291.95
 20
24.8998
 30
0.0
 40
0.2
 41
0.2
  0
VERTEX
  8
0
 10
289.05
 20
24.8998
 30
0.0
 40
0.2
 41
0.2
  0
SEQEND
 8
0
  0
POLYLINE
  8
0
 62
     5
 66
     1
 10
0
 20
0
 30
0.0
 70
     1
 40
0.566929
 41
0.566929
  0
VERTEX
  8
0
 10
301.05
 20
24.8998
 30
0.0
 40
0.2
 41
0.2
  0
VERTEX
  8
0
 10
298.149
 20
24.8998
 30
0.0
 40
0.2
 41
0.2
  0
VERTEX
  8
0
 10
298.138
 20
24.8998
 30
0.0
 40
0.2
 41
0.2
  0
VERTEX
  8
0
 10
298.107
 20
24.886
 30
0.0
 40
0.2
 41
0.2
  0
VERTEX
  8
0
 10
298.112
 20
24.8626
 30
0.0
 40
0.2
 41
0.2
  0
VERTEX
  8
0
 10
298.134
 20
24.8584
 30
0.0
 40
0.2
 41
0.2
  0
VERTEX
  8
0
 10
298.149
 20
24.8901
 30
0.0
 40
0.2
 41
0.2
  0
VERTEX
  8
0
 10
298.149
 20
24.8998
 30
0.0
 40
0.2
 41
0.2
  0
VERTEX
  8
0
 10
298.149
 20
27.6999
 30
0.0
 40
0.2
 41
0.2
  0
VERTEX
  8
0
 10
298.149
 20
27.711
 30
0.0
 40
0.2
 41
0.2
  0
VERTEX
  8
0
 10
298.134
 20
27.7427
 30
0.0
 40
0.2
 41
0.2
  0
VERTEX
  8
0
 10
298.112
 20
27.7385
 30
0.0
 40
0.2
 41
0.2
  0
VERTEX
  8
0
 10
298.107
 20
27.7151
 30
0.0
 40
0.2
 41
0.2
  0
VERTEX
  8
0
 10
298.138
 20
27.6999
 30
0.0
 40
0.2
 41
0.2
  0
VERTEX
  8
0
 10
298.149
 20
27.6999
 30
0.0
 40
0.2
 41
0.2
  0
VERTEX
  8
0
 10
303.95
 20
27.6999
 30
0.0
 40
0.2
 41
0.2
  0
VERTEX
  8
0
 10
303.959
 20
27.6999
 30
0.0
 40
0.2
 41
0.2
  0
VERTEX
  8
0
 10
303.991
 20
27.7151
 30
0.0
 40
0.2
 41
0.2
  0
VERTEX
  8
0
 10
303.987
 20
27.7385
 30
0.0
 40
0.2
 41
0.2
  0
VERTEX
  8
0
 10
303.964
 20
27.7427
 30
0.0
 40
0.2
 41
0.2
  0
VERTEX
  8
0
 10
303.95
 20
27.711
 30
0.0
 40
0.2
 41
0.2
  0
VERTEX
  8
0
 10
303.95
 20
27.6999
 30
0.0
 40
0.2
 41
0.2
  0
VERTEX
  8
0
 10
303.95
 20
24.8998
 30
0.0
 40
0.2
 41
0.2
  0
VERTEX
  8
0
 10
303.95
 20
24.8901
 30
0.0
 40
0.2
 41
0.2
  0
VERTEX
  8
0
 10
303.964
 20
24.8584
 30
0.0
 40
0.2
 41
0.2
  0
VERTEX
  8
0
 10
303.987
 20
24.8626
 30
0.0
 40
0.2
 41
0.2
  0
VERTEX
  8
0
 10
303.991
 20
24.886
 30
0.0
 40
0.2
 41
0.2
  0
VERTEX
  8
0
 10
303.959
 20
24.8998
 30
0.0
 40
0.2
 41
0.2
  0
VERTEX
  8
0
 10
303.95
 20
24.8998
 30
0.0
 40
0.2
 41
0.2
  0
VERTEX
  8
0
 10
301.05
 20
24.8998
 30
0.0
 40
0.2
 41
0.2
  0
SEQEND
 8
0
  0
POLYLINE
  8
0
 62
     5
 66
     1
 10
0
 20
0
 30
0.0
 70
     1
 40
0.566929
 41
0.566929
  0
VERTEX
  8
0
 10
313.05
 20
24.8998
 30
0.0
 40
0.2
 41
0.2
  0
VERTEX
  8
0
 10
310.15
 20
24.8998
 30
0.0
 40
0.2
 41
0.2
  0
VERTEX
  8
0
 10
310.139
 20
24.8998
 30
0.0
 40
0.2
 41
0.2
  0
VERTEX
  8
0
 10
310.107
 20
24.886
 30
0.0
 40
0.2
 41
0.2
  0
VERTEX
  8
0
 10
310.112
 20
24.8626
 30
0.0
 40
0.2
 41
0.2
  0
VERTEX
  8
0
 10
310.134
 20
24.8584
 30
0.0
 40
0.2
 41
0.2
  0
VERTEX
  8
0
 10
310.15
 20
24.8901
 30
0.0
 40
0.2
 41
0.2
  0
VERTEX
  8
0
 10
310.15
 20
24.8998
 30
0.0
 40
0.2
 41
0.2
  0
VERTEX
  8
0
 10
310.15
 20
27.6999
 30
0.0
 40
0.2
 41
0.2
  0
VERTEX
  8
0
 10
310.15
 20
27.711
 30
0.0
 40
0.2
 41
0.2
  0
VERTEX
  8
0
 10
310.134
 20
27.7427
 30
0.0
 40
0.2
 41
0.2
  0
VERTEX
  8
0
 10
310.112
 20
27.7385
 30
0.0
 40
0.2
 41
0.2
  0
VERTEX
  8
0
 10
310.107
 20
27.7151
 30
0.0
 40
0.2
 41
0.2
  0
VERTEX
  8
0
 10
310.139
 20
27.6999
 30
0.0
 40
0.2
 41
0.2
  0
VERTEX
  8
0
 10
310.15
 20
27.6999
 30
0.0
 40
0.2
 41
0.2
  0
VERTEX
  8
0
 10
315.95
 20
27.6999
 30
0.0
 40
0.2
 41
0.2
  0
VERTEX
  8
0
 10
315.959
 20
27.6999
 30
0.0
 40
0.2
 41
0.2
  0
VERTEX
  8
0
 10
315.991
 20
27.7151
 30
0.0
 40
0.2
 41
0.2
  0
VERTEX
  8
0
 10
315.987
 20
27.7385
 30
0.0
 40
0.2
 41
0.2
  0
VERTEX
  8
0
 10
315.964
 20
27.7427
 30
0.0
 40
0.2
 41
0.2
  0
VERTEX
  8
0
 10
315.95
 20
27.711
 30
0.0
 40
0.2
 41
0.2
  0
VERTEX
  8
0
 10
315.95
 20
27.6999
 30
0.0
 40
0.2
 41
0.2
  0
VERTEX
  8
0
 10
315.95
 20
24.8998
 30
0.0
 40
0.2
 41
0.2
  0
VERTEX
  8
0
 10
315.95
 20
24.8901
 30
0.0
 40
0.2
 41
0.2
  0
VERTEX
  8
0
 10
315.964
 20
24.8584
 30
0.0
 40
0.2
 41
0.2
  0
VERTEX
  8
0
 10
315.987
 20
24.8626
 30
0.0
 40
0.2
 41
0.2
  0
VERTEX
  8
0
 10
315.991
 20
24.886
 30
0.0
 40
0.2
 41
0.2
  0
VERTEX
  8
0
 10
315.959
 20
24.8998
 30
0.0
 40
0.2
 41
0.2
  0
VERTEX
  8
0
 10
315.95
 20
24.8998
 30
0.0
 40
0.2
 41
0.2
  0
VERTEX
  8
0
 10
313.05
 20
24.8998
 30
0.0
 40
0.2
 41
0.2
  0
SEQEND
 8
0
  0
POLYLINE
  8
0
 62
     5
 66
     1
 10
0
 20
0
 30
0.0
 70
     1
 40
0.566929
 41
0.566929
  0
VERTEX
  8
0
 10
325.05
 20
24.8998
 30
0.0
 40
0.2
 41
0.2
  0
VERTEX
  8
0
 10
322.15
 20
24.8998
 30
0.0
 40
0.2
 41
0.2
  0
VERTEX
  8
0
 10
322.138
 20
24.8998
 30
0.0
 40
0.2
 41
0.2
  0
VERTEX
  8
0
 10
322.107
 20
24.886
 30
0.0
 40
0.2
 41
0.2
  0
VERTEX
  8
0
 10
322.112
 20
24.8626
 30
0.0
 40
0.2
 41
0.2
  0
VERTEX
  8
0
 10
322.134
 20
24.8584
 30
0.0
 40
0.2
 41
0.2
  0
VERTEX
  8
0
 10
322.15
 20
24.8901
 30
0.0
 40
0.2
 41
0.2
  0
VERTEX
  8
0
 10
322.15
 20
24.8998
 30
0.0
 40
0.2
 41
0.2
  0
VERTEX
  8
0
 10
322.15
 20
27.6999
 30
0.0
 40
0.2
 41
0.2
  0
VERTEX
  8
0
 10
322.15
 20
27.711
 30
0.0
 40
0.2
 41
0.2
  0
VERTEX
  8
0
 10
322.134
 20
27.7427
 30
0.0
 40
0.2
 41
0.2
  0
VERTEX
  8
0
 10
322.112
 20
27.7385
 30
0.0
 40
0.2
 41
0.2
  0
VERTEX
  8
0
 10
322.107
 20
27.7151
 30
0.0
 40
0.2
 41
0.2
  0
VERTEX
  8
0
 10
322.138
 20
27.6999
 30
0.0
 40
0.2
 41
0.2
  0
VERTEX
  8
0
 10
322.15
 20
27.6999
 30
0.0
 40
0.2
 41
0.2
  0
VERTEX
  8
0
 10
327.95
 20
27.6999
 30
0.0
 40
0.2
 41
0.2
  0
VERTEX
  8
0
 10
327.959
 20
27.6999
 30
0.0
 40
0.2
 41
0.2
  0
VERTEX
  8
0
 10
327.991
 20
27.7151
 30
0.0
 40
0.2
 41
0.2
  0
VERTEX
  8
0
 10
327.987
 20
27.7385
 30
0.0
 40
0.2
 41
0.2
  0
VERTEX
  8
0
 10
327.963
 20
27.7427
 30
0.0
 40
0.2
 41
0.2
  0
VERTEX
  8
0
 10
327.95
 20
27.711
 30
0.0
 40
0.2
 41
0.2
  0
VERTEX
  8
0
 10
327.95
 20
27.6999
 30
0.0
 40
0.2
 41
0.2
  0
VERTEX
  8
0
 10
327.95
 20
24.8998
 30
0.0
 40
0.2
 41
0.2
  0
VERTEX
  8
0
 10
327.95
 20
24.8901
 30
0.0
 40
0.2
 41
0.2
  0
VERTEX
  8
0
 10
327.963
 20
24.8584
 30
0.0
 40
0.2
 41
0.2
  0
VERTEX
  8
0
 10
327.987
 20
24.8626
 30
0.0
 40
0.2
 41
0.2
  0
VERTEX
  8
0
 10
327.991
 20
24.886
 30
0.0
 40
0.2
 41
0.2
  0
VERTEX
  8
0
 10
327.959
 20
24.8998
 30
0.0
 40
0.2
 41
0.2
  0
VERTEX
  8
0
 10
327.95
 20
24.8998
 30
0.0
 40
0.2
 41
0.2
  0
VERTEX
  8
0
 10
325.05
 20
24.8998
 30
0.0
 40
0.2
 41
0.2
  0
SEQEND
 8
0
  0
POLYLINE
  8
0
 62
     5
 66
     1
 10
0
 20
0
 30
0.0
 70
     1
 40
0.566929
 41
0.566929
  0
VERTEX
  8
0
 10
337.05
 20
24.8998
 30
0.0
 40
0.2
 41
0.2
  0
VERTEX
  8
0
 10
334.149
 20
24.8998
 30
0.0
 40
0.2
 41
0.2
  0
VERTEX
  8
0
 10
334.138
 20
24.8998
 30
0.0
 40
0.2
 41
0.2
  0
VERTEX
  8
0
 10
334.107
 20
24.886
 30
0.0
 40
0.2
 41
0.2
  0
VERTEX
  8
0
 10
334.112
 20
24.8626
 30
0.0
 40
0.2
 41
0.2
  0
VERTEX
  8
0
 10
334.134
 20
24.8584
 30
0.0
 40
0.2
 41
0.2
  0
VERTEX
  8
0
 10
334.149
 20
24.8901
 30
0.0
 40
0.2
 41
0.2
  0
VERTEX
  8
0
 10
334.149
 20
24.8998
 30
0.0
 40
0.2
 41
0.2
  0
VERTEX
  8
0
 10
334.149
 20
27.6999
 30
0.0
 40
0.2
 41
0.2
  0
VERTEX
  8
0
 10
334.149
 20
27.711
 30
0.0
 40
0.2
 41
0.2
  0
VERTEX
  8
0
 10
334.134
 20
27.7427
 30
0.0
 40
0.2
 41
0.2
  0
VERTEX
  8
0
 10
334.112
 20
27.7385
 30
0.0
 40
0.2
 41
0.2
  0
VERTEX
  8
0
 10
334.107
 20
27.7151
 30
0.0
 40
0.2
 41
0.2
  0
VERTEX
  8
0
 10
334.138
 20
27.6999
 30
0.0
 40
0.2
 41
0.2
  0
VERTEX
  8
0
 10
334.149
 20
27.6999
 30
0.0
 40
0.2
 41
0.2
  0
VERTEX
  8
0
 10
339.95
 20
27.6999
 30
0.0
 40
0.2
 41
0.2
  0
VERTEX
  8
0
 10
339.959
 20
27.6999
 30
0.0
 40
0.2
 41
0.2
  0
VERTEX
  8
0
 10
339.991
 20
27.7151
 30
0.0
 40
0.2
 41
0.2
  0
VERTEX
  8
0
 10
339.987
 20
27.7385
 30
0.0
 40
0.2
 41
0.2
  0
VERTEX
  8
0
 10
339.963
 20
27.7427
 30
0.0
 40
0.2
 41
0.2
  0
VERTEX
  8
0
 10
339.95
 20
27.711
 30
0.0
 40
0.2
 41
0.2
  0
VERTEX
  8
0
 10
339.95
 20
27.6999
 30
0.0
 40
0.2
 41
0.2
  0
VERTEX
  8
0
 10
339.95
 20
24.8998
 30
0.0
 40
0.2
 41
0.2
  0
VERTEX
  8
0
 10
339.95
 20
24.8901
 30
0.0
 40
0.2
 41
0.2
  0
VERTEX
  8
0
 10
339.963
 20
24.8584
 30
0.0
 40
0.2
 41
0.2
  0
VERTEX
  8
0
 10
339.987
 20
24.8626
 30
0.0
 40
0.2
 41
0.2
  0
VERTEX
  8
0
 10
339.991
 20
24.886
 30
0.0
 40
0.2
 41
0.2
  0
VERTEX
  8
0
 10
339.959
 20
24.8998
 30
0.0
 40
0.2
 41
0.2
  0
VERTEX
  8
0
 10
339.95
 20
24.8998
 30
0.0
 40
0.2
 41
0.2
  0
VERTEX
  8
0
 10
337.05
 20
24.8998
 30
0.0
 40
0.2
 41
0.2
  0
SEQEND
 8
0
  0
POLYLINE
  8
0
 62
     5
 66
     1
 10
0
 20
0
 30
0.0
 70
     1
 40
0.566929
 41
0.566929
  0
VERTEX
  8
0
 10
349.05
 20
24.8998
 30
0.0
 40
0.2
 41
0.2
  0
VERTEX
  8
0
 10
346.151
 20
24.8998
 30
0.0
 40
0.2
 41
0.2
  0
VERTEX
  8
0
 10
346.14
 20
24.8998
 30
0.0
 40
0.2
 41
0.2
  0
VERTEX
  8
0
 10
346.108
 20
24.886
 30
0.0
 40
0.2
 41
0.2
  0
VERTEX
  8
0
 10
346.112
 20
24.8626
 30
0.0
 40
0.2
 41
0.2
  0
VERTEX
  8
0
 10
346.136
 20
24.8584
 30
0.0
 40
0.2
 41
0.2
  0
VERTEX
  8
0
 10
346.151
 20
24.8901
 30
0.0
 40
0.2
 41
0.2
  0
VERTEX
  8
0
 10
346.151
 20
24.8998
 30
0.0
 40
0.2
 41
0.2
  0
VERTEX
  8
0
 10
346.151
 20
27.6999
 30
0.0
 40
0.2
 41
0.2
  0
VERTEX
  8
0
 10
346.151
 20
27.711
 30
0.0
 40
0.2
 41
0.2
  0
VERTEX
  8
0
 10
346.136
 20
27.7427
 30
0.0
 40
0.2
 41
0.2
  0
VERTEX
  8
0
 10
346.112
 20
27.7385
 30
0.0
 40
0.2
 41
0.2
  0
VERTEX
  8
0
 10
346.108
 20
27.7151
 30
0.0
 40
0.2
 41
0.2
  0
VERTEX
  8
0
 10
346.14
 20
27.6999
 30
0.0
 40
0.2
 41
0.2
  0
VERTEX
  8
0
 10
346.151
 20
27.6999
 30
0.0
 40
0.2
 41
0.2
  0
VERTEX
  8
0
 10
351.949
 20
27.6999
 30
0.0
 40
0.2
 41
0.2
  0
VERTEX
  8
0
 10
351.959
 20
27.6999
 30
0.0
 40
0.2
 41
0.2
  0
VERTEX
  8
0
 10
351.991
 20
27.7151
 30
0.0
 40
0.2
 41
0.2
  0
VERTEX
  8
0
 10
351.987
 20
27.7385
 30
0.0
 40
0.2
 41
0.2
  0
VERTEX
  8
0
 10
351.963
 20
27.7427
 30
0.0
 40
0.2
 41
0.2
  0
VERTEX
  8
0
 10
351.949
 20
27.711
 30
0.0
 40
0.2
 41
0.2
  0
VERTEX
  8
0
 10
351.949
 20
27.6999
 30
0.0
 40
0.2
 41
0.2
  0
VERTEX
  8
0
 10
351.949
 20
24.8998
 30
0.0
 40
0.2
 41
0.2
  0
VERTEX
  8
0
 10
351.949
 20
24.8901
 30
0.0
 40
0.2
 41
0.2
  0
VERTEX
  8
0
 10
351.963
 20
24.8584
 30
0.0
 40
0.2
 41
0.2
  0
VERTEX
  8
0
 10
351.987
 20
24.8626
 30
0.0
 40
0.2
 41
0.2
  0
VERTEX
  8
0
 10
351.991
 20
24.886
 30
0.0
 40
0.2
 41
0.2
  0
VERTEX
  8
0
 10
351.959
 20
24.8998
 30
0.0
 40
0.2
 41
0.2
  0
VERTEX
  8
0
 10
351.949
 20
24.8998
 30
0.0
 40
0.2
 41
0.2
  0
VERTEX
  8
0
 10
349.05
 20
24.8998
 30
0.0
 40
0.2
 41
0.2
  0
SEQEND
 8
0
  0
POLYLINE
  8
0
 62
     5
 66
     1
 10
0
 20
0
 30
0.0
 70
     1
 40
0.566929
 41
0.566929
  0
VERTEX
  8
0
 10
361.05
 20
24.8998
 30
0.0
 40
0.2
 41
0.2
  0
VERTEX
  8
0
 10
358.151
 20
24.8998
 30
0.0
 40
0.2
 41
0.2
  0
VERTEX
  8
0
 10
358.14
 20
24.8998
 30
0.0
 40
0.2
 41
0.2
  0
VERTEX
  8
0
 10
358.108
 20
24.886
 30
0.0
 40
0.2
 41
0.2
  0
VERTEX
  8
0
 10
358.112
 20
24.8626
 30
0.0
 40
0.2
 41
0.2
  0
VERTEX
  8
0
 10
358.133
 20
24.8584
 30
0.0
 40
0.2
 41
0.2
  0
VERTEX
  8
0
 10
358.151
 20
24.8901
 30
0.0
 40
0.2
 41
0.2
  0
VERTEX
  8
0
 10
358.151
 20
24.8998
 30
0.0
 40
0.2
 41
0.2
  0
VERTEX
  8
0
 10
358.151
 20
27.6999
 30
0.0
 40
0.2
 41
0.2
  0
VERTEX
  8
0
 10
358.151
 20
27.711
 30
0.0
 40
0.2
 41
0.2
  0
VERTEX
  8
0
 10
358.133
 20
27.7427
 30
0.0
 40
0.2
 41
0.2
  0
VERTEX
  8
0
 10
358.112
 20
27.7385
 30
0.0
 40
0.2
 41
0.2
  0
VERTEX
  8
0
 10
358.108
 20
27.7151
 30
0.0
 40
0.2
 41
0.2
  0
VERTEX
  8
0
 10
358.14
 20
27.6999
 30
0.0
 40
0.2
 41
0.2
  0
VERTEX
  8
0
 10
358.151
 20
27.6999
 30
0.0
 40
0.2
 41
0.2
  0
VERTEX
  8
0
 10
363.95
 20
27.6999
 30
0.0
 40
0.2
 41
0.2
  0
VERTEX
  8
0
 10
363.961
 20
27.6999
 30
0.0
 40
0.2
 41
0.2
  0
VERTEX
  8
0
 10
363.993
 20
27.7151
 30
0.0
 40
0.2
 41
0.2
  0
VERTEX
  8
0
 10
363.986
 20
27.7385
 30
0.0
 40
0.2
 41
0.2
  0
VERTEX
  8
0
 10
363.964
 20
27.7427
 30
0.0
 40
0.2
 41
0.2
  0
VERTEX
  8
0
 10
363.95
 20
27.711
 30
0.0
 40
0.2
 41
0.2
  0
VERTEX
  8
0
 10
363.95
 20
27.6999
 30
0.0
 40
0.2
 41
0.2
  0
VERTEX
  8
0
 10
363.95
 20
24.8998
 30
0.0
 40
0.2
 41
0.2
  0
VERTEX
  8
0
 10
363.95
 20
24.8901
 30
0.0
 40
0.2
 41
0.2
  0
VERTEX
  8
0
 10
363.964
 20
24.8584
 30
0.0
 40
0.2
 41
0.2
  0
VERTEX
  8
0
 10
363.986
 20
24.8626
 30
0.0
 40
0.2
 41
0.2
  0
VERTEX
  8
0
 10
363.993
 20
24.886
 30
0.0
 40
0.2
 41
0.2
  0
VERTEX
  8
0
 10
363.961
 20
24.8998
 30
0.0
 40
0.2
 41
0.2
  0
VERTEX
  8
0
 10
363.95
 20
24.8998
 30
0.0
 40
0.2
 41
0.2
  0
VERTEX
  8
0
 10
361.05
 20
24.8998
 30
0.0
 40
0.2
 41
0.2
  0
SEQEND
 8
0
  0
POLYLINE
  8
0
 62
     5
 66
     1
 10
0
 20
0
 30
0.0
 70
     1
 40
0.566929
 41
0.566929
  0
VERTEX
  8
0
 10
373.048
 20
24.8998
 30
0.0
 40
0.2
 41
0.2
  0
VERTEX
  8
0
 10
370.149
 20
24.8998
 30
0.0
 40
0.2
 41
0.2
  0
VERTEX
  8
0
 10
370.138
 20
24.8998
 30
0.0
 40
0.2
 41
0.2
  0
VERTEX
  8
0
 10
370.106
 20
24.886
 30
0.0
 40
0.2
 41
0.2
  0
VERTEX
  8
0
 10
370.113
 20
24.8626
 30
0.0
 40
0.2
 41
0.2
  0
VERTEX
  8
0
 10
370.134
 20
24.8584
 30
0.0
 40
0.2
 41
0.2
  0
VERTEX
  8
0
 10
370.149
 20
24.8901
 30
0.0
 40
0.2
 41
0.2
  0
VERTEX
  8
0
 10
370.149
 20
24.8998
 30
0.0
 40
0.2
 41
0.2
  0
VERTEX
  8
0
 10
370.149
 20
27.6999
 30
0.0
 40
0.2
 41
0.2
  0
VERTEX
  8
0
 10
370.149
 20
27.711
 30
0.0
 40
0.2
 41
0.2
  0
VERTEX
  8
0
 10
370.134
 20
27.7427
 30
0.0
 40
0.2
 41
0.2
  0
VERTEX
  8
0
 10
370.113
 20
27.7385
 30
0.0
 40
0.2
 41
0.2
  0
VERTEX
  8
0
 10
370.106
 20
27.7151
 30
0.0
 40
0.2
 41
0.2
  0
VERTEX
  8
0
 10
370.138
 20
27.6999
 30
0.0
 40
0.2
 41
0.2
  0
VERTEX
  8
0
 10
370.149
 20
27.6999
 30
0.0
 40
0.2
 41
0.2
  0
VERTEX
  8
0
 10
375.948
 20
27.6999
 30
0.0
 40
0.2
 41
0.2
  0
VERTEX
  8
0
 10
375.959
 20
27.6999
 30
0.0
 40
0.2
 41
0.2
  0
VERTEX
  8
0
 10
375.991
 20
27.7151
 30
0.0
 40
0.2
 41
0.2
  0
VERTEX
  8
0
 10
375.987
 20
27.7385
 30
0.0
 40
0.2
 41
0.2
  0
VERTEX
  8
0
 10
375.962
 20
27.7427
 30
0.0
 40
0.2
 41
0.2
  0
VERTEX
  8
0
 10
375.948
 20
27.711
 30
0.0
 40
0.2
 41
0.2
  0
VERTEX
  8
0
 10
375.948
 20
27.6999
 30
0.0
 40
0.2
 41
0.2
  0
VERTEX
  8
0
 10
375.948
 20
24.8998
 30
0.0
 40
0.2
 41
0.2
  0
VERTEX
  8
0
 10
375.948
 20
24.8901
 30
0.0
 40
0.2
 41
0.2
  0
VERTEX
  8
0
 10
375.962
 20
24.8584
 30
0.0
 40
0.2
 41
0.2
  0
VERTEX
  8
0
 10
375.987
 20
24.8626
 30
0.0
 40
0.2
 41
0.2
  0
VERTEX
  8
0
 10
375.991
 20
24.886
 30
0.0
 40
0.2
 41
0.2
  0
VERTEX
  8
0
 10
375.959
 20
24.8998
 30
0.0
 40
0.2
 41
0.2
  0
VERTEX
  8
0
 10
375.948
 20
24.8998
 30
0.0
 40
0.2
 41
0.2
  0
VERTEX
  8
0
 10
373.048
 20
24.8998
 30
0.0
 40
0.2
 41
0.2
  0
SEQEND
 8
0
  0
POLYLINE
  8
0
 62
     5
 66
     1
 10
0
 20
0
 30
0.0
 70
     1
 40
0.566929
 41
0.566929
  0
VERTEX
  8
0
 10
385.05
 20
24.8998
 30
0.0
 40
0.2
 41
0.2
  0
VERTEX
  8
0
 10
382.15
 20
24.8998
 30
0.0
 40
0.2
 41
0.2
  0
VERTEX
  8
0
 10
382.139
 20
24.8998
 30
0.0
 40
0.2
 41
0.2
  0
VERTEX
  8
0
 10
382.108
 20
24.886
 30
0.0
 40
0.2
 41
0.2
  0
VERTEX
  8
0
 10
382.111
 20
24.8626
 30
0.0
 40
0.2
 41
0.2
  0
VERTEX
  8
0
 10
382.136
 20
24.8584
 30
0.0
 40
0.2
 41
0.2
  0
VERTEX
  8
0
 10
382.15
 20
24.8901
 30
0.0
 40
0.2
 41
0.2
  0
VERTEX
  8
0
 10
382.15
 20
24.8998
 30
0.0
 40
0.2
 41
0.2
  0
VERTEX
  8
0
 10
382.15
 20
27.6999
 30
0.0
 40
0.2
 41
0.2
  0
VERTEX
  8
0
 10
382.15
 20
27.711
 30
0.0
 40
0.2
 41
0.2
  0
VERTEX
  8
0
 10
382.136
 20
27.7427
 30
0.0
 40
0.2
 41
0.2
  0
VERTEX
  8
0
 10
382.111
 20
27.7385
 30
0.0
 40
0.2
 41
0.2
  0
VERTEX
  8
0
 10
382.108
 20
27.7151
 30
0.0
 40
0.2
 41
0.2
  0
VERTEX
  8
0
 10
382.139
 20
27.6999
 30
0.0
 40
0.2
 41
0.2
  0
VERTEX
  8
0
 10
382.15
 20
27.6999
 30
0.0
 40
0.2
 41
0.2
  0
VERTEX
  8
0
 10
387.95
 20
27.6999
 30
0.0
 40
0.2
 41
0.2
  0
VERTEX
  8
0
 10
387.96
 20
27.6999
 30
0.0
 40
0.2
 41
0.2
  0
VERTEX
  8
0
 10
387.992
 20
27.7151
 30
0.0
 40
0.2
 41
0.2
  0
VERTEX
  8
0
 10
387.985
 20
27.7385
 30
0.0
 40
0.2
 41
0.2
  0
VERTEX
  8
0
 10
387.964
 20
27.7427
 30
0.0
 40
0.2
 41
0.2
  0
VERTEX
  8
0
 10
387.95
 20
27.711
 30
0.0
 40
0.2
 41
0.2
  0
VERTEX
  8
0
 10
387.95
 20
27.6999
 30
0.0
 40
0.2
 41
0.2
  0
VERTEX
  8
0
 10
387.95
 20
24.8998
 30
0.0
 40
0.2
 41
0.2
  0
VERTEX
  8
0
 10
387.95
 20
24.8901
 30
0.0
 40
0.2
 41
0.2
  0
VERTEX
  8
0
 10
387.964
 20
24.8584
 30
0.0
 40
0.2
 41
0.2
  0
VERTEX
  8
0
 10
387.985
 20
24.8626
 30
0.0
 40
0.2
 41
0.2
  0
VERTEX
  8
0
 10
387.992
 20
24.886
 30
0.0
 40
0.2
 41
0.2
  0
VERTEX
  8
0
 10
387.96
 20
24.8998
 30
0.0
 40
0.2
 41
0.2
  0
VERTEX
  8
0
 10
387.95
 20
24.8998
 30
0.0
 40
0.2
 41
0.2
  0
VERTEX
  8
0
 10
385.05
 20
24.8998
 30
0.0
 40
0.2
 41
0.2
  0
SEQEND
 8
0
  0
POLYLINE
  8
0
 62
     5
 66
     1
 10
0
 20
0
 30
0.0
 70
     1
 40
0.566929
 41
0.566929
  0
VERTEX
  8
0
 10
397.051
 20
24.8998
 30
0.0
 40
0.2
 41
0.2
  0
VERTEX
  8
0
 10
394.152
 20
24.8998
 30
0.0
 40
0.2
 41
0.2
  0
VERTEX
  8
0
 10
394.141
 20
24.8998
 30
0.0
 40
0.2
 41
0.2
  0
VERTEX
  8
0
 10
394.109
 20
24.886
 30
0.0
 40
0.2
 41
0.2
  0
VERTEX
  8
0
 10
394.113
 20
24.8626
 30
0.0
 40
0.2
 41
0.2
  0
VERTEX
  8
0
 10
394.134
 20
24.8584
 30
0.0
 40
0.2
 41
0.2
  0
VERTEX
  8
0
 10
394.152
 20
24.8901
 30
0.0
 40
0.2
 41
0.2
  0
VERTEX
  8
0
 10
394.152
 20
24.8998
 30
0.0
 40
0.2
 41
0.2
  0
VERTEX
  8
0
 10
394.152
 20
27.6999
 30
0.0
 40
0.2
 41
0.2
  0
VERTEX
  8
0
 10
394.152
 20
27.711
 30
0.0
 40
0.2
 41
0.2
  0
VERTEX
  8
0
 10
394.134
 20
27.7427
 30
0.0
 40
0.2
 41
0.2
  0
VERTEX
  8
0
 10
394.113
 20
27.7385
 30
0.0
 40
0.2
 41
0.2
  0
VERTEX
  8
0
 10
394.109
 20
27.7151
 30
0.0
 40
0.2
 41
0.2
  0
VERTEX
  8
0
 10
394.141
 20
27.6999
 30
0.0
 40
0.2
 41
0.2
  0
VERTEX
  8
0
 10
394.152
 20
27.6999
 30
0.0
 40
0.2
 41
0.2
  0
VERTEX
  8
0
 10
399.951
 20
27.6999
 30
0.0
 40
0.2
 41
0.2
  0
VERTEX
  8
0
 10
399.962
 20
27.6999
 30
0.0
 40
0.2
 41
0.2
  0
VERTEX
  8
0
 10
399.994
 20
27.7151
 30
0.0
 40
0.2
 41
0.2
  0
VERTEX
  8
0
 10
399.986
 20
27.7385
 30
0.0
 40
0.2
 41
0.2
  0
VERTEX
  8
0
 10
399.965
 20
27.7427
 30
0.0
 40
0.2
 41
0.2
  0
VERTEX
  8
0
 10
399.951
 20
27.711
 30
0.0
 40
0.2
 41
0.2
  0
VERTEX
  8
0
 10
399.951
 20
27.6999
 30
0.0
 40
0.2
 41
0.2
  0
VERTEX
  8
0
 10
399.951
 20
24.8998
 30
0.0
 40
0.2
 41
0.2
  0
VERTEX
  8
0
 10
399.951
 20
24.8901
 30
0.0
 40
0.2
 41
0.2
  0
VERTEX
  8
0
 10
399.965
 20
24.8584
 30
0.0
 40
0.2
 41
0.2
  0
VERTEX
  8
0
 10
399.986
 20
24.8626
 30
0.0
 40
0.2
 41
0.2
  0
VERTEX
  8
0
 10
399.994
 20
24.886
 30
0.0
 40
0.2
 41
0.2
  0
VERTEX
  8
0
 10
399.962
 20
24.8998
 30
0.0
 40
0.2
 41
0.2
  0
VERTEX
  8
0
 10
399.951
 20
24.8998
 30
0.0
 40
0.2
 41
0.2
  0
VERTEX
  8
0
 10
397.051
 20
24.8998
 30
0.0
 40
0.2
 41
0.2
  0
SEQEND
 8
0
  0
POLYLINE
  8
0
 62
     5
 66
     1
 10
0
 20
0
 30
0.0
 70
     1
 40
0.566929
 41
0.566929
  0
VERTEX
  8
0
 10
409.049
 20
24.8998
 30
0.0
 40
0.2
 41
0.2
  0
VERTEX
  8
0
 10
406.15
 20
24.8998
 30
0.0
 40
0.2
 41
0.2
  0
VERTEX
  8
0
 10
406.139
 20
24.8998
 30
0.0
 40
0.2
 41
0.2
  0
VERTEX
  8
0
 10
406.107
 20
24.886
 30
0.0
 40
0.2
 41
0.2
  0
VERTEX
  8
0
 10
406.111
 20
24.8626
 30
0.0
 40
0.2
 41
0.2
  0
VERTEX
  8
0
 10
406.135
 20
24.8584
 30
0.0
 40
0.2
 41
0.2
  0
VERTEX
  8
0
 10
406.15
 20
24.8901
 30
0.0
 40
0.2
 41
0.2
  0
VERTEX
  8
0
 10
406.15
 20
24.8998
 30
0.0
 40
0.2
 41
0.2
  0
VERTEX
  8
0
 10
406.15
 20
27.6999
 30
0.0
 40
0.2
 41
0.2
  0
VERTEX
  8
0
 10
406.15
 20
27.711
 30
0.0
 40
0.2
 41
0.2
  0
VERTEX
  8
0
 10
406.135
 20
27.7427
 30
0.0
 40
0.2
 41
0.2
  0
VERTEX
  8
0
 10
406.111
 20
27.7385
 30
0.0
 40
0.2
 41
0.2
  0
VERTEX
  8
0
 10
406.107
 20
27.7151
 30
0.0
 40
0.2
 41
0.2
  0
VERTEX
  8
0
 10
406.139
 20
27.6999
 30
0.0
 40
0.2
 41
0.2
  0
VERTEX
  8
0
 10
406.15
 20
27.6999
 30
0.0
 40
0.2
 41
0.2
  0
VERTEX
  8
0
 10
411.949
 20
27.6999
 30
0.0
 40
0.2
 41
0.2
  0
VERTEX
  8
0
 10
411.96
 20
27.6999
 30
0.0
 40
0.2
 41
0.2
  0
VERTEX
  8
0
 10
411.992
 20
27.7151
 30
0.0
 40
0.2
 41
0.2
  0
VERTEX
  8
0
 10
411.988
 20
27.7385
 30
0.0
 40
0.2
 41
0.2
  0
VERTEX
  8
0
 10
411.963
 20
27.7427
 30
0.0
 40
0.2
 41
0.2
  0
VERTEX
  8
0
 10
411.949
 20
27.711
 30
0.0
 40
0.2
 41
0.2
  0
VERTEX
  8
0
 10
411.949
 20
27.6999
 30
0.0
 40
0.2
 41
0.2
  0
VERTEX
  8
0
 10
411.949
 20
24.8998
 30
0.0
 40
0.2
 41
0.2
  0
VERTEX
  8
0
 10
411.949
 20
24.8901
 30
0.0
 40
0.2
 41
0.2
  0
VERTEX
  8
0
 10
411.963
 20
24.8584
 30
0.0
 40
0.2
 41
0.2
  0
VERTEX
  8
0
 10
411.988
 20
24.8626
 30
0.0
 40
0.2
 41
0.2
  0
VERTEX
  8
0
 10
411.992
 20
24.886
 30
0.0
 40
0.2
 41
0.2
  0
VERTEX
  8
0
 10
411.96
 20
24.8998
 30
0.0
 40
0.2
 41
0.2
  0
VERTEX
  8
0
 10
411.949
 20
24.8998
 30
0.0
 40
0.2
 41
0.2
  0
VERTEX
  8
0
 10
409.049
 20
24.8998
 30
0.0
 40
0.2
 41
0.2
  0
SEQEND
 8
0
  0
POLYLINE
  8
0
 62
     0
 66
     1
 10
0
 20
0
 30
0.0
 70
     1
 40
0.566929
 41
0.566929
  0
VERTEX
  8
0
 10
262.3
 20
21.7
 30
0.0
 40
0.2
 41
0.2
  0
VERTEX
  8
0
 10
423.799
 20
21.7
 30
0.0
 40
0.2
 41
0.2
  0
VERTEX
  8
0
 10
423.817
 20
21.7
 30
0.0
 40
0.2
 41
0.2
  0
VERTEX
  8
0
 10
423.87
 20
21.7303
 30
0.0
 40
0.2
 41
0.2
  0
VERTEX
  8
0
 10
423.901
 20
21.784
 30
0.0
 40
0.2
 41
0.2
  0
VERTEX
  8
0
 10
423.901
 20
21.8006
 30
0.0
 40
0.2
 41
0.2
  0
VERTEX
  8
0
 10
423.901
 20
30.1997
 30
0.0
 40
0.2
 41
0.2
  0
VERTEX
  8
0
 10
423.901
 20
30.2107
 30
0.0
 40
0.2
 41
0.2
  0
VERTEX
  8
0
 10
423.884
 20
30.2424
 30
0.0
 40
0.2
 41
0.2
  0
VERTEX
  8
0
 10
423.863
 20
30.2383
 30
0.0
 40
0.2
 41
0.2
  0
VERTEX
  8
0
 10
423.855
 20
30.2149
 30
0.0
 40
0.2
 41
0.2
  0
VERTEX
  8
0
 10
423.887
 20
30.1997
 30
0.0
 40
0.2
 41
0.2
  0
VERTEX
  8
0
 10
423.901
 20
30.1997
 30
0.0
 40
0.2
 41
0.2
  0
VERTEX
  8
0
 10
426.801
 20
30.1997
 30
0.0
 40
0.2
 41
0.2
  0
VERTEX
  8
0
 10
426.819
 20
30.1997
 30
0.0
 40
0.2
 41
0.2
  0
VERTEX
  8
0
 10
426.872
 20
30.23
 30
0.0
 40
0.2
 41
0.2
  0
VERTEX
  8
0
 10
426.9
 20
30.2838
 30
0.0
 40
0.2
 41
0.2
  0
VERTEX
  8
0
 10
426.9
 20
30.3003
 30
0.0
 40
0.2
 41
0.2
  0
VERTEX
  8
0
 10
426.9
 20
36.3001
 30
0.0
 40
0.2
 41
0.2
  0
VERTEX
  8
0
 10
426.9
 20
36.3181
 30
0.0
 40
0.2
 41
0.2
  0
VERTEX
  8
0
 10
426.872
 20
36.3707
 30
0.0
 40
0.2
 41
0.2
  0
VERTEX
  8
0
 10
426.819
 20
36.3996
 30
0.0
 40
0.2
 41
0.2
  0
VERTEX
  8
0
 10
426.801
 20
36.3996
 30
0.0
 40
0.2
 41
0.2
  0
VERTEX
  8
0
 10
423.901
 20
36.3996
 30
0.0
 40
0.2
 41
0.2
  0
VERTEX
  8
0
 10
423.887
 20
36.3996
 30
0.0
 40
0.2
 41
0.2
  0
VERTEX
  8
0
 10
423.855
 20
36.3859
 30
0.0
 40
0.2
 41
0.2
  0
VERTEX
  8
0
 10
423.863
 20
36.3622
 30
0.0
 40
0.2
 41
0.2
  0
VERTEX
  8
0
 10
423.884
 20
36.3583
 30
0.0
 40
0.2
 41
0.2
  0
VERTEX
  8
0
 10
423.901
 20
36.3897
 30
0.0
 40
0.2
 41
0.2
  0
VERTEX
  8
0
 10
423.901
 20
36.3996
 30
0.0
 40
0.2
 41
0.2
  0
VERTEX
  8
0
 10
423.901
 20
42.1996
 30
0.0
 40
0.2
 41
0.2
  0
VERTEX
  8
0
 10
423.901
 20
42.2106
 30
0.0
 40
0.2
 41
0.2
  0
VERTEX
  8
0
 10
423.884
 20
42.2423
 30
0.0
 40
0.2
 41
0.2
  0
VERTEX
  8
0
 10
423.863
 20
42.2381
 30
0.0
 40
0.2
 41
0.2
  0
VERTEX
  8
0
 10
423.855
 20
42.2148
 30
0.0
 40
0.2
 41
0.2
  0
VERTEX
  8
0
 10
423.887
 20
42.1996
 30
0.0
 40
0.2
 41
0.2
  0
VERTEX
  8
0
 10
423.901
 20
42.1996
 30
0.0
 40
0.2
 41
0.2
  0
VERTEX
  8
0
 10
426.801
 20
42.1996
 30
0.0
 40
0.2
 41
0.2
  0
VERTEX
  8
0
 10
426.819
 20
42.1996
 30
0.0
 40
0.2
 41
0.2
  0
VERTEX
  8
0
 10
426.872
 20
42.23
 30
0.0
 40
0.2
 41
0.2
  0
VERTEX
  8
0
 10
426.9
 20
42.2836
 30
0.0
 40
0.2
 41
0.2
  0
VERTEX
  8
0
 10
426.9
 20
42.3002
 30
0.0
 40
0.2
 41
0.2
  0
VERTEX
  8
0
 10
426.9
 20
48.3002
 30
0.0
 40
0.2
 41
0.2
  0
VERTEX
  8
0
 10
426.9
 20
48.3182
 30
0.0
 40
0.2
 41
0.2
  0
VERTEX
  8
0
 10
426.872
 20
48.3704
 30
0.0
 40
0.2
 41
0.2
  0
VERTEX
  8
0
 10
426.819
 20
48.3993
 30
0.0
 40
0.2
 41
0.2
  0
VERTEX
  8
0
 10
426.801
 20
48.3993
 30
0.0
 40
0.2
 41
0.2
  0
VERTEX
  8
0
 10
423.901
 20
48.3993
 30
0.0
 40
0.2
 41
0.2
  0
VERTEX
  8
0
 10
423.887
 20
48.3993
 30
0.0
 40
0.2
 41
0.2
  0
VERTEX
  8
0
 10
423.855
 20
48.3856
 30
0.0
 40
0.2
 41
0.2
  0
VERTEX
  8
0
 10
423.863
 20
48.3623
 30
0.0
 40
0.2
 41
0.2
  0
VERTEX
  8
0
 10
423.884
 20
48.3581
 30
0.0
 40
0.2
 41
0.2
  0
VERTEX
  8
0
 10
423.901
 20
48.3898
 30
0.0
 40
0.2
 41
0.2
  0
VERTEX
  8
0
 10
423.901
 20
48.3993
 30
0.0
 40
0.2
 41
0.2
  0
VERTEX
  8
0
 10
423.901
 20
54.1997
 30
0.0
 40
0.2
 41
0.2
  0
VERTEX
  8
0
 10
423.901
 20
54.2107
 30
0.0
 40
0.2
 41
0.2
  0
VERTEX
  8
0
 10
423.884
 20
54.2424
 30
0.0
 40
0.2
 41
0.2
  0
VERTEX
  8
0
 10
423.863
 20
54.2382
 30
0.0
 40
0.2
 41
0.2
  0
VERTEX
  8
0
 10
423.855
 20
54.2149
 30
0.0
 40
0.2
 41
0.2
  0
VERTEX
  8
0
 10
423.887
 20
54.1997
 30
0.0
 40
0.2
 41
0.2
  0
VERTEX
  8
0
 10
423.901
 20
54.1997
 30
0.0
 40
0.2
 41
0.2
  0
VERTEX
  8
0
 10
426.801
 20
54.1997
 30
0.0
 40
0.2
 41
0.2
  0
VERTEX
  8
0
 10
426.819
 20
54.1997
 30
0.0
 40
0.2
 41
0.2
  0
VERTEX
  8
0
 10
426.872
 20
54.2301
 30
0.0
 40
0.2
 41
0.2
  0
VERTEX
  8
0
 10
426.9
 20
54.2837
 30
0.0
 40
0.2
 41
0.2
  0
VERTEX
  8
0
 10
426.9
 20
54.3003
 30
0.0
 40
0.2
 41
0.2
  0
VERTEX
  8
0
 10
426.9
 20
60.3003
 30
0.0
 40
0.2
 41
0.2
  0
VERTEX
  8
0
 10
426.9
 20
60.3179
 30
0.0
 40
0.2
 41
0.2
  0
VERTEX
  8
0
 10
426.872
 20
60.3719
 30
0.0
 40
0.2
 41
0.2
  0
VERTEX
  8
0
 10
426.819
 20
60.4008
 30
0.0
 40
0.2
 41
0.2
  0
VERTEX
  8
0
 10
426.801
 20
60.4008
 30
0.0
 40
0.2
 41
0.2
  0
VERTEX
  8
0
 10
423.901
 20
60.4008
 30
0.0
 40
0.2
 41
0.2
  0
VERTEX
  8
0
 10
423.887
 20
60.4008
 30
0.0
 40
0.2
 41
0.2
  0
VERTEX
  8
0
 10
423.855
 20
60.3871
 30
0.0
 40
0.2
 41
0.2
  0
VERTEX
  8
0
 10
423.863
 20
60.3635
 30
0.0
 40
0.2
 41
0.2
  0
VERTEX
  8
0
 10
423.884
 20
60.3596
 30
0.0
 40
0.2
 41
0.2
  0
VERTEX
  8
0
 10
423.901
 20
60.3913
 30
0.0
 40
0.2
 41
0.2
  0
VERTEX
  8
0
 10
423.901
 20
60.4008
 30
0.0
 40
0.2
 41
0.2
  0
VERTEX
  8
0
 10
423.901
 20
66.1995
 30
0.0
 40
0.2
 41
0.2
  0
VERTEX
  8
0
 10
423.901
 20
66.2107
 30
0.0
 40
0.2
 41
0.2
  0
VERTEX
  8
0
 10
423.884
 20
66.2421
 30
0.0
 40
0.2
 41
0.2
  0
VERTEX
  8
0
 10
423.863
 20
66.2383
 30
0.0
 40
0.2
 41
0.2
  0
VERTEX
  8
0
 10
423.855
 20
66.2146
 30
0.0
 40
0.2
 41
0.2
  0
VERTEX
  8
0
 10
423.887
 20
66.1995
 30
0.0
 40
0.2
 41
0.2
  0
VERTEX
  8
0
 10
423.901
 20
66.1995
 30
0.0
 40
0.2
 41
0.2
  0
VERTEX
  8
0
 10
426.801
 20
66.1995
 30
0.0
 40
0.2
 41
0.2
  0
VERTEX
  8
0
 10
426.819
 20
66.1995
 30
0.0
 40
0.2
 41
0.2
  0
VERTEX
  8
0
 10
426.872
 20
66.2298
 30
0.0
 40
0.2
 41
0.2
  0
VERTEX
  8
0
 10
426.9
 20
66.2838
 30
0.0
 40
0.2
 41
0.2
  0
VERTEX
  8
0
 10
426.9
 20
66.3004
 30
0.0
 40
0.2
 41
0.2
  0
VERTEX
  8
0
 10
426.9
 20
72.3
 30
0.0
 40
0.2
 41
0.2
  0
VERTEX
  8
0
 10
426.9
 20
72.318
 30
0.0
 40
0.2
 41
0.2
  0
VERTEX
  8
0
 10
426.872
 20
72.3706
 30
0.0
 40
0.2
 41
0.2
  0
VERTEX
  8
0
 10
426.819
 20
72.3995
 30
0.0
 40
0.2
 41
0.2
  0
VERTEX
  8
0
 10
426.801
 20
72.3995
 30
0.0
 40
0.2
 41
0.2
  0
VERTEX
  8
0
 10
423.901
 20
72.3995
 30
0.0
 40
0.2
 41
0.2
  0
VERTEX
  8
0
 10
423.887
 20
72.3995
 30
0.0
 40
0.2
 41
0.2
  0
VERTEX
  8
0
 10
423.855
 20
72.3858
 30
0.0
 40
0.2
 41
0.2
  0
VERTEX
  8
0
 10
423.863
 20
72.3621
 30
0.0
 40
0.2
 41
0.2
  0
VERTEX
  8
0
 10
423.884
 20
72.3579
 30
0.0
 40
0.2
 41
0.2
  0
VERTEX
  8
0
 10
423.901
 20
72.3896
 30
0.0
 40
0.2
 41
0.2
  0
VERTEX
  8
0
 10
423.901
 20
72.3995
 30
0.0
 40
0.2
 41
0.2
  0
VERTEX
  8
0
 10
423.901
 20
78.1995
 30
0.0
 40
0.2
 41
0.2
  0
VERTEX
  8
0
 10
423.901
 20
78.2105
 30
0.0
 40
0.2
 41
0.2
  0
VERTEX
  8
0
 10
423.884
 20
78.2422
 30
0.0
 40
0.2
 41
0.2
  0
VERTEX
  8
0
 10
423.863
 20
78.238
 30
0.0
 40
0.2
 41
0.2
  0
VERTEX
  8
0
 10
423.855
 20
78.2147
 30
0.0
 40
0.2
 41
0.2
  0
VERTEX
  8
0
 10
423.887
 20
78.1995
 30
0.0
 40
0.2
 41
0.2
  0
VERTEX
  8
0
 10
423.901
 20
78.1995
 30
0.0
 40
0.2
 41
0.2
  0
VERTEX
  8
0
 10
426.801
 20
78.1995
 30
0.0
 40
0.2
 41
0.2
  0
VERTEX
  8
0
 10
426.819
 20
78.1995
 30
0.0
 40
0.2
 41
0.2
  0
VERTEX
  8
0
 10
426.872
 20
78.2299
 30
0.0
 40
0.2
 41
0.2
  0
VERTEX
  8
0
 10
426.9
 20
78.2835
 30
0.0
 40
0.2
 41
0.2
  0
VERTEX
  8
0
 10
426.9
 20
78.3001
 30
0.0
 40
0.2
 41
0.2
  0
VERTEX
  8
0
 10
426.9
 20
84.3001
 30
0.0
 40
0.2
 41
0.2
  0
VERTEX
  8
0
 10
426.9
 20
84.3181
 30
0.0
 40
0.2
 41
0.2
  0
VERTEX
  8
0
 10
426.872
 20
84.3703
 30
0.0
 40
0.2
 41
0.2
  0
VERTEX
  8
0
 10
426.819
 20
84.3993
 30
0.0
 40
0.2
 41
0.2
  0
VERTEX
  8
0
 10
426.801
 20
84.3993
 30
0.0
 40
0.2
 41
0.2
  0
VERTEX
  8
0
 10
423.901
 20
84.3993
 30
0.0
 40
0.2
 41
0.2
  0
VERTEX
  8
0
 10
423.887
 20
84.3993
 30
0.0
 40
0.2
 41
0.2
  0
VERTEX
  8
0
 10
423.855
 20
84.3855
 30
0.0
 40
0.2
 41
0.2
  0
VERTEX
  8
0
 10
423.863
 20
84.3622
 30
0.0
 40
0.2
 41
0.2
  0
VERTEX
  8
0
 10
423.884
 20
84.358
 30
0.0
 40
0.2
 41
0.2
  0
VERTEX
  8
0
 10
423.901
 20
84.3897
 30
0.0
 40
0.2
 41
0.2
  0
VERTEX
  8
0
 10
423.901
 20
84.3993
 30
0.0
 40
0.2
 41
0.2
  0
VERTEX
  8
0
 10
423.901
 20
90.1996
 30
0.0
 40
0.2
 41
0.2
  0
VERTEX
  8
0
 10
423.901
 20
90.2106
 30
0.0
 40
0.2
 41
0.2
  0
VERTEX
  8
0
 10
423.884
 20
90.2423
 30
0.0
 40
0.2
 41
0.2
  0
VERTEX
  8
0
 10
423.863
 20
90.2381
 30
0.0
 40
0.2
 41
0.2
  0
VERTEX
  8
0
 10
423.855
 20
90.2148
 30
0.0
 40
0.2
 41
0.2
  0
VERTEX
  8
0
 10
423.887
 20
90.1996
 30
0.0
 40
0.2
 41
0.2
  0
VERTEX
  8
0
 10
423.901
 20
90.1996
 30
0.0
 40
0.2
 41
0.2
  0
VERTEX
  8
0
 10
426.801
 20
90.1996
 30
0.0
 40
0.2
 41
0.2
  0
VERTEX
  8
0
 10
426.819
 20
90.1996
 30
0.0
 40
0.2
 41
0.2
  0
VERTEX
  8
0
 10
426.872
 20
90.23
 30
0.0
 40
0.2
 41
0.2
  0
VERTEX
  8
0
 10
426.9
 20
90.2836
 30
0.0
 40
0.2
 41
0.2
  0
VERTEX
  8
0
 10
426.9
 20
90.3002
 30
0.0
 40
0.2
 41
0.2
  0
VERTEX
  8
0
 10
426.9
 20
96.3002
 30
0.0
 40
0.2
 41
0.2
  0
VERTEX
  8
0
 10
426.9
 20
96.3179
 30
0.0
 40
0.2
 41
0.2
  0
VERTEX
  8
0
 10
426.872
 20
96.3718
 30
0.0
 40
0.2
 41
0.2
  0
VERTEX
  8
0
 10
426.819
 20
96.4008
 30
0.0
 40
0.2
 41
0.2
  0
VERTEX
  8
0
 10
426.801
 20
96.4008
 30
0.0
 40
0.2
 41
0.2
  0
VERTEX
  8
0
 10
423.901
 20
96.4008
 30
0.0
 40
0.2
 41
0.2
  0
VERTEX
  8
0
 10
423.887
 20
96.4008
 30
0.0
 40
0.2
 41
0.2
  0
VERTEX
  8
0
 10
423.855
 20
96.387
 30
0.0
 40
0.2
 41
0.2
  0
VERTEX
  8
0
 10
423.863
 20
96.3634
 30
0.0
 40
0.2
 41
0.2
  0
VERTEX
  8
0
 10
423.884
 20
96.3595
 30
0.0
 40
0.2
 41
0.2
  0
VERTEX
  8
0
 10
423.901
 20
96.3909
 30
0.0
 40
0.2
 41
0.2
  0
VERTEX
  8
0
 10
423.901
 20
96.4008
 30
0.0
 40
0.2
 41
0.2
  0
VERTEX
  8
0
 10
423.901
 20
102.199
 30
0.0
 40
0.2
 41
0.2
  0
VERTEX
  8
0
 10
423.901
 20
102.21
 30
0.0
 40
0.2
 41
0.2
  0
VERTEX
  8
0
 10
423.884
 20
102.242
 30
0.0
 40
0.2
 41
0.2
  0
VERTEX
  8
0
 10
423.863
 20
102.238
 30
0.0
 40
0.2
 41
0.2
  0
VERTEX
  8
0
 10
423.855
 20
102.215
 30
0.0
 40
0.2
 41
0.2
  0
VERTEX
  8
0
 10
423.887
 20
102.199
 30
0.0
 40
0.2
 41
0.2
  0
VERTEX
  8
0
 10
423.901
 20
102.199
 30
0.0
 40
0.2
 41
0.2
  0
VERTEX
  8
0
 10
426.801
 20
102.199
 30
0.0
 40
0.2
 41
0.2
  0
VERTEX
  8
0
 10
426.819
 20
102.199
 30
0.0
 40
0.2
 41
0.2
  0
VERTEX
  8
0
 10
426.872
 20
102.23
 30
0.0
 40
0.2
 41
0.2
  0
VERTEX
  8
0
 10
426.9
 20
102.284
 30
0.0
 40
0.2
 41
0.2
  0
VERTEX
  8
0
 10
426.9
 20
102.3
 30
0.0
 40
0.2
 41
0.2
  0
VERTEX
  8
0
 10
426.9
 20
108.3
 30
0.0
 40
0.2
 41
0.2
  0
VERTEX
  8
0
 10
426.9
 20
108.318
 30
0.0
 40
0.2
 41
0.2
  0
VERTEX
  8
0
 10
426.872
 20
108.372
 30
0.0
 40
0.2
 41
0.2
  0
VERTEX
  8
0
 10
426.819
 20
108.401
 30
0.0
 40
0.2
 41
0.2
  0
VERTEX
  8
0
 10
426.801
 20
108.401
 30
0.0
 40
0.2
 41
0.2
  0
VERTEX
  8
0
 10
423.901
 20
108.401
 30
0.0
 40
0.2
 41
0.2
  0
VERTEX
  8
0
 10
423.887
 20
108.401
 30
0.0
 40
0.2
 41
0.2
  0
VERTEX
  8
0
 10
423.855
 20
108.387
 30
0.0
 40
0.2
 41
0.2
  0
VERTEX
  8
0
 10
423.863
 20
108.363
 30
0.0
 40
0.2
 41
0.2
  0
VERTEX
  8
0
 10
423.884
 20
108.359
 30
0.0
 40
0.2
 41
0.2
  0
VERTEX
  8
0
 10
423.901
 20
108.391
 30
0.0
 40
0.2
 41
0.2
  0
VERTEX
  8
0
 10
423.901
 20
108.401
 30
0.0
 40
0.2
 41
0.2
  0
VERTEX
  8
0
 10
423.901
 20
116.8
 30
0.0
 40
0.2
 41
0.2
  0
VERTEX
  8
0
 10
423.901
 20
116.818
 30
0.0
 40
0.2
 41
0.2
  0
VERTEX
  8
0
 10
423.87
 20
116.871
 30
0.0
 40
0.2
 41
0.2
  0
VERTEX
  8
0
 10
423.817
 20
116.9
 30
0.0
 40
0.2
 41
0.2
  0
VERTEX
  8
0
 10
423.799
 20
116.9
 30
0.0
 40
0.2
 41
0.2
  0
VERTEX
  8
0
 10
262.3
 20
116.9
 30
0.0
 40
0.2
 41
0.2
  0
VERTEX
  8
0
 10
262.282
 20
116.9
 30
0.0
 40
0.2
 41
0.2
  0
VERTEX
  8
0
 10
262.228
 20
116.871
 30
0.0
 40
0.2
 41
0.2
  0
VERTEX
  8
0
 10
262.199
 20
116.818
 30
0.0
 40
0.2
 41
0.2
  0
VERTEX
  8
0
 10
262.199
 20
116.8
 30
0.0
 40
0.2
 41
0.2
  0
VERTEX
  8
0
 10
262.199
 20
108.401
 30
0.0
 40
0.2
 41
0.2
  0
VERTEX
  8
0
 10
262.199
 20
108.391
 30
0.0
 40
0.2
 41
0.2
  0
VERTEX
  8
0
 10
262.213
 20
108.359
 30
0.0
 40
0.2
 41
0.2
  0
VERTEX
  8
0
 10
262.237
 20
108.363
 30
0.0
 40
0.2
 41
0.2
  0
VERTEX
  8
0
 10
262.241
 20
108.387
 30
0.0
 40
0.2
 41
0.2
  0
VERTEX
  8
0
 10
262.209
 20
108.401
 30
0.0
 40
0.2
 41
0.2
  0
VERTEX
  8
0
 10
262.199
 20
108.401
 30
0.0
 40
0.2
 41
0.2
  0
VERTEX
  8
0
 10
259.3
 20
108.401
 30
0.0
 40
0.2
 41
0.2
  0
VERTEX
  8
0
 10
259.282
 20
108.401
 30
0.0
 40
0.2
 41
0.2
  0
VERTEX
  8
0
 10
259.228
 20
108.372
 30
0.0
 40
0.2
 41
0.2
  0
VERTEX
  8
0
 10
259.199
 20
108.318
 30
0.0
 40
0.2
 41
0.2
  0
VERTEX
  8
0
 10
259.199
 20
108.3
 30
0.0
 40
0.2
 41
0.2
  0
VERTEX
  8
0
 10
259.199
 20
102.3
 30
0.0
 40
0.2
 41
0.2
  0
VERTEX
  8
0
 10
259.199
 20
102.284
 30
0.0
 40
0.2
 41
0.2
  0
VERTEX
  8
0
 10
259.228
 20
102.23
 30
0.0
 40
0.2
 41
0.2
  0
VERTEX
  8
0
 10
259.282
 20
102.199
 30
0.0
 40
0.2
 41
0.2
  0
VERTEX
  8
0
 10
259.3
 20
102.199
 30
0.0
 40
0.2
 41
0.2
  0
VERTEX
  8
0
 10
262.199
 20
102.199
 30
0.0
 40
0.2
 41
0.2
  0
VERTEX
  8
0
 10
262.209
 20
102.199
 30
0.0
 40
0.2
 41
0.2
  0
VERTEX
  8
0
 10
262.241
 20
102.215
 30
0.0
 40
0.2
 41
0.2
  0
VERTEX
  8
0
 10
262.237
 20
102.238
 30
0.0
 40
0.2
 41
0.2
  0
VERTEX
  8
0
 10
262.213
 20
102.242
 30
0.0
 40
0.2
 41
0.2
  0
VERTEX
  8
0
 10
262.199
 20
102.21
 30
0.0
 40
0.2
 41
0.2
  0
VERTEX
  8
0
 10
262.199
 20
102.199
 30
0.0
 40
0.2
 41
0.2
  0
VERTEX
  8
0
 10
262.199
 20
96.4008
 30
0.0
 40
0.2
 41
0.2
  0
VERTEX
  8
0
 10
262.199
 20
96.3909
 30
0.0
 40
0.2
 41
0.2
  0
VERTEX
  8
0
 10
262.213
 20
96.3595
 30
0.0
 40
0.2
 41
0.2
  0
VERTEX
  8
0
 10
262.237
 20
96.3634
 30
0.0
 40
0.2
 41
0.2
  0
VERTEX
  8
0
 10
262.241
 20
96.387
 30
0.0
 40
0.2
 41
0.2
  0
VERTEX
  8
0
 10
262.209
 20
96.4008
 30
0.0
 40
0.2
 41
0.2
  0
VERTEX
  8
0
 10
262.199
 20
96.4008
 30
0.0
 40
0.2
 41
0.2
  0
VERTEX
  8
0
 10
259.3
 20
96.4008
 30
0.0
 40
0.2
 41
0.2
  0
VERTEX
  8
0
 10
259.282
 20
96.4008
 30
0.0
 40
0.2
 41
0.2
  0
VERTEX
  8
0
 10
259.228
 20
96.3718
 30
0.0
 40
0.2
 41
0.2
  0
VERTEX
  8
0
 10
259.199
 20
96.3179
 30
0.0
 40
0.2
 41
0.2
  0
VERTEX
  8
0
 10
259.199
 20
96.3002
 30
0.0
 40
0.2
 41
0.2
  0
VERTEX
  8
0
 10
259.199
 20
90.3002
 30
0.0
 40
0.2
 41
0.2
  0
VERTEX
  8
0
 10
259.199
 20
90.2836
 30
0.0
 40
0.2
 41
0.2
  0
VERTEX
  8
0
 10
259.228
 20
90.23
 30
0.0
 40
0.2
 41
0.2
  0
VERTEX
  8
0
 10
259.282
 20
90.1996
 30
0.0
 40
0.2
 41
0.2
  0
VERTEX
  8
0
 10
259.3
 20
90.1996
 30
0.0
 40
0.2
 41
0.2
  0
VERTEX
  8
0
 10
262.199
 20
90.1996
 30
0.0
 40
0.2
 41
0.2
  0
VERTEX
  8
0
 10
262.209
 20
90.1996
 30
0.0
 40
0.2
 41
0.2
  0
VERTEX
  8
0
 10
262.241
 20
90.2148
 30
0.0
 40
0.2
 41
0.2
  0
VERTEX
  8
0
 10
262.237
 20
90.2381
 30
0.0
 40
0.2
 41
0.2
  0
VERTEX
  8
0
 10
262.213
 20
90.2423
 30
0.0
 40
0.2
 41
0.2
  0
VERTEX
  8
0
 10
262.199
 20
90.2106
 30
0.0
 40
0.2
 41
0.2
  0
VERTEX
  8
0
 10
262.199
 20
90.1996
 30
0.0
 40
0.2
 41
0.2
  0
VERTEX
  8
0
 10
262.199
 20
84.3993
 30
0.0
 40
0.2
 41
0.2
  0
VERTEX
  8
0
 10
262.199
 20
84.3897
 30
0.0
 40
0.2
 41
0.2
  0
VERTEX
  8
0
 10
262.213
 20
84.358
 30
0.0
 40
0.2
 41
0.2
  0
VERTEX
  8
0
 10
262.237
 20
84.3622
 30
0.0
 40
0.2
 41
0.2
  0
VERTEX
  8
0
 10
262.241
 20
84.3855
 30
0.0
 40
0.2
 41
0.2
  0
VERTEX
  8
0
 10
262.209
 20
84.3993
 30
0.0
 40
0.2
 41
0.2
  0
VERTEX
  8
0
 10
262.199
 20
84.3993
 30
0.0
 40
0.2
 41
0.2
  0
VERTEX
  8
0
 10
259.3
 20
84.3993
 30
0.0
 40
0.2
 41
0.2
  0
VERTEX
  8
0
 10
259.282
 20
84.3993
 30
0.0
 40
0.2
 41
0.2
  0
VERTEX
  8
0
 10
259.228
 20
84.3703
 30
0.0
 40
0.2
 41
0.2
  0
VERTEX
  8
0
 10
259.199
 20
84.3181
 30
0.0
 40
0.2
 41
0.2
  0
VERTEX
  8
0
 10
259.199
 20
84.3001
 30
0.0
 40
0.2
 41
0.2
  0
VERTEX
  8
0
 10
259.199
 20
78.3001
 30
0.0
 40
0.2
 41
0.2
  0
VERTEX
  8
0
 10
259.199
 20
78.2835
 30
0.0
 40
0.2
 41
0.2
  0
VERTEX
  8
0
 10
259.228
 20
78.2299
 30
0.0
 40
0.2
 41
0.2
  0
VERTEX
  8
0
 10
259.282
 20
78.1995
 30
0.0
 40
0.2
 41
0.2
  0
VERTEX
  8
0
 10
259.3
 20
78.1995
 30
0.0
 40
0.2
 41
0.2
  0
VERTEX
  8
0
 10
262.199
 20
78.1995
 30
0.0
 40
0.2
 41
0.2
  0
VERTEX
  8
0
 10
262.209
 20
78.1995
 30
0.0
 40
0.2
 41
0.2
  0
VERTEX
  8
0
 10
262.241
 20
78.2147
 30
0.0
 40
0.2
 41
0.2
  0
VERTEX
  8
0
 10
262.237
 20
78.238
 30
0.0
 40
0.2
 41
0.2
  0
VERTEX
  8
0
 10
262.213
 20
78.2422
 30
0.0
 40
0.2
 41
0.2
  0
VERTEX
  8
0
 10
262.199
 20
78.2105
 30
0.0
 40
0.2
 41
0.2
  0
VERTEX
  8
0
 10
262.199
 20
78.1995
 30
0.0
 40
0.2
 41
0.2
  0
VERTEX
  8
0
 10
262.199
 20
72.3995
 30
0.0
 40
0.2
 41
0.2
  0
VERTEX
  8
0
 10
262.199
 20
72.3896
 30
0.0
 40
0.2
 41
0.2
  0
VERTEX
  8
0
 10
262.213
 20
72.3579
 30
0.0
 40
0.2
 41
0.2
  0
VERTEX
  8
0
 10
262.237
 20
72.3621
 30
0.0
 40
0.2
 41
0.2
  0
VERTEX
  8
0
 10
262.241
 20
72.3858
 30
0.0
 40
0.2
 41
0.2
  0
VERTEX
  8
0
 10
262.209
 20
72.3995
 30
0.0
 40
0.2
 41
0.2
  0
VERTEX
  8
0
 10
262.199
 20
72.3995
 30
0.0
 40
0.2
 41
0.2
  0
VERTEX
  8
0
 10
259.3
 20
72.3995
 30
0.0
 40
0.2
 41
0.2
  0
VERTEX
  8
0
 10
259.282
 20
72.3995
 30
0.0
 40
0.2
 41
0.2
  0
VERTEX
  8
0
 10
259.228
 20
72.3706
 30
0.0
 40
0.2
 41
0.2
  0
VERTEX
  8
0
 10
259.199
 20
72.318
 30
0.0
 40
0.2
 41
0.2
  0
VERTEX
  8
0
 10
259.199
 20
72.3
 30
0.0
 40
0.2
 41
0.2
  0
VERTEX
  8
0
 10
259.199
 20
66.3004
 30
0.0
 40
0.2
 41
0.2
  0
VERTEX
  8
0
 10
259.199
 20
66.2838
 30
0.0
 40
0.2
 41
0.2
  0
VERTEX
  8
0
 10
259.228
 20
66.2298
 30
0.0
 40
0.2
 41
0.2
  0
VERTEX
  8
0
 10
259.282
 20
66.1995
 30
0.0
 40
0.2
 41
0.2
  0
VERTEX
  8
0
 10
259.3
 20
66.1995
 30
0.0
 40
0.2
 41
0.2
  0
VERTEX
  8
0
 10
262.199
 20
66.1995
 30
0.0
 40
0.2
 41
0.2
  0
VERTEX
  8
0
 10
262.209
 20
66.1995
 30
0.0
 40
0.2
 41
0.2
  0
VERTEX
  8
0
 10
262.241
 20
66.2146
 30
0.0
 40
0.2
 41
0.2
  0
VERTEX
  8
0
 10
262.237
 20
66.2383
 30
0.0
 40
0.2
 41
0.2
  0
VERTEX
  8
0
 10
262.213
 20
66.2421
 30
0.0
 40
0.2
 41
0.2
  0
VERTEX
  8
0
 10
262.199
 20
66.2107
 30
0.0
 40
0.2
 41
0.2
  0
VERTEX
  8
0
 10
262.199
 20
66.1995
 30
0.0
 40
0.2
 41
0.2
  0
VERTEX
  8
0
 10
262.199
 20
60.4008
 30
0.0
 40
0.2
 41
0.2
  0
VERTEX
  8
0
 10
262.199
 20
60.3913
 30
0.0
 40
0.2
 41
0.2
  0
VERTEX
  8
0
 10
262.213
 20
60.3596
 30
0.0
 40
0.2
 41
0.2
  0
VERTEX
  8
0
 10
262.237
 20
60.3635
 30
0.0
 40
0.2
 41
0.2
  0
VERTEX
  8
0
 10
262.241
 20
60.3871
 30
0.0
 40
0.2
 41
0.2
  0
VERTEX
  8
0
 10
262.209
 20
60.4008
 30
0.0
 40
0.2
 41
0.2
  0
VERTEX
  8
0
 10
262.199
 20
60.4008
 30
0.0
 40
0.2
 41
0.2
  0
VERTEX
  8
0
 10
259.3
 20
60.4008
 30
0.0
 40
0.2
 41
0.2
  0
VERTEX
  8
0
 10
259.282
 20
60.4008
 30
0.0
 40
0.2
 41
0.2
  0
VERTEX
  8
0
 10
259.228
 20
60.3719
 30
0.0
 40
0.2
 41
0.2
  0
VERTEX
  8
0
 10
259.199
 20
60.3179
 30
0.0
 40
0.2
 41
0.2
  0
VERTEX
  8
0
 10
259.199
 20
60.3003
 30
0.0
 40
0.2
 41
0.2
  0
VERTEX
  8
0
 10
259.199
 20
54.3003
 30
0.0
 40
0.2
 41
0.2
  0
VERTEX
  8
0
 10
259.199
 20
54.2837
 30
0.0
 40
0.2
 41
0.2
  0
VERTEX
  8
0
 10
259.228
 20
54.2301
 30
0.0
 40
0.2
 41
0.2
  0
VERTEX
  8
0
 10
259.282
 20
54.1997
 30
0.0
 40
0.2
 41
0.2
  0
VERTEX
  8
0
 10
259.3
 20
54.1997
 30
0.0
 40
0.2
 41
0.2
  0
VERTEX
  8
0
 10
262.199
 20
54.1997
 30
0.0
 40
0.2
 41
0.2
  0
VERTEX
  8
0
 10
262.209
 20
54.1997
 30
0.0
 40
0.2
 41
0.2
  0
VERTEX
  8
0
 10
262.241
 20
54.2149
 30
0.0
 40
0.2
 41
0.2
  0
VERTEX
  8
0
 10
262.237
 20
54.2382
 30
0.0
 40
0.2
 41
0.2
  0
VERTEX
  8
0
 10
262.213
 20
54.2424
 30
0.0
 40
0.2
 41
0.2
  0
VERTEX
  8
0
 10
262.199
 20
54.2107
 30
0.0
 40
0.2
 41
0.2
  0
VERTEX
  8
0
 10
262.199
 20
54.1997
 30
0.0
 40
0.2
 41
0.2
  0
VERTEX
  8
0
 10
262.199
 20
48.3993
 30
0.0
 40
0.2
 41
0.2
  0
VERTEX
  8
0
 10
262.199
 20
48.3898
 30
0.0
 40
0.2
 41
0.2
  0
VERTEX
  8
0
 10
262.213
 20
48.3581
 30
0.0
 40
0.2
 41
0.2
  0
VERTEX
  8
0
 10
262.237
 20
48.3623
 30
0.0
 40
0.2
 41
0.2
  0
VERTEX
  8
0
 10
262.241
 20
48.3856
 30
0.0
 40
0.2
 41
0.2
  0
VERTEX
  8
0
 10
262.209
 20
48.3993
 30
0.0
 40
0.2
 41
0.2
  0
VERTEX
  8
0
 10
262.199
 20
48.3993
 30
0.0
 40
0.2
 41
0.2
  0
VERTEX
  8
0
 10
259.3
 20
48.3993
 30
0.0
 40
0.2
 41
0.2
  0
VERTEX
  8
0
 10
259.282
 20
48.3993
 30
0.0
 40
0.2
 41
0.2
  0
VERTEX
  8
0
 10
259.228
 20
48.3704
 30
0.0
 40
0.2
 41
0.2
  0
VERTEX
  8
0
 10
259.199
 20
48.3182
 30
0.0
 40
0.2
 41
0.2
  0
VERTEX
  8
0
 10
259.199
 20
48.3002
 30
0.0
 40
0.2
 41
0.2
  0
VERTEX
  8
0
 10
259.199
 20
42.3002
 30
0.0
 40
0.2
 41
0.2
  0
VERTEX
  8
0
 10
259.199
 20
42.2836
 30
0.0
 40
0.2
 41
0.2
  0
VERTEX
  8
0
 10
259.228
 20
42.23
 30
0.0
 40
0.2
 41
0.2
  0
VERTEX
  8
0
 10
259.282
 20
42.1996
 30
0.0
 40
0.2
 41
0.2
  0
VERTEX
  8
0
 10
259.3
 20
42.1996
 30
0.0
 40
0.2
 41
0.2
  0
VERTEX
  8
0
 10
262.199
 20
42.1996
 30
0.0
 40
0.2
 41
0.2
  0
VERTEX
  8
0
 10
262.209
 20
42.1996
 30
0.0
 40
0.2
 41
0.2
  0
VERTEX
  8
0
 10
262.241
 20
42.2148
 30
0.0
 40
0.2
 41
0.2
  0
VERTEX
  8
0
 10
262.237
 20
42.2381
 30
0.0
 40
0.2
 41
0.2
  0
VERTEX
  8
0
 10
262.213
 20
42.2423
 30
0.0
 40
0.2
 41
0.2
  0
VERTEX
  8
0
 10
262.199
 20
42.2106
 30
0.0
 40
0.2
 41
0.2
  0
VERTEX
  8
0
 10
262.199
 20
42.1996
 30
0.0
 40
0.2
 41
0.2
  0
VERTEX
  8
0
 10
262.199
 20
36.3996
 30
0.0
 40
0.2
 41
0.2
  0
VERTEX
  8
0
 10
262.199
 20
36.3897
 30
0.0
 40
0.2
 41
0.2
  0
VERTEX
  8
0
 10
262.213
 20
36.3583
 30
0.0
 40
0.2
 41
0.2
  0
VERTEX
  8
0
 10
262.237
 20
36.3622
 30
0.0
 40
0.2
 41
0.2
  0
VERTEX
  8
0
 10
262.241
 20
36.3859
 30
0.0
 40
0.2
 41
0.2
  0
VERTEX
  8
0
 10
262.209
 20
36.3996
 30
0.0
 40
0.2
 41
0.2
  0
VERTEX
  8
0
 10
262.199
 20
36.3996
 30
0.0
 40
0.2
 41
0.2
  0
VERTEX
  8
0
 10
259.3
 20
36.3996
 30
0.0
 40
0.2
 41
0.2
  0
VERTEX
  8
0
 10
259.282
 20
36.3996
 30
0.0
 40
0.2
 41
0.2
  0
VERTEX
  8
0
 10
259.228
 20
36.3707
 30
0.0
 40
0.2
 41
0.2
  0
VERTEX
  8
0
 10
259.199
 20
36.3181
 30
0.0
 40
0.2
 41
0.2
  0
VERTEX
  8
0
 10
259.199
 20
36.3001
 30
0.0
 40
0.2
 41
0.2
  0
VERTEX
  8
0
 10
259.199
 20
30.3003
 30
0.0
 40
0.2
 41
0.2
  0
VERTEX
  8
0
 10
259.199
 20
30.2838
 30
0.0
 40
0.2
 41
0.2
  0
VERTEX
  8
0
 10
259.228
 20
30.23
 30
0.0
 40
0.2
 41
0.2
  0
VERTEX
  8
0
 10
259.282
 20
30.1997
 30
0.0
 40
0.2
 41
0.2
  0
VERTEX
  8
0
 10
259.3
 20
30.1997
 30
0.0
 40
0.2
 41
0.2
  0
VERTEX
  8
0
 10
262.199
 20
30.1997
 30
0.0
 40
0.2
 41
0.2
  0
VERTEX
  8
0
 10
262.209
 20
30.1997
 30
0.0
 40
0.2
 41
0.2
  0
VERTEX
  8
0
 10
262.241
 20
30.2149
 30
0.0
 40
0.2
 41
0.2
  0
VERTEX
  8
0
 10
262.237
 20
30.2383
 30
0.0
 40
0.2
 41
0.2
  0
VERTEX
  8
0
 10
262.213
 20
30.2424
 30
0.0
 40
0.2
 41
0.2
  0
VERTEX
  8
0
 10
262.199
 20
30.2107
 30
0.0
 40
0.2
 41
0.2
  0
VERTEX
  8
0
 10
262.199
 20
30.1997
 30
0.0
 40
0.2
 41
0.2
  0
VERTEX
  8
0
 10
262.199
 20
21.8006
 30
0.0
 40
0.2
 41
0.2
  0
VERTEX
  8
0
 10
262.199
 20
21.784
 30
0.0
 40
0.2
 41
0.2
  0
VERTEX
  8
0
 10
262.228
 20
21.7303
 30
0.0
 40
0.2
 41
0.2
  0
VERTEX
  8
0
 10
262.282
 20
21.7
 30
0.0
 40
0.2
 41
0.2
  0
VERTEX
  8
0
 10
262.3
 20
21.7
 30
0.0
 40
0.2
 41
0.2
  0
SEQEND
 8
0
  0
POLYLINE
  8
0
 62
     5
 66
     1
 10
0
 20
0
 30
0.0
 70
     1
 40
0.566929
 41
0.566929
  0
VERTEX
  8
0
 10
277.051
 20
121.599
 30
0.0
 40
0.2
 41
0.2
  0
VERTEX
  8
0
 10
274.15
 20
121.599
 30
0.0
 40
0.2
 41
0.2
  0
VERTEX
  8
0
 10
274.139
 20
121.599
 30
0.0
 40
0.2
 41
0.2
  0
VERTEX
  8
0
 10
274.107
 20
121.586
 30
0.0
 40
0.2
 41
0.2
  0
VERTEX
  8
0
 10
274.113
 20
121.562
 30
0.0
 40
0.2
 41
0.2
  0
VERTEX
  8
0
 10
274.134
 20
121.558
 30
0.0
 40
0.2
 41
0.2
  0
VERTEX
  8
0
 10
274.15
 20
121.59
 30
0.0
 40
0.2
 41
0.2
  0
VERTEX
  8
0
 10
274.15
 20
121.599
 30
0.0
 40
0.2
 41
0.2
  0
VERTEX
  8
0
 10
274.15
 20
124.4
 30
0.0
 40
0.2
 41
0.2
  0
VERTEX
  8
0
 10
274.15
 20
124.411
 30
0.0
 40
0.2
 41
0.2
  0
VERTEX
  8
0
 10
274.134
 20
124.442
 30
0.0
 40
0.2
 41
0.2
  0
VERTEX
  8
0
 10
274.113
 20
124.438
 30
0.0
 40
0.2
 41
0.2
  0
VERTEX
  8
0
 10
274.107
 20
124.415
 30
0.0
 40
0.2
 41
0.2
  0
VERTEX
  8
0
 10
274.139
 20
124.4
 30
0.0
 40
0.2
 41
0.2
  0
VERTEX
  8
0
 10
274.15
 20
124.4
 30
0.0
 40
0.2
 41
0.2
  0
VERTEX
  8
0
 10
279.95
 20
124.4
 30
0.0
 40
0.2
 41
0.2
  0
VERTEX
  8
0
 10
279.96
 20
124.4
 30
0.0
 40
0.2
 41
0.2
  0
VERTEX
  8
0
 10
279.991
 20
124.415
 30
0.0
 40
0.2
 41
0.2
  0
VERTEX
  8
0
 10
279.987
 20
124.438
 30
0.0
 40
0.2
 41
0.2
  0
VERTEX
  8
0
 10
279.964
 20
124.442
 30
0.0
 40
0.2
 41
0.2
  0
VERTEX
  8
0
 10
279.95
 20
124.411
 30
0.0
 40
0.2
 41
0.2
  0
VERTEX
  8
0
 10
279.95
 20
124.4
 30
0.0
 40
0.2
 41
0.2
  0
VERTEX
  8
0
 10
279.95
 20
121.599
 30
0.0
 40
0.2
 41
0.2
  0
VERTEX
  8
0
 10
279.95
 20
121.59
 30
0.0
 40
0.2
 41
0.2
  0
VERTEX
  8
0
 10
279.964
 20
121.558
 30
0.0
 40
0.2
 41
0.2
  0
VERTEX
  8
0
 10
279.987
 20
121.562
 30
0.0
 40
0.2
 41
0.2
  0
VERTEX
  8
0
 10
279.991
 20
121.586
 30
0.0
 40
0.2
 41
0.2
  0
VERTEX
  8
0
 10
279.96
 20
121.599
 30
0.0
 40
0.2
 41
0.2
  0
VERTEX
  8
0
 10
279.95
 20
121.599
 30
0.0
 40
0.2
 41
0.2
  0
VERTEX
  8
0
 10
277.051
 20
121.599
 30
0.0
 40
0.2
 41
0.2
  0
SEQEND
 8
0
  0
POLYLINE
  8
0
 62
     5
 66
     1
 10
0
 20
0
 30
0.0
 70
     1
 40
0.566929
 41
0.566929
  0
VERTEX
  8
0
 10
289.05
 20
121.599
 30
0.0
 40
0.2
 41
0.2
  0
VERTEX
  8
0
 10
286.15
 20
121.599
 30
0.0
 40
0.2
 41
0.2
  0
VERTEX
  8
0
 10
286.139
 20
121.599
 30
0.0
 40
0.2
 41
0.2
  0
VERTEX
  8
0
 10
286.107
 20
121.586
 30
0.0
 40
0.2
 41
0.2
  0
VERTEX
  8
0
 10
286.112
 20
121.562
 30
0.0
 40
0.2
 41
0.2
  0
VERTEX
  8
0
 10
286.135
 20
121.558
 30
0.0
 40
0.2
 41
0.2
  0
VERTEX
  8
0
 10
286.15
 20
121.59
 30
0.0
 40
0.2
 41
0.2
  0
VERTEX
  8
0
 10
286.15
 20
121.599
 30
0.0
 40
0.2
 41
0.2
  0
VERTEX
  8
0
 10
286.15
 20
124.4
 30
0.0
 40
0.2
 41
0.2
  0
VERTEX
  8
0
 10
286.15
 20
124.411
 30
0.0
 40
0.2
 41
0.2
  0
VERTEX
  8
0
 10
286.135
 20
124.442
 30
0.0
 40
0.2
 41
0.2
  0
VERTEX
  8
0
 10
286.112
 20
124.438
 30
0.0
 40
0.2
 41
0.2
  0
VERTEX
  8
0
 10
286.107
 20
124.415
 30
0.0
 40
0.2
 41
0.2
  0
VERTEX
  8
0
 10
286.139
 20
124.4
 30
0.0
 40
0.2
 41
0.2
  0
VERTEX
  8
0
 10
286.15
 20
124.4
 30
0.0
 40
0.2
 41
0.2
  0
VERTEX
  8
0
 10
291.95
 20
124.4
 30
0.0
 40
0.2
 41
0.2
  0
VERTEX
  8
0
 10
291.96
 20
124.4
 30
0.0
 40
0.2
 41
0.2
  0
VERTEX
  8
0
 10
291.991
 20
124.415
 30
0.0
 40
0.2
 41
0.2
  0
VERTEX
  8
0
 10
291.987
 20
124.438
 30
0.0
 40
0.2
 41
0.2
  0
VERTEX
  8
0
 10
291.963
 20
124.442
 30
0.0
 40
0.2
 41
0.2
  0
VERTEX
  8
0
 10
291.95
 20
124.411
 30
0.0
 40
0.2
 41
0.2
  0
VERTEX
  8
0
 10
291.95
 20
124.4
 30
0.0
 40
0.2
 41
0.2
  0
VERTEX
  8
0
 10
291.95
 20
121.599
 30
0.0
 40
0.2
 41
0.2
  0
VERTEX
  8
0
 10
291.95
 20
121.59
 30
0.0
 40
0.2
 41
0.2
  0
VERTEX
  8
0
 10
291.963
 20
121.558
 30
0.0
 40
0.2
 41
0.2
  0
VERTEX
  8
0
 10
291.987
 20
121.562
 30
0.0
 40
0.2
 41
0.2
  0
VERTEX
  8
0
 10
291.991
 20
121.586
 30
0.0
 40
0.2
 41
0.2
  0
VERTEX
  8
0
 10
291.96
 20
121.599
 30
0.0
 40
0.2
 41
0.2
  0
VERTEX
  8
0
 10
291.95
 20
121.599
 30
0.0
 40
0.2
 41
0.2
  0
VERTEX
  8
0
 10
289.05
 20
121.599
 30
0.0
 40
0.2
 41
0.2
  0
SEQEND
 8
0
  0
POLYLINE
  8
0
 62
     5
 66
     1
 10
0
 20
0
 30
0.0
 70
     1
 40
0.566929
 41
0.566929
  0
VERTEX
  8
0
 10
301.05
 20
121.599
 30
0.0
 40
0.2
 41
0.2
  0
VERTEX
  8
0
 10
298.149
 20
121.599
 30
0.0
 40
0.2
 41
0.2
  0
VERTEX
  8
0
 10
298.138
 20
121.599
 30
0.0
 40
0.2
 41
0.2
  0
VERTEX
  8
0
 10
298.107
 20
121.586
 30
0.0
 40
0.2
 41
0.2
  0
VERTEX
  8
0
 10
298.112
 20
121.562
 30
0.0
 40
0.2
 41
0.2
  0
VERTEX
  8
0
 10
298.134
 20
121.558
 30
0.0
 40
0.2
 41
0.2
  0
VERTEX
  8
0
 10
298.149
 20
121.59
 30
0.0
 40
0.2
 41
0.2
  0
VERTEX
  8
0
 10
298.149
 20
121.599
 30
0.0
 40
0.2
 41
0.2
  0
VERTEX
  8
0
 10
298.149
 20
124.4
 30
0.0
 40
0.2
 41
0.2
  0
VERTEX
  8
0
 10
298.149
 20
124.411
 30
0.0
 40
0.2
 41
0.2
  0
VERTEX
  8
0
 10
298.134
 20
124.442
 30
0.0
 40
0.2
 41
0.2
  0
VERTEX
  8
0
 10
298.112
 20
124.438
 30
0.0
 40
0.2
 41
0.2
  0
VERTEX
  8
0
 10
298.107
 20
124.415
 30
0.0
 40
0.2
 41
0.2
  0
VERTEX
  8
0
 10
298.138
 20
124.4
 30
0.0
 40
0.2
 41
0.2
  0
VERTEX
  8
0
 10
298.149
 20
124.4
 30
0.0
 40
0.2
 41
0.2
  0
VERTEX
  8
0
 10
303.95
 20
124.4
 30
0.0
 40
0.2
 41
0.2
  0
VERTEX
  8
0
 10
303.959
 20
124.4
 30
0.0
 40
0.2
 41
0.2
  0
VERTEX
  8
0
 10
303.991
 20
124.415
 30
0.0
 40
0.2
 41
0.2
  0
VERTEX
  8
0
 10
303.987
 20
124.438
 30
0.0
 40
0.2
 41
0.2
  0
VERTEX
  8
0
 10
303.964
 20
124.442
 30
0.0
 40
0.2
 41
0.2
  0
VERTEX
  8
0
 10
303.95
 20
124.411
 30
0.0
 40
0.2
 41
0.2
  0
VERTEX
  8
0
 10
303.95
 20
124.4
 30
0.0
 40
0.2
 41
0.2
  0
VERTEX
  8
0
 10
303.95
 20
121.599
 30
0.0
 40
0.2
 41
0.2
  0
VERTEX
  8
0
 10
303.95
 20
121.59
 30
0.0
 40
0.2
 41
0.2
  0
VERTEX
  8
0
 10
303.964
 20
121.558
 30
0.0
 40
0.2
 41
0.2
  0
VERTEX
  8
0
 10
303.987
 20
121.562
 30
0.0
 40
0.2
 41
0.2
  0
VERTEX
  8
0
 10
303.991
 20
121.586
 30
0.0
 40
0.2
 41
0.2
  0
VERTEX
  8
0
 10
303.959
 20
121.599
 30
0.0
 40
0.2
 41
0.2
  0
VERTEX
  8
0
 10
303.95
 20
121.599
 30
0.0
 40
0.2
 41
0.2
  0
VERTEX
  8
0
 10
301.05
 20
121.599
 30
0.0
 40
0.2
 41
0.2
  0
SEQEND
 8
0
  0
POLYLINE
  8
0
 62
     5
 66
     1
 10
0
 20
0
 30
0.0
 70
     1
 40
0.566929
 41
0.566929
  0
VERTEX
  8
0
 10
313.05
 20
121.599
 30
0.0
 40
0.2
 41
0.2
  0
VERTEX
  8
0
 10
310.15
 20
121.599
 30
0.0
 40
0.2
 41
0.2
  0
VERTEX
  8
0
 10
310.139
 20
121.599
 30
0.0
 40
0.2
 41
0.2
  0
VERTEX
  8
0
 10
310.107
 20
121.586
 30
0.0
 40
0.2
 41
0.2
  0
VERTEX
  8
0
 10
310.112
 20
121.562
 30
0.0
 40
0.2
 41
0.2
  0
VERTEX
  8
0
 10
310.134
 20
121.558
 30
0.0
 40
0.2
 41
0.2
  0
VERTEX
  8
0
 10
310.15
 20
121.59
 30
0.0
 40
0.2
 41
0.2
  0
VERTEX
  8
0
 10
310.15
 20
121.599
 30
0.0
 40
0.2
 41
0.2
  0
VERTEX
  8
0
 10
310.15
 20
124.4
 30
0.0
 40
0.2
 41
0.2
  0
VERTEX
  8
0
 10
310.15
 20
124.411
 30
0.0
 40
0.2
 41
0.2
  0
VERTEX
  8
0
 10
310.134
 20
124.442
 30
0.0
 40
0.2
 41
0.2
  0
VERTEX
  8
0
 10
310.112
 20
124.438
 30
0.0
 40
0.2
 41
0.2
  0
VERTEX
  8
0
 10
310.107
 20
124.415
 30
0.0
 40
0.2
 41
0.2
  0
VERTEX
  8
0
 10
310.139
 20
124.4
 30
0.0
 40
0.2
 41
0.2
  0
VERTEX
  8
0
 10
310.15
 20
124.4
 30
0.0
 40
0.2
 41
0.2
  0
VERTEX
  8
0
 10
315.95
 20
124.4
 30
0.0
 40
0.2
 41
0.2
  0
VERTEX
  8
0
 10
315.959
 20
124.4
 30
0.0
 40
0.2
 41
0.2
  0
VERTEX
  8
0
 10
315.991
 20
124.415
 30
0.0
 40
0.2
 41
0.2
  0
VERTEX
  8
0
 10
315.987
 20
124.438
 30
0.0
 40
0.2
 41
0.2
  0
VERTEX
  8
0
 10
315.964
 20
124.442
 30
0.0
 40
0.2
 41
0.2
  0
VERTEX
  8
0
 10
315.95
 20
124.411
 30
0.0
 40
0.2
 41
0.2
  0
VERTEX
  8
0
 10
315.95
 20
124.4
 30
0.0
 40
0.2
 41
0.2
  0
VERTEX
  8
0
 10
315.95
 20
121.599
 30
0.0
 40
0.2
 41
0.2
  0
VERTEX
  8
0
 10
315.95
 20
121.59
 30
0.0
 40
0.2
 41
0.2
  0
VERTEX
  8
0
 10
315.964
 20
121.558
 30
0.0
 40
0.2
 41
0.2
  0
VERTEX
  8
0
 10
315.987
 20
121.562
 30
0.0
 40
0.2
 41
0.2
  0
VERTEX
  8
0
 10
315.991
 20
121.586
 30
0.0
 40
0.2
 41
0.2
  0
VERTEX
  8
0
 10
315.959
 20
121.599
 30
0.0
 40
0.2
 41
0.2
  0
VERTEX
  8
0
 10
315.95
 20
121.599
 30
0.0
 40
0.2
 41
0.2
  0
VERTEX
  8
0
 10
313.05
 20
121.599
 30
0.0
 40
0.2
 41
0.2
  0
SEQEND
 8
0
  0
POLYLINE
  8
0
 62
     5
 66
     1
 10
0
 20
0
 30
0.0
 70
     1
 40
0.566929
 41
0.566929
  0
VERTEX
  8
0
 10
325.05
 20
121.599
 30
0.0
 40
0.2
 41
0.2
  0
VERTEX
  8
0
 10
322.15
 20
121.599
 30
0.0
 40
0.2
 41
0.2
  0
VERTEX
  8
0
 10
322.138
 20
121.599
 30
0.0
 40
0.2
 41
0.2
  0
VERTEX
  8
0
 10
322.107
 20
121.586
 30
0.0
 40
0.2
 41
0.2
  0
VERTEX
  8
0
 10
322.112
 20
121.562
 30
0.0
 40
0.2
 41
0.2
  0
VERTEX
  8
0
 10
322.134
 20
121.558
 30
0.0
 40
0.2
 41
0.2
  0
VERTEX
  8
0
 10
322.15
 20
121.59
 30
0.0
 40
0.2
 41
0.2
  0
VERTEX
  8
0
 10
322.15
 20
121.599
 30
0.0
 40
0.2
 41
0.2
  0
VERTEX
  8
0
 10
322.15
 20
124.4
 30
0.0
 40
0.2
 41
0.2
  0
VERTEX
  8
0
 10
322.15
 20
124.411
 30
0.0
 40
0.2
 41
0.2
  0
VERTEX
  8
0
 10
322.134
 20
124.442
 30
0.0
 40
0.2
 41
0.2
  0
VERTEX
  8
0
 10
322.112
 20
124.438
 30
0.0
 40
0.2
 41
0.2
  0
VERTEX
  8
0
 10
322.107
 20
124.415
 30
0.0
 40
0.2
 41
0.2
  0
VERTEX
  8
0
 10
322.138
 20
124.4
 30
0.0
 40
0.2
 41
0.2
  0
VERTEX
  8
0
 10
322.15
 20
124.4
 30
0.0
 40
0.2
 41
0.2
  0
VERTEX
  8
0
 10
327.95
 20
124.4
 30
0.0
 40
0.2
 41
0.2
  0
VERTEX
  8
0
 10
327.959
 20
124.4
 30
0.0
 40
0.2
 41
0.2
  0
VERTEX
  8
0
 10
327.991
 20
124.415
 30
0.0
 40
0.2
 41
0.2
  0
VERTEX
  8
0
 10
327.987
 20
124.438
 30
0.0
 40
0.2
 41
0.2
  0
VERTEX
  8
0
 10
327.963
 20
124.442
 30
0.0
 40
0.2
 41
0.2
  0
VERTEX
  8
0
 10
327.95
 20
124.411
 30
0.0
 40
0.2
 41
0.2
  0
VERTEX
  8
0
 10
327.95
 20
124.4
 30
0.0
 40
0.2
 41
0.2
  0
VERTEX
  8
0
 10
327.95
 20
121.599
 30
0.0
 40
0.2
 41
0.2
  0
VERTEX
  8
0
 10
327.95
 20
121.59
 30
0.0
 40
0.2
 41
0.2
  0
VERTEX
  8
0
 10
327.963
 20
121.558
 30
0.0
 40
0.2
 41
0.2
  0
VERTEX
  8
0
 10
327.987
 20
121.562
 30
0.0
 40
0.2
 41
0.2
  0
VERTEX
  8
0
 10
327.991
 20
121.586
 30
0.0
 40
0.2
 41
0.2
  0
VERTEX
  8
0
 10
327.959
 20
121.599
 30
0.0
 40
0.2
 41
0.2
  0
VERTEX
  8
0
 10
327.95
 20
121.599
 30
0.0
 40
0.2
 41
0.2
  0
VERTEX
  8
0
 10
325.05
 20
121.599
 30
0.0
 40
0.2
 41
0.2
  0
SEQEND
 8
0
  0
POLYLINE
  8
0
 62
     5
 66
     1
 10
0
 20
0
 30
0.0
 70
     1
 40
0.566929
 41
0.566929
  0
VERTEX
  8
0
 10
337.05
 20
121.599
 30
0.0
 40
0.2
 41
0.2
  0
VERTEX
  8
0
 10
334.149
 20
121.599
 30
0.0
 40
0.2
 41
0.2
  0
VERTEX
  8
0
 10
334.138
 20
121.599
 30
0.0
 40
0.2
 41
0.2
  0
VERTEX
  8
0
 10
334.107
 20
121.586
 30
0.0
 40
0.2
 41
0.2
  0
VERTEX
  8
0
 10
334.112
 20
121.562
 30
0.0
 40
0.2
 41
0.2
  0
VERTEX
  8
0
 10
334.134
 20
121.558
 30
0.0
 40
0.2
 41
0.2
  0
VERTEX
  8
0
 10
334.149
 20
121.59
 30
0.0
 40
0.2
 41
0.2
  0
VERTEX
  8
0
 10
334.149
 20
121.599
 30
0.0
 40
0.2
 41
0.2
  0
VERTEX
  8
0
 10
334.149
 20
124.4
 30
0.0
 40
0.2
 41
0.2
  0
VERTEX
  8
0
 10
334.149
 20
124.411
 30
0.0
 40
0.2
 41
0.2
  0
VERTEX
  8
0
 10
334.134
 20
124.442
 30
0.0
 40
0.2
 41
0.2
  0
VERTEX
  8
0
 10
334.112
 20
124.438
 30
0.0
 40
0.2
 41
0.2
  0
VERTEX
  8
0
 10
334.107
 20
124.415
 30
0.0
 40
0.2
 41
0.2
  0
VERTEX
  8
0
 10
334.138
 20
124.4
 30
0.0
 40
0.2
 41
0.2
  0
VERTEX
  8
0
 10
334.149
 20
124.4
 30
0.0
 40
0.2
 41
0.2
  0
VERTEX
  8
0
 10
339.95
 20
124.4
 30
0.0
 40
0.2
 41
0.2
  0
VERTEX
  8
0
 10
339.959
 20
124.4
 30
0.0
 40
0.2
 41
0.2
  0
VERTEX
  8
0
 10
339.991
 20
124.415
 30
0.0
 40
0.2
 41
0.2
  0
VERTEX
  8
0
 10
339.987
 20
124.438
 30
0.0
 40
0.2
 41
0.2
  0
VERTEX
  8
0
 10
339.963
 20
124.442
 30
0.0
 40
0.2
 41
0.2
  0
VERTEX
  8
0
 10
339.95
 20
124.411
 30
0.0
 40
0.2
 41
0.2
  0
VERTEX
  8
0
 10
339.95
 20
124.4
 30
0.0
 40
0.2
 41
0.2
  0
VERTEX
  8
0
 10
339.95
 20
121.599
 30
0.0
 40
0.2
 41
0.2
  0
VERTEX
  8
0
 10
339.95
 20
121.59
 30
0.0
 40
0.2
 41
0.2
  0
VERTEX
  8
0
 10
339.963
 20
121.558
 30
0.0
 40
0.2
 41
0.2
  0
VERTEX
  8
0
 10
339.987
 20
121.562
 30
0.0
 40
0.2
 41
0.2
  0
VERTEX
  8
0
 10
339.991
 20
121.586
 30
0.0
 40
0.2
 41
0.2
  0
VERTEX
  8
0
 10
339.959
 20
121.599
 30
0.0
 40
0.2
 41
0.2
  0
VERTEX
  8
0
 10
339.95
 20
121.599
 30
0.0
 40
0.2
 41
0.2
  0
VERTEX
  8
0
 10
337.05
 20
121.599
 30
0.0
 40
0.2
 41
0.2
  0
SEQEND
 8
0
  0
POLYLINE
  8
0
 62
     5
 66
     1
 10
0
 20
0
 30
0.0
 70
     1
 40
0.566929
 41
0.566929
  0
VERTEX
  8
0
 10
349.05
 20
121.599
 30
0.0
 40
0.2
 41
0.2
  0
VERTEX
  8
0
 10
346.151
 20
121.599
 30
0.0
 40
0.2
 41
0.2
  0
VERTEX
  8
0
 10
346.14
 20
121.599
 30
0.0
 40
0.2
 41
0.2
  0
VERTEX
  8
0
 10
346.108
 20
121.586
 30
0.0
 40
0.2
 41
0.2
  0
VERTEX
  8
0
 10
346.112
 20
121.562
 30
0.0
 40
0.2
 41
0.2
  0
VERTEX
  8
0
 10
346.136
 20
121.558
 30
0.0
 40
0.2
 41
0.2
  0
VERTEX
  8
0
 10
346.151
 20
121.59
 30
0.0
 40
0.2
 41
0.2
  0
VERTEX
  8
0
 10
346.151
 20
121.599
 30
0.0
 40
0.2
 41
0.2
  0
VERTEX
  8
0
 10
346.151
 20
124.4
 30
0.0
 40
0.2
 41
0.2
  0
VERTEX
  8
0
 10
346.151
 20
124.411
 30
0.0
 40
0.2
 41
0.2
  0
VERTEX
  8
0
 10
346.136
 20
124.442
 30
0.0
 40
0.2
 41
0.2
  0
VERTEX
  8
0
 10
346.112
 20
124.438
 30
0.0
 40
0.2
 41
0.2
  0
VERTEX
  8
0
 10
346.108
 20
124.415
 30
0.0
 40
0.2
 41
0.2
  0
VERTEX
  8
0
 10
346.14
 20
124.4
 30
0.0
 40
0.2
 41
0.2
  0
VERTEX
  8
0
 10
346.151
 20
124.4
 30
0.0
 40
0.2
 41
0.2
  0
VERTEX
  8
0
 10
351.949
 20
124.4
 30
0.0
 40
0.2
 41
0.2
  0
VERTEX
  8
0
 10
351.959
 20
124.4
 30
0.0
 40
0.2
 41
0.2
  0
VERTEX
  8
0
 10
351.991
 20
124.415
 30
0.0
 40
0.2
 41
0.2
  0
VERTEX
  8
0
 10
351.987
 20
124.438
 30
0.0
 40
0.2
 41
0.2
  0
VERTEX
  8
0
 10
351.963
 20
124.442
 30
0.0
 40
0.2
 41
0.2
  0
VERTEX
  8
0
 10
351.949
 20
124.411
 30
0.0
 40
0.2
 41
0.2
  0
VERTEX
  8
0
 10
351.949
 20
124.4
 30
0.0
 40
0.2
 41
0.2
  0
VERTEX
  8
0
 10
351.949
 20
121.599
 30
0.0
 40
0.2
 41
0.2
  0
VERTEX
  8
0
 10
351.949
 20
121.59
 30
0.0
 40
0.2
 41
0.2
  0
VERTEX
  8
0
 10
351.963
 20
121.558
 30
0.0
 40
0.2
 41
0.2
  0
VERTEX
  8
0
 10
351.987
 20
121.562
 30
0.0
 40
0.2
 41
0.2
  0
VERTEX
  8
0
 10
351.991
 20
121.586
 30
0.0
 40
0.2
 41
0.2
  0
VERTEX
  8
0
 10
351.959
 20
121.599
 30
0.0
 40
0.2
 41
0.2
  0
VERTEX
  8
0
 10
351.949
 20
121.599
 30
0.0
 40
0.2
 41
0.2
  0
VERTEX
  8
0
 10
349.05
 20
121.599
 30
0.0
 40
0.2
 41
0.2
  0
SEQEND
 8
0
  0
POLYLINE
  8
0
 62
     5
 66
     1
 10
0
 20
0
 30
0.0
 70
     1
 40
0.566929
 41
0.566929
  0
VERTEX
  8
0
 10
361.05
 20
121.599
 30
0.0
 40
0.2
 41
0.2
  0
VERTEX
  8
0
 10
358.151
 20
121.599
 30
0.0
 40
0.2
 41
0.2
  0
VERTEX
  8
0
 10
358.14
 20
121.599
 30
0.0
 40
0.2
 41
0.2
  0
VERTEX
  8
0
 10
358.108
 20
121.586
 30
0.0
 40
0.2
 41
0.2
  0
VERTEX
  8
0
 10
358.112
 20
121.562
 30
0.0
 40
0.2
 41
0.2
  0
VERTEX
  8
0
 10
358.133
 20
121.558
 30
0.0
 40
0.2
 41
0.2
  0
VERTEX
  8
0
 10
358.151
 20
121.59
 30
0.0
 40
0.2
 41
0.2
  0
VERTEX
  8
0
 10
358.151
 20
121.599
 30
0.0
 40
0.2
 41
0.2
  0
VERTEX
  8
0
 10
358.151
 20
124.4
 30
0.0
 40
0.2
 41
0.2
  0
VERTEX
  8
0
 10
358.151
 20
124.411
 30
0.0
 40
0.2
 41
0.2
  0
VERTEX
  8
0
 10
358.133
 20
124.442
 30
0.0
 40
0.2
 41
0.2
  0
VERTEX
  8
0
 10
358.112
 20
124.438
 30
0.0
 40
0.2
 41
0.2
  0
VERTEX
  8
0
 10
358.108
 20
124.415
 30
0.0
 40
0.2
 41
0.2
  0
VERTEX
  8
0
 10
358.14
 20
124.4
 30
0.0
 40
0.2
 41
0.2
  0
VERTEX
  8
0
 10
358.151
 20
124.4
 30
0.0
 40
0.2
 41
0.2
  0
VERTEX
  8
0
 10
363.95
 20
124.4
 30
0.0
 40
0.2
 41
0.2
  0
VERTEX
  8
0
 10
363.961
 20
124.4
 30
0.0
 40
0.2
 41
0.2
  0
VERTEX
  8
0
 10
363.993
 20
124.415
 30
0.0
 40
0.2
 41
0.2
  0
VERTEX
  8
0
 10
363.986
 20
124.438
 30
0.0
 40
0.2
 41
0.2
  0
VERTEX
  8
0
 10
363.964
 20
124.442
 30
0.0
 40
0.2
 41
0.2
  0
VERTEX
  8
0
 10
363.95
 20
124.411
 30
0.0
 40
0.2
 41
0.2
  0
VERTEX
  8
0
 10
363.95
 20
124.4
 30
0.0
 40
0.2
 41
0.2
  0
VERTEX
  8
0
 10
363.95
 20
121.599
 30
0.0
 40
0.2
 41
0.2
  0
VERTEX
  8
0
 10
363.95
 20
121.59
 30
0.0
 40
0.2
 41
0.2
  0
VERTEX
  8
0
 10
363.964
 20
121.558
 30
0.0
 40
0.2
 41
0.2
  0
VERTEX
  8
0
 10
363.986
 20
121.562
 30
0.0
 40
0.2
 41
0.2
  0
VERTEX
  8
0
 10
363.993
 20
121.586
 30
0.0
 40
0.2
 41
0.2
  0
VERTEX
  8
0
 10
363.961
 20
121.599
 30
0.0
 40
0.2
 41
0.2
  0
VERTEX
  8
0
 10
363.95
 20
121.599
 30
0.0
 40
0.2
 41
0.2
  0
VERTEX
  8
0
 10
361.05
 20
121.599
 30
0.0
 40
0.2
 41
0.2
  0
SEQEND
 8
0
  0
POLYLINE
  8
0
 62
     5
 66
     1
 10
0
 20
0
 30
0.0
 70
     1
 40
0.566929
 41
0.566929
  0
VERTEX
  8
0
 10
373.048
 20
121.599
 30
0.0
 40
0.2
 41
0.2
  0
VERTEX
  8
0
 10
370.149
 20
121.599
 30
0.0
 40
0.2
 41
0.2
  0
VERTEX
  8
0
 10
370.138
 20
121.599
 30
0.0
 40
0.2
 41
0.2
  0
VERTEX
  8
0
 10
370.106
 20
121.586
 30
0.0
 40
0.2
 41
0.2
  0
VERTEX
  8
0
 10
370.113
 20
121.562
 30
0.0
 40
0.2
 41
0.2
  0
VERTEX
  8
0
 10
370.134
 20
121.558
 30
0.0
 40
0.2
 41
0.2
  0
VERTEX
  8
0
 10
370.149
 20
121.59
 30
0.0
 40
0.2
 41
0.2
  0
VERTEX
  8
0
 10
370.149
 20
121.599
 30
0.0
 40
0.2
 41
0.2
  0
VERTEX
  8
0
 10
370.149
 20
124.4
 30
0.0
 40
0.2
 41
0.2
  0
VERTEX
  8
0
 10
370.149
 20
124.411
 30
0.0
 40
0.2
 41
0.2
  0
VERTEX
  8
0
 10
370.134
 20
124.442
 30
0.0
 40
0.2
 41
0.2
  0
VERTEX
  8
0
 10
370.113
 20
124.438
 30
0.0
 40
0.2
 41
0.2
  0
VERTEX
  8
0
 10
370.106
 20
124.415
 30
0.0
 40
0.2
 41
0.2
  0
VERTEX
  8
0
 10
370.138
 20
124.4
 30
0.0
 40
0.2
 41
0.2
  0
VERTEX
  8
0
 10
370.149
 20
124.4
 30
0.0
 40
0.2
 41
0.2
  0
VERTEX
  8
0
 10
375.948
 20
124.4
 30
0.0
 40
0.2
 41
0.2
  0
VERTEX
  8
0
 10
375.959
 20
124.4
 30
0.0
 40
0.2
 41
0.2
  0
VERTEX
  8
0
 10
375.991
 20
124.415
 30
0.0
 40
0.2
 41
0.2
  0
VERTEX
  8
0
 10
375.987
 20
124.438
 30
0.0
 40
0.2
 41
0.2
  0
VERTEX
  8
0
 10
375.962
 20
124.442
 30
0.0
 40
0.2
 41
0.2
  0
VERTEX
  8
0
 10
375.948
 20
124.411
 30
0.0
 40
0.2
 41
0.2
  0
VERTEX
  8
0
 10
375.948
 20
124.4
 30
0.0
 40
0.2
 41
0.2
  0
VERTEX
  8
0
 10
375.948
 20
121.599
 30
0.0
 40
0.2
 41
0.2
  0
VERTEX
  8
0
 10
375.948
 20
121.59
 30
0.0
 40
0.2
 41
0.2
  0
VERTEX
  8
0
 10
375.962
 20
121.558
 30
0.0
 40
0.2
 41
0.2
  0
VERTEX
  8
0
 10
375.987
 20
121.562
 30
0.0
 40
0.2
 41
0.2
  0
VERTEX
  8
0
 10
375.991
 20
121.586
 30
0.0
 40
0.2
 41
0.2
  0
VERTEX
  8
0
 10
375.959
 20
121.599
 30
0.0
 40
0.2
 41
0.2
  0
VERTEX
  8
0
 10
375.948
 20
121.599
 30
0.0
 40
0.2
 41
0.2
  0
VERTEX
  8
0
 10
373.048
 20
121.599
 30
0.0
 40
0.2
 41
0.2
  0
SEQEND
 8
0
  0
POLYLINE
  8
0
 62
     5
 66
     1
 10
0
 20
0
 30
0.0
 70
     1
 40
0.566929
 41
0.566929
  0
VERTEX
  8
0
 10
385.05
 20
121.599
 30
0.0
 40
0.2
 41
0.2
  0
VERTEX
  8
0
 10
382.15
 20
121.599
 30
0.0
 40
0.2
 41
0.2
  0
VERTEX
  8
0
 10
382.139
 20
121.599
 30
0.0
 40
0.2
 41
0.2
  0
VERTEX
  8
0
 10
382.108
 20
121.586
 30
0.0
 40
0.2
 41
0.2
  0
VERTEX
  8
0
 10
382.111
 20
121.562
 30
0.0
 40
0.2
 41
0.2
  0
VERTEX
  8
0
 10
382.136
 20
121.558
 30
0.0
 40
0.2
 41
0.2
  0
VERTEX
  8
0
 10
382.15
 20
121.59
 30
0.0
 40
0.2
 41
0.2
  0
VERTEX
  8
0
 10
382.15
 20
121.599
 30
0.0
 40
0.2
 41
0.2
  0
VERTEX
  8
0
 10
382.15
 20
124.4
 30
0.0
 40
0.2
 41
0.2
  0
VERTEX
  8
0
 10
382.15
 20
124.411
 30
0.0
 40
0.2
 41
0.2
  0
VERTEX
  8
0
 10
382.136
 20
124.442
 30
0.0
 40
0.2
 41
0.2
  0
VERTEX
  8
0
 10
382.111
 20
124.438
 30
0.0
 40
0.2
 41
0.2
  0
VERTEX
  8
0
 10
382.108
 20
124.415
 30
0.0
 40
0.2
 41
0.2
  0
VERTEX
  8
0
 10
382.139
 20
124.4
 30
0.0
 40
0.2
 41
0.2
  0
VERTEX
  8
0
 10
382.15
 20
124.4
 30
0.0
 40
0.2
 41
0.2
  0
VERTEX
  8
0
 10
387.95
 20
124.4
 30
0.0
 40
0.2
 41
0.2
  0
VERTEX
  8
0
 10
387.96
 20
124.4
 30
0.0
 40
0.2
 41
0.2
  0
VERTEX
  8
0
 10
387.992
 20
124.415
 30
0.0
 40
0.2
 41
0.2
  0
VERTEX
  8
0
 10
387.985
 20
124.438
 30
0.0
 40
0.2
 41
0.2
  0
VERTEX
  8
0
 10
387.964
 20
124.442
 30
0.0
 40
0.2
 41
0.2
  0
VERTEX
  8
0
 10
387.95
 20
124.411
 30
0.0
 40
0.2
 41
0.2
  0
VERTEX
  8
0
 10
387.95
 20
124.4
 30
0.0
 40
0.2
 41
0.2
  0
VERTEX
  8
0
 10
387.95
 20
121.599
 30
0.0
 40
0.2
 41
0.2
  0
VERTEX
  8
0
 10
387.95
 20
121.59
 30
0.0
 40
0.2
 41
0.2
  0
VERTEX
  8
0
 10
387.964
 20
121.558
 30
0.0
 40
0.2
 41
0.2
  0
VERTEX
  8
0
 10
387.985
 20
121.562
 30
0.0
 40
0.2
 41
0.2
  0
VERTEX
  8
0
 10
387.992
 20
121.586
 30
0.0
 40
0.2
 41
0.2
  0
VERTEX
  8
0
 10
387.96
 20
121.599
 30
0.0
 40
0.2
 41
0.2
  0
VERTEX
  8
0
 10
387.95
 20
121.599
 30
0.0
 40
0.2
 41
0.2
  0
VERTEX
  8
0
 10
385.05
 20
121.599
 30
0.0
 40
0.2
 41
0.2
  0
SEQEND
 8
0
  0
POLYLINE
  8
0
 62
     5
 66
     1
 10
0
 20
0
 30
0.0
 70
     1
 40
0.566929
 41
0.566929
  0
VERTEX
  8
0
 10
397.051
 20
121.599
 30
0.0
 40
0.2
 41
0.2
  0
VERTEX
  8
0
 10
394.152
 20
121.599
 30
0.0
 40
0.2
 41
0.2
  0
VERTEX
  8
0
 10
394.141
 20
121.599
 30
0.0
 40
0.2
 41
0.2
  0
VERTEX
  8
0
 10
394.109
 20
121.586
 30
0.0
 40
0.2
 41
0.2
  0
VERTEX
  8
0
 10
394.113
 20
121.562
 30
0.0
 40
0.2
 41
0.2
  0
VERTEX
  8
0
 10
394.134
 20
121.558
 30
0.0
 40
0.2
 41
0.2
  0
VERTEX
  8
0
 10
394.152
 20
121.59
 30
0.0
 40
0.2
 41
0.2
  0
VERTEX
  8
0
 10
394.152
 20
121.599
 30
0.0
 40
0.2
 41
0.2
  0
VERTEX
  8
0
 10
394.152
 20
124.4
 30
0.0
 40
0.2
 41
0.2
  0
VERTEX
  8
0
 10
394.152
 20
124.411
 30
0.0
 40
0.2
 41
0.2
  0
VERTEX
  8
0
 10
394.134
 20
124.442
 30
0.0
 40
0.2
 41
0.2
  0
VERTEX
  8
0
 10
394.113
 20
124.438
 30
0.0
 40
0.2
 41
0.2
  0
VERTEX
  8
0
 10
394.109
 20
124.415
 30
0.0
 40
0.2
 41
0.2
  0
VERTEX
  8
0
 10
394.141
 20
124.4
 30
0.0
 40
0.2
 41
0.2
  0
VERTEX
  8
0
 10
394.152
 20
124.4
 30
0.0
 40
0.2
 41
0.2
  0
VERTEX
  8
0
 10
399.951
 20
124.4
 30
0.0
 40
0.2
 41
0.2
  0
VERTEX
  8
0
 10
399.962
 20
124.4
 30
0.0
 40
0.2
 41
0.2
  0
VERTEX
  8
0
 10
399.994
 20
124.415
 30
0.0
 40
0.2
 41
0.2
  0
VERTEX
  8
0
 10
399.986
 20
124.438
 30
0.0
 40
0.2
 41
0.2
  0
VERTEX
  8
0
 10
399.965
 20
124.442
 30
0.0
 40
0.2
 41
0.2
  0
VERTEX
  8
0
 10
399.951
 20
124.411
 30
0.0
 40
0.2
 41
0.2
  0
VERTEX
  8
0
 10
399.951
 20
124.4
 30
0.0
 40
0.2
 41
0.2
  0
VERTEX
  8
0
 10
399.951
 20
121.599
 30
0.0
 40
0.2
 41
0.2
  0
VERTEX
  8
0
 10
399.951
 20
121.59
 30
0.0
 40
0.2
 41
0.2
  0
VERTEX
  8
0
 10
399.965
 20
121.558
 30
0.0
 40
0.2
 41
0.2
  0
VERTEX
  8
0
 10
399.986
 20
121.562
 30
0.0
 40
0.2
 41
0.2
  0
VERTEX
  8
0
 10
399.994
 20
121.586
 30
0.0
 40
0.2
 41
0.2
  0
VERTEX
  8
0
 10
399.962
 20
121.599
 30
0.0
 40
0.2
 41
0.2
  0
VERTEX
  8
0
 10
399.951
 20
121.599
 30
0.0
 40
0.2
 41
0.2
  0
VERTEX
  8
0
 10
397.051
 20
121.599
 30
0.0
 40
0.2
 41
0.2
  0
SEQEND
 8
0
  0
POLYLINE
  8
0
 62
     5
 66
     1
 10
0
 20
0
 30
0.0
 70
     1
 40
0.566929
 41
0.566929
  0
VERTEX
  8
0
 10
409.049
 20
121.599
 30
0.0
 40
0.2
 41
0.2
  0
VERTEX
  8
0
 10
406.15
 20
121.599
 30
0.0
 40
0.2
 41
0.2
  0
VERTEX
  8
0
 10
406.139
 20
121.599
 30
0.0
 40
0.2
 41
0.2
  0
VERTEX
  8
0
 10
406.107
 20
121.586
 30
0.0
 40
0.2
 41
0.2
  0
VERTEX
  8
0
 10
406.111
 20
121.562
 30
0.0
 40
0.2
 41
0.2
  0
VERTEX
  8
0
 10
406.135
 20
121.558
 30
0.0
 40
0.2
 41
0.2
  0
VERTEX
  8
0
 10
406.15
 20
121.59
 30
0.0
 40
0.2
 41
0.2
  0
VERTEX
  8
0
 10
406.15
 20
121.599
 30
0.0
 40
0.2
 41
0.2
  0
VERTEX
  8
0
 10
406.15
 20
124.4
 30
0.0
 40
0.2
 41
0.2
  0
VERTEX
  8
0
 10
406.15
 20
124.411
 30
0.0
 40
0.2
 41
0.2
  0
VERTEX
  8
0
 10
406.135
 20
124.442
 30
0.0
 40
0.2
 41
0.2
  0
VERTEX
  8
0
 10
406.111
 20
124.438
 30
0.0
 40
0.2
 41
0.2
  0
VERTEX
  8
0
 10
406.107
 20
124.415
 30
0.0
 40
0.2
 41
0.2
  0
VERTEX
  8
0
 10
406.139
 20
124.4
 30
0.0
 40
0.2
 41
0.2
  0
VERTEX
  8
0
 10
406.15
 20
124.4
 30
0.0
 40
0.2
 41
0.2
  0
VERTEX
  8
0
 10
411.949
 20
124.4
 30
0.0
 40
0.2
 41
0.2
  0
VERTEX
  8
0
 10
411.96
 20
124.4
 30
0.0
 40
0.2
 41
0.2
  0
VERTEX
  8
0
 10
411.992
 20
124.415
 30
0.0
 40
0.2
 41
0.2
  0
VERTEX
  8
0
 10
411.988
 20
124.438
 30
0.0
 40
0.2
 41
0.2
  0
VERTEX
  8
0
 10
411.963
 20
124.442
 30
0.0
 40
0.2
 41
0.2
  0
VERTEX
  8
0
 10
411.949
 20
124.411
 30
0.0
 40
0.2
 41
0.2
  0
VERTEX
  8
0
 10
411.949
 20
124.4
 30
0.0
 40
0.2
 41
0.2
  0
VERTEX
  8
0
 10
411.949
 20
121.599
 30
0.0
 40
0.2
 41
0.2
  0
VERTEX
  8
0
 10
411.949
 20
121.59
 30
0.0
 40
0.2
 41
0.2
  0
VERTEX
  8
0
 10
411.963
 20
121.558
 30
0.0
 40
0.2
 41
0.2
  0
VERTEX
  8
0
 10
411.988
 20
121.562
 30
0.0
 40
0.2
 41
0.2
  0
VERTEX
  8
0
 10
411.992
 20
121.586
 30
0.0
 40
0.2
 41
0.2
  0
VERTEX
  8
0
 10
411.96
 20
121.599
 30
0.0
 40
0.2
 41
0.2
  0
VERTEX
  8
0
 10
411.949
 20
121.599
 30
0.0
 40
0.2
 41
0.2
  0
VERTEX
  8
0
 10
409.049
 20
121.599
 30
0.0
 40
0.2
 41
0.2
  0
SEQEND
 8
0
  0
POLYLINE
  8
0
 62
     0
 66
     1
 10
0
 20
0
 30
0.0
 70
     1
 40
0.566929
 41
0.566929
  0
VERTEX
  8
0
 10
262.3
 20
118.4
 30
0.0
 40
0.2
 41
0.2
  0
VERTEX
  8
0
 10
423.799
 20
118.4
 30
0.0
 40
0.2
 41
0.2
  0
VERTEX
  8
0
 10
423.817
 20
118.4
 30
0.0
 40
0.2
 41
0.2
  0
VERTEX
  8
0
 10
423.87
 20
118.43
 30
0.0
 40
0.2
 41
0.2
  0
VERTEX
  8
0
 10
423.901
 20
118.484
 30
0.0
 40
0.2
 41
0.2
  0
VERTEX
  8
0
 10
423.901
 20
118.5
 30
0.0
 40
0.2
 41
0.2
  0
VERTEX
  8
0
 10
423.901
 20
126.901
 30
0.0
 40
0.2
 41
0.2
  0
VERTEX
  8
0
 10
423.901
 20
126.912
 30
0.0
 40
0.2
 41
0.2
  0
VERTEX
  8
0
 10
423.884
 20
126.944
 30
0.0
 40
0.2
 41
0.2
  0
VERTEX
  8
0
 10
423.863
 20
126.938
 30
0.0
 40
0.2
 41
0.2
  0
VERTEX
  8
0
 10
423.855
 20
126.916
 30
0.0
 40
0.2
 41
0.2
  0
VERTEX
  8
0
 10
423.887
 20
126.901
 30
0.0
 40
0.2
 41
0.2
  0
VERTEX
  8
0
 10
423.901
 20
126.901
 30
0.0
 40
0.2
 41
0.2
  0
VERTEX
  8
0
 10
426.801
 20
126.901
 30
0.0
 40
0.2
 41
0.2
  0
VERTEX
  8
0
 10
426.819
 20
126.901
 30
0.0
 40
0.2
 41
0.2
  0
VERTEX
  8
0
 10
426.872
 20
126.93
 30
0.0
 40
0.2
 41
0.2
  0
VERTEX
  8
0
 10
426.9
 20
126.983
 30
0.0
 40
0.2
 41
0.2
  0
VERTEX
  8
0
 10
426.9
 20
127
 30
0.0
 40
0.2
 41
0.2
  0
VERTEX
  8
0
 10
426.9
 20
133
 30
0.0
 40
0.2
 41
0.2
  0
VERTEX
  8
0
 10
426.9
 20
133.018
 30
0.0
 40
0.2
 41
0.2
  0
VERTEX
  8
0
 10
426.872
 20
133.07
 30
0.0
 40
0.2
 41
0.2
  0
VERTEX
  8
0
 10
426.819
 20
133.099
 30
0.0
 40
0.2
 41
0.2
  0
VERTEX
  8
0
 10
426.801
 20
133.099
 30
0.0
 40
0.2
 41
0.2
  0
VERTEX
  8
0
 10
423.901
 20
133.099
 30
0.0
 40
0.2
 41
0.2
  0
VERTEX
  8
0
 10
423.887
 20
133.099
 30
0.0
 40
0.2
 41
0.2
  0
VERTEX
  8
0
 10
423.855
 20
133.085
 30
0.0
 40
0.2
 41
0.2
  0
VERTEX
  8
0
 10
423.863
 20
133.062
 30
0.0
 40
0.2
 41
0.2
  0
VERTEX
  8
0
 10
423.884
 20
133.058
 30
0.0
 40
0.2
 41
0.2
  0
VERTEX
  8
0
 10
423.901
 20
133.09
 30
0.0
 40
0.2
 41
0.2
  0
VERTEX
  8
0
 10
423.901
 20
133.099
 30
0.0
 40
0.2
 41
0.2
  0
VERTEX
  8
0
 10
423.901
 20
138.899
 30
0.0
 40
0.2
 41
0.2
  0
VERTEX
  8
0
 10
423.901
 20
138.91
 30
0.0
 40
0.2
 41
0.2
  0
VERTEX
  8
0
 10
423.884
 20
138.942
 30
0.0
 40
0.2
 41
0.2
  0
VERTEX
  8
0
 10
423.863
 20
138.938
 30
0.0
 40
0.2
 41
0.2
  0
VERTEX
  8
0
 10
423.855
 20
138.914
 30
0.0
 40
0.2
 41
0.2
  0
VERTEX
  8
0
 10
423.887
 20
138.899
 30
0.0
 40
0.2
 41
0.2
  0
VERTEX
  8
0
 10
423.901
 20
138.899
 30
0.0
 40
0.2
 41
0.2
  0
VERTEX
  8
0
 10
426.801
 20
138.899
 30
0.0
 40
0.2
 41
0.2
  0
VERTEX
  8
0
 10
426.819
 20
138.899
 30
0.0
 40
0.2
 41
0.2
  0
VERTEX
  8
0
 10
426.872
 20
138.93
 30
0.0
 40
0.2
 41
0.2
  0
VERTEX
  8
0
 10
426.9
 20
138.984
 30
0.0
 40
0.2
 41
0.2
  0
VERTEX
  8
0
 10
426.9
 20
139
 30
0.0
 40
0.2
 41
0.2
  0
VERTEX
  8
0
 10
426.9
 20
145
 30
0.0
 40
0.2
 41
0.2
  0
VERTEX
  8
0
 10
426.9
 20
145.018
 30
0.0
 40
0.2
 41
0.2
  0
VERTEX
  8
0
 10
426.872
 20
145.072
 30
0.0
 40
0.2
 41
0.2
  0
VERTEX
  8
0
 10
426.819
 20
145.101
 30
0.0
 40
0.2
 41
0.2
  0
VERTEX
  8
0
 10
426.801
 20
145.101
 30
0.0
 40
0.2
 41
0.2
  0
VERTEX
  8
0
 10
423.901
 20
145.101
 30
0.0
 40
0.2
 41
0.2
  0
VERTEX
  8
0
 10
423.887
 20
145.101
 30
0.0
 40
0.2
 41
0.2
  0
VERTEX
  8
0
 10
423.855
 20
145.087
 30
0.0
 40
0.2
 41
0.2
  0
VERTEX
  8
0
 10
423.863
 20
145.063
 30
0.0
 40
0.2
 41
0.2
  0
VERTEX
  8
0
 10
423.884
 20
145.059
 30
0.0
 40
0.2
 41
0.2
  0
VERTEX
  8
0
 10
423.901
 20
145.091
 30
0.0
 40
0.2
 41
0.2
  0
VERTEX
  8
0
 10
423.901
 20
145.101
 30
0.0
 40
0.2
 41
0.2
  0
VERTEX
  8
0
 10
423.901
 20
150.899
 30
0.0
 40
0.2
 41
0.2
  0
VERTEX
  8
0
 10
423.901
 20
150.91
 30
0.0
 40
0.2
 41
0.2
  0
VERTEX
  8
0
 10
423.884
 20
150.942
 30
0.0
 40
0.2
 41
0.2
  0
VERTEX
  8
0
 10
423.863
 20
150.938
 30
0.0
 40
0.2
 41
0.2
  0
VERTEX
  8
0
 10
423.855
 20
150.914
 30
0.0
 40
0.2
 41
0.2
  0
VERTEX
  8
0
 10
423.887
 20
150.899
 30
0.0
 40
0.2
 41
0.2
  0
VERTEX
  8
0
 10
423.901
 20
150.899
 30
0.0
 40
0.2
 41
0.2
  0
VERTEX
  8
0
 10
426.801
 20
150.899
 30
0.0
 40
0.2
 41
0.2
  0
VERTEX
  8
0
 10
426.819
 20
150.899
 30
0.0
 40
0.2
 41
0.2
  0
VERTEX
  8
0
 10
426.872
 20
150.93
 30
0.0
 40
0.2
 41
0.2
  0
VERTEX
  8
0
 10
426.9
 20
150.983
 30
0.0
 40
0.2
 41
0.2
  0
VERTEX
  8
0
 10
426.9
 20
151
 30
0.0
 40
0.2
 41
0.2
  0
VERTEX
  8
0
 10
426.9
 20
157
 30
0.0
 40
0.2
 41
0.2
  0
VERTEX
  8
0
 10
426.9
 20
157.018
 30
0.0
 40
0.2
 41
0.2
  0
VERTEX
  8
0
 10
426.872
 20
157.071
 30
0.0
 40
0.2
 41
0.2
  0
VERTEX
  8
0
 10
426.819
 20
157.1
 30
0.0
 40
0.2
 41
0.2
  0
VERTEX
  8
0
 10
426.801
 20
157.1
 30
0.0
 40
0.2
 41
0.2
  0
VERTEX
  8
0
 10
423.901
 20
157.1
 30
0.0
 40
0.2
 41
0.2
  0
VERTEX
  8
0
 10
423.887
 20
157.1
 30
0.0
 40
0.2
 41
0.2
  0
VERTEX
  8
0
 10
423.855
 20
157.087
 30
0.0
 40
0.2
 41
0.2
  0
VERTEX
  8
0
 10
423.863
 20
157.063
 30
0.0
 40
0.2
 41
0.2
  0
VERTEX
  8
0
 10
423.884
 20
157.059
 30
0.0
 40
0.2
 41
0.2
  0
VERTEX
  8
0
 10
423.901
 20
157.091
 30
0.0
 40
0.2
 41
0.2
  0
VERTEX
  8
0
 10
423.901
 20
157.1
 30
0.0
 40
0.2
 41
0.2
  0
VERTEX
  8
0
 10
423.901
 20
162.901
 30
0.0
 40
0.2
 41
0.2
  0
VERTEX
  8
0
 10
423.901
 20
162.912
 30
0.0
 40
0.2
 41
0.2
  0
VERTEX
  8
0
 10
423.884
 20
162.943
 30
0.0
 40
0.2
 41
0.2
  0
VERTEX
  8
0
 10
423.863
 20
162.938
 30
0.0
 40
0.2
 41
0.2
  0
VERTEX
  8
0
 10
423.855
 20
162.916
 30
0.0
 40
0.2
 41
0.2
  0
VERTEX
  8
0
 10
423.887
 20
162.901
 30
0.0
 40
0.2
 41
0.2
  0
VERTEX
  8
0
 10
423.901
 20
162.901
 30
0.0
 40
0.2
 41
0.2
  0
VERTEX
  8
0
 10
426.801
 20
162.901
 30
0.0
 40
0.2
 41
0.2
  0
VERTEX
  8
0
 10
426.819
 20
162.901
 30
0.0
 40
0.2
 41
0.2
  0
VERTEX
  8
0
 10
426.872
 20
162.93
 30
0.0
 40
0.2
 41
0.2
  0
VERTEX
  8
0
 10
426.9
 20
162.983
 30
0.0
 40
0.2
 41
0.2
  0
VERTEX
  8
0
 10
426.9
 20
163
 30
0.0
 40
0.2
 41
0.2
  0
VERTEX
  8
0
 10
426.9
 20
169
 30
0.0
 40
0.2
 41
0.2
  0
VERTEX
  8
0
 10
426.9
 20
169.018
 30
0.0
 40
0.2
 41
0.2
  0
VERTEX
  8
0
 10
426.872
 20
169.072
 30
0.0
 40
0.2
 41
0.2
  0
VERTEX
  8
0
 10
426.819
 20
169.1
 30
0.0
 40
0.2
 41
0.2
  0
VERTEX
  8
0
 10
426.801
 20
169.1
 30
0.0
 40
0.2
 41
0.2
  0
VERTEX
  8
0
 10
423.901
 20
169.1
 30
0.0
 40
0.2
 41
0.2
  0
VERTEX
  8
0
 10
423.887
 20
169.1
 30
0.0
 40
0.2
 41
0.2
  0
VERTEX
  8
0
 10
423.855
 20
169.087
 30
0.0
 40
0.2
 41
0.2
  0
VERTEX
  8
0
 10
423.863
 20
169.063
 30
0.0
 40
0.2
 41
0.2
  0
VERTEX
  8
0
 10
423.884
 20
169.059
 30
0.0
 40
0.2
 41
0.2
  0
VERTEX
  8
0
 10
423.901
 20
169.091
 30
0.0
 40
0.2
 41
0.2
  0
VERTEX
  8
0
 10
423.901
 20
169.1
 30
0.0
 40
0.2
 41
0.2
  0
VERTEX
  8
0
 10
423.901
 20
174.901
 30
0.0
 40
0.2
 41
0.2
  0
VERTEX
  8
0
 10
423.901
 20
174.912
 30
0.0
 40
0.2
 41
0.2
  0
VERTEX
  8
0
 10
423.884
 20
174.943
 30
0.0
 40
0.2
 41
0.2
  0
VERTEX
  8
0
 10
423.863
 20
174.938
 30
0.0
 40
0.2
 41
0.2
  0
VERTEX
  8
0
 10
423.855
 20
174.916
 30
0.0
 40
0.2
 41
0.2
  0
VERTEX
  8
0
 10
423.887
 20
174.901
 30
0.0
 40
0.2
 41
0.2
  0
VERTEX
  8
0
 10
423.901
 20
174.901
 30
0.0
 40
0.2
 41
0.2
  0
VERTEX
  8
0
 10
426.801
 20
174.901
 30
0.0
 40
0.2
 41
0.2
  0
VERTEX
  8
0
 10
426.819
 20
174.901
 30
0.0
 40
0.2
 41
0.2
  0
VERTEX
  8
0
 10
426.872
 20
174.929
 30
0.0
 40
0.2
 41
0.2
  0
VERTEX
  8
0
 10
426.9
 20
174.983
 30
0.0
 40
0.2
 41
0.2
  0
VERTEX
  8
0
 10
426.9
 20
175
 30
0.0
 40
0.2
 41
0.2
  0
VERTEX
  8
0
 10
426.9
 20
181
 30
0.0
 40
0.2
 41
0.2
  0
VERTEX
  8
0
 10
426.9
 20
181.018
 30
0.0
 40
0.2
 41
0.2
  0
VERTEX
  8
0
 10
426.872
 20
181.071
 30
0.0
 40
0.2
 41
0.2
  0
VERTEX
  8
0
 10
426.819
 20
181.1
 30
0.0
 40
0.2
 41
0.2
  0
VERTEX
  8
0
 10
426.801
 20
181.1
 30
0.0
 40
0.2
 41
0.2
  0
VERTEX
  8
0
 10
423.901
 20
181.1
 30
0.0
 40
0.2
 41
0.2
  0
VERTEX
  8
0
 10
423.887
 20
181.1
 30
0.0
 40
0.2
 41
0.2
  0
VERTEX
  8
0
 10
423.855
 20
181.086
 30
0.0
 40
0.2
 41
0.2
  0
VERTEX
  8
0
 10
423.863
 20
181.063
 30
0.0
 40
0.2
 41
0.2
  0
VERTEX
  8
0
 10
423.884
 20
181.059
 30
0.0
 40
0.2
 41
0.2
  0
VERTEX
  8
0
 10
423.901
 20
181.091
 30
0.0
 40
0.2
 41
0.2
  0
VERTEX
  8
0
 10
423.901
 20
181.1
 30
0.0
 40
0.2
 41
0.2
  0
VERTEX
  8
0
 10
423.901
 20
186.901
 30
0.0
 40
0.2
 41
0.2
  0
VERTEX
  8
0
 10
423.901
 20
186.912
 30
0.0
 40
0.2
 41
0.2
  0
VERTEX
  8
0
 10
423.884
 20
186.943
 30
0.0
 40
0.2
 41
0.2
  0
VERTEX
  8
0
 10
423.863
 20
186.938
 30
0.0
 40
0.2
 41
0.2
  0
VERTEX
  8
0
 10
423.855
 20
186.916
 30
0.0
 40
0.2
 41
0.2
  0
VERTEX
  8
0
 10
423.887
 20
186.901
 30
0.0
 40
0.2
 41
0.2
  0
VERTEX
  8
0
 10
423.901
 20
186.901
 30
0.0
 40
0.2
 41
0.2
  0
VERTEX
  8
0
 10
426.801
 20
186.901
 30
0.0
 40
0.2
 41
0.2
  0
VERTEX
  8
0
 10
426.819
 20
186.901
 30
0.0
 40
0.2
 41
0.2
  0
VERTEX
  8
0
 10
426.872
 20
186.93
 30
0.0
 40
0.2
 41
0.2
  0
VERTEX
  8
0
 10
426.9
 20
186.983
 30
0.0
 40
0.2
 41
0.2
  0
VERTEX
  8
0
 10
426.9
 20
187
 30
0.0
 40
0.2
 41
0.2
  0
VERTEX
  8
0
 10
426.9
 20
193
 30
0.0
 40
0.2
 41
0.2
  0
VERTEX
  8
0
 10
426.9
 20
193.018
 30
0.0
 40
0.2
 41
0.2
  0
VERTEX
  8
0
 10
426.872
 20
193.071
 30
0.0
 40
0.2
 41
0.2
  0
VERTEX
  8
0
 10
426.819
 20
193.1
 30
0.0
 40
0.2
 41
0.2
  0
VERTEX
  8
0
 10
426.801
 20
193.1
 30
0.0
 40
0.2
 41
0.2
  0
VERTEX
  8
0
 10
423.901
 20
193.1
 30
0.0
 40
0.2
 41
0.2
  0
VERTEX
  8
0
 10
423.887
 20
193.1
 30
0.0
 40
0.2
 41
0.2
  0
VERTEX
  8
0
 10
423.855
 20
193.087
 30
0.0
 40
0.2
 41
0.2
  0
VERTEX
  8
0
 10
423.863
 20
193.063
 30
0.0
 40
0.2
 41
0.2
  0
VERTEX
  8
0
 10
423.884
 20
193.059
 30
0.0
 40
0.2
 41
0.2
  0
VERTEX
  8
0
 10
423.901
 20
193.091
 30
0.0
 40
0.2
 41
0.2
  0
VERTEX
  8
0
 10
423.901
 20
193.1
 30
0.0
 40
0.2
 41
0.2
  0
VERTEX
  8
0
 10
423.901
 20
198.901
 30
0.0
 40
0.2
 41
0.2
  0
VERTEX
  8
0
 10
423.901
 20
198.912
 30
0.0
 40
0.2
 41
0.2
  0
VERTEX
  8
0
 10
423.884
 20
198.943
 30
0.0
 40
0.2
 41
0.2
  0
VERTEX
  8
0
 10
423.863
 20
198.938
 30
0.0
 40
0.2
 41
0.2
  0
VERTEX
  8
0
 10
423.855
 20
198.916
 30
0.0
 40
0.2
 41
0.2
  0
VERTEX
  8
0
 10
423.887
 20
198.901
 30
0.0
 40
0.2
 41
0.2
  0
VERTEX
  8
0
 10
423.901
 20
198.901
 30
0.0
 40
0.2
 41
0.2
  0
VERTEX
  8
0
 10
426.801
 20
198.901
 30
0.0
 40
0.2
 41
0.2
  0
VERTEX
  8
0
 10
426.819
 20
198.901
 30
0.0
 40
0.2
 41
0.2
  0
VERTEX
  8
0
 10
426.872
 20
198.93
 30
0.0
 40
0.2
 41
0.2
  0
VERTEX
  8
0
 10
426.9
 20
198.983
 30
0.0
 40
0.2
 41
0.2
  0
VERTEX
  8
0
 10
426.9
 20
199
 30
0.0
 40
0.2
 41
0.2
  0
VERTEX
  8
0
 10
426.9
 20
205
 30
0.0
 40
0.2
 41
0.2
  0
VERTEX
  8
0
 10
426.9
 20
205.018
 30
0.0
 40
0.2
 41
0.2
  0
VERTEX
  8
0
 10
426.872
 20
205.071
 30
0.0
 40
0.2
 41
0.2
  0
VERTEX
  8
0
 10
426.819
 20
205.1
 30
0.0
 40
0.2
 41
0.2
  0
VERTEX
  8
0
 10
426.801
 20
205.1
 30
0.0
 40
0.2
 41
0.2
  0
VERTEX
  8
0
 10
423.901
 20
205.1
 30
0.0
 40
0.2
 41
0.2
  0
VERTEX
  8
0
 10
423.887
 20
205.1
 30
0.0
 40
0.2
 41
0.2
  0
VERTEX
  8
0
 10
423.855
 20
205.087
 30
0.0
 40
0.2
 41
0.2
  0
VERTEX
  8
0
 10
423.863
 20
205.063
 30
0.0
 40
0.2
 41
0.2
  0
VERTEX
  8
0
 10
423.884
 20
205.059
 30
0.0
 40
0.2
 41
0.2
  0
VERTEX
  8
0
 10
423.901
 20
205.091
 30
0.0
 40
0.2
 41
0.2
  0
VERTEX
  8
0
 10
423.901
 20
205.1
 30
0.0
 40
0.2
 41
0.2
  0
VERTEX
  8
0
 10
423.901
 20
213.499
 30
0.0
 40
0.2
 41
0.2
  0
VERTEX
  8
0
 10
423.901
 20
213.517
 30
0.0
 40
0.2
 41
0.2
  0
VERTEX
  8
0
 10
423.87
 20
213.571
 30
0.0
 40
0.2
 41
0.2
  0
VERTEX
  8
0
 10
423.817
 20
213.6
 30
0.0
 40
0.2
 41
0.2
  0
VERTEX
  8
0
 10
423.799
 20
213.6
 30
0.0
 40
0.2
 41
0.2
  0
VERTEX
  8
0
 10
262.3
 20
213.6
 30
0.0
 40
0.2
 41
0.2
  0
VERTEX
  8
0
 10
262.282
 20
213.6
 30
0.0
 40
0.2
 41
0.2
  0
VERTEX
  8
0
 10
262.228
 20
213.571
 30
0.0
 40
0.2
 41
0.2
  0
VERTEX
  8
0
 10
262.199
 20
213.517
 30
0.0
 40
0.2
 41
0.2
  0
VERTEX
  8
0
 10
262.199
 20
213.499
 30
0.0
 40
0.2
 41
0.2
  0
VERTEX
  8
0
 10
262.199
 20
205.1
 30
0.0
 40
0.2
 41
0.2
  0
VERTEX
  8
0
 10
262.199
 20
205.091
 30
0.0
 40
0.2
 41
0.2
  0
VERTEX
  8
0
 10
262.213
 20
205.059
 30
0.0
 40
0.2
 41
0.2
  0
VERTEX
  8
0
 10
262.237
 20
205.063
 30
0.0
 40
0.2
 41
0.2
  0
VERTEX
  8
0
 10
262.241
 20
205.087
 30
0.0
 40
0.2
 41
0.2
  0
VERTEX
  8
0
 10
262.209
 20
205.1
 30
0.0
 40
0.2
 41
0.2
  0
VERTEX
  8
0
 10
262.199
 20
205.1
 30
0.0
 40
0.2
 41
0.2
  0
VERTEX
  8
0
 10
259.3
 20
205.1
 30
0.0
 40
0.2
 41
0.2
  0
VERTEX
  8
0
 10
259.282
 20
205.1
 30
0.0
 40
0.2
 41
0.2
  0
VERTEX
  8
0
 10
259.228
 20
205.071
 30
0.0
 40
0.2
 41
0.2
  0
VERTEX
  8
0
 10
259.199
 20
205.018
 30
0.0
 40
0.2
 41
0.2
  0
VERTEX
  8
0
 10
259.199
 20
205
 30
0.0
 40
0.2
 41
0.2
  0
VERTEX
  8
0
 10
259.199
 20
199
 30
0.0
 40
0.2
 41
0.2
  0
VERTEX
  8
0
 10
259.199
 20
198.983
 30
0.0
 40
0.2
 41
0.2
  0
VERTEX
  8
0
 10
259.228
 20
198.93
 30
0.0
 40
0.2
 41
0.2
  0
VERTEX
  8
0
 10
259.282
 20
198.901
 30
0.0
 40
0.2
 41
0.2
  0
VERTEX
  8
0
 10
259.3
 20
198.901
 30
0.0
 40
0.2
 41
0.2
  0
VERTEX
  8
0
 10
262.199
 20
198.901
 30
0.0
 40
0.2
 41
0.2
  0
VERTEX
  8
0
 10
262.209
 20
198.901
 30
0.0
 40
0.2
 41
0.2
  0
VERTEX
  8
0
 10
262.241
 20
198.916
 30
0.0
 40
0.2
 41
0.2
  0
VERTEX
  8
0
 10
262.237
 20
198.938
 30
0.0
 40
0.2
 41
0.2
  0
VERTEX
  8
0
 10
262.213
 20
198.943
 30
0.0
 40
0.2
 41
0.2
  0
VERTEX
  8
0
 10
262.199
 20
198.912
 30
0.0
 40
0.2
 41
0.2
  0
VERTEX
  8
0
 10
262.199
 20
198.901
 30
0.0
 40
0.2
 41
0.2
  0
VERTEX
  8
0
 10
262.199
 20
193.1
 30
0.0
 40
0.2
 41
0.2
  0
VERTEX
  8
0
 10
262.199
 20
193.091
 30
0.0
 40
0.2
 41
0.2
  0
VERTEX
  8
0
 10
262.213
 20
193.059
 30
0.0
 40
0.2
 41
0.2
  0
VERTEX
  8
0
 10
262.237
 20
193.063
 30
0.0
 40
0.2
 41
0.2
  0
VERTEX
  8
0
 10
262.241
 20
193.087
 30
0.0
 40
0.2
 41
0.2
  0
VERTEX
  8
0
 10
262.209
 20
193.1
 30
0.0
 40
0.2
 41
0.2
  0
VERTEX
  8
0
 10
262.199
 20
193.1
 30
0.0
 40
0.2
 41
0.2
  0
VERTEX
  8
0
 10
259.3
 20
193.1
 30
0.0
 40
0.2
 41
0.2
  0
VERTEX
  8
0
 10
259.282
 20
193.1
 30
0.0
 40
0.2
 41
0.2
  0
VERTEX
  8
0
 10
259.228
 20
193.071
 30
0.0
 40
0.2
 41
0.2
  0
VERTEX
  8
0
 10
259.199
 20
193.018
 30
0.0
 40
0.2
 41
0.2
  0
VERTEX
  8
0
 10
259.199
 20
193
 30
0.0
 40
0.2
 41
0.2
  0
VERTEX
  8
0
 10
259.199
 20
187
 30
0.0
 40
0.2
 41
0.2
  0
VERTEX
  8
0
 10
259.199
 20
186.983
 30
0.0
 40
0.2
 41
0.2
  0
VERTEX
  8
0
 10
259.228
 20
186.93
 30
0.0
 40
0.2
 41
0.2
  0
VERTEX
  8
0
 10
259.282
 20
186.901
 30
0.0
 40
0.2
 41
0.2
  0
VERTEX
  8
0
 10
259.3
 20
186.901
 30
0.0
 40
0.2
 41
0.2
  0
VERTEX
  8
0
 10
262.199
 20
186.901
 30
0.0
 40
0.2
 41
0.2
  0
VERTEX
  8
0
 10
262.209
 20
186.901
 30
0.0
 40
0.2
 41
0.2
  0
VERTEX
  8
0
 10
262.241
 20
186.916
 30
0.0
 40
0.2
 41
0.2
  0
VERTEX
  8
0
 10
262.237
 20
186.938
 30
0.0
 40
0.2
 41
0.2
  0
VERTEX
  8
0
 10
262.213
 20
186.943
 30
0.0
 40
0.2
 41
0.2
  0
VERTEX
  8
0
 10
262.199
 20
186.912
 30
0.0
 40
0.2
 41
0.2
  0
VERTEX
  8
0
 10
262.199
 20
186.901
 30
0.0
 40
0.2
 41
0.2
  0
VERTEX
  8
0
 10
262.199
 20
181.1
 30
0.0
 40
0.2
 41
0.2
  0
VERTEX
  8
0
 10
262.199
 20
181.091
 30
0.0
 40
0.2
 41
0.2
  0
VERTEX
  8
0
 10
262.213
 20
181.059
 30
0.0
 40
0.2
 41
0.2
  0
VERTEX
  8
0
 10
262.237
 20
181.063
 30
0.0
 40
0.2
 41
0.2
  0
VERTEX
  8
0
 10
262.241
 20
181.086
 30
0.0
 40
0.2
 41
0.2
  0
VERTEX
  8
0
 10
262.209
 20
181.1
 30
0.0
 40
0.2
 41
0.2
  0
VERTEX
  8
0
 10
262.199
 20
181.1
 30
0.0
 40
0.2
 41
0.2
  0
VERTEX
  8
0
 10
259.3
 20
181.1
 30
0.0
 40
0.2
 41
0.2
  0
VERTEX
  8
0
 10
259.282
 20
181.1
 30
0.0
 40
0.2
 41
0.2
  0
VERTEX
  8
0
 10
259.228
 20
181.071
 30
0.0
 40
0.2
 41
0.2
  0
VERTEX
  8
0
 10
259.199
 20
181.018
 30
0.0
 40
0.2
 41
0.2
  0
VERTEX
  8
0
 10
259.199
 20
181
 30
0.0
 40
0.2
 41
0.2
  0
VERTEX
  8
0
 10
259.199
 20
175
 30
0.0
 40
0.2
 41
0.2
  0
VERTEX
  8
0
 10
259.199
 20
174.983
 30
0.0
 40
0.2
 41
0.2
  0
VERTEX
  8
0
 10
259.228
 20
174.929
 30
0.0
 40
0.2
 41
0.2
  0
VERTEX
  8
0
 10
259.282
 20
174.901
 30
0.0
 40
0.2
 41
0.2
  0
VERTEX
  8
0
 10
259.3
 20
174.901
 30
0.0
 40
0.2
 41
0.2
  0
VERTEX
  8
0
 10
262.199
 20
174.901
 30
0.0
 40
0.2
 41
0.2
  0
VERTEX
  8
0
 10
262.209
 20
174.901
 30
0.0
 40
0.2
 41
0.2
  0
VERTEX
  8
0
 10
262.241
 20
174.916
 30
0.0
 40
0.2
 41
0.2
  0
VERTEX
  8
0
 10
262.237
 20
174.938
 30
0.0
 40
0.2
 41
0.2
  0
VERTEX
  8
0
 10
262.213
 20
174.943
 30
0.0
 40
0.2
 41
0.2
  0
VERTEX
  8
0
 10
262.199
 20
174.912
 30
0.0
 40
0.2
 41
0.2
  0
VERTEX
  8
0
 10
262.199
 20
174.901
 30
0.0
 40
0.2
 41
0.2
  0
VERTEX
  8
0
 10
262.199
 20
169.1
 30
0.0
 40
0.2
 41
0.2
  0
VERTEX
  8
0
 10
262.199
 20
169.091
 30
0.0
 40
0.2
 41
0.2
  0
VERTEX
  8
0
 10
262.213
 20
169.059
 30
0.0
 40
0.2
 41
0.2
  0
VERTEX
  8
0
 10
262.237
 20
169.063
 30
0.0
 40
0.2
 41
0.2
  0
VERTEX
  8
0
 10
262.241
 20
169.087
 30
0.0
 40
0.2
 41
0.2
  0
VERTEX
  8
0
 10
262.209
 20
169.1
 30
0.0
 40
0.2
 41
0.2
  0
VERTEX
  8
0
 10
262.199
 20
169.1
 30
0.0
 40
0.2
 41
0.2
  0
VERTEX
  8
0
 10
259.3
 20
169.1
 30
0.0
 40
0.2
 41
0.2
  0
VERTEX
  8
0
 10
259.282
 20
169.1
 30
0.0
 40
0.2
 41
0.2
  0
VERTEX
  8
0
 10
259.228
 20
169.072
 30
0.0
 40
0.2
 41
0.2
  0
VERTEX
  8
0
 10
259.199
 20
169.018
 30
0.0
 40
0.2
 41
0.2
  0
VERTEX
  8
0
 10
259.199
 20
169
 30
0.0
 40
0.2
 41
0.2
  0
VERTEX
  8
0
 10
259.199
 20
163
 30
0.0
 40
0.2
 41
0.2
  0
VERTEX
  8
0
 10
259.199
 20
162.983
 30
0.0
 40
0.2
 41
0.2
  0
VERTEX
  8
0
 10
259.228
 20
162.93
 30
0.0
 40
0.2
 41
0.2
  0
VERTEX
  8
0
 10
259.282
 20
162.901
 30
0.0
 40
0.2
 41
0.2
  0
VERTEX
  8
0
 10
259.3
 20
162.901
 30
0.0
 40
0.2
 41
0.2
  0
VERTEX
  8
0
 10
262.199
 20
162.901
 30
0.0
 40
0.2
 41
0.2
  0
VERTEX
  8
0
 10
262.209
 20
162.901
 30
0.0
 40
0.2
 41
0.2
  0
VERTEX
  8
0
 10
262.241
 20
162.916
 30
0.0
 40
0.2
 41
0.2
  0
VERTEX
  8
0
 10
262.237
 20
162.938
 30
0.0
 40
0.2
 41
0.2
  0
VERTEX
  8
0
 10
262.213
 20
162.943
 30
0.0
 40
0.2
 41
0.2
  0
VERTEX
  8
0
 10
262.199
 20
162.912
 30
0.0
 40
0.2
 41
0.2
  0
VERTEX
  8
0
 10
262.199
 20
162.901
 30
0.0
 40
0.2
 41
0.2
  0
VERTEX
  8
0
 10
262.199
 20
157.1
 30
0.0
 40
0.2
 41
0.2
  0
VERTEX
  8
0
 10
262.199
 20
157.091
 30
0.0
 40
0.2
 41
0.2
  0
VERTEX
  8
0
 10
262.213
 20
157.059
 30
0.0
 40
0.2
 41
0.2
  0
VERTEX
  8
0
 10
262.237
 20
157.063
 30
0.0
 40
0.2
 41
0.2
  0
VERTEX
  8
0
 10
262.241
 20
157.087
 30
0.0
 40
0.2
 41
0.2
  0
VERTEX
  8
0
 10
262.209
 20
157.1
 30
0.0
 40
0.2
 41
0.2
  0
VERTEX
  8
0
 10
262.199
 20
157.1
 30
0.0
 40
0.2
 41
0.2
  0
VERTEX
  8
0
 10
259.3
 20
157.1
 30
0.0
 40
0.2
 41
0.2
  0
VERTEX
  8
0
 10
259.282
 20
157.1
 30
0.0
 40
0.2
 41
0.2
  0
VERTEX
  8
0
 10
259.228
 20
157.071
 30
0.0
 40
0.2
 41
0.2
  0
VERTEX
  8
0
 10
259.199
 20
157.018
 30
0.0
 40
0.2
 41
0.2
  0
VERTEX
  8
0
 10
259.199
 20
157
 30
0.0
 40
0.2
 41
0.2
  0
VERTEX
  8
0
 10
259.199
 20
151
 30
0.0
 40
0.2
 41
0.2
  0
VERTEX
  8
0
 10
259.199
 20
150.983
 30
0.0
 40
0.2
 41
0.2
  0
VERTEX
  8
0
 10
259.228
 20
150.93
 30
0.0
 40
0.2
 41
0.2
  0
VERTEX
  8
0
 10
259.282
 20
150.899
 30
0.0
 40
0.2
 41
0.2
  0
VERTEX
  8
0
 10
259.3
 20
150.899
 30
0.0
 40
0.2
 41
0.2
  0
VERTEX
  8
0
 10
262.199
 20
150.899
 30
0.0
 40
0.2
 41
0.2
  0
VERTEX
  8
0
 10
262.209
 20
150.899
 30
0.0
 40
0.2
 41
0.2
  0
VERTEX
  8
0
 10
262.241
 20
150.914
 30
0.0
 40
0.2
 41
0.2
  0
VERTEX
  8
0
 10
262.237
 20
150.938
 30
0.0
 40
0.2
 41
0.2
  0
VERTEX
  8
0
 10
262.213
 20
150.942
 30
0.0
 40
0.2
 41
0.2
  0
VERTEX
  8
0
 10
262.199
 20
150.91
 30
0.0
 40
0.2
 41
0.2
  0
VERTEX
  8
0
 10
262.199
 20
150.899
 30
0.0
 40
0.2
 41
0.2
  0
VERTEX
  8
0
 10
262.199
 20
145.101
 30
0.0
 40
0.2
 41
0.2
  0
VERTEX
  8
0
 10
262.199
 20
145.091
 30
0.0
 40
0.2
 41
0.2
  0
VERTEX
  8
0
 10
262.213
 20
145.059
 30
0.0
 40
0.2
 41
0.2
  0
VERTEX
  8
0
 10
262.237
 20
145.063
 30
0.0
 40
0.2
 41
0.2
  0
VERTEX
  8
0
 10
262.241
 20
145.087
 30
0.0
 40
0.2
 41
0.2
  0
VERTEX
  8
0
 10
262.209
 20
145.101
 30
0.0
 40
0.2
 41
0.2
  0
VERTEX
  8
0
 10
262.199
 20
145.101
 30
0.0
 40
0.2
 41
0.2
  0
VERTEX
  8
0
 10
259.3
 20
145.101
 30
0.0
 40
0.2
 41
0.2
  0
VERTEX
  8
0
 10
259.282
 20
145.101
 30
0.0
 40
0.2
 41
0.2
  0
VERTEX
  8
0
 10
259.228
 20
145.072
 30
0.0
 40
0.2
 41
0.2
  0
VERTEX
  8
0
 10
259.199
 20
145.018
 30
0.0
 40
0.2
 41
0.2
  0
VERTEX
  8
0
 10
259.199
 20
145
 30
0.0
 40
0.2
 41
0.2
  0
VERTEX
  8
0
 10
259.199
 20
139
 30
0.0
 40
0.2
 41
0.2
  0
VERTEX
  8
0
 10
259.199
 20
138.984
 30
0.0
 40
0.2
 41
0.2
  0
VERTEX
  8
0
 10
259.228
 20
138.93
 30
0.0
 40
0.2
 41
0.2
  0
VERTEX
  8
0
 10
259.282
 20
138.899
 30
0.0
 40
0.2
 41
0.2
  0
VERTEX
  8
0
 10
259.3
 20
138.899
 30
0.0
 40
0.2
 41
0.2
  0
VERTEX
  8
0
 10
262.199
 20
138.899
 30
0.0
 40
0.2
 41
0.2
  0
VERTEX
  8
0
 10
262.209
 20
138.899
 30
0.0
 40
0.2
 41
0.2
  0
VERTEX
  8
0
 10
262.241
 20
138.914
 30
0.0
 40
0.2
 41
0.2
  0
VERTEX
  8
0
 10
262.237
 20
138.938
 30
0.0
 40
0.2
 41
0.2
  0
VERTEX
  8
0
 10
262.213
 20
138.942
 30
0.0
 40
0.2
 41
0.2
  0
VERTEX
  8
0
 10
262.199
 20
138.91
 30
0.0
 40
0.2
 41
0.2
  0
VERTEX
  8
0
 10
262.199
 20
138.899
 30
0.0
 40
0.2
 41
0.2
  0
VERTEX
  8
0
 10
262.199
 20
133.099
 30
0.0
 40
0.2
 41
0.2
  0
VERTEX
  8
0
 10
262.199
 20
133.09
 30
0.0
 40
0.2
 41
0.2
  0
VERTEX
  8
0
 10
262.213
 20
133.058
 30
0.0
 40
0.2
 41
0.2
  0
VERTEX
  8
0
 10
262.237
 20
133.062
 30
0.0
 40
0.2
 41
0.2
  0
VERTEX
  8
0
 10
262.241
 20
133.085
 30
0.0
 40
0.2
 41
0.2
  0
VERTEX
  8
0
 10
262.209
 20
133.099
 30
0.0
 40
0.2
 41
0.2
  0
VERTEX
  8
0
 10
262.199
 20
133.099
 30
0.0
 40
0.2
 41
0.2
  0
VERTEX
  8
0
 10
259.3
 20
133.099
 30
0.0
 40
0.2
 41
0.2
  0
VERTEX
  8
0
 10
259.282
 20
133.099
 30
0.0
 40
0.2
 41
0.2
  0
VERTEX
  8
0
 10
259.228
 20
133.07
 30
0.0
 40
0.2
 41
0.2
  0
VERTEX
  8
0
 10
259.199
 20
133.018
 30
0.0
 40
0.2
 41
0.2
  0
VERTEX
  8
0
 10
259.199
 20
133
 30
0.0
 40
0.2
 41
0.2
  0
VERTEX
  8
0
 10
259.199
 20
127
 30
0.0
 40
0.2
 41
0.2
  0
VERTEX
  8
0
 10
259.199
 20
126.983
 30
0.0
 40
0.2
 41
0.2
  0
VERTEX
  8
0
 10
259.228
 20
126.93
 30
0.0
 40
0.2
 41
0.2
  0
VERTEX
  8
0
 10
259.282
 20
126.901
 30
0.0
 40
0.2
 41
0.2
  0
VERTEX
  8
0
 10
259.3
 20
126.901
 30
0.0
 40
0.2
 41
0.2
  0
VERTEX
  8
0
 10
262.199
 20
126.901
 30
0.0
 40
0.2
 41
0.2
  0
VERTEX
  8
0
 10
262.209
 20
126.901
 30
0.0
 40
0.2
 41
0.2
  0
VERTEX
  8
0
 10
262.241
 20
126.916
 30
0.0
 40
0.2
 41
0.2
  0
VERTEX
  8
0
 10
262.237
 20
126.938
 30
0.0
 40
0.2
 41
0.2
  0
VERTEX
  8
0
 10
262.213
 20
126.944
 30
0.0
 40
0.2
 41
0.2
  0
VERTEX
  8
0
 10
262.199
 20
126.912
 30
0.0
 40
0.2
 41
0.2
  0
VERTEX
  8
0
 10
262.199
 20
126.901
 30
0.0
 40
0.2
 41
0.2
  0
VERTEX
  8
0
 10
262.199
 20
118.5
 30
0.0
 40
0.2
 41
0.2
  0
VERTEX
  8
0
 10
262.199
 20
118.484
 30
0.0
 40
0.2
 41
0.2
  0
VERTEX
  8
0
 10
262.228
 20
118.43
 30
0.0
 40
0.2
 41
0.2
  0
VERTEX
  8
0
 10
262.282
 20
118.4
 30
0.0
 40
0.2
 41
0.2
  0
VERTEX
  8
0
 10
262.3
 20
118.4
 30
0.0
 40
0.2
 41
0.2
  0
SEQEND
 8
0
  0
ENDSEC
  0
EOF
