999
dxfrw 0.6.3
  0
SECTION
  2
HEADER
  9
$ACADVER
  1
AC1021
  9
$DWGCODEPAGE
  3
ANSI_1252
  9
$INSBASE
 10
0
 20
0
 30
0
  9
$EXTMIN
 10
0
 20
-0.001260818735872249
 30
0
  9
$EXTMAX
 10
237.836528
 20
288.161952
 30
0
  9
$LIMMIN
 10
0
 20
0
  9
$LIMMAX
 10
420
 20
297
  9
$ORTHOMODE
 70
    0
  9
$REGENMODE
 70
    1
  9
$FILLMODE
 70
    1
  9
$QTEXTMODE
 70
    0
  9
$MIRRTEXT
 70
    0
  9
$LTSCALE
 40
1
  9
$ATTMODE
 70
    0
  9
$TEXTSIZE
 40
2.5
  9
$TRACEWID
 40
15.68
  9
$TEXTSTYLE
  7
STANDARD
  9
$CLAYER
  8
0
  9
$CELTYPE
  6
BYLAYER
  9
$CECOLOR
 62
  256
  9
$CELTSCALE
 40
1
  9
$DISPSILH
 70
    0
  9
$DIMSCALE
 40
2.5
  9
$DIMASZ
 40
2.5
  9
$DIMEXO
 40
0.625
  9
$DIMDLI
 40
3.75
  9
$DIMRND
 40
0
  9
$DIMDLE
 40
0
  9
$DIMEXE
 40
1.25
  9
$DIMTP
 40
0
  9
$DIMTM
 40
0
  9
$DIMTXT
 40
2.5
  9
$DIMCEN
 40
2.5
  9
$DIMTSZ
 40
0
  9
$DIMTOL
 70
    0
  9
$DIMLIM
 70
    0
  9
$DIMTIH
 70
    0
  9
$DIMTOH
 70
    0
  9
$DIMSE1
 70
    0
  9
$DIMSE2
 70
    0
  9
$DIMTAD
 70
    1
  9
$DIMZIN
 70
    8
  9
$DIMBLK
  1

  9
$DIMASO
 70
    1
  9
$DIMSHO
 70
    1
  9
$DIMPOST
  1

  9
$DIMAPOST
  1

  9
$DIMALT
 70
    0
  9
$DIMALTD
 70
    3
  9
$DIMALTF
 40
0.03937
  9
$DIMLFAC
 40
1
  9
$DIMTOFL
 70
    1
  9
$DIMTVP
 40
0
  9
$DIMTIX
 70
    0
  9
$DIMSOXD
 70
    0
  9
$DIMSAH
 70
    0
  9
$DIMBLK1
  1

  9
$DIMBLK2
  1

  9
$DIMSTYLE
  2
Standard
  9
$DIMCLRD
 70
    0
  9
$DIMCLRE
 70
    0
  9
$DIMCLRT
 70
    0
  9
$DIMTFAC
 40
1
  9
$DIMGAP
 40
0.625
  9
$DIMJUST
 70
    0
  9
$DIMSD1
 70
    0
  9
$DIMSD2
 70
    0
  9
$DIMTOLJ
 70
    0
  9
$DIMTZIN
 70
    8
  9
$DIMALTZ
 70
    0
  9
$DIMALTTZ
 70
    0
  9
$DIMUPT
 70
    0
  9
$DIMDEC
 70
    2
  9
$DIMTDEC
 70
    2
  9
$DIMALTU
 70
    2
  9
$DIMALTTD
 70
    3
  9
$DIMTXSTY
  7
STANDARD
  9
$DIMAUNIT
 70
    0
  9
$DIMADEC
 70
    0
  9
$DIMALTRND
 40
0
  9
$DIMAZIN
 70
    0
  9
$DIMDSEP
 70
   44
  9
$DIMATFIT
 70
    3
  9
$DIMFRAC
 70
    0
  9
$DIMLDRBLK
  1
STANDARD
  9
$DIMLUNIT
 70
    2
  9
$DIMLWD
 70
   -2
  9
$DIMLWE
 70
   -2
  9
$DIMTMOVE
 70
    0
  9
$DIMFXL
 40
1
  9
$DIMFXLON
 70
    0
  9
$DIMJOGANG
 40
0.7854
  9
$DIMTFILL
 70
    0
  9
$DIMTFILLCLR
 70
    0
  9
$DIMARCSYM
 70
    0
  9
$DIMLTYPE
  6

  9
$DIMLTEX1
  6

  9
$DIMLTEX2
  6

  9
$LUNITS
 70
    2
  9
$LUPREC
 70
    4
  9
$SKETCHINC
 40
1
  9
$FILLETRAD
 40
0
  9
$AUNITS
 70
    0
  9
$AUPREC
 70
    2
  9
$MENU
  1
.
  9
$ELEVATION
 40
0
  9
$PELEVATION
 40
0
  9
$THICKNESS
 40
0
  9
$LIMCHECK
 70
    0
  9
$CHAMFERA
 40
0
  9
$CHAMFERB
 40
0
  9
$CHAMFERC
 40
0
  9
$CHAMFERD
 40
0
  9
$SKPOLY
 70
    0
  9
$USRTIMER
 70
    1
  9
$ANGBASE
 50
0
  9
$ANGDIR
 70
    0
  9
$PDMODE
 70
   96
  9
$PDSIZE
 40
-2
  9
$PLINEWID
 40
0
  9
$SPLFRAME
 70
    0
  9
$SPLINETYPE
 70
    2
  9
$SPLINESEGS
 70
    8
  9
$HANDSEED
  5
20000
  9
$SURFTAB1
 70
    6
  9
$SURFTAB2
 70
    6
  9
$SURFTYPE
 70
    6
  9
$SURFU
 70
    6
  9
$SURFV
 70
    6
  9
$UCSBASE
  2

  9
$UCSNAME
  2

  9
$UCSORG
 10
0
 20
0
 30
0
  9
$UCSXDIR
 10
1
 20
0
 30
0
  9
$UCSYDIR
 10
0
 20
1
 30
0
  9
$UCSORTHOREF
  2

  9
$UCSORTHOVIEW
 70
    0
  9
$UCSORGTOP
 10
0
 20
0
 30
0
  9
$UCSORGBOTTOM
 10
0
 20
0
 30
0
  9
$UCSORGLEFT
 10
0
 20
0
 30
0
  9
$UCSORGRIGHT
 10
0
 20
0
 30
0
  9
$UCSORGFRONT
 10
0
 20
0
 30
0
  9
$UCSORGBACK
 10
0
 20
0
 30
0
  9
$PUCSBASE
  2

  9
$PUCSNAME
  2

  9
$PUCSORG
 10
0
 20
0
 30
0
  9
$PUCSXDIR
 10
1
 20
0
 30
0
  9
$PUCSYDIR
 10
0
 20
1
 30
0
  9
$PUCSORTHOREF
  2

  9
$PUCSORTHOVIEW
 70
    0
  9
$PUCSORGTOP
 10
0
 20
0
 30
0
  9
$PUCSORGBOTTOM
 10
0
 20
0
 30
0
  9
$PUCSORGLEFT
 10
0
 20
0
 30
0
  9
$PUCSORGRIGHT
 10
0
 20
0
 30
0
  9
$PUCSORGFRONT
 10
0
 20
0
 30
0
  9
$PUCSORGBACK
 10
0
 20
0
 30
0
  9
$USERI1
 70
    0
  9
$USERI2
 70
    0
  9
$USERI3
 70
    0
  9
$USERI4
 70
    0
  9
$USERI5
 70
    0
  9
$USERR1
 40
0
  9
$USERR2
 40
0
  9
$USERR3
 40
0
  9
$USERR4
 40
0
  9
$USERR5
 40
0
  9
$WORLDVIEW
 70
    1
  9
$SHADEDGE
 70
    3
  9
$SHADEDIF
 70
   70
  9
$TILEMODE
 70
    1
  9
$MAXACTVP
 70
   64
  9
$PINSBASE
 10
0
 20
0
 30
0
  9
$PLIMCHECK
 70
    0
  9
$PEXTMIN
 10
0
 20
0
 30
0
  9
$PEXTMAX
 10
0
 20
0
 30
0
  9
$GRIDMODE
 70
    1
  9
$SNAPSTYLE
 70
    0
  9
$PLIMMIN
 10
0
 20
0
  9
$PLIMMAX
 10
210
 20
297
  9
$UNITMODE
 70
    0
  9
$VISRETAIN
 70
    1
  9
$PLINEGEN
 70
    0
  9
$PSLTSCALE
 70
    1
  9
$TREEDEPTH
 70
 3020
  9
$CMLSTYLE
  2
Standard
  9
$CMLJUST
 70
    0
  9
$CMLSCALE
 40
20
  9
$PROXYGRAPHICS
 70
    1
  9
$MEASUREMENT
 70
    1
  9
$CELWEIGHT
370
   -1
  9
$ENDCAPS
280
    0
  9
$JOINSTYLE
280
    0
  9
$LWDISPLAY
290
    0
  9
$INSUNITS
 70
    4
  9
$HYPERLINKBASE
  1

  9
$STYLESHEET
  1

  9
$XEDIT
290
    1
  9
$CEPSNTYPE
380
    0
  9
$PSTYLEMODE
290
    1
  9
$EXTNAMES
290
    1
  9
$PSVPSCALE
 40
1
  9
$OLESTARTUP
290
    0
  9
$SORTENTS
280
  127
  9
$INDEXCTL
280
    0
  9
$HIDETEXT
280
    1
  9
$XCLIPFRAME
290
    0
  9
$HALOGAP
280
    0
  9
$OBSCOLOR
 70
  257
  9
$OBSLTYPE
280
    0
  9
$INTERSECTIONDISPLAY
280
    0
  9
$INTERSECTIONCOLOR
 70
  257
  9
$DIMASSOC
280
    1
  9
$PROJECTNAME
  1

  9
$CAMERADISPLAY
290
    0
  9
$LENSLENGTH
 40
50
  9
$CAMERAHEIGHT
 40
0
  9
$STEPSPERSEC
 40
2
  9
$STEPSIZE
 40
50
  9
$3DDWFPREC
 40
2
  9
$PSOLWIDTH
 40
5
  9
$PSOLHEIGHT
 40
80
  9
$LOFTANG1
 40
1.570796326794897
  9
$LOFTANG2
 40
1.570796326794897
  9
$LOFTMAG1
 40
0
  9
$LOFTMAG2
 40
0
  9
$LOFTPARAM
 70
    7
  9
$LOFTNORMALS
280
    1
  9
$LATITUDE
 40
1
  9
$LONGITUDE
 40
1
  9
$NORTHDIRECTION
 40
0
  9
$TIMEZONE
 70
-8000
  9
$LIGHTGLYPHDISPLAY
280
    1
  9
$TILEMODELIGHTSYNCH
280
    1
  9
$SOLIDHIST
280
    1
  9
$SHOWHIST
280
    1
  9
$DWFFRAME
280
    2
  9
$DGNFRAME
280
    0
  9
$REALWORLDSCALE
290
    1
  9
$INTERFERECOLOR
 62
    1
  9
$CSHADOW
280
    0
  9
$SHADOWPLANELOCATION
 40
0
  0
ENDSEC
  0
SECTION
  2
CLASSES
  0
ENDSEC
  0
SECTION
  2
TABLES
  0
TABLE
  2
VPORT
  5
8
330
0
100
AcDbSymbolTable
 70
    1
  0
VPORT
  5
31
330
2
100
AcDbSymbolTableRecord
100
AcDbViewportTableRecord
  2
*ACTIVE
 70
    0
 10
0
 20
0
 11
1
 21
1
 12
197.9917476865725
 22
145.5258493634382
 13
0
 23
0
 14
10
 24
10
 15
10
 25
10
 16
0
 26
0
 36
1
 17
0
 27
0
 37
0
 40
301.7746560483929
 41
1.722081218274112
 42
50
 43
0
 44
0
 50
0
 51
0
 71
    0
 72
  100
 73
    1
 74
    3
 75
    0
 76
    1
 77
    0
 78
    0
281
    0
 65
    1
110
0
120
0
130
0
111
1
121
0
131
0
112
0
122
1
132
0
 79
    0
146
0
348
10020
 60
    7
 61
    5
292
1
282
    1
141
0
142
0
 63
  250
421
3358443
  0
ENDTAB
  0
TABLE
  2
LTYPE
  5
5
330
0
100
AcDbSymbolTable
 70
    4
  0
LTYPE
  5
14
330
5
100
AcDbSymbolTableRecord
100
AcDbLinetypeTableRecord
  2
ByBlock
 70
    0
  3

 72
   65
 73
    0
 40
0
  0
LTYPE
  5
15
330
5
100
AcDbSymbolTableRecord
100
AcDbLinetypeTableRecord
  2
ByLayer
 70
    0
  3

 72
   65
 73
    0
 40
0
  0
LTYPE
  5
16
330
5
100
AcDbSymbolTableRecord
100
AcDbLinetypeTableRecord
  2
Continuous
 70
    0
  3
Solid line
 72
   65
 73
    0
 40
0
  0
LTYPE
  5
32
330
5
100
AcDbSymbolTableRecord
100
AcDbLinetypeTableRecord
  2
DOT
 70
    0
  3
Dot . . . . . . . . . . . . . . . . . . . . . .
 72
   65
 73
    2
 40
6.35
 49
0
 74
    0
 49
-6.35
 74
    0
  0
LTYPE
  5
33
330
5
100
AcDbSymbolTableRecord
100
AcDbLinetypeTableRecord
  2
DOTTINY
 70
    0
  3
Dot (.15x) .....................................
 72
   65
 73
    2
 40
0.9525
 49
0
 74
    0
 49
-0.9525
 74
    0
  0
LTYPE
  5
34
330
5
100
AcDbSymbolTableRecord
100
AcDbLinetypeTableRecord
  2
DOT2
 70
    0
  3
Dot (.5x) .....................................
 72
   65
 73
    2
 40
3.175
 49
0
 74
    0
 49
-3.175
 74
    0
  0
LTYPE
  5
35
330
5
100
AcDbSymbolTableRecord
100
AcDbLinetypeTableRecord
  2
DOTX2
 70
    0
  3
Dot (2x) .  .  .  .  .  .  .  .  .  .  .  .  .
 72
   65
 73
    2
 40
12.7
 49
0
 74
    0
 49
-12.7
 74
    0
  0
LTYPE
  5
36
330
5
100
AcDbSymbolTableRecord
100
AcDbLinetypeTableRecord
  2
DASHED
 70
    0
  3
Dashed _ _ _ _ _ _ _ _ _ _ _ _ _ _ _ _ _
 72
   65
 73
    2
 40
19.05
 49
12.7
 74
    0
 49
-6.35
 74
    0
  0
LTYPE
  5
37
330
5
100
AcDbSymbolTableRecord
100
AcDbLinetypeTableRecord
  2
DASHEDTINY
 70
    0
  3
Dashed (.15x) _ _ _ _ _ _ _ _ _ _ _ _ _ _ _ _ _
 72
   65
 73
    2
 40
2.8575
 49
1.905
 74
    0
 49
-0.9525
 74
    0
  0
LTYPE
  5
38
330
5
100
AcDbSymbolTableRecord
100
AcDbLinetypeTableRecord
  2
DASHED2
 70
    0
  3
Dashed (.5x) _ _ _ _ _ _ _ _ _ _ _ _ _ _ _ _ _
 72
   65
 73
    2
 40
9.524999999999999
 49
6.35
 74
    0
 49
-3.175
 74
    0
  0
LTYPE
  5
39
330
5
100
AcDbSymbolTableRecord
100
AcDbLinetypeTableRecord
  2
DASHEDX2
 70
    0
  3
Dashed (2x) ____  ____  ____  ____  ____  ___
 72
   65
 73
    2
 40
38.09999999999999
 49
25.4
 74
    0
 49
-12.7
 74
    0
  0
LTYPE
  5
3A
330
5
100
AcDbSymbolTableRecord
100
AcDbLinetypeTableRecord
  2
DASHDOT
 70
    0
  3
Dash dot __ . __ . __ . __ . __ . __ . __ . __
 72
   65
 73
    4
 40
25.4
 49
12.7
 74
    0
 49
-6.35
 74
    0
 49
0
 74
    0
 49
-6.35
 74
    0
  0
LTYPE
  5
3B
330
5
100
AcDbSymbolTableRecord
100
AcDbLinetypeTableRecord
  2
DASHDOTTINY
 70
    0
  3
Dash dot (.15x) _._._._._._._._._._._._._._._.
 72
   65
 73
    4
 40
3.81
 49
1.905
 74
    0
 49
-0.9525
 74
    0
 49
0
 74
    0
 49
-0.9525
 74
    0
  0
LTYPE
  5
3C
330
5
100
AcDbSymbolTableRecord
100
AcDbLinetypeTableRecord
  2
DASHDOT2
 70
    0
  3
Dash dot (.5x) _._._._._._._._._._._._._._._.
 72
   65
 73
    4
 40
12.7
 49
6.35
 74
    0
 49
-3.175
 74
    0
 49
0
 74
    0
 49
-3.175
 74
    0
  0
LTYPE
  5
3D
330
5
100
AcDbSymbolTableRecord
100
AcDbLinetypeTableRecord
  2
DASHDOTX2
 70
    0
  3
Dash dot (2x) ____  .  ____  .  ____  .  ___
 72
   65
 73
    4
 40
50.8
 49
25.4
 74
    0
 49
-12.7
 74
    0
 49
0
 74
    0
 49
-12.7
 74
    0
  0
LTYPE
  5
3E
330
5
100
AcDbSymbolTableRecord
100
AcDbLinetypeTableRecord
  2
DIVIDE
 70
    0
  3
Divide ____ . . ____ . . ____ . . ____ . . ____
 72
   65
 73
    6
 40
31.75
 49
12.7
 74
    0
 49
-6.35
 74
    0
 49
0
 74
    0
 49
-6.35
 74
    0
 49
0
 74
    0
 49
-6.35
 74
    0
  0
LTYPE
  5
3F
330
5
100
AcDbSymbolTableRecord
100
AcDbLinetypeTableRecord
  2
DIVIDETINY
 70
    0
  3
Divide (.15x) __..__..__..__..__..__..__..__.._
 72
   65
 73
    6
 40
4.7625
 49
1.905
 74
    0
 49
-0.9525
 74
    0
 49
0
 74
    0
 49
-0.9525
 74
    0
 49
0
 74
    0
 49
-0.9525
 74
    0
  0
LTYPE
  5
40
330
5
100
AcDbSymbolTableRecord
100
AcDbLinetypeTableRecord
  2
DIVIDE2
 70
    0
  3
Divide (.5x) __..__..__..__..__..__..__..__.._
 72
   65
 73
    6
 40
15.875
 49
6.35
 74
    0
 49
-3.175
 74
    0
 49
0
 74
    0
 49
-3.175
 74
    0
 49
0
 74
    0
 49
-3.175
 74
    0
  0
LTYPE
  5
41
330
5
100
AcDbSymbolTableRecord
100
AcDbLinetypeTableRecord
  2
DIVIDEX2
 70
    0
  3
Divide (2x) ________  .  .  ________  .  .  _
 72
   65
 73
    6
 40
63.5
 49
25.4
 74
    0
 49
-12.7
 74
    0
 49
0
 74
    0
 49
-12.7
 74
    0
 49
0
 74
    0
 49
-12.7
 74
    0
  0
LTYPE
  5
42
330
5
100
AcDbSymbolTableRecord
100
AcDbLinetypeTableRecord
  2
BORDER
 70
    0
  3
Border __ __ . __ __ . __ __ . __ __ . __ __ .
 72
   65
 73
    6
 40
44.45
 49
12.7
 74
    0
 49
-6.35
 74
    0
 49
12.7
 74
    0
 49
-6.35
 74
    0
 49
0
 74
    0
 49
-6.35
 74
    0
  0
LTYPE
  5
43
330
5
100
AcDbSymbolTableRecord
100
AcDbLinetypeTableRecord
  2
BORDERTINY
 70
    0
  3
Border (.15x) __.__.__.__.__.__.__.__.__.__.__.
 72
   65
 73
    6
 40
6.6675
 49
1.905
 74
    0
 49
-0.9525
 74
    0
 49
1.905
 74
    0
 49
-0.9525
 74
    0
 49
0
 74
    0
 49
-0.9525
 74
    0
  0
LTYPE
  5
44
330
5
100
AcDbSymbolTableRecord
100
AcDbLinetypeTableRecord
  2
BORDER2
 70
    0
  3
Border (.5x) __.__.__.__.__.__.__.__.__.__.__.
 72
   65
 73
    6
 40
22.225
 49
6.35
 74
    0
 49
-3.175
 74
    0
 49
6.35
 74
    0
 49
-3.175
 74
    0
 49
0
 74
    0
 49
-3.175
 74
    0
  0
LTYPE
  5
45
330
5
100
AcDbSymbolTableRecord
100
AcDbLinetypeTableRecord
  2
BORDERX2
 70
    0
  3
Border (2x) ____  ____  .  ____  ____  .  ___
 72
   65
 73
    6
 40
88.89999999999999
 49
25.4
 74
    0
 49
-12.7
 74
    0
 49
25.4
 74
    0
 49
-12.7
 74
    0
 49
0
 74
    0
 49
-12.7
 74
    0
  0
LTYPE
  5
46
330
5
100
AcDbSymbolTableRecord
100
AcDbLinetypeTableRecord
  2
CENTER
 70
    0
  3
Center ____ _ ____ _ ____ _ ____ _ ____ _ ____
 72
   65
 73
    4
 40
50.8
 49
31.75
 74
    0
 49
-6.35
 74
    0
 49
6.35
 74
    0
 49
-6.35
 74
    0
  0
LTYPE
  5
47
330
5
100
AcDbSymbolTableRecord
100
AcDbLinetypeTableRecord
  2
CENTERTINY
 70
    0
  3
Center (.15x) ___ _ ___ _ ___ _ ___ _ ___ _ ___
 72
   65
 73
    4
 40
7.619999999999999
 49
4.7625
 74
    0
 49
-0.9525
 74
    0
 49
0.9525
 74
    0
 49
-0.9525
 74
    0
  0
LTYPE
  5
48
330
5
100
AcDbSymbolTableRecord
100
AcDbLinetypeTableRecord
  2
CENTER2
 70
    0
  3
Center (.5x) ___ _ ___ _ ___ _ ___ _ ___ _ ___
 72
   65
 73
    4
 40
28.575
 49
19.05
 74
    0
 49
-3.175
 74
    0
 49
3.175
 74
    0
 49
-3.175
 74
    0
  0
LTYPE
  5
49
330
5
100
AcDbSymbolTableRecord
100
AcDbLinetypeTableRecord
  2
CENTERX2
 70
    0
  3
Center (2x) ________  __  ________  __  _____
 72
   65
 73
    4
 40
101.6
 49
63.5
 74
    0
 49
-12.7
 74
    0
 49
12.7
 74
    0
 49
-12.7
 74
    0
  0
ENDTAB
  0
TABLE
  2
LAYER
  5
2
330
0
100
AcDbSymbolTable
 70
    1
  0
LAYER
  5
10
330
2
100
AcDbSymbolTableRecord
100
AcDbLayerTableRecord
  2
0
 70
    0
 62
    7
  6
CONTINUOUS
370
   25
390
F
  0
ENDTAB
  0
TABLE
  2
STYLE
  5
3
330
0
100
AcDbSymbolTable
 70
    3
  0
STYLE
  5
4A
330
2
100
AcDbSymbolTableRecord
100
AcDbTextStyleTableRecord
  2
Standard
 70
    0
 40
0
 41
1
 50
0
 71
    0
 42
1
  3
txt
  4

  0
ENDTAB
  0
TABLE
  2
VIEW
  5
6
330
0
100
AcDbSymbolTable
 70
    0
  0
ENDTAB
  0
TABLE
  2
UCS
  5
7
330
0
100
AcDbSymbolTable
 70
    0
  0
ENDTAB
  0
TABLE
  2
APPID
  5
9
330
0
100
AcDbSymbolTable
 70
    1
  0
APPID
  5
12
330
9
100
AcDbSymbolTableRecord
100
AcDbRegAppTableRecord
  2
ACAD
 70
    0
  0
APPID
  5
4B
330
9
100
AcDbSymbolTableRecord
100
AcDbRegAppTableRecord
  2
LibreCad
 70
    0
  0
ENDTAB
  0
TABLE
  2
DIMSTYLE
  5
A
330
0
100
AcDbSymbolTable
 70
    1
100
AcDbDimStyleTable
 71
    1
  0
DIMSTYLE
105
4C
330
A
100
AcDbSymbolTableRecord
100
AcDbDimStyleTableRecord
  2
Standard
 70
    0
 40
2.5
 41
2.5
 42
0.625
 43
0.38
 44
1.25
 45
0
 46
0
 47
0
 48
0
 49
1
140
2.5
141
0.09
142
0
143
25.4
144
1
145
0
146
1
147
0.625
148
0
 71
    0
 72
    0
 73
    0
 74
    1
 75
    0
 76
    0
 77
    0
 78
    8
 79
    0
170
    0
171
    2
172
    0
173
    0
174
    0
175
    0
176
    0
177
    0
178
    0
179
    0
271
    2
272
    4
273
    2
274
    2
275
    0
276
    0
277
    2
278
   44
279
    0
280
    0
281
    0
282
    0
283
    1
284
    0
285
    0
286
    0
288
    0
289
    3
340
4A
  0
ENDTAB
  0
TABLE
  2
BLOCK_RECORD
  5
1
330
0
100
AcDbSymbolTable
 70
    2
  0
BLOCK_RECORD
  5
1F
330
1
100
AcDbSymbolTableRecord
100
AcDbBlockTableRecord
  2
*Model_Space
 70
    0
280
    1
281
    0
  0
BLOCK_RECORD
  5
1E
330
1
100
AcDbSymbolTableRecord
100
AcDbBlockTableRecord
  2
*Paper_Space
 70
    0
280
    1
281
    0
  0
ENDTAB
  0
ENDSEC
  0
SECTION
  2
BLOCKS
  0
BLOCK
  5
20
330
1F
100
AcDbEntity
  8
0
100
AcDbBlockBegin
  2
*Model_Space
 70
    0
 10
0
 20
0
 30
0
  3
*Model_Space
  1

  0
ENDBLK
  5
21
330
1F
100
AcDbEntity
  8
0
100
AcDbBlockEnd
  0
BLOCK
  5
1C
330
1B
100
AcDbEntity
  8
0
100
AcDbBlockBegin
  2
*Paper_Space
 70
    0
 10
0
 20
0
 30
0
  3
*Paper_Space
  1

  0
ENDBLK
  5
1D
330
1F
100
AcDbEntity
  8
0
100
AcDbBlockEnd
  0
ENDSEC
  0
SECTION
  2
ENTITIES
  0
LINE
  5
4D
100
AcDbEntity
  8
0
  6
ByLayer
 62
    7
370
   -1
100
AcDbLine
 10
86.96315799999999
 20
144.080978
 11
86.96315799999999
 21
144.080978
  0
LINE
  5
4E
100
AcDbEntity
  8
0
  6
ByLayer
 62
    7
370
   -1
100
AcDbLine
 10
86.96315799999999
 20
144.080978
 11
86.96315799999999
 21
144.080978
  0
LINE
  5
4F
100
AcDbEntity
  8
0
  6
ByLayer
 62
    7
370
   -1
100
AcDbLine
 10
0
 20
0
 11
0
 21
0
  0
LINE
  5
50
100
AcDbEntity
  8
0
  6
ByLayer
 62
    7
370
   -1
100
AcDbLine
 10
0
 20
0
 11
0
 21
0
  0
LINE
  5
51
100
AcDbEntity
  8
0
  6
ByLayer
 62
    7
370
   -1
100
AcDbLine
 10
205.829965
 20
-0.001260818735872249
 11
0.1003608338395379
 21
0.001259589807560246
  0
LWPOLYLINE
  5
52
100
AcDbEntity
  8
0
  6
ByLayer
 62
  256
370
   -1
100
AcDbPolyline
 90
    4
 70
    1
 43
0
 10
205.829965
 20
0
 10
205.829965
 20
288.161952
 10
0
 20
288.161952
 10
0
 20
0
  0
LWPOLYLINE
  5
53
100
AcDbEntity
  8
0
  6
ByLayer
 62
  256
370
   -1
100
AcDbPolyline
 90
    4
 70
    1
 43
0
 10
204.829965
 20
0.9987391811891566
 10
204.829965
 20
287.161952
 10
1
 20
287.161952
 10
1
 20
1.001259589732589
  0
LWPOLYLINE
  5
54
100
AcDbEntity
  8
0
  6
ByLayer
 62
  256
370
   -1
100
AcDbPolyline
 90
    1
 70
    1
 43
0
 10
86.86024599999999
 20
189.28124
  0
LWPOLYLINE
  5
55
100
AcDbEntity
  8
0
  6
ByLayer
 62
  256
370
   -1
100
AcDbPolyline
 90
    1
 70
    1
 43
0
 10
86.86024599999999
 20
183.394496
  0
LINE
  5
56
100
AcDbEntity
  8
0
  6
ByLayer
 62
  256
370
   -1
100
AcDbLine
 10
86.96284667334838
 20
195.8033174850557
 11
83.21033199999999
 21
197.320353
  0
LINE
  5
57
100
AcDbEntity
  8
0
  6
ByLayer
 62
  256
370
   -1
100
AcDbLine
 10
83.21033199999999
 20
197.320353
 11
79.50179999999999
 21
198.555523
  0
LINE
  5
58
100
AcDbEntity
  8
0
  6
ByLayer
 62
  256
370
   -1
100
AcDbLine
 10
79.50179999999999
 20
198.555523
 11
75.74554999999999
 21
199.553551
  0
LINE
  5
59
100
AcDbEntity
  8
0
  6
ByLayer
 62
  256
370
   -1
100
AcDbLine
 10
75.74554999999999
 20
199.553551
 11
71.952484
 21
200.315267
  0
LINE
  5
5A
100
AcDbEntity
  8
0
  6
ByLayer
 62
  256
370
   -1
100
AcDbLine
 10
71.952484
 20
200.315267
 11
68.133505
 21
200.841502
  0
LINE
  5
5B
100
AcDbEntity
  8
0
  6
ByLayer
 62
  256
370
   -1
100
AcDbLine
 10
68.133505
 20
200.841502
 11
64.29951299999999
 21
201.133086
  0
LINE
  5
5C
100
AcDbEntity
  8
0
  6
ByLayer
 62
  256
370
   -1
100
AcDbLine
 10
64.29951299999999
 20
201.133086
 11
60.461411
 21
201.19085
  0
LINE
  5
5D
100
AcDbEntity
  8
0
  6
ByLayer
 62
  256
370
   -1
100
AcDbLine
 10
60.461411
 20
201.19085
 11
56.6301
 21
201.015625
  0
LINE
  5
5E
100
AcDbEntity
  8
0
  6
ByLayer
 62
  256
370
   -1
100
AcDbLine
 10
56.6301
 20
201.015625
 11
52.816479
 21
200.608243
  0
LINE
  5
5F
100
AcDbEntity
  8
0
  6
ByLayer
 62
  256
370
   -1
100
AcDbLine
 10
52.816479
 20
200.608243
 11
49.031454
 21
199.969533
  0
LINE
  5
60
100
AcDbEntity
  8
0
  6
ByLayer
 62
  256
370
   -1
100
AcDbLine
 10
49.031454
 20
199.969533
 11
45.285925
 21
199.100326
  0
LINE
  5
61
100
AcDbEntity
  8
0
  6
ByLayer
 62
  256
370
   -1
100
AcDbLine
 10
45.285925
 20
199.100326
 11
41.590792
 21
198.001453
  0
LINE
  5
62
100
AcDbEntity
  8
0
  6
ByLayer
 62
  256
370
   -1
100
AcDbLine
 10
41.590792
 20
198.001453
 11
37.956958
 21
196.673746
  0
LINE
  5
63
100
AcDbEntity
  8
0
  6
ByLayer
 62
  256
370
   -1
100
AcDbLine
 10
37.956958
 20
196.673746
 11
34.395325
 21
195.118035
  0
LINE
  5
64
100
AcDbEntity
  8
0
  6
ByLayer
 62
  256
370
   -1
100
AcDbLine
 10
34.395325
 20
195.118035
 11
30.916793
 21
193.33515
  0
LINE
  5
65
100
AcDbEntity
  8
0
  6
ByLayer
 62
  256
370
   -1
100
AcDbLine
 10
30.916793
 20
193.33515
 11
27.532264
 21
191.325923
  0
LINE
  5
66
100
AcDbEntity
  8
0
  6
ByLayer
 62
  256
370
   -1
100
AcDbLine
 10
27.532264
 20
191.325923
 11
25.734275
 21
185.80927
  0
LINE
  5
67
100
AcDbEntity
  8
0
  6
ByLayer
 62
  256
370
   -1
100
AcDbLine
 10
25.734275
 20
185.80927
 11
23.742472
 21
188.714719
  0
LINE
  5
68
100
AcDbEntity
  8
0
  6
ByLayer
 62
  256
370
   -1
100
AcDbLine
 10
23.742472
 20
188.714719
 11
20.641679
 21
186.252309
  0
LINE
  5
69
100
AcDbEntity
  8
0
  6
ByLayer
 62
  256
370
   -1
100
AcDbLine
 10
20.641679
 20
186.252309
 11
17.701379
 21
183.600325
  0
LINE
  5
6A
100
AcDbEntity
  8
0
  6
ByLayer
 62
  256
370
   -1
100
AcDbLine
 10
17.701379
 20
183.600325
 11
16.836887
 21
184.711811
  0
LINE
  5
6B
100
AcDbEntity
  8
0
  6
ByLayer
 62
  256
370
   -1
100
AcDbLine
 10
16.836887
 20
184.711811
 11
19.797897
 21
187.407114
  0
LINE
  5
6C
100
AcDbEntity
  8
0
  6
ByLayer
 62
  256
370
   -1
100
AcDbLine
 10
19.797897
 20
187.407114
 11
22.921927
 21
189.911643
  0
LINE
  5
6D
100
AcDbEntity
  8
0
  6
ByLayer
 62
  256
370
   -1
100
AcDbLine
 10
22.921927
 20
189.911643
 11
21.342264
 21
192.215899
  0
LINE
  5
6E
100
AcDbEntity
  8
0
  6
ByLayer
 62
  256
370
   -1
100
AcDbLine
 10
21.342264
 20
192.215899
 11
26.19722
 21
192.215899
  0
LINE
  5
6F
100
AcDbEntity
  8
0
  6
ByLayer
 62
  256
370
   -1
100
AcDbLine
 10
26.19722
 20
192.215899
 11
29.63494
 21
194.324784
  0
LINE
  5
70
100
AcDbEntity
  8
0
  6
ByLayer
 62
  256
370
   -1
100
AcDbLine
 10
29.63494
 20
194.324784
 11
33.173142
 21
196.200158
  0
LINE
  5
71
100
AcDbEntity
  8
0
  6
ByLayer
 62
  256
370
   -1
100
AcDbLine
 10
33.173142
 20
196.200158
 11
36.800403
 21
197.841047
  0
LINE
  5
72
100
AcDbEntity
  8
0
  6
ByLayer
 62
  256
370
   -1
100
AcDbLine
 10
36.800403
 20
197.841047
 11
40.505294
 21
199.246477
  0
LINE
  5
73
100
AcDbEntity
  8
0
  6
ByLayer
 62
  256
370
   -1
100
AcDbLine
 10
40.505294
 20
199.246477
 11
44.276391
 21
200.415471
  0
LINE
  5
74
100
AcDbEntity
  8
0
  6
ByLayer
 62
  256
370
   -1
100
AcDbLine
 10
44.276391
 20
200.415471
 11
48.102267
 21
201.347055
  0
LINE
  5
75
100
AcDbEntity
  8
0
  6
ByLayer
 62
  256
370
   -1
100
AcDbLine
 10
48.102267
 20
201.347055
 11
51.971499
 21
202.040255
  0
LINE
  5
76
100
AcDbEntity
  8
0
  6
ByLayer
 62
  256
370
   -1
100
AcDbLine
 10
51.971499
 20
202.040255
 11
55.872658
 21
202.494096
  0
LINE
  5
77
100
AcDbEntity
  8
0
  6
ByLayer
 62
  256
370
   -1
100
AcDbLine
 10
55.872658
 20
202.494096
 11
59.794319
 21
202.707604
  0
LINE
  5
78
100
AcDbEntity
  8
0
  6
ByLayer
 62
  256
370
   -1
100
AcDbLine
 10
59.794319
 20
202.707604
 11
63.725057
 21
202.679803
  0
LINE
  5
79
100
AcDbEntity
  8
0
  6
ByLayer
 62
  256
370
   -1
100
AcDbLine
 10
63.725057
 20
202.679803
 11
67.65344499999999
 21
202.40972
  0
LINE
  5
7A
100
AcDbEntity
  8
0
  6
ByLayer
 62
  256
370
   -1
100
AcDbLine
 10
67.65344499999999
 20
202.40972
 11
71.56805899999999
 21
201.896377
  0
LINE
  5
7B
100
AcDbEntity
  8
0
  6
ByLayer
 62
  256
370
   -1
100
AcDbLine
 10
71.56805899999999
 20
201.896377
 11
75.457471
 21
201.138803
  0
LINE
  5
7C
100
AcDbEntity
  8
0
  6
ByLayer
 62
  256
370
   -1
100
AcDbLine
 10
75.457471
 20
201.138803
 11
79.31025699999999
 21
200.136022
  0
LINE
  5
7D
100
AcDbEntity
  8
0
  6
ByLayer
 62
  256
370
   -1
100
AcDbLine
 10
79.31025699999999
 20
200.136022
 11
83.11499099999999
 21
198.887058
  0
LINE
  5
7E
100
AcDbEntity
  8
0
  6
ByLayer
 62
  256
370
   -1
100
AcDbLine
 10
83.11499099999999
 20
198.887058
 11
86.96288470845244
 21
197.3551877410294
  0
LINE
  5
7F
100
AcDbEntity
  8
0
  6
ByLayer
 62
  256
370
   -1
100
AcDbLine
 10
83.852492
 20
205.902804
 11
80.74421599999999
 21
208.298425
  0
LINE
  5
80
100
AcDbEntity
  8
0
  6
ByLayer
 62
  256
370
   -1
100
AcDbLine
 10
80.74421599999999
 20
208.298425
 11
77.54092999999999
 21
210.544762
  0
LINE
  5
81
100
AcDbEntity
  8
0
  6
ByLayer
 62
  256
370
   -1
100
AcDbLine
 10
77.54092999999999
 20
210.544762
 11
74.24814499999999
 21
212.639705
  0
LINE
  5
82
100
AcDbEntity
  8
0
  6
ByLayer
 62
  256
370
   -1
100
AcDbLine
 10
74.24814499999999
 20
212.639705
 11
70.87137
 21
214.581145
  0
LINE
  5
83
100
AcDbEntity
  8
0
  6
ByLayer
 62
  256
370
   -1
100
AcDbLine
 10
70.87137
 20
214.581145
 11
67.41611599999999
 21
216.366976
  0
LINE
  5
84
100
AcDbEntity
  8
0
  6
ByLayer
 62
  256
370
   -1
100
AcDbLine
 10
67.41611599999999
 20
216.366976
 11
63.887897
 21
217.995089
  0
LINE
  5
85
100
AcDbEntity
  8
0
  6
ByLayer
 62
  256
370
   -1
100
AcDbLine
 10
63.887897
 20
217.995089
 11
60.29222
 21
219.463376
  0
LINE
  5
86
100
AcDbEntity
  8
0
  6
ByLayer
 62
  256
370
   -1
100
AcDbLine
 10
60.29222
 20
219.463376
 11
56.634599
 21
220.76973
  0
LINE
  5
87
100
AcDbEntity
  8
0
  6
ByLayer
 62
  256
370
   -1
100
AcDbLine
 10
56.634599
 20
220.76973
 11
52.920542
 21
221.91204
  0
LINE
  5
88
100
AcDbEntity
  8
0
  6
ByLayer
 62
  256
370
   -1
100
AcDbLine
 10
52.920542
 20
221.91204
 11
49.155563
 21
222.888201
  0
LINE
  5
89
100
AcDbEntity
  8
0
  6
ByLayer
 62
  256
370
   -1
100
AcDbLine
 10
49.155563
 20
222.888201
 11
45.34517
 21
223.696103
  0
LINE
  5
8A
100
AcDbEntity
  8
0
  6
ByLayer
 62
  256
370
   -1
100
AcDbLine
 10
45.34517
 20
223.696103
 11
41.494875
 21
224.333638
  0
LINE
  5
8B
100
AcDbEntity
  8
0
  6
ByLayer
 62
  256
370
   -1
100
AcDbLine
 10
41.494875
 20
224.333638
 11
37.610189
 21
224.798699
  0
LINE
  5
8C
100
AcDbEntity
  8
0
  6
ByLayer
 62
  256
370
   -1
100
AcDbLine
 10
37.610189
 20
224.798699
 11
33.696621
 21
225.089177
  0
LINE
  5
8D
100
AcDbEntity
  8
0
  6
ByLayer
 62
  256
370
   -1
100
AcDbLine
 10
33.696621
 20
225.089177
 11
29.759685
 21
225.202965
  0
LINE
  5
8E
100
AcDbEntity
  8
0
  6
ByLayer
 62
  256
370
   -1
100
AcDbLine
 10
29.759685
 20
225.202965
 11
24.103343
 21
221.515966
  0
LINE
  5
8F
100
AcDbEntity
  8
0
  6
ByLayer
 62
  256
370
   -1
100
AcDbLine
 10
24.103343
 20
221.515966
 11
24.18526
 21
225.059162
  0
LINE
  5
90
100
AcDbEntity
  8
0
  6
ByLayer
 62
  256
370
   -1
100
AcDbLine
 10
24.18526
 20
225.059162
 11
17.083889
 21
224.35466
  0
LINE
  5
91
100
AcDbEntity
  8
0
  6
ByLayer
 62
  256
370
   -1
100
AcDbLine
 10
17.083889
 20
224.35466
 11
16.980974
 21
226.001301
  0
LINE
  5
92
100
AcDbEntity
  8
0
  6
ByLayer
 62
  256
370
   -1
100
AcDbLine
 10
16.980974
 20
226.001301
 11
24.22241
 21
226.666068
  0
LINE
  5
93
100
AcDbEntity
  8
0
  6
ByLayer
 62
  256
370
   -1
100
AcDbLine
 10
24.22241
 20
226.666068
 11
24.28621
 21
229.425726
  0
LINE
  5
94
100
AcDbEntity
  8
0
  6
ByLayer
 62
  256
370
   -1
100
AcDbLine
 10
24.28621
 20
229.425726
 11
28.936979
 21
226.780431
  0
LINE
  5
95
100
AcDbEntity
  8
0
  6
ByLayer
 62
  256
370
   -1
100
AcDbLine
 10
28.936979
 20
226.780431
 11
32.914441
 21
226.682837
  0
LINE
  5
96
100
AcDbEntity
  8
0
  6
ByLayer
 62
  256
370
   -1
100
AcDbLine
 10
32.914441
 20
226.682837
 11
36.869639
 21
226.409076
  0
LINE
  5
97
100
AcDbEntity
  8
0
  6
ByLayer
 62
  256
370
   -1
100
AcDbLine
 10
36.869639
 20
226.409076
 11
40.79714
 21
225.961172
  0
LINE
  5
98
100
AcDbEntity
  8
0
  6
ByLayer
 62
  256
370
   -1
100
AcDbLine
 10
40.79714
 20
225.961172
 11
44.691503
 21
225.341149
  0
LINE
  5
99
100
AcDbEntity
  8
0
  6
ByLayer
 62
  256
370
   -1
100
AcDbLine
 10
44.691503
 20
225.341149
 11
48.547293
 21
224.551031
  0
LINE
  5
9A
100
AcDbEntity
  8
0
  6
ByLayer
 62
  256
370
   -1
100
AcDbLine
 10
48.547293
 20
224.551031
 11
52.359073
 21
223.592843
  0
LINE
  5
9B
100
AcDbEntity
  8
0
  6
ByLayer
 62
  256
370
   -1
100
AcDbLine
 10
52.359073
 20
223.592843
 11
56.121407
 21
222.468609
  0
LINE
  5
9C
100
AcDbEntity
  8
0
  6
ByLayer
 62
  256
370
   -1
100
AcDbLine
 10
56.121407
 20
222.468609
 11
59.828858
 21
221.180354
  0
LINE
  5
9D
100
AcDbEntity
  8
0
  6
ByLayer
 62
  256
370
   -1
100
AcDbLine
 10
59.828858
 20
221.180354
 11
63.47598799999999
 21
219.730102
  0
LINE
  5
9E
100
AcDbEntity
  8
0
  6
ByLayer
 62
  256
370
   -1
100
AcDbLine
 10
63.47598799999999
 20
219.730102
 11
67.057361
 21
218.119878
  0
LINE
  5
9F
100
AcDbEntity
  8
0
  6
ByLayer
 62
  256
370
   -1
100
AcDbLine
 10
67.057361
 20
218.119878
 11
70.56754099999999
 21
216.351706
  0
LINE
  5
A0
100
AcDbEntity
  8
0
  6
ByLayer
 62
  256
370
   -1
100
AcDbLine
 10
70.56754099999999
 20
216.351706
 11
74.00109099999999
 21
214.427609
  0
LINE
  5
A1
100
AcDbEntity
  8
0
  6
ByLayer
 62
  256
370
   -1
100
AcDbLine
 10
74.00109099999999
 20
214.427609
 11
77.35257299999999
 21
212.349614
  0
LINE
  5
A2
100
AcDbEntity
  8
0
  6
ByLayer
 62
  256
370
   -1
100
AcDbLine
 10
77.35257299999999
 20
212.349614
 11
80.61654999999999
 21
210.119745
  0
LINE
  5
A3
100
AcDbEntity
  8
0
  6
ByLayer
 62
  256
370
   -1
100
AcDbLine
 10
80.61654999999999
 20
210.119745
 11
83.78758699999999
 21
207.740024
  0
LINE
  5
A4
100
AcDbEntity
  8
0
  6
ByLayer
 62
  256
370
   -1
100
AcDbLine
 10
83.78758699999999
 20
207.740024
 11
86.96307547949669
 21
205.1388369974534
  0
LINE
  5
A5
100
AcDbEntity
  8
0
  6
ByLayer
 62
  256
370
   -1
100
AcDbLine
 10
86.96302891667983
 20
203.2390275357982
 11
86.96288470845244
 21
197.3551877410294
  0
LINE
  5
A6
100
AcDbEntity
  8
0
  6
ByLayer
 62
  256
370
   -1
100
AcDbLine
 10
86.96302891667983
 20
203.2390275357982
 11
83.852492
 21
205.902804
  0
LINE
  5
A7
100
AcDbEntity
  8
0
  6
ByLayer
 62
  256
370
   -1
100
AcDbLine
 10
86.96307547949669
 20
205.1388369974534
 11
86.96315799999999
 21
208.505756
  0
LINE
  5
A8
100
AcDbEntity
  8
0
  6
ByLayer
 62
  256
370
   -1
100
AcDbLine
 10
86.96157899999999
 20
97.78038589196109
 11
84.16799899999999
 21
97.01095900000001
  0
LINE
  5
A9
100
AcDbEntity
  8
0
  6
ByLayer
 62
  256
370
   -1
100
AcDbLine
 10
84.16799899999999
 20
97.01095900000001
 11
81.39856399999999
 21
96.417315
  0
LINE
  5
AA
100
AcDbEntity
  8
0
  6
ByLayer
 62
  256
370
   -1
100
AcDbLine
 10
81.39856399999999
 20
96.417315
 11
78.603269
 21
95.97348
  0
LINE
  5
AB
100
AcDbEntity
  8
0
  6
ByLayer
 62
  256
370
   -1
100
AcDbLine
 10
78.603269
 20
95.97348
 11
75.790273
 21
95.679608
  0
LINE
  5
AC
100
AcDbEntity
  8
0
  6
ByLayer
 62
  256
370
   -1
100
AcDbLine
 10
75.790273
 20
95.679608
 11
72.967737
 21
95.535854
  0
LINE
  5
AD
100
AcDbEntity
  8
0
  6
ByLayer
 62
  256
370
   -1
100
AcDbLine
 10
72.967737
 20
95.535854
 11
70.143818
 21
95.542372
  0
LINE
  5
AE
100
AcDbEntity
  8
0
  6
ByLayer
 62
  256
370
   -1
100
AcDbLine
 10
70.143818
 20
95.542372
 11
67.32667599999999
 21
95.69931600000001
  0
LINE
  5
AF
100
AcDbEntity
  8
0
  6
ByLayer
 62
  256
370
   -1
100
AcDbLine
 10
67.32667599999999
 20
95.69931600000001
 11
64.52447099999999
 21
96.00684100000001
  0
LINE
  5
B0
100
AcDbEntity
  8
0
  6
ByLayer
 62
  256
370
   -1
100
AcDbLine
 10
64.52447099999999
 20
96.00684100000001
 11
61.745362
 21
96.46509800000001
  0
LINE
  5
B1
100
AcDbEntity
  8
0
  6
ByLayer
 62
  256
370
   -1
100
AcDbLine
 10
61.745362
 20
96.46509800000001
 11
58.997509
 21
97.07424499999999
  0
LINE
  5
B2
100
AcDbEntity
  8
0
  6
ByLayer
 62
  256
370
   -1
100
AcDbLine
 10
58.997509
 20
97.07424499999999
 11
56.289069
 21
97.83443500000001
  0
LINE
  5
B3
100
AcDbEntity
  8
0
  6
ByLayer
 62
  256
370
   -1
100
AcDbLine
 10
56.289069
 20
97.83443500000001
 11
53.628204
 21
98.74582000000001
  0
LINE
  5
B4
100
AcDbEntity
  8
0
  6
ByLayer
 62
  256
370
   -1
100
AcDbLine
 10
53.628204
 20
98.74582000000001
 11
51.023073
 21
99.80855600000001
  0
LINE
  5
B5
100
AcDbEntity
  8
0
  6
ByLayer
 62
  256
370
   -1
100
AcDbLine
 10
51.023073
 20
99.80855600000001
 11
48.481835
 21
101.022798
  0
LINE
  5
B6
100
AcDbEntity
  8
0
  6
ByLayer
 62
  256
370
   -1
100
AcDbLine
 10
48.481835
 20
101.022798
 11
46.012648
 21
102.388699
  0
LINE
  5
B7
100
AcDbEntity
  8
0
  6
ByLayer
 62
  256
370
   -1
100
AcDbLine
 10
46.012648
 20
102.388699
 11
43.623674
 21
103.906412
  0
LINE
  5
B8
100
AcDbEntity
  8
0
  6
ByLayer
 62
  256
370
   -1
100
AcDbLine
 10
43.623674
 20
103.906412
 11
41.330817
 21
105.55998
  0
LINE
  5
B9
100
AcDbEntity
  8
0
  6
ByLayer
 62
  256
370
   -1
100
AcDbLine
 10
41.330817
 20
105.55998
 11
39.14672
 21
107.329618
  0
LINE
  5
BA
100
AcDbEntity
  8
0
  6
ByLayer
 62
  256
370
   -1
100
AcDbLine
 10
39.14672
 20
107.329618
 11
37.074647
 21
109.209749
  0
LINE
  5
BB
100
AcDbEntity
  8
0
  6
ByLayer
 62
  256
370
   -1
100
AcDbLine
 10
37.074647
 20
109.209749
 11
35.117865
 21
111.194795
  0
LINE
  5
BC
100
AcDbEntity
  8
0
  6
ByLayer
 62
  256
370
   -1
100
AcDbLine
 10
35.117865
 20
111.194795
 11
33.279635
 21
113.279176
  0
LINE
  5
BD
100
AcDbEntity
  8
0
  6
ByLayer
 62
  256
370
   -1
100
AcDbLine
 10
33.279635
 20
113.279176
 11
31.563224
 21
115.457315
  0
LINE
  5
BE
100
AcDbEntity
  8
0
  6
ByLayer
 62
  256
370
   -1
100
AcDbLine
 10
31.563224
 20
115.457315
 11
29.971897
 21
117.723633
  0
LINE
  5
BF
100
AcDbEntity
  8
0
  6
ByLayer
 62
  256
370
   -1
100
AcDbLine
 10
29.971897
 20
117.723633
 11
28.508917
 21
120.072552
  0
LINE
  5
C0
100
AcDbEntity
  8
0
  6
ByLayer
 62
  256
370
   -1
100
AcDbLine
 10
28.508917
 20
120.072552
 11
27.17755
 21
122.498494
  0
LINE
  5
C1
100
AcDbEntity
  8
0
  6
ByLayer
 62
  256
370
   -1
100
AcDbLine
 10
27.17755
 20
122.498494
 11
25.981059
 21
124.995879
  0
LINE
  5
C2
100
AcDbEntity
  8
0
  6
ByLayer
 62
  256
370
   -1
100
AcDbLine
 10
25.981059
 20
124.995879
 11
24.922711
 21
127.55913
  0
LINE
  5
C3
100
AcDbEntity
  8
0
  6
ByLayer
 62
  256
370
   -1
100
AcDbLine
 10
24.922711
 20
127.55913
 11
24.005769
 21
130.182668
  0
LINE
  5
C4
100
AcDbEntity
  8
0
  6
ByLayer
 62
  256
370
   -1
100
AcDbLine
 10
24.005769
 20
130.182668
 11
23.233497
 21
132.860913
  0
LINE
  5
C5
100
AcDbEntity
  8
0
  6
ByLayer
 62
  256
370
   -1
100
AcDbLine
 10
23.233497
 20
132.860913
 11
22.609161
 21
135.58829
  0
LINE
  5
C6
100
AcDbEntity
  8
0
  6
ByLayer
 62
  256
370
   -1
100
AcDbLine
 10
22.609161
 20
135.58829
 11
22.136024
 21
138.359217
  0
LINE
  5
C7
100
AcDbEntity
  8
0
  6
ByLayer
 62
  256
370
   -1
100
AcDbLine
 10
22.136024
 20
138.359217
 11
21.817353
 21
141.168119
  0
LINE
  5
C8
100
AcDbEntity
  8
0
  6
ByLayer
 62
  256
370
   -1
100
AcDbLine
 10
21.817353
 20
141.168119
 11
18.56205
 21
141.175911
  0
LINE
  5
C9
100
AcDbEntity
  8
0
  6
ByLayer
 62
  256
370
   -1
100
AcDbLine
 10
18.56205
 20
141.175911
 11
21.782367
 21
145.905402
  0
LINE
  5
CA
100
AcDbEntity
  8
0
  6
ByLayer
 62
  256
370
   -1
100
AcDbLine
 10
21.782367
 20
145.905402
 11
22.069693
 21
148.736448
  0
LINE
  5
CB
100
AcDbEntity
  8
0
  6
ByLayer
 62
  256
370
   -1
100
AcDbLine
 10
22.069693
 20
148.736448
 11
22.514067
 21
151.530689
  0
LINE
  5
CC
100
AcDbEntity
  8
0
  6
ByLayer
 62
  256
370
   -1
100
AcDbLine
 10
22.514067
 20
151.530689
 11
23.387154
 21
155.581491
  0
LINE
  5
CD
100
AcDbEntity
  8
0
  6
ByLayer
 62
  256
370
   -1
100
AcDbLine
 10
23.387154
 20
155.581491
 11
24.243356
 21
158.325809
  0
LINE
  5
CE
100
AcDbEntity
  8
0
  6
ByLayer
 62
  256
370
   -1
100
AcDbLine
 10
24.243356
 20
158.325809
 11
25.79637
 21
162.225091
  0
LINE
  5
CF
100
AcDbEntity
  8
0
  6
ByLayer
 62
  256
370
   -1
100
AcDbLine
 10
25.79637
 20
162.225091
 11
28.473301
 21
167.4270355
  0
LINE
  5
D0
100
AcDbEntity
  8
0
  6
ByLayer
 62
  256
370
   -1
100
AcDbLine
 10
28.473301
 20
167.4270355
 11
30.802111
 21
171.060767
  0
LINE
  5
D1
100
AcDbEntity
  8
0
  6
ByLayer
 62
  256
370
   -1
100
AcDbLine
 10
30.802111
 20
171.060767
 11
32.534206
 21
173.367827
  0
LINE
  5
D2
100
AcDbEntity
  8
0
  6
ByLayer
 62
  256
370
   -1
100
AcDbLine
 10
32.534206
 20
173.367827
 11
34.39468
 21
175.580707
  0
LINE
  5
D3
100
AcDbEntity
  8
0
  6
ByLayer
 62
  256
370
   -1
100
AcDbLine
 10
34.39468
 20
175.580707
 11
36.378503
 21
177.693322
  0
LINE
  5
D4
100
AcDbEntity
  8
0
  6
ByLayer
 62
  256
370
   -1
100
AcDbLine
 10
36.378503
 20
177.693322
 11
38.480648
 21
179.699585
  0
LINE
  5
D5
100
AcDbEntity
  8
0
  6
ByLayer
 62
  256
370
   -1
100
AcDbLine
 10
38.480648
 20
179.699585
 11
40.696083
 21
181.593409
  0
LINE
  5
D6
100
AcDbEntity
  8
0
  6
ByLayer
 62
  256
370
   -1
100
AcDbLine
 10
40.696083
 20
181.593409
 11
43.01978
 21
183.368707
  0
LINE
  5
D7
100
AcDbEntity
  8
0
  6
ByLayer
 62
  256
370
   -1
100
AcDbLine
 10
43.01978
 20
183.368707
 11
45.783786
 21
185.12877
  0
LINE
  5
D8
100
AcDbEntity
  8
0
  6
ByLayer
 62
  256
370
   -1
100
AcDbLine
 10
45.783786
 20
185.12877
 11
48.26375
 21
186.540428
  0
LINE
  5
D9
100
AcDbEntity
  8
0
  6
ByLayer
 62
  256
370
   -1
100
AcDbLine
 10
48.26375
 20
186.540428
 11
50.818186
 21
187.812267
  0
LINE
  5
DA
100
AcDbEntity
  8
0
  6
ByLayer
 62
  256
370
   -1
100
AcDbLine
 10
50.818186
 20
187.812267
 11
53.438643
 21
188.94214
  0
LINE
  5
DB
100
AcDbEntity
  8
0
  6
ByLayer
 62
  256
370
   -1
100
AcDbLine
 10
53.438643
 20
188.94214
 11
56.11667
 21
189.927897
  0
LINE
  5
DC
100
AcDbEntity
  8
0
  6
ByLayer
 62
  256
370
   -1
100
AcDbLine
 10
56.11667
 20
189.927897
 11
58.843819
 21
190.767393
  0
LINE
  5
DD
100
AcDbEntity
  8
0
  6
ByLayer
 62
  256
370
   -1
100
AcDbLine
 10
58.843819
 20
190.767393
 11
61.611636
 21
191.458477
  0
LINE
  5
DE
100
AcDbEntity
  8
0
  6
ByLayer
 62
  256
370
   -1
100
AcDbLine
 10
61.611636
 20
191.458477
 11
64.411672
 21
191.999003
  0
LINE
  5
DF
100
AcDbEntity
  8
0
  6
ByLayer
 62
  256
370
   -1
100
AcDbLine
 10
64.411672
 20
191.999003
 11
67.23547599999999
 21
192.386821
  0
LINE
  5
E0
100
AcDbEntity
  8
0
  6
ByLayer
 62
  256
370
   -1
100
AcDbLine
 10
67.23547599999999
 20
192.386821
 11
70.07459899999999
 21
192.619785
  0
LINE
  5
E1
100
AcDbEntity
  8
0
  6
ByLayer
 62
  256
370
   -1
100
AcDbLine
 10
70.07459899999999
 20
192.619785
 11
72.920587
 21
192.695746
  0
LINE
  5
E2
100
AcDbEntity
  8
0
  6
ByLayer
 62
  256
370
   -1
100
AcDbLine
 10
72.920587
 20
192.695746
 11
75.76499099999999
 21
192.612556
  0
LINE
  5
E3
100
AcDbEntity
  8
0
  6
ByLayer
 62
  256
370
   -1
100
AcDbLine
 10
75.76499099999999
 20
192.612556
 11
78.599363
 21
192.368066
  0
LINE
  5
E4
100
AcDbEntity
  8
0
  6
ByLayer
 62
  256
370
   -1
100
AcDbLine
 10
78.599363
 20
192.368066
 11
81.41524799999999
 21
191.96013
  0
LINE
  5
E5
100
AcDbEntity
  8
0
  6
ByLayer
 62
  256
370
   -1
100
AcDbLine
 10
81.41524799999999
 20
191.96013
 11
84.20419799999999
 21
191.386598
  0
LINE
  5
E6
100
AcDbEntity
  8
0
  6
ByLayer
 62
  256
370
   -1
100
AcDbLine
 10
84.20419799999999
 20
191.386598
 11
86.96272005718585
 21
190.6372515176014
  0
LINE
  5
E7
100
AcDbEntity
  8
0
  6
ByLayer
 62
  256
370
   -1
100
AcDbLine
 10
86.96268606451574
 20
189.2503166055861
 11
84.120075
 21
190.035899
  0
LINE
  5
E8
100
AcDbEntity
  8
0
  6
ByLayer
 62
  256
370
   -1
100
AcDbLine
 10
84.120075
 20
190.035899
 11
81.35745199999999
 21
190.626436
  0
LINE
  5
E9
100
AcDbEntity
  8
0
  6
ByLayer
 62
  256
370
   -1
100
AcDbLine
 10
81.35745199999999
 20
190.626436
 11
78.57923799999999
 21
191.053975
  0
LINE
  5
EA
100
AcDbEntity
  8
0
  6
ByLayer
 62
  256
370
   -1
100
AcDbLine
 10
78.57923799999999
 20
191.053975
 11
75.79229599999999
 21
191.319641
  0
LINE
  5
EB
100
AcDbEntity
  8
0
  6
ByLayer
 62
  256
370
   -1
100
AcDbLine
 10
75.79229599999999
 20
191.319641
 11
73.003491
 21
191.424555
  0
LINE
  5
EC
100
AcDbEntity
  8
0
  6
ByLayer
 62
  256
370
   -1
100
AcDbLine
 10
73.003491
 20
191.424555
 11
70.21968399999999
 21
191.369844
  0
LINE
  5
ED
100
AcDbEntity
  8
0
  6
ByLayer
 62
  256
370
   -1
100
AcDbLine
 10
70.21968399999999
 20
191.369844
 11
67.44773599999999
 21
191.156629
  0
LINE
  5
EE
100
AcDbEntity
  8
0
  6
ByLayer
 62
  256
370
   -1
100
AcDbLine
 10
67.44773599999999
 20
191.156629
 11
64.69451099999999
 21
190.786034
  0
LINE
  5
EF
100
AcDbEntity
  8
0
  6
ByLayer
 62
  256
370
   -1
100
AcDbLine
 10
64.69451099999999
 20
190.786034
 11
61.966872
 21
190.259185
  0
LINE
  5
F0
100
AcDbEntity
  8
0
  6
ByLayer
 62
  256
370
   -1
100
AcDbLine
 10
61.966872
 20
190.259185
 11
59.271681
 21
189.577204
  0
LINE
  5
F1
100
AcDbEntity
  8
0
  6
ByLayer
 62
  256
370
   -1
100
AcDbLine
 10
59.271681
 20
189.577204
 11
56.615802
 21
188.741214
  0
LINE
  5
F2
100
AcDbEntity
  8
0
  6
ByLayer
 62
  256
370
   -1
100
AcDbLine
 10
56.615802
 20
188.741214
 11
54.006094
 21
187.752339
  0
LINE
  5
F3
100
AcDbEntity
  8
0
  6
ByLayer
 62
  256
370
   -1
100
AcDbLine
 10
54.006094
 20
187.752339
 11
51.449423
 21
186.611704
  0
LINE
  5
F4
100
AcDbEntity
  8
0
  6
ByLayer
 62
  256
370
   -1
100
AcDbLine
 10
51.449423
 20
186.611704
 11
48.952649
 21
185.320431
  0
LINE
  5
F5
100
AcDbEntity
  8
0
  6
ByLayer
 62
  256
370
   -1
100
AcDbLine
 10
48.952649
 20
185.320431
 11
46.522637
 21
183.879645
  0
LINE
  5
F6
100
AcDbEntity
  8
0
  6
ByLayer
 62
  256
370
   -1
100
AcDbLine
 10
46.522637
 20
183.879645
 11
44.166248
 21
182.290469
  0
LINE
  5
F7
100
AcDbEntity
  8
0
  6
ByLayer
 62
  256
370
   -1
100
AcDbLine
 10
44.166248
 20
182.290469
 11
41.906378
 21
180.5668
  0
LINE
  5
F8
100
AcDbEntity
  8
0
  6
ByLayer
 62
  256
370
   -1
100
AcDbLine
 10
41.906378
 20
180.5668
 11
39.763522
 21
178.72588
  0
LINE
  5
F9
100
AcDbEntity
  8
0
  6
ByLayer
 62
  256
370
   -1
100
AcDbLine
 10
39.763522
 20
178.72588
 11
37.74094
 21
176.77385
  0
LINE
  5
FA
100
AcDbEntity
  8
0
  6
ByLayer
 62
  256
370
   -1
100
AcDbLine
 10
37.74094
 20
176.77385
 11
35.841893
 21
174.716852
  0
LINE
  5
FB
100
AcDbEntity
  8
0
  6
ByLayer
 62
  256
370
   -1
100
AcDbLine
 10
35.841893
 20
174.716852
 11
34.069644
 21
172.561028
  0
LINE
  5
FC
100
AcDbEntity
  8
0
  6
ByLayer
 62
  256
370
   -1
100
AcDbLine
 10
34.069644
 20
172.561028
 11
32.427454
 21
170.31252
  0
LINE
  5
FD
100
AcDbEntity
  8
0
  6
ByLayer
 62
  256
370
   -1
100
AcDbLine
 10
32.427454
 20
170.31252
 11
30.918583
 21
167.977469
  0
LINE
  5
FE
100
AcDbEntity
  8
0
  6
ByLayer
 62
  256
370
   -1
100
AcDbLine
 10
30.918583
 20
167.977469
 11
29.546295
 21
165.562017
  0
LINE
  5
FF
100
AcDbEntity
  8
0
  6
ByLayer
 62
  256
370
   -1
100
AcDbLine
 10
29.546295
 20
165.562017
 11
28.313848
 21
163.072306
  0
LINE
  5
100
100
AcDbEntity
  8
0
  6
ByLayer
 62
  256
370
   -1
100
AcDbLine
 10
28.313848
 20
163.072306
 11
27.224506
 21
160.514478
  0
LINE
  5
101
100
AcDbEntity
  8
0
  6
ByLayer
 62
  256
370
   -1
100
AcDbLine
 10
27.224506
 20
160.514478
 11
26.281529
 21
157.894674
  0
LINE
  5
102
100
AcDbEntity
  8
0
  6
ByLayer
 62
  256
370
   -1
100
AcDbLine
 10
26.281529
 20
157.894674
 11
25.48818
 21
155.219036
  0
LINE
  5
103
100
AcDbEntity
  8
0
  6
ByLayer
 62
  256
370
   -1
100
AcDbLine
 10
25.48818
 20
155.219036
 11
24.847719
 21
152.493706
  0
LINE
  5
104
100
AcDbEntity
  8
0
  6
ByLayer
 62
  256
370
   -1
100
AcDbLine
 10
24.847719
 20
152.493706
 11
24.363406
 21
149.724825
  0
LINE
  5
105
100
AcDbEntity
  8
0
  6
ByLayer
 62
  256
370
   -1
100
AcDbLine
 10
24.363406
 20
149.724825
 11
23.91277042661231
 21
146.2424924609604
  0
LINE
  5
106
100
AcDbEntity
  8
0
  6
ByLayer
 62
  256
370
   -1
100
AcDbLine
 10
23.91277042661231
 20
146.2424924609604
 11
27.647426
 21
141.542643
  0
LINE
  5
107
100
AcDbEntity
  8
0
  6
ByLayer
 62
  256
370
   -1
100
AcDbLine
 10
27.647426
 20
141.542643
 11
24.03674
 21
141.246125
  0
LINE
  5
108
100
AcDbEntity
  8
0
  6
ByLayer
 62
  256
370
   -1
100
AcDbLine
 10
24.03674
 20
141.246125
 11
24.360466
 21
138.442662
  0
LINE
  5
109
100
AcDbEntity
  8
0
  6
ByLayer
 62
  256
370
   -1
100
AcDbLine
 10
24.360466
 20
138.442662
 11
24.84416
 21
135.676779
  0
LINE
  5
10A
100
AcDbEntity
  8
0
  6
ByLayer
 62
  256
370
   -1
100
AcDbLine
 10
24.84416
 20
135.676779
 11
25.484526
 21
132.954657
  0
LINE
  5
10B
100
AcDbEntity
  8
0
  6
ByLayer
 62
  256
370
   -1
100
AcDbLine
 10
25.484526
 20
132.954657
 11
26.278268
 21
130.282486
  0
LINE
  5
10C
100
AcDbEntity
  8
0
  6
ByLayer
 62
  256
370
   -1
100
AcDbLine
 10
26.278268
 20
130.282486
 11
27.222091
 21
127.666451
  0
LINE
  5
10D
100
AcDbEntity
  8
0
  6
ByLayer
 62
  256
370
   -1
100
AcDbLine
 10
27.222091
 20
127.666451
 11
28.312698
 21
125.112736
  0
LINE
  5
10E
100
AcDbEntity
  8
0
  6
ByLayer
 62
  256
370
   -1
100
AcDbLine
 10
28.312698
 20
125.112736
 11
29.546794
 21
122.627529
  0
LINE
  5
10F
100
AcDbEntity
  8
0
  6
ByLayer
 62
  256
370
   -1
100
AcDbLine
 10
29.546794
 20
122.627529
 11
30.921083
 21
120.217015
  0
LINE
  5
110
100
AcDbEntity
  8
0
  6
ByLayer
 62
  256
370
   -1
100
AcDbLine
 10
30.921083
 20
120.217015
 11
32.432269
 21
117.887381
  0
LINE
  5
111
100
AcDbEntity
  8
0
  6
ByLayer
 62
  256
370
   -1
100
AcDbLine
 10
32.432269
 20
117.887381
 11
34.077057
 21
115.644811
  0
LINE
  5
112
100
AcDbEntity
  8
0
  6
ByLayer
 62
  256
370
   -1
100
AcDbLine
 10
34.077057
 20
115.644811
 11
35.852151
 21
113.495494
  0
LINE
  5
113
100
AcDbEntity
  8
0
  6
ByLayer
 62
  256
370
   -1
100
AcDbLine
 10
35.852151
 20
113.495494
 11
37.754253
 21
111.445612
  0
LINE
  5
114
100
AcDbEntity
  8
0
  6
ByLayer
 62
  256
370
   -1
100
AcDbLine
 10
37.754253
 20
111.445612
 11
39.780071
 21
109.501355
  0
LINE
  5
115
100
AcDbEntity
  8
0
  6
ByLayer
 62
  256
370
   -1
100
AcDbLine
 10
39.780071
 20
109.501355
 11
41.926306
 21
107.668905
  0
LINE
  5
116
100
AcDbEntity
  8
0
  6
ByLayer
 62
  256
370
   -1
100
AcDbLine
 10
41.926306
 20
107.668905
 11
44.189664
 21
105.954451
  0
LINE
  5
117
100
AcDbEntity
  8
0
  6
ByLayer
 62
  256
370
   -1
100
AcDbLine
 10
44.189664
 20
105.954451
 11
46.549422
 21
104.375312
  0
LINE
  5
118
100
AcDbEntity
  8
0
  6
ByLayer
 62
  256
370
   -1
100
AcDbLine
 10
46.549422
 20
104.375312
 11
48.982443
 21
102.945416
  0
LINE
  5
119
100
AcDbEntity
  8
0
  6
ByLayer
 62
  256
370
   -1
100
AcDbLine
 10
48.982443
 20
102.945416
 11
51.481803
 21
101.665855
  0
LINE
  5
11A
100
AcDbEntity
  8
0
  6
ByLayer
 62
  256
370
   -1
100
AcDbLine
 10
51.481803
 20
101.665855
 11
54.040578
 21
100.537724
  0
LINE
  5
11B
100
AcDbEntity
  8
0
  6
ByLayer
 62
  256
370
   -1
100
AcDbLine
 10
54.040578
 20
100.537724
 11
56.651846
 21
99.562118
  0
LINE
  5
11C
100
AcDbEntity
  8
0
  6
ByLayer
 62
  256
370
   -1
100
AcDbLine
 10
56.651846
 20
99.562118
 11
59.308682
 21
98.74013099999999
  0
LINE
  5
11D
100
AcDbEntity
  8
0
  6
ByLayer
 62
  256
370
   -1
100
AcDbLine
 10
59.308682
 20
98.74013099999999
 11
62.004166
 21
98.072857
  0
LINE
  5
11E
100
AcDbEntity
  8
0
  6
ByLayer
 62
  256
370
   -1
100
AcDbLine
 10
62.004166
 20
98.072857
 11
64.73137199999999
 21
97.56139099999999
  0
LINE
  5
11F
100
AcDbEntity
  8
0
  6
ByLayer
 62
  256
370
   -1
100
AcDbLine
 10
64.73137199999999
 20
97.56139099999999
 11
67.48337599999999
 21
97.20682600000001
  0
LINE
  5
120
100
AcDbEntity
  8
0
  6
ByLayer
 62
  256
370
   -1
100
AcDbLine
 10
67.48337599999999
 20
97.20682600000001
 11
70.25325699999999
 21
97.010257
  0
LINE
  5
121
100
AcDbEntity
  8
0
  6
ByLayer
 62
  256
370
   -1
100
AcDbLine
 10
70.25325699999999
 20
97.010257
 11
73.03409199999999
 21
96.972779
  0
LINE
  5
122
100
AcDbEntity
  8
0
  6
ByLayer
 62
  256
370
   -1
100
AcDbLine
 10
73.03409199999999
 20
96.972779
 11
75.818956
 21
97.095485
  0
LINE
  5
123
100
AcDbEntity
  8
0
  6
ByLayer
 62
  256
370
   -1
100
AcDbLine
 10
75.818956
 20
97.095485
 11
78.600927
 21
97.37947
  0
LINE
  5
124
100
AcDbEntity
  8
0
  6
ByLayer
 62
  256
370
   -1
100
AcDbLine
 10
78.600927
 20
97.37947
 11
81.373082
 21
97.825828
  0
LINE
  5
125
100
AcDbEntity
  8
0
  6
ByLayer
 62
  256
370
   -1
100
AcDbLine
 10
81.373082
 20
97.825828
 11
84.12849499999999
 21
98.435654
  0
LINE
  5
126
100
AcDbEntity
  8
0
  6
ByLayer
 62
  256
370
   -1
100
AcDbLine
 10
84.12849499999999
 20
98.435654
 11
86.96157899999999
 21
99.23130410876087
  0
LINE
  5
127
100
AcDbEntity
  8
0
  6
ByLayer
 62
  256
370
   -1
100
AcDbLine
 10
86.96254220574043
 20
183.3807348060952
 11
82.63824099999999
 21
183.747323
  0
LINE
  5
128
100
AcDbEntity
  8
0
  6
ByLayer
 62
  256
370
   -1
100
AcDbLine
 10
82.63824099999999
 20
183.747323
 11
78.44044799999999
 21
183.639749
  0
LINE
  5
129
100
AcDbEntity
  8
0
  6
ByLayer
 62
  256
370
   -1
100
AcDbLine
 10
78.44044799999999
 20
183.639749
 11
74.302212
 21
183.082526
  0
LINE
  5
12A
100
AcDbEntity
  8
0
  6
ByLayer
 62
  256
370
   -1
100
AcDbLine
 10
74.302212
 20
183.082526
 11
70.258877
 21
182.086403
  0
LINE
  5
12B
100
AcDbEntity
  8
0
  6
ByLayer
 62
  256
370
   -1
100
AcDbLine
 10
70.258877
 20
182.086403
 11
66.34578699999999
 21
180.662135
  0
LINE
  5
12C
100
AcDbEntity
  8
0
  6
ByLayer
 62
  256
370
   -1
100
AcDbLine
 10
66.34578699999999
 20
180.662135
 11
62.598285
 21
178.820472
  0
LINE
  5
12D
100
AcDbEntity
  8
0
  6
ByLayer
 62
  256
370
   -1
100
AcDbLine
 10
62.598285
 20
178.820472
 11
59.051716
 21
176.572166
  0
LINE
  5
12E
100
AcDbEntity
  8
0
  6
ByLayer
 62
  256
370
   -1
100
AcDbLine
 10
59.051716
 20
176.572166
 11
55.741422
 21
173.92797
  0
LINE
  5
12F
100
AcDbEntity
  8
0
  6
ByLayer
 62
  256
370
   -1
100
AcDbLine
 10
55.741422
 20
173.92797
 11
52.73945
 21
170.938322
  0
LINE
  5
130
100
AcDbEntity
  8
0
  6
ByLayer
 62
  256
370
   -1
100
AcDbLine
 10
52.73945
 20
170.938322
 11
50.104074
 21
167.669098
  0
LINE
  5
131
100
AcDbEntity
  8
0
  6
ByLayer
 62
  256
370
   -1
100
AcDbLine
 10
50.104074
 20
167.669098
 11
47.849978
 21
164.154195
  0
LINE
  5
132
100
AcDbEntity
  8
0
  6
ByLayer
 62
  256
370
   -1
100
AcDbLine
 10
47.849978
 20
164.154195
 11
45.991845
 21
160.427513
  0
LINE
  5
133
100
AcDbEntity
  8
0
  6
ByLayer
 62
  256
370
   -1
100
AcDbLine
 10
45.991845
 20
160.427513
 11
44.544361
 21
156.52295
  0
LINE
  5
134
100
AcDbEntity
  8
0
  6
ByLayer
 62
  256
370
   -1
100
AcDbLine
 10
44.544361
 20
156.52295
 11
43.522208
 21
152.474408
  0
LINE
  5
135
100
AcDbEntity
  8
0
  6
ByLayer
 62
  256
370
   -1
100
AcDbLine
 10
43.522208
 20
152.474408
 11
42.63254857850789
 21
146.1569022448238
  0
LINE
  5
136
100
AcDbEntity
  8
0
  6
ByLayer
 62
  256
370
   -1
100
AcDbLine
 10
42.63254857850789
 20
146.1569022448238
 11
39.519354
 21
141.405185
  0
LINE
  5
137
100
AcDbEntity
  8
0
  6
ByLayer
 62
  256
370
   -1
100
AcDbLine
 10
39.519354
 20
141.405185
 11
42.72693555279162
 21
141.489594641559
  0
LINE
  5
138
100
AcDbEntity
  8
0
  6
ByLayer
 62
  256
370
   -1
100
AcDbLine
 10
42.72693555279162
 20
141.489594641559
 11
43.536491
 21
135.735972
  0
LINE
  5
139
100
AcDbEntity
  8
0
  6
ByLayer
 62
  256
370
   -1
100
AcDbLine
 10
43.536491
 20
135.735972
 11
44.567672
 21
131.714451
  0
LINE
  5
13A
100
AcDbEntity
  8
0
  6
ByLayer
 62
  256
370
   -1
100
AcDbLine
 10
44.567672
 20
131.714451
 11
46.024953
 21
127.839261
  0
LINE
  5
13B
100
AcDbEntity
  8
0
  6
ByLayer
 62
  256
370
   -1
100
AcDbLine
 10
46.024953
 20
127.839261
 11
47.893288
 21
124.144656
  0
LINE
  5
13C
100
AcDbEntity
  8
0
  6
ByLayer
 62
  256
370
   -1
100
AcDbLine
 10
47.893288
 20
124.144656
 11
50.157624
 21
120.664894
  0
LINE
  5
13D
100
AcDbEntity
  8
0
  6
ByLayer
 62
  256
370
   -1
100
AcDbLine
 10
50.157624
 20
120.664894
 11
52.802912
 21
117.434231
  0
LINE
  5
13E
100
AcDbEntity
  8
0
  6
ByLayer
 62
  256
370
   -1
100
AcDbLine
 10
52.802912
 20
117.434231
 11
55.814104
 21
114.486923
  0
LINE
  5
13F
100
AcDbEntity
  8
0
  6
ByLayer
 62
  256
370
   -1
100
AcDbLine
 10
55.814104
 20
114.486923
 11
59.131612
 21
111.889225
  0
LINE
  5
140
100
AcDbEntity
  8
0
  6
ByLayer
 62
  256
370
   -1
100
AcDbLine
 10
59.131612
 20
111.889225
 11
62.681926
 21
109.691496
  0
LINE
  5
141
100
AcDbEntity
  8
0
  6
ByLayer
 62
  256
370
   -1
100
AcDbLine
 10
62.681926
 20
109.691496
 11
66.429108
 21
107.904157
  0
LINE
  5
142
100
AcDbEntity
  8
0
  6
ByLayer
 62
  256
370
   -1
100
AcDbLine
 10
66.429108
 20
107.904157
 11
70.337222
 21
106.537621
  0
LINE
  5
143
100
AcDbEntity
  8
0
  6
ByLayer
 62
  256
370
   -1
100
AcDbLine
 10
70.337222
 20
106.537621
 11
74.370329
 21
105.602306
  0
LINE
  5
144
100
AcDbEntity
  8
0
  6
ByLayer
 62
  256
370
   -1
100
AcDbLine
 10
74.370329
 20
105.602306
 11
78.49249399999999
 21
105.108628
  0
LINE
  5
145
100
AcDbEntity
  8
0
  6
ByLayer
 62
  256
370
   -1
100
AcDbLine
 10
78.49249399999999
 20
105.108628
 11
82.667779
 21
105.067005
  0
LINE
  5
146
100
AcDbEntity
  8
0
  6
ByLayer
 62
  256
370
   -1
100
AcDbLine
 10
82.667779
 20
105.067005
 11
86.96157899999999
 21
105.4958487064615
  0
LINE
  5
147
100
AcDbEntity
  8
0
  6
ByLayer
 62
  256
370
   -1
100
AcDbLine
 10
86.96157899999999
 20
106.945025902186
 11
82.806406
 21
106.479741
  0
LINE
  5
148
100
AcDbEntity
  8
0
  6
ByLayer
 62
  256
370
   -1
100
AcDbLine
 10
82.806406
 20
106.479741
 11
78.76532999999999
 21
106.48296
  0
LINE
  5
149
100
AcDbEntity
  8
0
  6
ByLayer
 62
  256
370
   -1
100
AcDbLine
 10
78.76532999999999
 20
106.48296
 11
74.77253599999999
 21
106.928273
  0
LINE
  5
14A
100
AcDbEntity
  8
0
  6
ByLayer
 62
  256
370
   -1
100
AcDbLine
 10
74.77253599999999
 20
106.928273
 11
70.86354499999999
 21
107.805641
  0
LINE
  5
14B
100
AcDbEntity
  8
0
  6
ByLayer
 62
  256
370
   -1
100
AcDbLine
 10
70.86354499999999
 20
107.805641
 11
67.07387399999999
 21
109.105019
  0
LINE
  5
14C
100
AcDbEntity
  8
0
  6
ByLayer
 62
  256
370
   -1
100
AcDbLine
 10
67.07387399999999
 20
109.105019
 11
63.43904199999999
 21
110.816366
  0
LINE
  5
14D
100
AcDbEntity
  8
0
  6
ByLayer
 62
  256
370
   -1
100
AcDbLine
 10
63.43904199999999
 20
110.816366
 11
59.99457
 21
112.929638
  0
LINE
  5
14E
100
AcDbEntity
  8
0
  6
ByLayer
 62
  256
370
   -1
100
AcDbLine
 10
59.99457
 20
112.929638
 11
56.775975
 21
115.434793
  0
LINE
  5
14F
100
AcDbEntity
  8
0
  6
ByLayer
 62
  256
370
   -1
100
AcDbLine
 10
56.775975
 20
115.434793
 11
53.855972
 21
118.282378
  0
LINE
  5
150
100
AcDbEntity
  8
0
  6
ByLayer
 62
  256
370
   -1
100
AcDbLine
 10
53.855972
 20
118.282378
 11
51.293453
 21
121.407087
  0
LINE
  5
151
100
AcDbEntity
  8
0
  6
ByLayer
 62
  256
370
   -1
100
AcDbLine
 10
51.293453
 20
121.407087
 11
49.103203
 21
124.775099
  0
LINE
  5
152
100
AcDbEntity
  8
0
  6
ByLayer
 62
  256
370
   -1
100
AcDbLine
 10
49.103203
 20
124.775099
 11
47.300005
 21
128.352594
  0
LINE
  5
153
100
AcDbEntity
  8
0
  6
ByLayer
 62
  256
370
   -1
100
AcDbLine
 10
47.300005
 20
128.352594
 11
45.898647
 21
132.10575
  0
LINE
  5
154
100
AcDbEntity
  8
0
  6
ByLayer
 62
  256
370
   -1
100
AcDbLine
 10
45.898647
 20
132.10575
 11
44.91391
 21
136.000747
  0
LINE
  5
155
100
AcDbEntity
  8
0
  6
ByLayer
 62
  256
370
   -1
100
AcDbLine
 10
44.91391
 20
136.000747
 11
44.0855822795613
 21
141.5253483336551
  0
LINE
  5
156
100
AcDbEntity
  8
0
  6
ByLayer
 62
  256
370
   -1
100
AcDbLine
 10
44.0855822795613
 20
141.5253483336551
 11
47.340893
 21
141.611014
  0
LINE
  5
157
100
AcDbEntity
  8
0
  6
ByLayer
 62
  256
370
   -1
100
AcDbLine
 10
47.340893
 20
141.611014
 11
44.07724495131634
 21
146.4206018278916
  0
LINE
  5
158
100
AcDbEntity
  8
0
  6
ByLayer
 62
  256
370
   -1
100
AcDbLine
 10
44.07724495131634
 20
146.4206018278916
 11
44.796906
 21
152.255351
  0
LINE
  5
159
100
AcDbEntity
  8
0
  6
ByLayer
 62
  256
370
   -1
100
AcDbLine
 10
44.796906
 20
152.255351
 11
45.736886
 21
156.204289
  0
LINE
  5
15A
100
AcDbEntity
  8
0
  6
ByLayer
 62
  256
370
   -1
100
AcDbLine
 10
45.736886
 20
156.204289
 11
47.102746
 21
160.014571
  0
LINE
  5
15B
100
AcDbEntity
  8
0
  6
ByLayer
 62
  256
370
   -1
100
AcDbLine
 10
47.102746
 20
160.014571
 11
48.879769
 21
163.651328
  0
LINE
  5
15C
100
AcDbEntity
  8
0
  6
ByLayer
 62
  256
370
   -1
100
AcDbLine
 10
48.879769
 20
163.651328
 11
51.053242
 21
167.079694
  0
LINE
  5
15D
100
AcDbEntity
  8
0
  6
ByLayer
 62
  256
370
   -1
100
AcDbLine
 10
51.053242
 20
167.079694
 11
53.608449
 21
170.2648
  0
LINE
  5
15E
100
AcDbEntity
  8
0
  6
ByLayer
 62
  256
370
   -1
100
AcDbLine
 10
53.608449
 20
170.2648
 11
56.530673
 21
173.171779
  0
LINE
  5
15F
100
AcDbEntity
  8
0
  6
ByLayer
 62
  256
370
   -1
100
AcDbLine
 10
56.530673
 20
173.171779
 11
59.760208
 21
175.73303
  0
LINE
  5
160
100
AcDbEntity
  8
0
  6
ByLayer
 62
  256
370
   -1
100
AcDbLine
 10
59.760208
 20
175.73303
 11
63.222923
 21
177.897189
  0
LINE
  5
161
100
AcDbEntity
  8
0
  6
ByLayer
 62
  256
370
   -1
100
AcDbLine
 10
63.222923
 20
177.897189
 11
66.88246699999999
 21
179.653724
  0
LINE
  5
162
100
AcDbEntity
  8
0
  6
ByLayer
 62
  256
370
   -1
100
AcDbLine
 10
66.88246699999999
 20
179.653724
 11
70.702484
 21
180.992115
  0
LINE
  5
163
100
AcDbEntity
  8
0
  6
ByLayer
 62
  256
370
   -1
100
AcDbLine
 10
70.702484
 20
180.992115
 11
74.64662399999999
 21
181.901831
  0
LINE
  5
164
100
AcDbEntity
  8
0
  6
ByLayer
 62
  256
370
   -1
100
AcDbLine
 10
74.64662399999999
 20
181.901831
 11
78.67853299999999
 21
182.37235
  0
LINE
  5
165
100
AcDbEntity
  8
0
  6
ByLayer
 62
  256
370
   -1
100
AcDbLine
 10
78.67853299999999
 20
182.37235
 11
82.76185799999999
 21
182.393144
  0
LINE
  5
166
100
AcDbEntity
  8
0
  6
ByLayer
 62
  256
370
   -1
100
AcDbLine
 10
82.76185799999999
 20
182.393144
 11
86.96250668211329
 21
181.9313353171354
  0
LINE
  5
167
100
AcDbEntity
  8
0
  6
ByLayer
 62
  256
370
   -1
100
AcDbLine
 10
86.96157899999999
 20
112.5011145049548
 11
84.07055605641422
 21
113.0321722640492
  0
LINE
  5
168
100
AcDbEntity
  8
0
  6
ByLayer
 62
  256
370
   -1
100
AcDbLine
 10
84.07055605641422
 20
113.0321722640492
 11
81.28847605641423
 21
113.8166022640492
  0
LINE
  5
169
100
AcDbEntity
  8
0
  6
ByLayer
 62
  256
370
   -1
100
AcDbLine
 10
81.28847605641423
 20
113.8166022640492
 11
78.62781205641423
 21
114.8454932640492
  0
LINE
  5
16A
100
AcDbEntity
  8
0
  6
ByLayer
 62
  256
370
   -1
100
AcDbLine
 10
78.62781205641423
 20
114.8454932640492
 11
76.10026205641422
 21
116.1049152640492
  0
LINE
  5
16B
100
AcDbEntity
  8
0
  6
ByLayer
 62
  256
370
   -1
100
AcDbLine
 10
76.10026205641422
 20
116.1049152640492
 11
73.71752405641422
 21
117.5809392640492
  0
LINE
  5
16C
100
AcDbEntity
  8
0
  6
ByLayer
 62
  256
370
   -1
100
AcDbLine
 10
73.71752405641422
 20
117.5809392640492
 11
71.49129405641422
 21
119.2596302640492
  0
LINE
  5
16D
100
AcDbEntity
  8
0
  6
ByLayer
 62
  256
370
   -1
100
AcDbLine
 10
71.49129405641422
 20
119.2596302640492
 11
69.43327005641423
 21
121.1270622640492
  0
LINE
  5
16E
100
AcDbEntity
  8
0
  6
ByLayer
 62
  256
370
   -1
100
AcDbLine
 10
69.43327005641423
 20
121.1270622640492
 11
67.55514705641423
 21
123.1693022640492
  0
LINE
  5
16F
100
AcDbEntity
  8
0
  6
ByLayer
 62
  256
370
   -1
100
AcDbLine
 10
67.55514705641423
 20
123.1693022640492
 11
65.86862405641422
 21
125.3724212640492
  0
LINE
  5
170
100
AcDbEntity
  8
0
  6
ByLayer
 62
  256
370
   -1
100
AcDbLine
 10
65.86862405641422
 20
125.3724212640492
 11
64.38539705641422
 21
127.7224862640492
  0
LINE
  5
171
100
AcDbEntity
  8
0
  6
ByLayer
 62
  256
370
   -1
100
AcDbLine
 10
64.38539705641422
 20
127.7224862640492
 11
63.11716405641423
 21
130.2055672640492
  0
LINE
  5
172
100
AcDbEntity
  8
0
  6
ByLayer
 62
  256
370
   -1
100
AcDbLine
 10
63.11716405641423
 20
130.2055672640492
 11
62.07562105641423
 21
132.8077332640492
  0
LINE
  5
173
100
AcDbEntity
  8
0
  6
ByLayer
 62
  256
370
   -1
100
AcDbLine
 10
62.07562105641423
 20
132.8077332640492
 11
61.27246505641423
 21
135.5150552640492
  0
LINE
  5
174
100
AcDbEntity
  8
0
  6
ByLayer
 62
  256
370
   -1
100
AcDbLine
 10
61.27246505641423
 20
135.5150552640492
 11
60.71939405641423
 21
138.3136022640492
  0
LINE
  5
175
100
AcDbEntity
  8
0
  6
ByLayer
 62
  256
370
   -1
100
AcDbLine
 10
60.71939405641423
 20
138.3136022640492
 11
60.42810305641423
 21
141.1894412640492
  0
LINE
  5
176
100
AcDbEntity
  8
0
  6
ByLayer
 62
  256
370
   -1
100
AcDbLine
 10
60.42810305641423
 20
141.1894412640492
 11
63.42135305641423
 21
141.0206072640492
  0
LINE
  5
177
100
AcDbEntity
  8
0
  6
ByLayer
 62
  256
370
   -1
100
AcDbLine
 10
63.42135305641423
 20
141.0206072640492
 11
63.42135305641423
 21
141.0206072640492
  0
LINE
  5
178
100
AcDbEntity
  8
0
  6
ByLayer
 62
  256
370
   -1
100
AcDbLine
 10
63.42135305641423
 20
141.0206072640492
 11
63.42135305641423
 21
141.0206072640492
  0
LINE
  5
179
100
AcDbEntity
  8
0
  6
ByLayer
 62
  256
370
   -1
100
AcDbLine
 10
63.42135305641423
 20
141.0206072640492
 11
60.45243005641423
 21
147.0611302640492
  0
LINE
  5
17A
100
AcDbEntity
  8
0
  6
ByLayer
 62
  256
370
   -1
100
AcDbLine
 10
60.45243005641423
 20
147.0611302640492
 11
60.76317605641423
 21
149.9299892640492
  0
LINE
  5
17B
100
AcDbEntity
  8
0
  6
ByLayer
 62
  256
370
   -1
100
AcDbLine
 10
60.76317605641423
 20
149.9299892640492
 11
61.33117905641423
 21
152.7216712640492
  0
LINE
  5
17C
100
AcDbEntity
  8
0
  6
ByLayer
 62
  256
370
   -1
100
AcDbLine
 10
61.33117905641423
 20
152.7216712640492
 11
62.14509405641423
 21
155.4226302640492
  0
LINE
  5
17D
100
AcDbEntity
  8
0
  6
ByLayer
 62
  256
370
   -1
100
AcDbLine
 10
62.14509405641423
 20
155.4226302640492
 11
63.19357105641424
 21
158.0193182640492
  0
LINE
  5
17E
100
AcDbEntity
  8
0
  6
ByLayer
 62
  256
370
   -1
100
AcDbLine
 10
63.19357105641424
 20
158.0193182640492
 11
64.46526105641422
 21
160.4981882640492
  0
LINE
  5
17F
100
AcDbEntity
  8
0
  6
ByLayer
 62
  256
370
   -1
100
AcDbLine
 10
64.46526105641422
 20
160.4981882640492
 11
65.94881805641423
 21
162.8456922640492
  0
LINE
  5
180
100
AcDbEntity
  8
0
  6
ByLayer
 62
  256
370
   -1
100
AcDbLine
 10
65.94881805641423
 20
162.8456922640492
 11
67.63289205641422
 21
165.0482832640492
  0
LINE
  5
181
100
AcDbEntity
  8
0
  6
ByLayer
 62
  256
370
   -1
100
AcDbLine
 10
67.63289205641422
 20
165.0482832640492
 11
69.50613705641422
 21
167.0924132640492
  0
LINE
  5
182
100
AcDbEntity
  8
0
  6
ByLayer
 62
  256
370
   -1
100
AcDbLine
 10
69.50613705641422
 20
167.0924132640492
 11
71.55720305641422
 21
168.9645362640492
  0
LINE
  5
183
100
AcDbEntity
  8
0
  6
ByLayer
 62
  256
370
   -1
100
AcDbLine
 10
71.55720305641422
 20
168.9645362640492
 11
73.77474205641423
 21
170.6511042640492
  0
LINE
  5
184
100
AcDbEntity
  8
0
  6
ByLayer
 62
  256
370
   -1
100
AcDbLine
 10
73.77474205641423
 20
170.6511042640492
 11
76.14740705641422
 21
172.1385692640492
  0
LINE
  5
185
100
AcDbEntity
  8
0
  6
ByLayer
 62
  256
370
   -1
100
AcDbLine
 10
76.14740705641422
 20
172.1385692640492
 11
78.66384905641422
 21
173.4133842640492
  0
LINE
  5
186
100
AcDbEntity
  8
0
  6
ByLayer
 62
  256
370
   -1
100
AcDbLine
 10
78.66384905641422
 20
173.4133842640492
 11
81.31272105641422
 21
174.4620022640492
  0
LINE
  5
187
100
AcDbEntity
  8
0
  6
ByLayer
 62
  256
370
   -1
100
AcDbLine
 10
81.31272105641422
 20
174.4620022640492
 11
84.08267305641422
 21
175.2708762640492
  0
LINE
  5
188
100
AcDbEntity
  8
0
  6
ByLayer
 62
  256
370
   -1
100
AcDbLine
 10
84.08267305641422
 20
175.2708762640492
 11
86.96235705641422
 21
175.8264572640492
  0
LINE
  5
189
100
AcDbEntity
  8
0
  6
ByLayer
 62
  256
370
   -1
100
AcDbLine
 10
86.96238929456449
 20
177.1418060129041
 11
83.83248399999999
 21
176.557202
  0
LINE
  5
18A
100
AcDbEntity
  8
0
  6
ByLayer
 62
  256
370
   -1
100
AcDbLine
 10
83.83248399999999
 20
176.557202
 11
80.91744799999999
 21
175.731428
  0
LINE
  5
18B
100
AcDbEntity
  8
0
  6
ByLayer
 62
  256
370
   -1
100
AcDbLine
 10
80.91744799999999
 20
175.731428
 11
78.127135
 21
174.653419
  0
LINE
  5
18C
100
AcDbEntity
  8
0
  6
ByLayer
 62
  256
370
   -1
100
AcDbLine
 10
78.127135
 20
174.653419
 11
75.473541
 21
173.33723
  0
LINE
  5
18D
100
AcDbEntity
  8
0
  6
ByLayer
 62
  256
370
   -1
100
AcDbLine
 10
75.473541
 20
173.33723
 11
72.96866499999999
 21
171.796916
  0
LINE
  5
18E
100
AcDbEntity
  8
0
  6
ByLayer
 62
  256
370
   -1
100
AcDbLine
 10
72.96866499999999
 20
171.796916
 11
70.62450299999999
 21
170.046533
  0
LINE
  5
18F
100
AcDbEntity
  8
0
  6
ByLayer
 62
  256
370
   -1
100
AcDbLine
 10
70.62450299999999
 20
170.046533
 11
68.453053
 21
168.100136
  0
LINE
  5
190
100
AcDbEntity
  8
0
  6
ByLayer
 62
  256
370
   -1
100
AcDbLine
 10
68.453053
 20
168.100136
 11
66.46631099999999
 21
165.971779
  0
LINE
  5
191
100
AcDbEntity
  8
0
  6
ByLayer
 62
  256
370
   -1
100
AcDbLine
 10
66.46631099999999
 20
165.971779
 11
64.67627499999999
 21
163.675516
  0
LINE
  5
192
100
AcDbEntity
  8
0
  6
ByLayer
 62
  256
370
   -1
100
AcDbLine
 10
64.67627499999999
 20
163.675516
 11
63.094942
 21
161.225406
  0
LINE
  5
193
100
AcDbEntity
  8
0
  6
ByLayer
 62
  256
370
   -1
100
AcDbLine
 10
63.094942
 20
161.225406
 11
61.734308
 21
158.6355
  0
LINE
  5
194
100
AcDbEntity
  8
0
  6
ByLayer
 62
  256
370
   -1
100
AcDbLine
 10
61.734308
 20
158.6355
 11
60.606372
 21
155.919854
  0
LINE
  5
195
100
AcDbEntity
  8
0
  6
ByLayer
 62
  256
370
   -1
100
AcDbLine
 10
60.606372
 20
155.919854
 11
59.72313
 21
153.092524
  0
LINE
  5
196
100
AcDbEntity
  8
0
  6
ByLayer
 62
  256
370
   -1
100
AcDbLine
 10
59.72313
 20
153.092524
 11
59.096579
 21
150.167564
  0
LINE
  5
197
100
AcDbEntity
  8
0
  6
ByLayer
 62
  256
370
   -1
100
AcDbLine
 10
59.096579
 20
150.167564
 11
58.738716
 21
147.159031
  0
LINE
  5
198
100
AcDbEntity
  8
0
  6
ByLayer
 62
  256
370
   -1
100
AcDbLine
 10
58.738716
 20
147.159031
 11
55.497699
 21
141.178771
  0
LINE
  5
199
100
AcDbEntity
  8
0
  6
ByLayer
 62
  256
370
   -1
100
AcDbLine
 10
55.497699
 20
141.178771
 11
58.736718
 21
140.997543
  0
LINE
  5
19A
100
AcDbEntity
  8
0
  6
ByLayer
 62
  256
370
   -1
100
AcDbLine
 10
58.736718
 20
140.997543
 11
59.092641
 21
137.983314
  0
LINE
  5
19B
100
AcDbEntity
  8
0
  6
ByLayer
 62
  256
370
   -1
100
AcDbLine
 10
59.092641
 20
137.983314
 11
59.717357
 21
135.052346
  0
LINE
  5
19C
100
AcDbEntity
  8
0
  6
ByLayer
 62
  256
370
   -1
100
AcDbLine
 10
59.717357
 20
135.052346
 11
60.598912
 21
132.218695
  0
LINE
  5
19D
100
AcDbEntity
  8
0
  6
ByLayer
 62
  256
370
   -1
100
AcDbLine
 10
60.598912
 20
132.218695
 11
61.725353
 21
129.496416
  0
LINE
  5
19E
100
AcDbEntity
  8
0
  6
ByLayer
 62
  256
370
   -1
100
AcDbLine
 10
61.725353
 20
129.496416
 11
63.084729
 21
126.899566
  0
LINE
  5
19F
100
AcDbEntity
  8
0
  6
ByLayer
 62
  256
370
   -1
100
AcDbLine
 10
63.084729
 20
126.899566
 11
64.66508599999999
 21
124.442198
  0
LINE
  5
1A0
100
AcDbEntity
  8
0
  6
ByLayer
 62
  256
370
   -1
100
AcDbLine
 10
64.66508599999999
 20
124.442198
 11
66.454471
 21
122.138368
  0
LINE
  5
1A1
100
AcDbEntity
  8
0
  6
ByLayer
 62
  256
370
   -1
100
AcDbLine
 10
66.454471
 20
122.138368
 11
68.44093199999999
 21
120.002132
  0
LINE
  5
1A2
100
AcDbEntity
  8
0
  6
ByLayer
 62
  256
370
   -1
100
AcDbLine
 10
68.44093199999999
 20
120.002132
 11
70.612516
 21
118.047546
  0
LINE
  5
1A3
100
AcDbEntity
  8
0
  6
ByLayer
 62
  256
370
   -1
100
AcDbLine
 10
70.612516
 20
118.047546
 11
72.95726999999999
 21
116.288664
  0
LINE
  5
1A4
100
AcDbEntity
  8
0
  6
ByLayer
 62
  256
370
   -1
100
AcDbLine
 10
72.95726999999999
 20
116.288664
 11
75.46324199999999
 21
114.739542
  0
LINE
  5
1A5
100
AcDbEntity
  8
0
  6
ByLayer
 62
  256
370
   -1
100
AcDbLine
 10
75.46324199999999
 20
114.739542
 11
78.118478
 21
113.414236
  0
LINE
  5
1A6
100
AcDbEntity
  8
0
  6
ByLayer
 62
  256
370
   -1
100
AcDbLine
 10
78.118478
 20
113.414236
 11
80.91102599999999
 21
112.3268
  0
LINE
  5
1A7
100
AcDbEntity
  8
0
  6
ByLayer
 62
  256
370
   -1
100
AcDbLine
 10
80.91102599999999
 20
112.3268
 11
83.82893299999999
 21
111.491291
  0
LINE
  5
1A8
100
AcDbEntity
  8
0
  6
ByLayer
 62
  256
370
   -1
100
AcDbLine
 10
83.82893299999999
 20
111.491291
 11
86.96157899999999
 21
110.9136606184486
  0
LINE
  5
1A9
100
AcDbEntity
  8
0
  6
ByLayer
 62
  256
370
   -1
100
AcDbLine
 10
86.963151
 20
91.38838999999999
 11
83.28563699999999
 21
89.980602
  0
LINE
  5
1AA
100
AcDbEntity
  8
0
  6
ByLayer
 62
  256
370
   -1
100
AcDbLine
 10
83.28563699999999
 20
89.980602
 11
79.55453799999999
 21
88.80290099999999
  0
LINE
  5
1AB
100
AcDbEntity
  8
0
  6
ByLayer
 62
  256
370
   -1
100
AcDbLine
 10
79.55453799999999
 20
88.80290099999999
 11
75.78000499999999
 21
87.85449399999999
  0
LINE
  5
1AC
100
AcDbEntity
  8
0
  6
ByLayer
 62
  256
370
   -1
100
AcDbLine
 10
75.78000499999999
 20
87.85449399999999
 11
71.972195
 21
87.134592
  0
LINE
  5
1AD
100
AcDbEntity
  8
0
  6
ByLayer
 62
  256
370
   -1
100
AcDbLine
 10
71.972195
 20
87.134592
 11
68.141263
 21
86.642402
  0
LINE
  5
1AE
100
AcDbEntity
  8
0
  6
ByLayer
 62
  256
370
   -1
100
AcDbLine
 10
68.141263
 20
86.642402
 11
64.29736299999999
 21
86.37713400000001
  0
LINE
  5
1AF
100
AcDbEntity
  8
0
  6
ByLayer
 62
  256
370
   -1
100
AcDbLine
 10
64.29736299999999
 20
86.37713400000001
 11
60.450649
 21
86.33799500000001
  0
LINE
  5
1B0
100
AcDbEntity
  8
0
  6
ByLayer
 62
  256
370
   -1
100
AcDbLine
 10
60.450649
 20
86.33799500000001
 11
56.611278
 21
86.52419599999999
  0
LINE
  5
1B1
100
AcDbEntity
  8
0
  6
ByLayer
 62
  256
370
   -1
100
AcDbLine
 10
56.611278
 20
86.52419599999999
 11
52.789401
 21
86.934944
  0
LINE
  5
1B2
100
AcDbEntity
  8
0
  6
ByLayer
 62
  256
370
   -1
100
AcDbLine
 10
52.789401
 20
86.934944
 11
48.995177
 21
87.56944799999999
  0
LINE
  5
1B3
100
AcDbEntity
  8
0
  6
ByLayer
 62
  256
370
   -1
100
AcDbLine
 10
48.995177
 20
87.56944799999999
 11
45.238758
 21
88.426918
  0
LINE
  5
1B4
100
AcDbEntity
  8
0
  6
ByLayer
 62
  256
370
   -1
100
AcDbLine
 10
45.238758
 20
88.426918
 11
41.5303
 21
89.506562
  0
LINE
  5
1B5
100
AcDbEntity
  8
0
  6
ByLayer
 62
  256
370
   -1
100
AcDbLine
 10
41.5303
 20
89.506562
 11
37.879956
 21
90.80758800000001
  0
LINE
  5
1B6
100
AcDbEntity
  8
0
  6
ByLayer
 62
  256
370
   -1
100
AcDbLine
 10
37.879956
 20
90.80758800000001
 11
34.297884
 21
92.329206
  0
LINE
  5
1B7
100
AcDbEntity
  8
0
  6
ByLayer
 62
  256
370
   -1
100
AcDbLine
 10
34.297884
 20
92.329206
 11
30.794235
 21
94.07062400000001
  0
LINE
  5
1B8
100
AcDbEntity
  8
0
  6
ByLayer
 62
  256
370
   -1
100
AcDbLine
 10
30.794235
 20
94.07062400000001
 11
27.379167
 21
96.03105099999999
  0
LINE
  5
1B9
100
AcDbEntity
  8
0
  6
ByLayer
 62
  256
370
   -1
100
AcDbLine
 10
27.379167
 20
96.03105099999999
 11
25.87809
 21
93.81407799999999
  0
LINE
  5
1BA
100
AcDbEntity
  8
0
  6
ByLayer
 62
  256
370
   -1
100
AcDbLine
 10
25.87809
 20
93.81407799999999
 11
23.569581
 21
98.559684
  0
LINE
  5
1BB
100
AcDbEntity
  8
0
  6
ByLayer
 62
  256
370
   -1
100
AcDbLine
 10
23.569581
 20
98.559684
 11
20.094869
 21
101.224694
  0
LINE
  5
1BC
100
AcDbEntity
  8
0
  6
ByLayer
 62
  256
370
   -1
100
AcDbLine
 10
20.094869
 20
101.224694
 11
16.805841
 21
104.115751
  0
LINE
  5
1BD
100
AcDbEntity
  8
0
  6
ByLayer
 62
  256
370
   -1
100
AcDbLine
 10
16.805841
 20
104.115751
 11
17.495804
 21
104.973492
  0
LINE
  5
1BE
100
AcDbEntity
  8
0
  6
ByLayer
 62
  256
370
   -1
100
AcDbLine
 10
17.495804
 20
104.973492
 11
17.495804
 21
104.973492
  0
LINE
  5
1BF
100
AcDbEntity
  8
0
  6
ByLayer
 62
  256
370
   -1
100
AcDbLine
 10
17.495804
 20
104.973492
 11
17.495804
 21
104.973492
  0
LINE
  5
1C0
100
AcDbEntity
  8
0
  6
ByLayer
 62
  256
370
   -1
100
AcDbLine
 10
17.495804
 20
104.973492
 11
20.661149
 21
102.227691
  0
LINE
  5
1C1
100
AcDbEntity
  8
0
  6
ByLayer
 62
  256
370
   -1
100
AcDbLine
 10
20.661149
 20
102.227691
 11
23.997216
 21
99.692047
  0
LINE
  5
1C2
100
AcDbEntity
  8
0
  6
ByLayer
 62
  256
370
   -1
100
AcDbLine
 10
23.997216
 20
99.692047
 11
30.169275
 21
100.151823
  0
LINE
  5
1C3
100
AcDbEntity
  8
0
  6
ByLayer
 62
  256
370
   -1
100
AcDbLine
 10
30.169275
 20
100.151823
 11
28.056556
 21
97.031498
  0
LINE
  5
1C4
100
AcDbEntity
  8
0
  6
ByLayer
 62
  256
370
   -1
100
AcDbLine
 10
28.056556
 20
97.031498
 11
31.446175
 21
95.12298100000001
  0
LINE
  5
1C5
100
AcDbEntity
  8
0
  6
ByLayer
 62
  256
370
   -1
100
AcDbLine
 10
31.446175
 20
95.12298100000001
 11
34.921416
 21
93.43120500000001
  0
LINE
  5
1C6
100
AcDbEntity
  8
0
  6
ByLayer
 62
  256
370
   -1
100
AcDbLine
 10
34.921416
 20
93.43120500000001
 11
38.472271
 21
91.956873
  0
LINE
  5
1C7
100
AcDbEntity
  8
0
  6
ByLayer
 62
  256
370
   -1
100
AcDbLine
 10
38.472271
 20
91.956873
 11
42.088729
 21
90.70068599999999
  0
LINE
  5
1C8
100
AcDbEntity
  8
0
  6
ByLayer
 62
  256
370
   -1
100
AcDbLine
 10
42.088729
 20
90.70068599999999
 11
45.760781
 21
89.66335000000001
  0
LINE
  5
1C9
100
AcDbEntity
  8
0
  6
ByLayer
 62
  256
370
   -1
100
AcDbLine
 10
45.760781
 20
89.66335000000001
 11
49.478419
 21
88.845564
  0
LINE
  5
1CA
100
AcDbEntity
  8
0
  6
ByLayer
 62
  256
370
   -1
100
AcDbLine
 10
49.478419
 20
88.845564
 11
53.231632
 21
88.24803299999999
  0
LINE
  5
1CB
100
AcDbEntity
  8
0
  6
ByLayer
 62
  256
370
   -1
100
AcDbLine
 10
53.231632
 20
88.24803299999999
 11
57.01041
 21
87.87145699999999
  0
LINE
  5
1CC
100
AcDbEntity
  8
0
  6
ByLayer
 62
  256
370
   -1
100
AcDbLine
 10
57.01041
 20
87.87145699999999
 11
60.804744
 21
87.71654000000001
  0
LINE
  5
1CD
100
AcDbEntity
  8
0
  6
ByLayer
 62
  256
370
   -1
100
AcDbLine
 10
60.804744
 20
87.71654000000001
 11
64.60462699999999
 21
87.783984
  0
LINE
  5
1CE
100
AcDbEntity
  8
0
  6
ByLayer
 62
  256
370
   -1
100
AcDbLine
 10
64.60462699999999
 20
87.783984
 11
68.40004599999999
 21
88.07449299999999
  0
LINE
  5
1CF
100
AcDbEntity
  8
0
  6
ByLayer
 62
  256
370
   -1
100
AcDbLine
 10
68.40004599999999
 20
88.07449299999999
 11
72.18099299999999
 21
88.58876699999999
  0
LINE
  5
1D0
100
AcDbEntity
  8
0
  6
ByLayer
 62
  256
370
   -1
100
AcDbLine
 10
72.18099299999999
 20
88.58876699999999
 11
75.93745799999999
 21
89.32750999999999
  0
LINE
  5
1D1
100
AcDbEntity
  8
0
  6
ByLayer
 62
  256
370
   -1
100
AcDbLine
 10
75.93745799999999
 20
89.32750999999999
 11
79.65943299999999
 21
90.291425
  0
LINE
  5
1D2
100
AcDbEntity
  8
0
  6
ByLayer
 62
  256
370
   -1
100
AcDbLine
 10
79.65943299999999
 20
90.291425
 11
83.336906
 21
91.48121399999999
  0
LINE
  5
1D3
100
AcDbEntity
  8
0
  6
ByLayer
 62
  256
370
   -1
100
AcDbLine
 10
83.336906
 20
91.48121399999999
 11
86.95987
 21
92.89757800000001
  0
LINE
  5
1D4
100
AcDbEntity
  8
0
  6
ByLayer
 62
  256
370
   -1
100
AcDbLine
 10
86.96157899999999
 20
83.87658048455179
 11
83.770259
 21
81.24523199999999
  0
LINE
  5
1D5
100
AcDbEntity
  8
0
  6
ByLayer
 62
  256
370
   -1
100
AcDbLine
 10
83.770259
 20
81.24523199999999
 11
80.582776
 21
78.86472499999999
  0
LINE
  5
1D6
100
AcDbEntity
  8
0
  6
ByLayer
 62
  256
370
   -1
100
AcDbLine
 10
80.582776
 20
78.86472499999999
 11
77.30315399999999
 21
76.63327000000001
  0
LINE
  5
1D7
100
AcDbEntity
  8
0
  6
ByLayer
 62
  256
370
   -1
100
AcDbLine
 10
77.30315399999999
 20
76.63327000000001
 11
73.936741
 21
74.552862
  0
LINE
  5
1D8
100
AcDbEntity
  8
0
  6
ByLayer
 62
  256
370
   -1
100
AcDbLine
 10
73.936741
 20
74.552862
 11
70.488889
 21
72.625495
  0
LINE
  5
1D9
100
AcDbEntity
  8
0
  6
ByLayer
 62
  256
370
   -1
100
AcDbLine
 10
70.488889
 20
72.625495
 11
66.96494999999999
 21
70.85316599999999
  0
LINE
  5
1DA
100
AcDbEntity
  8
0
  6
ByLayer
 62
  256
370
   -1
100
AcDbLine
 10
66.96494999999999
 20
70.85316599999999
 11
63.370274
 21
69.23786899999999
  0
LINE
  5
1DB
100
AcDbEntity
  8
0
  6
ByLayer
 62
  256
370
   -1
100
AcDbLine
 10
63.370274
 20
69.23786899999999
 11
59.710214
 21
67.7816
  0
LINE
  5
1DC
100
AcDbEntity
  8
0
  6
ByLayer
 62
  256
370
   -1
100
AcDbLine
 10
59.710214
 20
67.7816
 11
55.990119
 21
66.48635300000001
  0
LINE
  5
1DD
100
AcDbEntity
  8
0
  6
ByLayer
 62
  256
370
   -1
100
AcDbLine
 10
55.990119
 20
66.48635300000001
 11
52.215343
 21
65.35412400000001
  0
LINE
  5
1DE
100
AcDbEntity
  8
0
  6
ByLayer
 62
  256
370
   -1
100
AcDbLine
 10
52.215343
 20
65.35412400000001
 11
48.391237
 21
64.38690800000001
  0
LINE
  5
1DF
100
AcDbEntity
  8
0
  6
ByLayer
 62
  256
370
   -1
100
AcDbLine
 10
48.391237
 20
64.38690800000001
 11
44.523151
 21
63.5867
  0
LINE
  5
1E0
100
AcDbEntity
  8
0
  6
ByLayer
 62
  256
370
   -1
100
AcDbLine
 10
44.523151
 20
63.5867
 11
40.616437
 21
62.95549399999999
  0
LINE
  5
1E1
100
AcDbEntity
  8
0
  6
ByLayer
 62
  256
370
   -1
100
AcDbLine
 10
40.616437
 20
62.95549399999999
 11
36.676446
 21
62.495287
  0
LINE
  5
1E2
100
AcDbEntity
  8
0
  6
ByLayer
 62
  256
370
   -1
100
AcDbLine
 10
36.676446
 20
62.495287
 11
32.70853
 21
62.20807300000001
  0
LINE
  5
1E3
100
AcDbEntity
  8
0
  6
ByLayer
 62
  256
370
   -1
100
AcDbLine
 10
32.70853
 20
62.20807300000001
 11
28.718039
 21
62.095847
  0
LINE
  5
1E4
100
AcDbEntity
  8
0
  6
ByLayer
 62
  256
370
   -1
100
AcDbLine
 10
28.718039
 20
62.095847
 11
28.718039
 21
59.69068600000001
  0
LINE
  5
1E5
100
AcDbEntity
  8
0
  6
ByLayer
 62
  256
370
   -1
100
AcDbLine
 10
28.718039
 20
59.69068600000001
 11
25.090363
 21
62.146925
  0
LINE
  5
1E6
100
AcDbEntity
  8
0
  6
ByLayer
 62
  256
370
   -1
100
AcDbLine
 10
25.090363
 20
62.146925
 11
21.080103
 21
62.373448
  0
LINE
  5
1E7
100
AcDbEntity
  8
0
  6
ByLayer
 62
  256
370
   -1
100
AcDbLine
 10
21.080103
 20
62.373448
 11
17.083889
 21
62.77814
  0
LINE
  5
1E8
100
AcDbEntity
  8
0
  6
ByLayer
 62
  256
370
   -1
100
AcDbLine
 10
17.083889
 20
62.77814
 11
17.012237
 21
64.546663
  0
LINE
  5
1E9
100
AcDbEntity
  8
0
  6
ByLayer
 62
  256
370
   -1
100
AcDbLine
 10
17.012237
 20
64.546663
 11
20.780747
 21
64.09820400000001
  0
LINE
  5
1EA
100
AcDbEntity
  8
0
  6
ByLayer
 62
  256
370
   -1
100
AcDbLine
 10
20.780747
 20
64.09820400000001
 11
24.565248
 21
63.81476900000001
  0
LINE
  5
1EB
100
AcDbEntity
  8
0
  6
ByLayer
 62
  256
370
   -1
100
AcDbLine
 10
24.565248
 20
63.81476900000001
 11
28.718039
 21
67.280427
  0
LINE
  5
1EC
100
AcDbEntity
  8
0
  6
ByLayer
 62
  256
370
   -1
100
AcDbLine
 10
28.718039
 20
67.280427
 11
28.718039
 21
63.69433900000001
  0
LINE
  5
1ED
100
AcDbEntity
  8
0
  6
ByLayer
 62
  256
370
   -1
100
AcDbLine
 10
28.718039
 20
63.69433900000001
 11
32.725291
 21
63.76638000000001
  0
LINE
  5
1EE
100
AcDbEntity
  8
0
  6
ByLayer
 62
  256
370
   -1
100
AcDbLine
 10
32.725291
 20
63.76638000000001
 11
36.709953
 21
64.02182999999999
  0
LINE
  5
1EF
100
AcDbEntity
  8
0
  6
ByLayer
 62
  256
370
   -1
100
AcDbLine
 10
36.709953
 20
64.02182999999999
 11
40.666197
 21
64.45849100000001
  0
LINE
  5
1F0
100
AcDbEntity
  8
0
  6
ByLayer
 62
  256
370
   -1
100
AcDbLine
 10
40.666197
 20
64.45849100000001
 11
44.588199
 21
65.07416499999999
  0
LINE
  5
1F1
100
AcDbEntity
  8
0
  6
ByLayer
 62
  256
370
   -1
100
AcDbLine
 10
44.588199
 20
65.07416499999999
 11
48.470129
 21
65.86665400000001
  0
LINE
  5
1F2
100
AcDbEntity
  8
0
  6
ByLayer
 62
  256
370
   -1
100
AcDbLine
 10
48.470129
 20
65.86665400000001
 11
52.306163
 21
66.83376100000001
  0
LINE
  5
1F3
100
AcDbEntity
  8
0
  6
ByLayer
 62
  256
370
   -1
100
AcDbLine
 10
52.306163
 20
66.83376100000001
 11
56.090472
 21
67.973287
  0
LINE
  5
1F4
100
AcDbEntity
  8
0
  6
ByLayer
 62
  256
370
   -1
100
AcDbLine
 10
56.090472
 20
67.973287
 11
59.817231
 21
69.28303500000001
  0
LINE
  5
1F5
100
AcDbEntity
  8
0
  6
ByLayer
 62
  256
370
   -1
100
AcDbLine
 10
59.817231
 20
69.28303500000001
 11
63.480612
 21
70.76080899999999
  0
LINE
  5
1F6
100
AcDbEntity
  8
0
  6
ByLayer
 62
  256
370
   -1
100
AcDbLine
 10
63.480612
 20
70.76080899999999
 11
67.074788
 21
72.40440599999999
  0
LINE
  5
1F7
100
AcDbEntity
  8
0
  6
ByLayer
 62
  256
370
   -1
100
AcDbLine
 10
67.074788
 20
72.40440599999999
 11
70.59393299999999
 21
74.211634
  0
LINE
  5
1F8
100
AcDbEntity
  8
0
  6
ByLayer
 62
  256
370
   -1
100
AcDbLine
 10
70.59393299999999
 20
74.211634
 11
74.03222
 21
76.18029200000001
  0
LINE
  5
1F9
100
AcDbEntity
  8
0
  6
ByLayer
 62
  256
370
   -1
100
AcDbLine
 10
74.03222
 20
76.18029200000001
 11
77.383822
 21
78.30818099999999
  0
LINE
  5
1FA
100
AcDbEntity
  8
0
  6
ByLayer
 62
  256
370
   -1
100
AcDbLine
 10
77.383822
 20
78.30818099999999
 11
80.64290999999999
 21
80.59310600000001
  0
LINE
  5
1FB
100
AcDbEntity
  8
0
  6
ByLayer
 62
  256
370
   -1
100
AcDbLine
 10
80.64290999999999
 20
80.59310600000001
 11
83.80366099999999
 21
83.03286800000001
  0
LINE
  5
1FC
100
AcDbEntity
  8
0
  6
ByLayer
 62
  256
370
   -1
100
AcDbLine
 10
83.80366099999999
 20
83.03286800000001
 11
86.96157899999999
 21
85.71476435741141
  0
LINE
  5
1FD
100
AcDbEntity
  8
0
  6
ByLayer
 62
  256
370
   -1
100
AcDbLine
 10
86.96284667334838
 20
195.8033174850557
 11
86.96272005718585
 21
190.6372515176014
  0
LINE
  5
1FE
100
AcDbEntity
  8
0
  6
ByLayer
 62
  256
370
   -1
100
AcDbLine
 10
86.96254220574043
 20
183.3807348060952
 11
86.96268606451574
 21
189.2503166055861
  0
LINE
  5
1FF
100
AcDbEntity
  8
0
  6
ByLayer
 62
  256
370
   -1
100
AcDbLine
 10
86.96250668211329
 20
181.9313353171354
 11
86.96238929456449
 21
177.1418060129041
  0
LINE
  5
200
100
AcDbEntity
  8
0
  6
ByLayer
 62
  256
370
   -1
100
AcDbLine
 10
86.96235705641422
 20
175.8264572640492
 11
86.96157899999999
 21
112.5011145049548
  0
LINE
  5
201
100
AcDbEntity
  8
0
  6
ByLayer
 62
  256
370
   -1
100
AcDbLine
 10
86.96157899999999
 20
110.9136606184486
 11
86.96157899999999
 21
106.945025902186
  0
LINE
  5
202
100
AcDbEntity
  8
0
  6
ByLayer
 62
  256
370
   -1
100
AcDbLine
 10
86.96157899999999
 20
105.4958487064615
 11
86.96157899999999
 21
99.23130410876087
  0
LINE
  5
203
100
AcDbEntity
  8
0
  6
ByLayer
 62
  256
370
   -1
100
AcDbLine
 10
86.96157899999999
 20
97.78038589196109
 11
86.95987
 21
92.89757800000001
  0
LINE
  5
204
100
AcDbEntity
  8
0
  6
ByLayer
 62
  256
370
   -1
100
AcDbLine
 10
86.963151
 20
91.38838999999999
 11
86.96157899999999
 21
85.71476435741141
  0
LINE
  5
205
100
AcDbEntity
  8
0
  6
ByLayer
 62
  256
370
   -1
100
AcDbLine
 10
86.96157899999999
 20
83.87658048455179
 11
86.96157899999999
 21
79.556219
  0
LINE
  5
206
100
AcDbEntity
  8
0
  6
ByLayer
 62
  256
370
   -1
100
AcDbLine
 10
90.050614
 20
208.505756
 11
90.050614
 21
208.505756
  0
LINE
  5
207
100
AcDbEntity
  8
0
  6
ByLayer
 62
  256
370
   -1
100
AcDbLine
 10
90.050614
 20
208.505756
 11
90.050614
 21
208.505756
  0
LINE
  5
208
100
AcDbEntity
  8
0
  6
ByLayer
 62
  256
370
   -1
100
AcDbLine
 10
90.050614
 20
208.505756
 11
87.15965999999999
 21
213.17153
  0
LINE
  5
209
100
AcDbEntity
  8
0
  6
ByLayer
 62
  256
370
   -1
100
AcDbLine
 10
87.15965999999999
 20
213.17153
 11
84.12199799999999
 21
217.730468
  0
LINE
  5
20A
100
AcDbEntity
  8
0
  6
ByLayer
 62
  256
370
   -1
100
AcDbLine
 10
84.12199799999999
 20
217.730468
 11
80.94081899999999
 21
222.179481
  0
LINE
  5
20B
100
AcDbEntity
  8
0
  6
ByLayer
 62
  256
370
   -1
100
AcDbLine
 10
80.94081899999999
 20
222.179481
 11
77.61931299999999
 21
226.515479
  0
LINE
  5
20C
100
AcDbEntity
  8
0
  6
ByLayer
 62
  256
370
   -1
100
AcDbLine
 10
77.61931299999999
 20
226.515479
 11
74.160669
 21
230.735375
  0
LINE
  5
20D
100
AcDbEntity
  8
0
  6
ByLayer
 62
  256
370
   -1
100
AcDbLine
 10
74.160669
 20
230.735375
 11
70.56807699999999
 21
234.83608
  0
LINE
  5
20E
100
AcDbEntity
  8
0
  6
ByLayer
 62
  256
370
   -1
100
AcDbLine
 10
70.56807699999999
 20
234.83608
 11
66.84472899999999
 21
238.814505
  0
LINE
  5
20F
100
AcDbEntity
  8
0
  6
ByLayer
 62
  256
370
   -1
100
AcDbLine
 10
66.84472899999999
 20
238.814505
 11
62.993812
 21
242.667561
  0
LINE
  5
210
100
AcDbEntity
  8
0
  6
ByLayer
 62
  256
370
   -1
100
AcDbLine
 10
62.993812
 20
242.667561
 11
59.018518
 21
246.39216
  0
LINE
  5
211
100
AcDbEntity
  8
0
  6
ByLayer
 62
  256
370
   -1
100
AcDbLine
 10
59.018518
 20
246.39216
 11
54.922036
 21
249.985214
  0
LINE
  5
212
100
AcDbEntity
  8
0
  6
ByLayer
 62
  256
370
   -1
100
AcDbLine
 10
54.922036
 20
249.985214
 11
50.707557
 21
253.443632
  0
LINE
  5
213
100
AcDbEntity
  8
0
  6
ByLayer
 62
  256
370
   -1
100
AcDbLine
 10
50.707557
 20
253.443632
 11
46.378271
 21
256.764327
  0
LINE
  5
214
100
AcDbEntity
  8
0
  6
ByLayer
 62
  256
370
   -1
100
AcDbLine
 10
46.378271
 20
256.764327
 11
41.937366
 21
259.944211
  0
LINE
  5
215
100
AcDbEntity
  8
0
  6
ByLayer
 62
  256
370
   -1
100
AcDbLine
 10
41.937366
 20
259.944211
 11
37.388034
 21
262.980193
  0
LINE
  5
216
100
AcDbEntity
  8
0
  6
ByLayer
 62
  256
370
   -1
100
AcDbLine
 10
37.388034
 20
262.980193
 11
32.733465
 21
265.869187
  0
LINE
  5
217
100
AcDbEntity
  8
0
  6
ByLayer
 62
  256
370
   -1
100
AcDbLine
 10
32.733465
 20
265.869187
 11
27.976848
 21
268.608102
  0
LINE
  5
218
100
AcDbEntity
  8
0
  6
ByLayer
 62
  256
370
   -1
100
AcDbLine
 10
27.976848
 20
268.608102
 11
21.200488
 21
268.608102
  0
LINE
  5
219
100
AcDbEntity
  8
0
  6
ByLayer
 62
  256
370
   -1
100
AcDbLine
 10
21.200488
 20
268.608102
 11
22.806896
 21
271.354223
  0
LINE
  5
21A
100
AcDbEntity
  8
0
  6
ByLayer
 62
  256
370
   -1
100
AcDbLine
 10
22.806896
 20
271.354223
 11
16.466393
 21
274.412516
  0
LINE
  5
21B
100
AcDbEntity
  8
0
  6
ByLayer
 62
  256
370
   -1
100
AcDbLine
 10
16.466393
 20
274.412516
 11
17.083882
 21
275.750411
  0
LINE
  5
21C
100
AcDbEntity
  8
0
  6
ByLayer
 62
  256
370
   -1
100
AcDbLine
 10
17.083882
 20
275.750411
 11
23.524461
 21
272.580886
  0
LINE
  5
21D
100
AcDbEntity
  8
0
  6
ByLayer
 62
  256
370
   -1
100
AcDbLine
 10
23.524461
 20
272.580886
 11
25.052599
 21
275.193203
  0
LINE
  5
21E
100
AcDbEntity
  8
0
  6
ByLayer
 62
  256
370
   -1
100
AcDbLine
 10
25.052599
 20
275.193203
 11
28.362392
 21
269.973087
  0
LINE
  5
21F
100
AcDbEntity
  8
0
  6
ByLayer
 62
  256
370
   -1
100
AcDbLine
 10
28.362392
 20
269.973087
 11
33.203271
 21
267.157331
  0
LINE
  5
220
100
AcDbEntity
  8
0
  6
ByLayer
 62
  256
370
   -1
100
AcDbLine
 10
33.203271
 20
267.157331
 11
37.9405
 21
264.19033
  0
LINE
  5
221
100
AcDbEntity
  8
0
  6
ByLayer
 62
  256
370
   -1
100
AcDbLine
 10
37.9405
 20
264.19033
 11
42.570894
 21
261.075178
  0
LINE
  5
222
100
AcDbEntity
  8
0
  6
ByLayer
 62
  256
370
   -1
100
AcDbLine
 10
42.570894
 20
261.075178
 11
47.091264
 21
257.814975
  0
LINE
  5
223
100
AcDbEntity
  8
0
  6
ByLayer
 62
  256
370
   -1
100
AcDbLine
 10
47.091264
 20
257.814975
 11
51.498427
 21
254.412815
  0
LINE
  5
224
100
AcDbEntity
  8
0
  6
ByLayer
 62
  256
370
   -1
100
AcDbLine
 10
51.498427
 20
254.412815
 11
55.789197
 21
250.871798
  0
LINE
  5
225
100
AcDbEntity
  8
0
  6
ByLayer
 62
  256
370
   -1
100
AcDbLine
 10
55.789197
 20
250.871798
 11
59.960387
 21
247.195019
  0
LINE
  5
226
100
AcDbEntity
  8
0
  6
ByLayer
 62
  256
370
   -1
100
AcDbLine
 10
59.960387
 20
247.195019
 11
64.00881099999999
 21
243.385576
  0
LINE
  5
227
100
AcDbEntity
  8
0
  6
ByLayer
 62
  256
370
   -1
100
AcDbLine
 10
64.00881099999999
 20
243.385576
 11
67.93128299999999
 21
239.446565
  0
LINE
  5
228
100
AcDbEntity
  8
0
  6
ByLayer
 62
  256
370
   -1
100
AcDbLine
 10
67.93128299999999
 20
239.446565
 11
71.72461999999999
 21
235.381084
  0
LINE
  5
229
100
AcDbEntity
  8
0
  6
ByLayer
 62
  256
370
   -1
100
AcDbLine
 10
71.72461999999999
 20
235.381084
 11
75.38563099999999
 21
231.19223
  0
LINE
  5
22A
100
AcDbEntity
  8
0
  6
ByLayer
 62
  256
370
   -1
100
AcDbLine
 10
75.38563099999999
 20
231.19223
 11
78.91113499999999
 21
226.8831
  0
LINE
  5
22B
100
AcDbEntity
  8
0
  6
ByLayer
 62
  256
370
   -1
100
AcDbLine
 10
78.91113499999999
 20
226.8831
 11
82.29794199999999
 21
222.45679
  0
LINE
  5
22C
100
AcDbEntity
  8
0
  6
ByLayer
 62
  256
370
   -1
100
AcDbLine
 10
82.29794199999999
 20
222.45679
 11
85.542868
 21
217.916399
  0
LINE
  5
22D
100
AcDbEntity
  8
0
  6
ByLayer
 62
  256
370
   -1
100
AcDbLine
 10
85.542868
 20
217.916399
 11
88.64272799999999
 21
213.265022
  0
LINE
  5
22E
100
AcDbEntity
  8
0
  6
ByLayer
 62
  256
370
   -1
100
AcDbLine
 10
88.64272799999999
 20
213.265022
 11
91.59433499999999
 21
208.505756
  0
LINE
  5
22F
100
AcDbEntity
  8
0
  6
ByLayer
 62
  256
370
   -1
100
AcDbLine
 10
98.41034654937918
 20
208.505756
 11
96.50638799999999
 21
216.709717
  0
LINE
  5
230
100
AcDbEntity
  8
0
  6
ByLayer
 62
  256
370
   -1
100
AcDbLine
 10
96.50638799999999
 20
216.709717
 11
94.367593
 21
224.84349
  0
LINE
  5
231
100
AcDbEntity
  8
0
  6
ByLayer
 62
  256
370
   -1
100
AcDbLine
 10
94.367593
 20
224.84349
 11
91.97244199999999
 21
232.901077
  0
LINE
  5
232
100
AcDbEntity
  8
0
  6
ByLayer
 62
  256
370
   -1
100
AcDbLine
 10
91.97244199999999
 20
232.901077
 11
89.323044
 21
240.876454
  0
LINE
  5
233
100
AcDbEntity
  8
0
  6
ByLayer
 62
  256
370
   -1
100
AcDbLine
 10
89.323044
 20
240.876454
 11
86.42150599999999
 21
248.763596
  0
LINE
  5
234
100
AcDbEntity
  8
0
  6
ByLayer
 62
  256
370
   -1
100
AcDbLine
 10
86.42150599999999
 20
248.763596
 11
83.26993599999999
 21
256.556482
  0
LINE
  5
235
100
AcDbEntity
  8
0
  6
ByLayer
 62
  256
370
   -1
100
AcDbLine
 10
83.26993599999999
 20
256.556482
 11
79.87044299999999
 21
264.249088
  0
LINE
  5
236
100
AcDbEntity
  8
0
  6
ByLayer
 62
  256
370
   -1
100
AcDbLine
 10
79.87044299999999
 20
264.249088
 11
76.22513199999999
 21
271.835389
  0
LINE
  5
237
100
AcDbEntity
  8
0
  6
ByLayer
 62
  256
370
   -1
100
AcDbLine
 10
76.22513199999999
 20
271.835389
 11
76.56248599999999
 21
277.631124
  0
LINE
  5
238
100
AcDbEntity
  8
0
  6
ByLayer
 62
  256
370
   -1
100
AcDbLine
 10
76.56248599999999
 20
277.631124
 11
73.922946
 21
276.329602
  0
LINE
  5
239
100
AcDbEntity
  8
0
  6
ByLayer
 62
  256
370
   -1
100
AcDbLine
 10
73.922946
 20
276.329602
 11
70.06102799999999
 21
283.428503
  0
LINE
  5
23A
100
AcDbEntity
  8
0
  6
ByLayer
 62
  256
370
   -1
100
AcDbLine
 10
70.06102799999999
 20
283.428503
 11
70.06102799999999
 21
283.428503
  0
LINE
  5
23B
100
AcDbEntity
  8
0
  6
ByLayer
 62
  256
370
   -1
100
AcDbLine
 10
70.06102799999999
 20
283.428503
 11
70.06102799999999
 21
283.428503
  0
LINE
  5
23C
100
AcDbEntity
  8
0
  6
ByLayer
 62
  256
370
   -1
100
AcDbLine
 10
70.06102799999999
 20
283.428503
 11
70.06102799999999
 21
283.428503
  0
LINE
  5
23D
100
AcDbEntity
  8
0
  6
ByLayer
 62
  256
370
   -1
100
AcDbLine
 10
70.06102799999999
 20
283.428503
 11
68.75401799999999
 21
282.701766
  0
LINE
  5
23E
100
AcDbEntity
  8
0
  6
ByLayer
 62
  256
370
   -1
100
AcDbLine
 10
68.75401799999999
 20
282.701766
 11
72.593931
 21
275.674279
  0
LINE
  5
23F
100
AcDbEntity
  8
0
  6
ByLayer
 62
  256
370
   -1
100
AcDbLine
 10
72.593931
 20
275.674279
 11
69.62794599999999
 21
274.211791
  0
LINE
  5
240
100
AcDbEntity
  8
0
  6
ByLayer
 62
  256
370
   -1
100
AcDbLine
 10
69.62794599999999
 20
274.211791
 11
74.79251799999999
 21
271.40738
  0
LINE
  5
241
100
AcDbEntity
  8
0
  6
ByLayer
 62
  256
370
   -1
100
AcDbLine
 10
74.79251799999999
 20
271.40738
 11
78.436757
 21
263.878857
  0
LINE
  5
242
100
AcDbEntity
  8
0
  6
ByLayer
 62
  256
370
   -1
100
AcDbLine
 10
78.436757
 20
263.878857
 11
81.83780299999999
 21
256.244297
  0
LINE
  5
243
100
AcDbEntity
  8
0
  6
ByLayer
 62
  256
370
   -1
100
AcDbLine
 10
81.83780299999999
 20
256.244297
 11
84.99355399999999
 21
248.509642
  0
LINE
  5
244
100
AcDbEntity
  8
0
  6
ByLayer
 62
  256
370
   -1
100
AcDbLine
 10
84.99355399999999
 20
248.509642
 11
87.90190999999999
 21
240.680831
  0
LINE
  5
245
100
AcDbEntity
  8
0
  6
ByLayer
 62
  256
370
   -1
100
AcDbLine
 10
87.90190999999999
 20
240.680831
 11
90.56076999999999
 21
232.763806
  0
LINE
  5
246
100
AcDbEntity
  8
0
  6
ByLayer
 62
  256
370
   -1
100
AcDbLine
 10
90.56076999999999
 20
232.763806
 11
92.96803299999999
 21
224.764511
  0
LINE
  5
247
100
AcDbEntity
  8
0
  6
ByLayer
 62
  256
370
   -1
100
AcDbLine
 10
92.96803299999999
 20
224.764511
 11
95.12159799999999
 21
216.688883
  0
LINE
  5
248
100
AcDbEntity
  8
0
  6
ByLayer
 62
  256
370
   -1
100
AcDbLine
 10
95.12159799999999
 20
216.688883
 11
97.00466854424002
 21
208.505756
  0
LINE
  5
249
100
AcDbEntity
  8
0
  6
ByLayer
 62
  256
370
   -1
100
AcDbLine
 10
107.5225324502792
 20
208.5057002101853
 11
109.4265914578401
 21
216.7096378954071
  0
LINE
  5
24A
100
AcDbEntity
  8
0
  6
ByLayer
 62
  256
370
   -1
100
AcDbLine
 10
109.4265914578401
 20
216.7096378954071
 11
111.565486056545
 21
224.8433847050382
  0
LINE
  5
24B
100
AcDbEntity
  8
0
  6
ByLayer
 62
  256
370
   -1
100
AcDbLine
 10
111.565486056545
 20
224.8433847050382
 11
113.9607357223256
 21
232.9009423755702
  0
LINE
  5
24C
100
AcDbEntity
  8
0
  6
ByLayer
 62
  256
370
   -1
100
AcDbLine
 10
113.9607357223256
 20
232.9009423755702
 11
116.6102313814173
 21
240.8762869328283
  0
LINE
  5
24D
100
AcDbEntity
  8
0
  6
ByLayer
 62
  256
370
   -1
100
AcDbLine
 10
116.6102313814173
 20
240.8762869328283
 11
119.5118659600438
 21
248.7633934026135
  0
LINE
  5
24E
100
AcDbEntity
  8
0
  6
ByLayer
 62
  256
370
   -1
100
AcDbLine
 10
119.5118659600438
 20
248.7633934026135
 11
122.6635313844774
 21
256.5562408107389
  0
LINE
  5
24F
100
AcDbEntity
  8
0
  6
ByLayer
 62
  256
370
   -1
100
AcDbLine
 10
122.6635313844774
 20
256.5562408107389
 11
126.0631185809537
 21
264.2488051830297
  0
LINE
  5
250
100
AcDbEntity
  8
0
  6
ByLayer
 62
  256
370
   -1
100
AcDbLine
 10
126.0631185809537
 20
264.2488051830297
 11
129.7085224756962
 21
271.8350615452626
  0
LINE
  5
251
100
AcDbEntity
  8
0
  6
ByLayer
 62
  256
370
   -1
100
AcDbLine
 10
129.7085224756962
 20
271.8350615452626
 11
129.3712394450773
 21
277.6308006757615
  0
LINE
  5
252
100
AcDbEntity
  8
0
  6
ByLayer
 62
  256
370
   -1
100
AcDbLine
 10
129.3712394450773
 20
277.6308006757615
 11
132.0107635076121
 21
276.3292463544274
  0
LINE
  5
253
100
AcDbEntity
  8
0
  6
ByLayer
 62
  256
370
   -1
100
AcDbLine
 10
132.0107635076121
 20
276.3292463544274
 11
135.8727684340765
 21
283.4281000643223
  0
LINE
  5
254
100
AcDbEntity
  8
0
  6
ByLayer
 62
  256
370
   -1
100
AcDbLine
 10
135.8727684340765
 20
283.4281000643223
 11
135.8727684340765
 21
283.4281000643223
  0
LINE
  5
255
100
AcDbEntity
  8
0
  6
ByLayer
 62
  256
370
   -1
100
AcDbLine
 10
135.8727684340765
 20
283.4281000643223
 11
135.8727684340765
 21
283.4281000643223
  0
LINE
  5
256
100
AcDbEntity
  8
0
  6
ByLayer
 62
  256
370
   -1
100
AcDbLine
 10
135.8727684340765
 20
283.4281000643223
 11
135.8727684340765
 21
283.4281000643223
  0
LINE
  5
257
100
AcDbEntity
  8
0
  6
ByLayer
 62
  256
370
   -1
100
AcDbLine
 10
135.8727684340765
 20
283.4281000643223
 11
137.1797695350112
 21
282.7013470599085
  0
LINE
  5
258
100
AcDbEntity
  8
0
  6
ByLayer
 62
  256
370
   -1
100
AcDbLine
 10
137.1797695350112
 20
282.7013470599085
 11
133.3397704830166
 21
275.6739070805548
  0
LINE
  5
259
100
AcDbEntity
  8
0
  6
ByLayer
 62
  256
370
   -1
100
AcDbLine
 10
133.3397704830166
 20
275.6739070805548
 11
136.3057375744822
 21
274.2113827618809
  0
LINE
  5
25A
100
AcDbEntity
  8
0
  6
ByLayer
 62
  256
370
   -1
100
AcDbLine
 10
136.3057375744822
 20
274.2113827618809
 11
131.1411312345757
 21
271.4070350027927
  0
LINE
  5
25B
100
AcDbEntity
  8
0
  6
ByLayer
 62
  256
370
   -1
100
AcDbLine
 10
131.1411312345757
 20
271.4070350027927
 11
127.4968000473305
 21
263.8785566274288
  0
LINE
  5
25C
100
AcDbEntity
  8
0
  6
ByLayer
 62
  256
370
   -1
100
AcDbLine
 10
127.4968000473305
 20
263.8785566274288
 11
124.0956605616334
 21
256.2440382741502
  0
LINE
  5
25D
100
AcDbEntity
  8
0
  6
ByLayer
 62
  256
370
   -1
100
AcDbLine
 10
124.0956605616334
 20
256.2440382741502
 11
120.9398148502446
 21
248.5094219172172
  0
LINE
  5
25E
100
AcDbEntity
  8
0
  6
ByLayer
 62
  256
370
   -1
100
AcDbLine
 10
120.9398148502446
 20
248.5094219172172
 11
118.0313629858876
 21
240.6806465309147
  0
LINE
  5
25F
100
AcDbEntity
  8
0
  6
ByLayer
 62
  256
370
   -1
100
AcDbLine
 10
118.0313629858876
 20
240.6806465309147
 11
115.3724060413226
 21
232.7636540895154
  0
LINE
  5
260
100
AcDbEntity
  8
0
  6
ByLayer
 62
  256
370
   -1
100
AcDbLine
 10
115.3724060413226
 20
232.7636540895154
 11
112.9650450893343
 21
224.7643885672917
  0
LINE
  5
261
100
AcDbEntity
  8
0
  6
ByLayer
 62
  256
370
   -1
100
AcDbLine
 10
112.9650450893343
 20
224.7643885672917
 11
110.8113812026218
 21
216.6887869385164
  0
LINE
  5
262
100
AcDbEntity
  8
0
  6
ByLayer
 62
  256
370
   -1
100
AcDbLine
 10
110.8113812026218
 20
216.6887869385164
 11
108.928210455313
 21
208.5056829975173
  0
LINE
  5
263
100
AcDbEntity
  8
0
  6
ByLayer
 62
  256
370
   -1
100
AcDbLine
 10
115.8822649990317
 20
208.5055978444227
 11
115.8822649990317
 21
208.5055978444227
  0
LINE
  5
264
100
AcDbEntity
  8
0
  6
ByLayer
 62
  256
370
   -1
100
AcDbLine
 10
115.8822649990317
 20
208.5055978444227
 11
115.8822649990317
 21
208.5055978444227
  0
LINE
  5
265
100
AcDbEntity
  8
0
  6
ByLayer
 62
  256
370
   -1
100
AcDbLine
 10
115.8822649990317
 20
208.5055978444227
 11
118.773276131685
 21
213.1713364440515
  0
LINE
  5
266
100
AcDbEntity
  8
0
  6
ByLayer
 62
  256
370
   -1
100
AcDbLine
 10
118.773276131685
 20
213.1713364440515
 11
121.8109939561099
 21
217.7302372472342
  0
LINE
  5
267
100
AcDbEntity
  8
0
  6
ByLayer
 62
  256
370
   -1
100
AcDbLine
 10
121.8109939561099
 20
217.7302372472342
 11
124.9922274344813
 21
222.1792112930451
  0
LINE
  5
268
100
AcDbEntity
  8
0
  6
ByLayer
 62
  256
370
   -1
100
AcDbLine
 10
124.9922274344813
 20
222.1792112930451
 11
128.3137865289622
 21
226.5151686205463
  0
LINE
  5
269
100
AcDbEntity
  8
0
  6
ByLayer
 62
  256
370
   -1
100
AcDbLine
 10
128.3137865289622
 20
226.5151686205463
 11
131.7724822017522
 21
230.7350222687876
  0
LINE
  5
26A
100
AcDbEntity
  8
0
  6
ByLayer
 62
  256
370
   -1
100
AcDbLine
 10
131.7724822017522
 20
230.7350222687876
 11
135.3651244150265
 21
234.8356832768312
  0
LINE
  5
26B
100
AcDbEntity
  8
0
  6
ByLayer
 62
  256
370
   -1
100
AcDbLine
 10
135.3651244150265
 20
234.8356832768312
 11
139.08852113096
 21
238.8140626837636
  0
LINE
  5
26C
100
AcDbEntity
  8
0
  6
ByLayer
 62
  256
370
   -1
100
AcDbLine
 10
139.08852113096
 20
238.8140626837636
 11
142.9394853117281
 21
242.6670715286103
  0
LINE
  5
26D
100
AcDbEntity
  8
0
  6
ByLayer
 62
  256
370
   -1
100
AcDbLine
 10
142.9394853117281
 20
242.6670715286103
 11
146.914824919518
 21
246.3916218504577
  0
LINE
  5
26E
100
AcDbEntity
  8
0
  6
ByLayer
 62
  256
370
   -1
100
AcDbLine
 10
146.914824919518
 20
246.3916218504577
 11
151.011350916517
 21
249.9846256883558
  0
LINE
  5
26F
100
AcDbEntity
  8
0
  6
ByLayer
 62
  256
370
   -1
100
AcDbLine
 10
151.011350916517
 20
249.9846256883558
 11
155.225872264876
 21
253.442992081379
  0
LINE
  5
270
100
AcDbEntity
  8
0
  6
ByLayer
 62
  256
370
   -1
100
AcDbLine
 10
155.225872264876
 20
253.442992081379
 11
159.5551989267944
 21
256.7636340685892
  0
LINE
  5
271
100
AcDbEntity
  8
0
  6
ByLayer
 62
  256
370
   -1
100
AcDbLine
 10
159.5551989267944
 20
256.7636340685892
 11
163.9961428644596
 21
259.9434636890242
  0
LINE
  5
272
100
AcDbEntity
  8
0
  6
ByLayer
 62
  256
370
   -1
100
AcDbLine
 10
163.9961428644596
 20
259.9434636890242
 11
168.5455120400223
 21
262.9793899817703
  0
LINE
  5
273
100
AcDbEntity
  8
0
  6
ByLayer
 62
  256
370
   -1
100
AcDbLine
 10
168.5455120400223
 20
262.9793899817703
 11
173.2001164156943
 21
265.86832698589
  0
LINE
  5
274
100
AcDbEntity
  8
0
  6
ByLayer
 62
  256
370
   -1
100
AcDbLine
 10
173.2001164156943
 20
265.86832698589
 11
177.9567669536263
 21
268.607183740433
  0
LINE
  5
275
100
AcDbEntity
  8
0
  6
ByLayer
 62
  256
370
   -1
100
AcDbLine
 10
177.9567669536263
 20
268.607183740433
 11
184.7331269531183
 21
268.6071007632258
  0
LINE
  5
276
100
AcDbEntity
  8
0
  6
ByLayer
 62
  256
370
   -1
100
AcDbLine
 10
184.7331269531183
 20
268.6071007632258
 11
183.1267525797655
 21
271.3532414336469
  0
LINE
  5
277
100
AcDbEntity
  8
0
  6
ByLayer
 62
  256
370
   -1
100
AcDbLine
 10
183.1267525797655
 20
271.3532414336469
 11
189.4672930283944
 21
274.4114567933231
  0
LINE
  5
278
100
AcDbEntity
  8
0
  6
ByLayer
 62
  256
370
   -1
100
AcDbLine
 10
189.4672930283944
 20
274.4114567933231
 11
188.849820411099
 21
275.7493593544374
  0
LINE
  5
279
100
AcDbEntity
  8
0
  6
ByLayer
 62
  256
370
   -1
100
AcDbLine
 10
188.849820411099
 20
275.7493593544374
 11
182.4092026004306
 21
272.5799132202102
  0
LINE
  5
27A
100
AcDbEntity
  8
0
  6
ByLayer
 62
  256
370
   -1
100
AcDbLine
 10
182.4092026004306
 20
272.5799132202102
 11
180.8810965886286
 21
275.1922489322174
  0
LINE
  5
27B
100
AcDbEntity
  8
0
  6
ByLayer
 62
  256
370
   -1
100
AcDbLine
 10
180.8810965886286
 20
275.1922489322174
 11
177.5712396680333
 21
269.9721734613556
  0
LINE
  5
27C
100
AcDbEntity
  8
0
  6
ByLayer
 62
  256
370
   -1
100
AcDbLine
 10
177.5712396680333
 20
269.9721734613556
 11
172.7303261891819
 21
267.156476738615
  0
LINE
  5
27D
100
AcDbEntity
  8
0
  6
ByLayer
 62
  256
370
   -1
100
AcDbLine
 10
172.7303261891819
 20
267.156476738615
 11
167.9930608583126
 21
264.1895337466811
  0
LINE
  5
27E
100
AcDbEntity
  8
0
  6
ByLayer
 62
  256
370
   -1
100
AcDbLine
 10
167.9930608583126
 20
264.1895337466811
 11
163.3626287133114
 21
261.0744384465532
  0
LINE
  5
27F
100
AcDbEntity
  8
0
  6
ByLayer
 62
  256
370
   -1
100
AcDbLine
 10
163.3626287133114
 20
261.0744384465532
 11
158.8422187921379
 21
257.8142907991811
  0
LINE
  5
280
100
AcDbEntity
  8
0
  6
ByLayer
 62
  256
370
   -1
100
AcDbLine
 10
158.8422187921379
 20
257.8142907991811
 11
154.4350141326782
 21
254.4121847655886
  0
LINE
  5
281
100
AcDbEntity
  8
0
  6
ByLayer
 62
  256
370
   -1
100
AcDbLine
 10
154.4350141326782
 20
254.4121847655886
 11
150.144200772892
 21
250.8712203067626
  0
LINE
  5
282
100
AcDbEntity
  8
0
  6
ByLayer
 62
  256
370
   -1
100
AcDbLine
 10
150.144200772892
 20
250.8712203067626
 11
145.9729657506775
 21
247.1944923836778
  0
LINE
  5
283
100
AcDbEntity
  8
0
  6
ByLayer
 62
  256
370
   -1
100
AcDbLine
 10
145.9729657506775
 20
247.1944923836778
 11
141.9244951039698
 21
243.3850989573209
  0
LINE
  5
284
100
AcDbEntity
  8
0
  6
ByLayer
 62
  256
370
   -1
100
AcDbLine
 10
141.9244951039698
 20
243.3850989573209
 11
138.0019748706795
 21
239.4461359886788
  0
LINE
  5
285
100
AcDbEntity
  8
0
  6
ByLayer
 62
  256
370
   -1
100
AcDbLine
 10
138.0019748706795
 20
239.4461359886788
 11
134.2085880887418
 21
235.3807014387752
  0
LINE
  5
286
100
AcDbEntity
  8
0
  6
ByLayer
 62
  256
370
   -1
100
AcDbLine
 10
134.2085880887418
 20
235.3807014387752
 11
130.5475257960793
 21
231.1918922685358
  0
LINE
  5
287
100
AcDbEntity
  8
0
  6
ByLayer
 62
  256
370
   -1
100
AcDbLine
 10
130.5475257960793
 20
231.1918922685358
 11
127.021969030615
 21
226.8828054390085
  0
LINE
  5
288
100
AcDbEntity
  8
0
  6
ByLayer
 62
  256
370
   -1
100
AcDbLine
 10
127.021969030615
 20
226.8828054390085
 11
123.6351078302595
 21
222.4565369111314
  0
LINE
  5
289
100
AcDbEntity
  8
0
  6
ByLayer
 62
  256
370
   -1
100
AcDbLine
 10
123.6351078302595
 20
222.4565369111314
 11
120.3901262329601
 21
217.9161856459158
  0
LINE
  5
28A
100
AcDbEntity
  8
0
  6
ByLayer
 62
  256
370
   -1
100
AcDbLine
 10
120.3901262329601
 20
217.9161856459158
 11
117.2902092766151
 21
213.2648466043608
  0
LINE
  5
28B
100
AcDbEntity
  8
0
  6
ByLayer
 62
  256
370
   -1
100
AcDbLine
 10
117.2902092766151
 20
213.2648466043608
 11
114.3385439991474
 21
208.5056167474411
  0
LINE
  5
28C
100
AcDbEntity
  8
0
  6
ByLayer
 62
  256
370
   -1
100
AcDbLine
 10
86.96315799999999
 20
208.505756
 11
90.050614
 21
208.505756
  0
LINE
  5
28D
100
AcDbEntity
  8
0
  6
ByLayer
 62
  256
370
   -1
100
AcDbLine
 10
91.59433499999999
 20
208.505756
 11
97.00466854424002
 21
208.505756
  0
LINE
  5
28E
100
AcDbEntity
  8
0
  6
ByLayer
 62
  256
370
   -1
100
AcDbLine
 10
98.41034654937918
 20
208.505756
 11
107.5225324502792
 21
208.5057002101853
  0
LINE
  5
28F
100
AcDbEntity
  8
0
  6
ByLayer
 62
  256
370
   -1
100
AcDbLine
 10
108.928210455313
 20
208.5056829975173
 11
114.3385439991474
 21
208.5056167474411
  0
LINE
  5
290
100
AcDbEntity
  8
0
  6
ByLayer
 62
  256
370
   -1
100
AcDbLine
 10
115.8822649990317
 20
208.5055978444227
 11
118.969721
 21
208.505756
  0
LINE
  5
291
100
AcDbEntity
  8
0
  6
ByLayer
 62
  256
370
   -1
100
AcDbLine
 10
118.9697855905027
 20
203.2388315728271
 11
122.080355125159
 21
205.902569947993
  0
LINE
  5
292
100
AcDbEntity
  8
0
  6
ByLayer
 62
  256
370
   -1
100
AcDbLine
 10
122.080355125159
 20
205.902569947993
 11
125.1886604595451
 21
208.2981528866623
  0
LINE
  5
293
100
AcDbEntity
  8
0
  6
ByLayer
 62
  256
370
   -1
100
AcDbLine
 10
125.1886604595451
 20
208.2981528866623
 11
128.3919739659266
 21
210.5444506619359
  0
LINE
  5
294
100
AcDbEntity
  8
0
  6
ByLayer
 62
  256
370
   -1
100
AcDbLine
 10
128.3919739659266
 20
210.5444506619359
 11
131.6847846184666
 21
212.6393533412967
  0
LINE
  5
295
100
AcDbEntity
  8
0
  6
ByLayer
 62
  256
370
   -1
100
AcDbLine
 10
131.6847846184666
 20
212.6393533412967
 11
135.0615833913408
 21
214.5807519922029
  0
LINE
  5
296
100
AcDbEntity
  8
0
  6
ByLayer
 62
  256
370
   -1
100
AcDbLine
 10
135.0615833913408
 20
214.5807519922029
 11
138.5168592587613
 21
216.3665406821376
  0
LINE
  5
297
100
AcDbEntity
  8
0
  6
ByLayer
 62
  256
370
   -1
100
AcDbLine
 10
138.5168592587613
 20
216.3665406821376
 11
142.0450981949035
 21
217.9946104786204
  0
LINE
  5
298
100
AcDbEntity
  8
0
  6
ByLayer
 62
  256
370
   -1
100
AcDbLine
 10
142.0450981949035
 20
217.9946104786204
 11
145.6407931739554
 21
219.4628534490852
  0
LINE
  5
299
100
AcDbEntity
  8
0
  6
ByLayer
 62
  256
370
   -1
100
AcDbLine
 10
145.6407931739554
 20
219.4628534490852
 11
149.2984301701168
 21
220.7691626610517
  0
LINE
  5
29A
100
AcDbEntity
  8
0
  6
ByLayer
 62
  256
370
   -1
100
AcDbLine
 10
149.2984301701168
 20
220.7691626610517
 11
153.0125011575387
 21
221.911427181966
  0
LINE
  5
29B
100
AcDbEntity
  8
0
  6
ByLayer
 62
  256
370
   -1
100
AcDbLine
 10
153.0125011575387
 20
221.911427181966
 11
156.7774921104457
 21
222.8875420793477
  0
LINE
  5
29C
100
AcDbEntity
  8
0
  6
ByLayer
 62
  256
370
   -1
100
AcDbLine
 10
156.7774921104457
 20
222.8875420793477
 11
160.587895003001
 21
223.6953974206431
  0
LINE
  5
29D
100
AcDbEntity
  8
0
  6
ByLayer
 62
  256
370
   -1
100
AcDbLine
 10
160.587895003001
 20
223.6953974206431
 11
164.4381978093923
 21
224.3328852733472
  0
LINE
  5
29E
100
AcDbEntity
  8
0
  6
ByLayer
 62
  256
370
   -1
100
AcDbLine
 10
164.4381978093923
 20
224.3328852733472
 11
168.3228895038196
 21
224.7978987049431
  0
LINE
  5
29F
100
AcDbEntity
  8
0
  6
ByLayer
 62
  256
370
   -1
100
AcDbLine
 10
168.3228895038196
 20
224.7978987049431
 11
172.2364610604584
 21
225.0883287828891
  0
LINE
  5
2A0
100
AcDbEntity
  8
0
  6
ByLayer
 62
  256
370
   -1
100
AcDbLine
 10
172.2364610604584
 20
225.0883287828891
 11
176.1733984535087
 21
225.2020685747048
  0
LINE
  5
2A1
100
AcDbEntity
  8
0
  6
ByLayer
 62
  256
370
   -1
100
AcDbLine
 10
176.1733984535087
 20
225.2020685747048
 11
181.8296953054125
 21
221.5150003125067
  0
LINE
  5
2A2
100
AcDbEntity
  8
0
  6
ByLayer
 62
  256
370
   -1
100
AcDbLine
 10
181.8296953054125
 20
221.5150003125067
 11
181.7478216922086
 21
225.0581973153229
  0
LINE
  5
2A3
100
AcDbEntity
  8
0
  6
ByLayer
 62
  256
370
   -1
100
AcDbLine
 10
181.7478216922086
 20
225.0581973153229
 11
188.8491840649787
 21
224.3536083583764
  0
LINE
  5
2A4
100
AcDbEntity
  8
0
  6
ByLayer
 62
  256
370
   -1
100
AcDbLine
 10
188.8491840649787
 20
224.3536083583764
 11
188.952119228255
 21
226.0002480980484
  0
LINE
  5
2A5
100
AcDbEntity
  8
0
  6
ByLayer
 62
  256
370
   -1
100
AcDbLine
 10
188.952119228255
 20
226.0002480980484
 11
181.7106913689364
 21
226.665103770108
  0
LINE
  5
2A6
100
AcDbEntity
  8
0
  6
ByLayer
 62
  256
370
   -1
100
AcDbLine
 10
181.7106913689364
 20
226.665103770108
 11
181.6469251612299
 21
229.4247625511384
  0
LINE
  5
2A7
100
AcDbEntity
  8
0
  6
ByLayer
 62
  256
370
   -1
100
AcDbLine
 10
181.6469251612299
 20
229.4247625511384
 11
176.9961237696762
 21
226.7795245004691
  0
LINE
  5
2A8
100
AcDbEntity
  8
0
  6
ByLayer
 62
  256
370
   -1
100
AcDbLine
 10
176.9961237696762
 20
226.7795245004691
 11
173.0186605749261
 21
226.6819792048972
  0
LINE
  5
2A9
100
AcDbEntity
  8
0
  6
ByLayer
 62
  256
370
   -1
100
AcDbLine
 10
173.0186605749261
 20
226.6819792048972
 11
169.0634592229918
 21
226.4082666367135
  0
LINE
  5
2AA
100
AcDbEntity
  8
0
  6
ByLayer
 62
  256
370
   -1
100
AcDbLine
 10
169.0634592229918
 20
226.4082666367135
 11
165.1359527386569
 21
225.9604107293902
  0
LINE
  5
2AB
100
AcDbEntity
  8
0
  6
ByLayer
 62
  256
370
   -1
100
AcDbLine
 10
165.1359527386569
 20
225.9604107293902
 11
161.2415821467051
 21
225.3404354163019
  0
LINE
  5
2AC
100
AcDbEntity
  8
0
  6
ByLayer
 62
  256
370
   -1
100
AcDbLine
 10
161.2415821467051
 20
225.3404354163019
 11
157.3857824719201
 21
224.5503646308959
  0
LINE
  5
2AD
100
AcDbEntity
  8
0
  6
ByLayer
 62
  256
370
   -1
100
AcDbLine
 10
157.3857824719201
 20
224.5503646308959
 11
153.5739907390978
 21
223.5922233065958
  0
LINE
  5
2AE
100
AcDbEntity
  8
0
  6
ByLayer
 62
  256
370
   -1
100
AcDbLine
 10
153.5739907390978
 20
223.5922233065958
 11
149.8116429730219
 21
222.4680353768368
  0
LINE
  5
2AF
100
AcDbEntity
  8
0
  6
ByLayer
 62
  256
370
   -1
100
AcDbLine
 10
149.8116429730219
 20
222.4680353768368
 11
146.1041761984883
 21
221.1798257750424
  0
LINE
  5
2B0
100
AcDbEntity
  8
0
  6
ByLayer
 62
  256
370
   -1
100
AcDbLine
 10
146.1041761984883
 20
221.1798257750424
 11
142.4570284402807
 21
219.7296184346233
  0
LINE
  5
2B1
100
AcDbEntity
  8
0
  6
ByLayer
 62
  256
370
   -1
100
AcDbLine
 10
142.4570284402807
 20
219.7296184346233
 11
138.875635723195
 21
218.1194382890153
  0
LINE
  5
2B2
100
AcDbEntity
  8
0
  6
ByLayer
 62
  256
370
   -1
100
AcDbLine
 10
138.875635723195
 20
218.1194382890153
 11
135.3654340720149
 21
216.3513092716536
  0
LINE
  5
2B3
100
AcDbEntity
  8
0
  6
ByLayer
 62
  256
370
   -1
100
AcDbLine
 10
135.3654340720149
 20
216.3513092716536
 11
131.9318605115117
 21
214.4272543159616
  0
LINE
  5
2B4
100
AcDbEntity
  8
0
  6
ByLayer
 62
  256
370
   -1
100
AcDbLine
 10
131.9318605115117
 20
214.4272543159616
 11
128.580353066506
 21
212.3493003553503
  0
LINE
  5
2B5
100
AcDbEntity
  8
0
  6
ByLayer
 62
  256
370
   -1
100
AcDbLine
 10
128.580353066506
 20
212.3493003553503
 11
125.3163487617814
 21
210.1194713232428
  0
LINE
  5
2B6
100
AcDbEntity
  8
0
  6
ByLayer
 62
  256
370
   -1
100
AcDbLine
 10
125.3163487617814
 20
210.1194713232428
 11
122.1452826220971
 21
207.739789153087
  0
LINE
  5
2B7
100
AcDbEntity
  8
0
  6
ByLayer
 62
  256
370
   -1
100
AcDbLine
 10
122.1452826220971
 20
207.739789153087
 11
118.969762291043
 21
205.13864103491
  0
LINE
  5
2B8
100
AcDbEntity
  8
0
  6
ByLayer
 62
  256
370
   -1
100
AcDbLine
 10
118.9698767828195
 20
195.8031215204105
 11
122.7224100321385
 21
197.3201110853229
  0
LINE
  5
2B9
100
AcDbEntity
  8
0
  6
ByLayer
 62
  256
370
   -1
100
AcDbLine
 10
122.7224100321385
 20
197.3201110853229
 11
126.4309571566408
 21
198.5552356738844
  0
LINE
  5
2BA
100
AcDbEntity
  8
0
  6
ByLayer
 62
  256
370
   -1
100
AcDbLine
 10
126.4309571566408
 20
198.5552356738844
 11
130.1872193773121
 21
199.553217678152
  0
LINE
  5
2BB
100
AcDbEntity
  8
0
  6
ByLayer
 62
  256
370
   -1
100
AcDbLine
 10
130.1872193773121
 20
199.553217678152
 11
133.9802947043164
 21
200.3148872316217
  0
LINE
  5
2BC
100
AcDbEntity
  8
0
  6
ByLayer
 62
  256
370
   -1
100
AcDbLine
 10
133.9802947043164
 20
200.3148872316217
 11
137.7992801478304
 21
200.8410754678018
  0
LINE
  5
2BD
100
AcDbEntity
  8
0
  6
ByLayer
 62
  256
370
   -1
100
AcDbLine
 10
137.7992801478304
 20
200.8410754678018
 11
141.6332757180183
 21
201.1326125201637
  0
LINE
  5
2BE
100
AcDbEntity
  8
0
  6
ByLayer
 62
  256
370
   -1
100
AcDbLine
 10
141.6332757180183
 20
201.1326125201637
 11
145.4713784250565
 21
201.1903295222159
  0
LINE
  5
2BF
100
AcDbEntity
  8
0
  6
ByLayer
 62
  256
370
   -1
100
AcDbLine
 10
145.4713784250565
 20
201.1903295222159
 11
149.3026872791216
 21
201.015057607442
  0
LINE
  5
2C0
100
AcDbEntity
  8
0
  6
ByLayer
 62
  256
370
   -1
100
AcDbLine
 10
149.3026872791216
 20
201.015057607442
 11
153.1163032904023
 21
200.6076289093013
  0
LINE
  5
2C1
100
AcDbEntity
  8
0
  6
ByLayer
 62
  256
370
   -1
100
AcDbLine
 10
153.1163032904023
 20
200.6076289093013
 11
156.9013204690505
 21
199.9688725613388
  0
LINE
  5
2C2
100
AcDbEntity
  8
0
  6
ByLayer
 62
  256
370
   -1
100
AcDbLine
 10
156.9013204690505
 20
199.9688725613388
 11
160.646838825243
 21
199.0996196970261
  0
LINE
  5
2C3
100
AcDbEntity
  8
0
  6
ByLayer
 62
  256
370
   -1
100
AcDbLine
 10
160.646838825243
 20
199.0996196970261
 11
164.3419583691559
 21
198.0007014498347
  0
LINE
  5
2C4
100
AcDbEntity
  8
0
  6
ByLayer
 62
  256
370
   -1
100
AcDbLine
 10
164.3419583691559
 20
198.0007014498347
 11
167.9757761109783
 21
196.6729499532728
  0
LINE
  5
2C5
100
AcDbEntity
  8
0
  6
ByLayer
 62
  256
370
   -1
100
AcDbLine
 10
167.9757761109783
 20
196.6729499532728
 11
171.5373900608742
 21
195.1171953408366
  0
LINE
  5
2C6
100
AcDbEntity
  8
0
  6
ByLayer
 62
  256
370
   -1
100
AcDbLine
 10
171.5373900608742
 20
195.1171953408366
 11
175.0159002290079
 21
193.3342677459974
  0
LINE
  5
2C7
100
AcDbEntity
  8
0
  6
ByLayer
 62
  256
370
   -1
100
AcDbLine
 10
175.0159002290079
 20
193.3342677459974
 11
178.4004046255683
 21
191.3249993022513
  0
LINE
  5
2C8
100
AcDbEntity
  8
0
  6
ByLayer
 62
  256
370
   -1
100
AcDbLine
 10
178.4004046255683
 20
191.3249993022513
 11
180.1983260734648
 21
185.8083242861094
  0
LINE
  5
2C9
100
AcDbEntity
  8
0
  6
ByLayer
 62
  256
370
   -1
100
AcDbLine
 10
180.1983260734648
 20
185.8083242861094
 11
182.1901646508296
 21
188.7137488960643
  0
LINE
  5
2CA
100
AcDbEntity
  8
0
  6
ByLayer
 62
  256
370
   -1
100
AcDbLine
 10
182.1901646508296
 20
188.7137488960643
 11
185.29092749814
 21
186.251300926728
  0
LINE
  5
2CB
100
AcDbEntity
  8
0
  6
ByLayer
 62
  256
370
   -1
100
AcDbLine
 10
185.29092749814
 20
186.251300926728
 11
188.2311950241097
 21
183.5992809226587
  0
LINE
  5
2CC
100
AcDbEntity
  8
0
  6
ByLayer
 62
  256
370
   -1
100
AcDbLine
 10
188.2311950241097
 20
183.5992809226587
 11
189.0957006343023
 21
184.7107563367842
  0
LINE
  5
2CD
100
AcDbEntity
  8
0
  6
ByLayer
 62
  256
370
   -1
100
AcDbLine
 10
189.0957006343023
 20
184.7107563367842
 11
186.1347236387796
 21
187.4060955944463
  0
LINE
  5
2CE
100
AcDbEntity
  8
0
  6
ByLayer
 62
  256
370
   -1
100
AcDbLine
 10
186.1347236387796
 20
187.4060955944463
 11
183.0107243072223
 21
189.9106628483189
  0
LINE
  5
2CF
100
AcDbEntity
  8
0
  6
ByLayer
 62
  256
370
   -1
100
AcDbLine
 10
183.0107243072223
 20
189.9106628483189
 11
184.5904155229495
 21
192.2148995050144
  0
LINE
  5
2D0
100
AcDbEntity
  8
0
  6
ByLayer
 62
  256
370
   -1
100
AcDbLine
 10
184.5904155229495
 20
192.2148995050144
 11
179.7354595233135
 21
192.214958954437
  0
LINE
  5
2D1
100
AcDbEntity
  8
0
  6
ByLayer
 62
  256
370
   -1
100
AcDbLine
 10
179.7354595233135
 20
192.214958954437
 11
176.2977653470793
 21
194.3238860495048
  0
LINE
  5
2D2
100
AcDbEntity
  8
0
  6
ByLayer
 62
  256
370
   -1
100
AcDbLine
 10
176.2977653470793
 20
194.3238860495048
 11
172.7595863114871
 21
196.1993033750021
  0
LINE
  5
2D3
100
AcDbEntity
  8
0
  6
ByLayer
 62
  256
370
   -1
100
AcDbLine
 10
172.7595863114871
 20
196.1993033750021
 11
169.1323454046093
 21
197.8402367910535
  0
LINE
  5
2D4
100
AcDbEntity
  8
0
  6
ByLayer
 62
  256
370
   -1
100
AcDbLine
 10
169.1323454046093
 20
197.8402367910535
 11
165.4274716145182
 21
199.2457121577096
  0
LINE
  5
2D5
100
AcDbEntity
  8
0
  6
ByLayer
 62
  256
370
   -1
100
AcDbLine
 10
165.4274716145182
 20
199.2457121577096
 11
161.6563889292495
 21
200.4147523350825
  0
LINE
  5
2D6
100
AcDbEntity
  8
0
  6
ByLayer
 62
  256
370
   -1
100
AcDbLine
 10
161.6563889292495
 20
200.4147523350825
 11
157.8305243368758
 21
201.3463831832476
  0
LINE
  5
2D7
100
AcDbEntity
  8
0
  6
ByLayer
 62
  256
370
   -1
100
AcDbLine
 10
157.8305243368758
 20
201.3463831832476
 11
153.9613008254694
 21
202.0396305623291
  0
LINE
  5
2D8
100
AcDbEntity
  8
0
  6
ByLayer
 62
  256
370
   -1
100
AcDbLine
 10
153.9613008254694
 20
202.0396305623291
 11
150.0601473830903
 21
202.4935193323779
  0
LINE
  5
2D9
100
AcDbEntity
  8
0
  6
ByLayer
 62
  256
370
   -1
100
AcDbLine
 10
150.0601473830903
 20
202.4935193323779
 11
146.1384889978112
 21
202.7070753534938
  0
LINE
  5
2DA
100
AcDbEntity
  8
0
  6
ByLayer
 62
  256
370
   -1
100
AcDbLine
 10
146.1384889978112
 20
202.7070753534938
 11
142.2077506576798
 21
202.6793224857765
  0
LINE
  5
2DB
100
AcDbEntity
  8
0
  6
ByLayer
 62
  256
370
   -1
100
AcDbLine
 10
142.2077506576798
 20
202.6793224857765
 11
138.279359350781
 21
202.4092875893014
  0
LINE
  5
2DC
100
AcDbEntity
  8
0
  6
ByLayer
 62
  256
370
   -1
100
AcDbLine
 10
138.279359350781
 20
202.4092875893014
 11
134.364739065138
 21
201.8959925241805
  0
LINE
  5
2DD
100
AcDbEntity
  8
0
  6
ByLayer
 62
  256
370
   -1
100
AcDbLine
 10
134.364739065138
 20
201.8959925241805
 11
130.4753177888601
 21
201.1384661504769
  0
LINE
  5
2DE
100
AcDbEntity
  8
0
  6
ByLayer
 62
  256
370
   -1
100
AcDbLine
 10
130.4753177888601
 20
201.1384661504769
 11
126.6225195099951
 21
200.1357323283027
  0
LINE
  5
2DF
100
AcDbEntity
  8
0
  6
ByLayer
 62
  256
370
   -1
100
AcDbLine
 10
126.6225195099951
 20
200.1357323283027
 11
122.817770216591
 21
198.8868149177453
  0
LINE
  5
2E0
100
AcDbEntity
  8
0
  6
ByLayer
 62
  256
370
   -1
100
AcDbLine
 10
122.817770216591
 20
198.8868149177453
 11
118.9698577505222
 21
197.3549917767336
  0
LINE
  5
2E1
100
AcDbEntity
  8
0
  6
ByLayer
 62
  256
370
   -1
100
AcDbLine
 10
118.9699441555496
 20
97.78018991914197
 11
121.7635147336308
 21
97.0107288195716
  0
LINE
  5
2E2
100
AcDbEntity
  8
0
  6
ByLayer
 62
  256
370
   -1
100
AcDbLine
 10
121.7635147336308
 20
97.0107288195716
 11
124.5329424641929
 21
96.41705090760706
  0
LINE
  5
2E3
100
AcDbEntity
  8
0
  6
ByLayer
 62
  256
370
   -1
100
AcDbLine
 10
124.5329424641929
 20
96.41705090760706
 11
127.3282320291793
 21
95.97318167897299
  0
LINE
  5
2E4
100
AcDbEntity
  8
0
  6
ByLayer
 62
  256
370
   -1
100
AcDbLine
 10
127.3282320291793
 20
95.97318167897299
 11
130.1412244304763
 21
95.67927523357716
  0
LINE
  5
2E5
100
AcDbEntity
  8
0
  6
ByLayer
 62
  256
370
   -1
100
AcDbLine
 10
130.1412244304763
 20
95.67927523357716
 11
132.9637586699826
 21
95.53548667135183
  0
LINE
  5
2E6
100
AcDbEntity
  8
0
  6
ByLayer
 62
  256
370
   -1
100
AcDbLine
 10
132.9637586699826
 20
95.53548667135183
 11
135.7876777495844
 21
95.54197009218026
  0
LINE
  5
2E7
100
AcDbEntity
  8
0
  6
ByLayer
 62
  256
370
   -1
100
AcDbLine
 10
135.7876777495844
 20
95.54197009218026
 11
138.6048216711683
 21
95.69887959598248
  0
LINE
  5
2E8
100
AcDbEntity
  8
0
  6
ByLayer
 62
  256
370
   -1
100
AcDbLine
 10
138.6048216711683
 20
95.69887959598248
 11
141.4070304366326
 21
96.00637028267846
  0
LINE
  5
2E9
100
AcDbEntity
  8
0
  6
ByLayer
 62
  256
370
   -1
100
AcDbLine
 10
141.4070304366326
 20
96.00637028267846
 11
144.1861450478271
 21
96.46459325217594
  0
LINE
  5
2EA
100
AcDbEntity
  8
0
  6
ByLayer
 62
  256
370
   -1
100
AcDbLine
 10
144.1861450478271
 20
96.46459325217594
 11
146.9340055066872
 21
97.07370660439497
  0
LINE
  5
2EB
100
AcDbEntity
  8
0
  6
ByLayer
 62
  256
370
   -1
100
AcDbLine
 10
146.9340055066872
 20
97.07370660439497
 11
149.6424548150868
 21
97.83386343921885
  0
LINE
  5
2EC
100
AcDbEntity
  8
0
  6
ByLayer
 62
  256
370
   -1
100
AcDbLine
 10
149.6424548150868
 20
97.83386343921885
 11
152.303330974888
 21
98.74521585659201
  0
LINE
  5
2ED
100
AcDbEntity
  8
0
  6
ByLayer
 62
  256
370
   -1
100
AcDbLine
 10
152.303330974888
 20
98.74521585659201
 11
154.9084749880014
 21
99.80791995642224
  0
LINE
  5
2EE
100
AcDbEntity
  8
0
  6
ByLayer
 62
  256
370
   -1
100
AcDbLine
 10
154.9084749880014
 20
99.80791995642224
 11
157.4497278563259
 21
101.0221308386173
  0
LINE
  5
2EF
100
AcDbEntity
  8
0
  6
ByLayer
 62
  256
370
   -1
100
AcDbLine
 10
157.4497278563259
 20
101.0221308386173
 11
159.9189315817353
 21
102.3880016030727
  0
LINE
  5
2F0
100
AcDbEntity
  8
0
  6
ByLayer
 62
  256
370
   -1
100
AcDbLine
 10
159.9189315817353
 20
102.3880016030727
 11
162.307924166104
 21
103.9056853497329
  0
LINE
  5
2F1
100
AcDbEntity
  8
0
  6
ByLayer
 62
  256
370
   -1
100
AcDbLine
 10
162.307924166104
 20
103.9056853497329
 11
164.6008014140379
 21
105.5592252733452
  0
LINE
  5
2F2
100
AcDbEntity
  8
0
  6
ByLayer
 62
  256
370
   -1
100
AcDbLine
 10
164.6008014140379
 20
105.5592252733452
 11
166.7849200832688
 21
107.328836528726
  0
LINE
  5
2F3
100
AcDbEntity
  8
0
  6
ByLayer
 62
  256
370
   -1
100
AcDbLine
 10
166.7849200832688
 20
107.328836528726
 11
168.8570161055059
 21
109.2089421558435
  0
LINE
  5
2F4
100
AcDbEntity
  8
0
  6
ByLayer
 62
  256
370
   -1
100
AcDbLine
 10
168.8570161055059
 20
109.2089421558435
 11
170.8138224124463
 21
111.1939641947031
  0
LINE
  5
2F5
100
AcDbEntity
  8
0
  6
ByLayer
 62
  256
370
   -1
100
AcDbLine
 10
170.8138224124463
 20
111.1939641947031
 11
172.6520779357627
 21
113.2783226852363
  0
LINE
  5
2F6
100
AcDbEntity
  8
0
  6
ByLayer
 62
  256
370
   -1
100
AcDbLine
 10
172.6520779357627
 20
113.2783226852363
 11
174.3685156071643
 21
115.4564406674483
  0
LINE
  5
2F7
100
AcDbEntity
  8
0
  6
ByLayer
 62
  256
370
   -1
100
AcDbLine
 10
174.3685156071643
 20
115.4564406674483
 11
175.959870358336
 21
117.7227391813198
  0
LINE
  5
2F8
100
AcDbEntity
  8
0
  6
ByLayer
 62
  256
370
   -1
100
AcDbLine
 10
175.959870358336
 20
117.7227391813198
 11
177.4228791209748
 21
120.0716402668071
  0
LINE
  5
2F9
100
AcDbEntity
  8
0
  6
ByLayer
 62
  256
370
   -1
100
AcDbLine
 10
177.4228791209748
 20
120.0716402668071
 11
178.7542758267778
 21
122.4975659639029
  0
LINE
  5
2FA
100
AcDbEntity
  8
0
  6
ByLayer
 62
  256
370
   -1
100
AcDbLine
 10
178.7542758267778
 20
122.4975659639029
 11
179.9507974074176
 21
124.9949363125635
  0
LINE
  5
2FB
100
AcDbEntity
  8
0
  6
ByLayer
 62
  256
370
   -1
100
AcDbLine
 10
179.9507974074176
 20
124.9949363125635
 11
181.0091767946036
 21
127.558174352794
  0
LINE
  5
2FC
100
AcDbEntity
  8
0
  6
ByLayer
 62
  256
370
   -1
100
AcDbLine
 10
181.0091767946036
 20
127.558174352794
 11
181.9261509200205
 21
130.1817011245507
  0
LINE
  5
2FD
100
AcDbEntity
  8
0
  6
ByLayer
 62
  256
370
   -1
100
AcDbLine
 10
181.9261509200205
 20
130.1817011245507
 11
182.698455715341
 21
132.8599366678018
  0
LINE
  5
2FE
100
AcDbEntity
  8
0
  6
ByLayer
 62
  256
370
   -1
100
AcDbLine
 10
182.698455715341
 20
132.8599366678018
 11
183.3228251122988
 21
135.5873060225406
  0
LINE
  5
2FF
100
AcDbEntity
  8
0
  6
ByLayer
 62
  256
370
   -1
100
AcDbLine
 10
183.3228251122988
 20
135.5873060225406
 11
183.795996042542
 21
138.3582272287229
  0
LINE
  5
300
100
AcDbEntity
  8
0
  6
ByLayer
 62
  256
370
   -1
100
AcDbLine
 10
183.795996042542
 20
138.3582272287229
 11
184.1147014378046
 21
141.1671253263539
  0
LINE
  5
301
100
AcDbEntity
  8
0
  6
ByLayer
 62
  256
370
   -1
100
AcDbLine
 10
184.1147014378046
 20
141.1671253263539
 11
187.3700045329743
 21
141.1748774648419
  0
LINE
  5
302
100
AcDbEntity
  8
0
  6
ByLayer
 62
  256
370
   -1
100
AcDbLine
 10
187.3700045329743
 20
141.1748774648419
 11
184.1497454463069
 21
145.9044078975917
  0
LINE
  5
303
100
AcDbEntity
  8
0
  6
ByLayer
 62
  256
370
   -1
100
AcDbLine
 10
184.1497454463069
 20
145.9044078975917
 11
183.8624541127704
 21
148.7354574157151
  0
LINE
  5
304
100
AcDbEntity
  8
0
  6
ByLayer
 62
  256
370
   -1
100
AcDbLine
 10
183.8624541127704
 20
148.7354574157151
 11
183.4181143285647
 21
151.5297038569098
  0
LINE
  5
305
100
AcDbEntity
  8
0
  6
ByLayer
 62
  256
370
   -1
100
AcDbLine
 10
183.4181143285647
 20
151.5297038569098
 11
182.5450769311065
 21
155.5805165476438
  0
LINE
  5
306
100
AcDbEntity
  8
0
  6
ByLayer
 62
  256
370
   -1
100
AcDbLine
 10
182.5450769311065
 20
155.5805165476438
 11
181.6889085356195
 21
158.3248450317174
  0
LINE
  5
307
100
AcDbEntity
  8
0
  6
ByLayer
 62
  256
370
   -1
100
AcDbLine
 10
181.6889085356195
 20
158.3248450317174
 11
180.1359422828347
 21
162.2241460482371
  0
LINE
  5
308
100
AcDbEntity
  8
0
  6
ByLayer
 62
  256
370
   -1
100
AcDbLine
 10
180.1359422828347
 20
162.2241460482371
 11
177.459074981367
 21
167.4261233271354
  0
LINE
  5
309
100
AcDbEntity
  8
0
  6
ByLayer
 62
  256
370
   -1
100
AcDbLine
 10
177.459074981367
 20
167.4261233271354
 11
175.1303094769479
 21
171.0598833433747
  0
LINE
  5
30A
100
AcDbEntity
  8
0
  6
ByLayer
 62
  256
370
   -1
100
AcDbLine
 10
175.1303094769479
 20
171.0598833433747
 11
173.3982427272585
 21
173.3669645528786
  0
LINE
  5
30B
100
AcDbEntity
  8
0
  6
ByLayer
 62
  256
370
   -1
100
AcDbLine
 10
173.3982427272585
 20
173.3669645528786
 11
171.5377958243353
 21
175.5798673344032
  0
LINE
  5
30C
100
AcDbEntity
  8
0
  6
ByLayer
 62
  256
370
   -1
100
AcDbLine
 10
171.5377958243353
 20
175.5798673344032
 11
169.5539986936664
 21
177.6925066263562
  0
LINE
  5
30D
100
AcDbEntity
  8
0
  6
ByLayer
 62
  256
370
   -1
100
AcDbLine
 10
169.5539986936664
 20
177.6925066263562
 11
167.4518782607155
 21
179.6987953671819
  0
LINE
  5
30E
100
AcDbEntity
  8
0
  6
ByLayer
 62
  256
370
   -1
100
AcDbLine
 10
167.4518782607155
 20
179.6987953671819
 11
165.2364664509462
 21
181.5926464952635
  0
LINE
  5
30F
100
AcDbEntity
  8
0
  6
ByLayer
 62
  256
370
   -1
100
AcDbLine
 10
165.2364664509462
 20
181.5926464952635
 11
162.9127911898223
 21
183.367972949033
  0
LINE
  5
310
100
AcDbEntity
  8
0
  6
ByLayer
 62
  256
370
   -1
100
AcDbLine
 10
162.9127911898223
 20
183.367972949033
 11
160.1488067421772
 21
185.1280697944314
  0
LINE
  5
311
100
AcDbEntity
  8
0
  6
ByLayer
 62
  256
370
   -1
100
AcDbLine
 10
160.1488067421772
 20
185.1280697944314
 11
157.6688600282568
 21
186.5397581617332
  0
LINE
  5
312
100
AcDbEntity
  8
0
  6
ByLayer
 62
  256
370
   -1
100
AcDbLine
 10
157.6688600282568
 20
186.5397581617332
 11
155.1144396022443
 21
187.8116284409626
  0
LINE
  5
313
100
AcDbEntity
  8
0
  6
ByLayer
 62
  256
370
   -1
100
AcDbLine
 10
155.1144396022443
 20
187.8116284409626
 11
152.4939964378489
 21
188.9415335286364
  0
LINE
  5
314
100
AcDbEntity
  8
0
  6
ByLayer
 62
  256
370
   -1
100
AcDbLine
 10
152.4939964378489
 20
188.9415335286364
 11
149.8159815087429
 21
189.9273233212714
  0
LINE
  5
315
100
AcDbEntity
  8
0
  6
ByLayer
 62
  256
370
   -1
100
AcDbLine
 10
149.8159815087429
 20
189.9273233212714
 11
147.0888427886599
 21
190.7668527154212
  0
LINE
  5
316
100
AcDbEntity
  8
0
  6
ByLayer
 62
  256
370
   -1
100
AcDbLine
 10
147.0888427886599
 20
190.7668527154212
 11
144.3210342512603
 21
191.4579706075659
  0
LINE
  5
317
100
AcDbEntity
  8
0
  6
ByLayer
 62
  256
370
   -1
100
AcDbLine
 10
144.3210342512603
 20
191.4579706075659
 11
141.5210048702652
 21
191.9985308942467
  0
LINE
  5
318
100
AcDbEntity
  8
0
  6
ByLayer
 62
  256
370
   -1
100
AcDbLine
 10
141.5210048702652
 20
191.9985308942467
 11
138.6972056193472
 21
192.3863834719805
  0
LINE
  5
319
100
AcDbEntity
  8
0
  6
ByLayer
 62
  256
370
   -1
100
AcDbLine
 10
138.6972056193472
 20
192.3863834719805
 11
135.8580854722276
 21
192.6193822373087
  0
LINE
  5
31A
100
AcDbEntity
  8
0
  6
ByLayer
 62
  256
370
   -1
100
AcDbLine
 10
135.8580854722276
 20
192.6193822373087
 11
133.012098402591
 21
192.6953780867112
  0
LINE
  5
31B
100
AcDbEntity
  8
0
  6
ByLayer
 62
  256
370
   -1
100
AcDbLine
 10
133.012098402591
 20
192.6953780867112
 11
130.1676933841343
 21
192.6122229167294
  0
LINE
  5
31C
100
AcDbEntity
  8
0
  6
ByLayer
 62
  256
370
   -1
100
AcDbLine
 10
130.1676933841343
 20
192.6122229167294
 11
127.3333183905423
 21
192.3677676239168
  0
LINE
  5
31D
100
AcDbEntity
  8
0
  6
ByLayer
 62
  256
370
   -1
100
AcDbLine
 10
127.3333183905423
 20
192.3677676239168
 11
124.5174283955362
 21
191.9598661047413
  0
LINE
  5
31E
100
AcDbEntity
  8
0
  6
ByLayer
 62
  256
370
   -1
100
AcDbLine
 10
124.5174283955362
 20
191.9598661047413
 11
121.7284713727885
 21
191.3863682557565
  0
LINE
  5
31F
100
AcDbEntity
  8
0
  6
ByLayer
 62
  256
370
   -1
100
AcDbLine
 10
121.7284713727885
 20
191.3863682557565
 11
118.9699401399867
 21
190.637055551793
  0
LINE
  5
320
100
AcDbEntity
  8
0
  6
ByLayer
 62
  256
370
   -1
100
AcDbLine
 10
118.9699571494999
 20
189.2501206394655
 11
121.8125778333376
 21
190.0356682257632
  0
LINE
  5
321
100
AcDbEntity
  8
0
  6
ByLayer
 62
  256
370
   -1
100
AcDbLine
 10
121.8125778333376
 20
190.0356682257632
 11
124.5752080643152
 21
190.6261713971235
  0
LINE
  5
322
100
AcDbEntity
  8
0
  6
ByLayer
 62
  256
370
   -1
100
AcDbLine
 10
124.5752080643152
 20
190.6261713971235
 11
127.3534272993648
 21
191.0536763775826
  0
LINE
  5
323
100
AcDbEntity
  8
0
  6
ByLayer
 62
  256
370
   -1
100
AcDbLine
 10
127.3534272993648
 20
191.0536763775826
 11
130.1403725522627
 21
191.3193082511788
  0
LINE
  5
324
100
AcDbEntity
  8
0
  6
ByLayer
 62
  256
370
   -1
100
AcDbLine
 10
130.1403725522627
 20
191.3193082511788
 11
132.929178836736
 21
191.4241881019743
  0
LINE
  5
325
100
AcDbEntity
  8
0
  6
ByLayer
 62
  256
370
   -1
100
AcDbLine
 10
132.929178836736
 20
191.4241881019743
 11
135.7129851665857
 21
191.3694430139827
  0
LINE
  5
326
100
AcDbEntity
  8
0
  6
ByLayer
 62
  256
370
   -1
100
AcDbLine
 10
135.7129851665857
 20
191.3694430139827
 11
138.4849305555388
 21
191.1561940712177
  0
LINE
  5
327
100
AcDbEntity
  8
0
  6
ByLayer
 62
  256
370
   -1
100
AcDbLine
 10
138.4849305555388
 20
191.1561940712177
 11
141.2381510173595
 21
190.7855653577296
  0
LINE
  5
328
100
AcDbEntity
  8
0
  6
ByLayer
 62
  256
370
   -1
100
AcDbLine
 10
141.2381510173595
 20
190.7855653577296
 11
143.9657835658362
 21
190.2586829575562
  0
LINE
  5
329
100
AcDbEntity
  8
0
  6
ByLayer
 62
  256
370
   -1
100
AcDbLine
 10
143.9657835658362
 20
190.2586829575562
 11
146.6609662147085
 21
189.5766689547235
  0
LINE
  5
32A
100
AcDbEntity
  8
0
  6
ByLayer
 62
  256
370
   -1
100
AcDbLine
 10
146.6609662147085
 20
189.5766689547235
 11
149.3168349777281
 21
188.7406464332817
  0
LINE
  5
32B
100
AcDbEntity
  8
0
  6
ByLayer
 62
  256
370
   -1
100
AcDbLine
 10
149.3168349777281
 20
188.7406464332817
 11
151.9265308686589
 21
187.75173947722
  0
LINE
  5
32C
100
AcDbEntity
  8
0
  6
ByLayer
 62
  256
370
   -1
100
AcDbLine
 10
151.9265308686589
 20
187.75173947722
 11
154.4831879012774
 21
186.6110731706129
  0
LINE
  5
32D
100
AcDbEntity
  8
0
  6
ByLayer
 62
  256
370
   -1
100
AcDbLine
 10
154.4831879012774
 20
186.6110731706129
 11
156.979946089323
 21
185.3197695974619
  0
LINE
  5
32E
100
AcDbEntity
  8
0
  6
ByLayer
 62
  256
370
   -1
100
AcDbLine
 10
156.979946089323
 20
185.3197695974619
 11
159.4099404465719
 21
183.8789538418296
  0
LINE
  5
32F
100
AcDbEntity
  8
0
  6
ByLayer
 62
  256
370
   -1
100
AcDbLine
 10
159.4099404465719
 20
183.8789538418296
 11
161.7663099867759
 21
182.2897489877293
  0
LINE
  5
330
100
AcDbEntity
  8
0
  6
ByLayer
 62
  256
370
   -1
100
AcDbLine
 10
161.7663099867759
 20
182.2897489877293
 11
164.0261588801068
 21
180.566052315524
  0
LINE
  5
331
100
AcDbEntity
  8
0
  6
ByLayer
 62
  256
370
   -1
100
AcDbLine
 10
164.0261588801068
 20
180.566052315524
 11
166.1689923376964
 21
178.7251060761756
  0
LINE
  5
332
100
AcDbEntity
  8
0
  6
ByLayer
 62
  256
370
   -1
100
AcDbLine
 10
166.1689923376964
 20
178.7251060761756
 11
168.1915504347418
 21
176.7730513096027
  0
LINE
  5
333
100
AcDbEntity
  8
0
  6
ByLayer
 62
  256
370
   -1
100
AcDbLine
 10
168.1915504347418
 20
176.7730513096027
 11
170.0905722464528
 21
174.7160300557361
  0
LINE
  5
334
100
AcDbEntity
  8
0
  6
ByLayer
 62
  256
370
   -1
100
AcDbLine
 10
170.0905722464528
 20
174.7160300557361
 11
171.8627948480391
 21
172.5601843545312
  0
LINE
  5
335
100
AcDbEntity
  8
0
  6
ByLayer
 62
  256
370
   -1
100
AcDbLine
 10
171.8627948480391
 20
172.5601843545312
 11
173.5049573147102
 21
170.3116562459187
  0
LINE
  5
336
100
AcDbEntity
  8
0
  6
ByLayer
 62
  256
370
   -1
100
AcDbLine
 10
173.5049573147102
 20
170.3116562459187
 11
175.0137997216637
 21
167.9765867698172
  0
LINE
  5
337
100
AcDbEntity
  8
0
  6
ByLayer
 62
  256
370
   -1
100
AcDbLine
 10
175.0137997216637
 20
167.9765867698172
 11
176.386058144109
 21
165.5611179661942
  0
LINE
  5
338
100
AcDbEntity
  8
0
  6
ByLayer
 62
  256
370
   -1
100
AcDbLine
 10
176.386058144109
 20
165.5611179661942
 11
177.618474657256
 21
163.0713918749439
  0
LINE
  5
339
100
AcDbEntity
  8
0
  6
ByLayer
 62
  256
370
   -1
100
AcDbLine
 10
177.618474657256
 20
163.0713918749439
 11
178.7077853363142
 21
160.5135505360337
  0
LINE
  5
33A
100
AcDbEntity
  8
0
  6
ByLayer
 62
  256
370
   -1
100
AcDbLine
 10
178.7077853363142
 20
160.5135505360337
 11
179.6507302564811
 21
157.8937349893823
  0
LINE
  5
33B
100
AcDbEntity
  8
0
  6
ByLayer
 62
  256
370
   -1
100
AcDbLine
 10
179.6507302564811
 20
157.8937349893823
 11
180.4440464929662
 21
155.2180872749449
  0
LINE
  5
33C
100
AcDbEntity
  8
0
  6
ByLayer
 62
  256
370
   -1
100
AcDbLine
 10
180.4440464929662
 20
155.2180872749449
 11
181.0844741209793
 21
152.4927494326401
  0
LINE
  5
33D
100
AcDbEntity
  8
0
  6
ByLayer
 62
  256
370
   -1
100
AcDbLine
 10
181.0844741209793
 20
152.4927494326401
 11
181.5687532157177
 21
149.7238625023865
  0
LINE
  5
33E
100
AcDbEntity
  8
0
  6
ByLayer
 62
  256
370
   -1
100
AcDbLine
 10
181.5687532157177
 20
149.7238625023865
 11
182.0193461475608
 21
146.2415244455302
  0
LINE
  5
33F
100
AcDbEntity
  8
0
  6
ByLayer
 62
  256
370
   -1
100
AcDbLine
 10
182.0193461475608
 20
146.2415244455302
 11
178.2846330243256
 21
141.5417207161539
  0
LINE
  5
340
100
AcDbEntity
  8
0
  6
ByLayer
 62
  256
370
   -1
100
AcDbLine
 10
178.2846330243256
 20
141.5417207161539
 11
181.8953153931623
 21
141.2451585029643
  0
LINE
  5
341
100
AcDbEntity
  8
0
  6
ByLayer
 62
  256
370
   -1
100
AcDbLine
 10
181.8953153931623
 20
141.2451585029643
 11
181.5715550645012
 21
138.4416994672317
  0
LINE
  5
342
100
AcDbEntity
  8
0
  6
ByLayer
 62
  256
370
   -1
100
AcDbLine
 10
181.5715550645012
 20
138.4416994672317
 11
181.087827196023
 21
135.6758223903206
  0
LINE
  5
343
100
AcDbEntity
  8
0
  6
ByLayer
 62
  256
370
   -1
100
AcDbLine
 10
181.087827196023
 20
135.6758223903206
 11
180.4474278634144
 21
132.9537082318705
  0
LINE
  5
344
100
AcDbEntity
  8
0
  6
ByLayer
 62
  256
370
   -1
100
AcDbLine
 10
180.4474278634144
 20
132.9537082318705
 11
179.6536531424723
 21
130.2815469515211
  0
LINE
  5
345
100
AcDbEntity
  8
0
  6
ByLayer
 62
  256
370
   -1
100
AcDbLine
 10
179.6536531424723
 20
130.2815469515211
 11
178.7097981089324
 21
127.6655235089245
  0
LINE
  5
346
100
AcDbEntity
  8
0
  6
ByLayer
 62
  256
370
   -1
100
AcDbLine
 10
178.7097981089324
 20
127.6655235089245
 11
177.6191598385181
 21
125.1118218637079
  0
LINE
  5
347
100
AcDbEntity
  8
0
  6
ByLayer
 62
  256
370
   -1
100
AcDbLine
 10
177.6191598385181
 20
125.1118218637079
 11
176.3850334070019
 21
122.6266299755234
  0
LINE
  5
348
100
AcDbEntity
  8
0
  6
ByLayer
 62
  256
370
   -1
100
AcDbLine
 10
176.3850334070019
 20
122.6266299755234
 11
175.0107148901195
 21
120.2161328040106
  0
LINE
  5
349
100
AcDbEntity
  8
0
  6
ByLayer
 62
  256
370
   -1
100
AcDbLine
 10
175.0107148901195
 20
120.2161328040106
 11
173.4995003636311
 21
117.8865173088092
  0
LINE
  5
34A
100
AcDbEntity
  8
0
  6
ByLayer
 62
  256
370
   -1
100
AcDbLine
 10
173.4995003636311
 20
117.8865173088092
 11
171.8546849032601
 21
115.6439674495712
  0
LINE
  5
34B
100
AcDbEntity
  8
0
  6
ByLayer
 62
  256
370
   -1
100
AcDbLine
 10
171.8546849032601
 20
115.6439674495712
 11
170.0795645847911
 21
113.4946721859362
  0
LINE
  5
34C
100
AcDbEntity
  8
0
  6
ByLayer
 62
  256
370
   -1
100
AcDbLine
 10
170.0795645847911
 20
113.4946721859362
 11
168.1774374839233
 21
111.4448134775195
  0
LINE
  5
34D
100
AcDbEntity
  8
0
  6
ByLayer
 62
  256
370
   -1
100
AcDbLine
 10
168.1774374839233
 20
111.4448134775195
 11
166.1515956764534
 21
109.5005812840096
  0
LINE
  5
34E
100
AcDbEntity
  8
0
  6
ByLayer
 62
  256
370
   -1
100
AcDbLine
 10
166.1515956764534
 20
109.5005812840096
 11
164.0053382380805
 21
107.6681575650096
  0
LINE
  5
34F
100
AcDbEntity
  8
0
  6
ByLayer
 62
  256
370
   -1
100
AcDbLine
 10
164.0053382380805
 20
107.6681575650096
 11
161.7419592445891
 21
105.9537312801836
  0
LINE
  5
350
100
AcDbEntity
  8
0
  6
ByLayer
 62
  256
370
   -1
100
AcDbLine
 10
161.7419592445891
 20
105.9537312801836
 11
159.3821819080508
 21
104.3746211757751
  0
LINE
  5
351
100
AcDbEntity
  8
0
  6
ByLayer
 62
  256
370
   -1
100
AcDbLine
 10
159.3821819080508
 20
104.3746211757751
 11
156.9491433990134
 21
102.9447549684682
  0
LINE
  5
352
100
AcDbEntity
  8
0
  6
ByLayer
 62
  256
370
   -1
100
AcDbLine
 10
156.9491433990134
 20
102.9447549684682
 11
154.4497677308482
 21
101.6652245734778
  0
LINE
  5
353
100
AcDbEntity
  8
0
  6
ByLayer
 62
  256
370
   -1
100
AcDbLine
 10
154.4497677308482
 20
101.6652245734778
 11
151.8909789169629
 21
100.5371249060186
  0
LINE
  5
354
100
AcDbEntity
  8
0
  6
ByLayer
 62
  256
370
   -1
100
AcDbLine
 10
151.8909789169629
 20
100.5371249060186
 11
149.2796989707655
 21
99.56155088133002
  0
LINE
  5
355
100
AcDbEntity
  8
0
  6
ByLayer
 62
  256
370
   -1
100
AcDbLine
 10
149.2796989707655
 20
99.56155088133002
 11
146.6228529056515
 21
98.73959641461465
  0
LINE
  5
356
100
AcDbEntity
  8
0
  6
ByLayer
 62
  256
370
   -1
100
AcDbLine
 10
146.6228529056515
 20
98.73959641461465
 11
143.9273607350166
 21
98.07235542113634
  0
LINE
  5
357
100
AcDbEntity
  8
0
  6
ByLayer
 62
  256
370
   -1
100
AcDbLine
 10
143.9273607350166
 20
98.07235542113634
 11
141.2001484722686
 21
97.56092281608537
  0
LINE
  5
358
100
AcDbEntity
  8
0
  6
ByLayer
 62
  256
370
   -1
100
AcDbLine
 10
141.2001484722686
 20
97.56092281608537
 11
138.448140130791
 21
97.20639151467668
  0
LINE
  5
359
100
AcDbEntity
  8
0
  6
ByLayer
 62
  256
370
   -1
100
AcDbLine
 10
138.448140130791
 20
97.20639151467668
 11
135.6782567239916
 21
97.00985643216177
  0
LINE
  5
35A
100
AcDbEntity
  8
0
  6
ByLayer
 62
  256
370
   -1
100
AcDbLine
 10
135.6782567239916
 20
97.00985643216177
 11
132.8974212652782
 21
96.97241248376776
  0
LINE
  5
35B
100
AcDbEntity
  8
0
  6
ByLayer
 62
  256
370
   -1
100
AcDbLine
 10
132.8974212652782
 20
96.97241248376776
 11
130.1125587680342
 21
97.09515258469722
  0
LINE
  5
35C
100
AcDbEntity
  8
0
  6
ByLayer
 62
  256
370
   -1
100
AcDbLine
 10
130.1125587680342
 20
97.09515258469722
 11
127.3305912456675
 21
97.37917165018956
  0
LINE
  5
35D
100
AcDbEntity
  8
0
  6
ByLayer
 62
  256
370
   -1
100
AcDbLine
 10
127.3305912456675
 20
97.37917165018956
 11
124.5584417115738
 21
97.82556359547183
  0
LINE
  5
35E
100
AcDbEntity
  8
0
  6
ByLayer
 62
  256
370
   -1
100
AcDbLine
 10
124.5584417115738
 20
97.82556359547183
 11
121.8030361791608
 21
98.43542333573436
  0
LINE
  5
35F
100
AcDbEntity
  8
0
  6
ByLayer
 62
  256
370
   -1
100
AcDbLine
 10
121.8030361791608
 20
98.43542333573436
 11
118.9699619221885
 21
99.23110813583295
  0
LINE
  5
360
100
AcDbEntity
  8
0
  6
ByLayer
 62
  256
370
   -1
100
AcDbLine
 10
118.9700291346579
 20
183.3805388386531
 11
123.2943348289834
 21
183.7470740810289
  0
LINE
  5
361
100
AcDbEntity
  8
0
  6
ByLayer
 62
  256
370
   -1
100
AcDbLine
 10
123.2943348289834
 20
183.7470740810289
 11
127.4921265114142
 21
183.6394486786411
  0
LINE
  5
362
100
AcDbEntity
  8
0
  6
ByLayer
 62
  256
370
   -1
100
AcDbLine
 10
127.4921265114142
 20
183.6394486786411
 11
131.6303556878525
 21
183.0821750055684
  0
LINE
  5
363
100
AcDbEntity
  8
0
  6
ByLayer
 62
  256
370
   -1
100
AcDbLine
 10
131.6303556878525
 20
183.0821750055684
 11
135.6736784899234
 21
182.0860024946009
  0
LINE
  5
364
100
AcDbEntity
  8
0
  6
ByLayer
 62
  256
370
   -1
100
AcDbLine
 10
135.6736784899234
 20
182.0860024946009
 11
139.5867510493257
 21
180.6616865785286
  0
LINE
  5
365
100
AcDbEntity
  8
0
  6
ByLayer
 62
  256
370
   -1
100
AcDbLine
 10
139.5867510493257
 20
180.6616865785286
 11
143.3342304976968
 21
178.8199776901292
  0
LINE
  5
366
100
AcDbEntity
  8
0
  6
ByLayer
 62
  256
370
   -1
100
AcDbLine
 10
143.3342304976968
 20
178.8199776901292
 11
146.8807719666987
 21
176.571628262205
  0
LINE
  5
367
100
AcDbEntity
  8
0
  6
ByLayer
 62
  256
370
   -1
100
AcDbLine
 10
146.8807719666987
 20
176.571628262205
 11
150.1910335880056
 21
173.9273917275216
  0
LINE
  5
368
100
AcDbEntity
  8
0
  6
ByLayer
 62
  256
370
   -1
100
AcDbLine
 10
150.1910335880056
 20
173.9273917275216
 11
153.1929689792412
 21
170.9377069682979
  0
LINE
  5
369
100
AcDbEntity
  8
0
  6
ByLayer
 62
  256
370
   -1
100
AcDbLine
 10
153.1929689792412
 20
170.9377069682979
 11
155.8283049470683
 21
167.6684506980997
  0
LINE
  5
36A
100
AcDbEntity
  8
0
  6
ByLayer
 62
  256
370
   -1
100
AcDbLine
 10
155.8283049470683
 20
167.6684506980997
 11
158.0823579065598
 21
164.1535200967319
  0
LINE
  5
36B
100
AcDbEntity
  8
0
  6
ByLayer
 62
  256
370
   -1
100
AcDbLine
 10
158.0823579065598
 20
164.1535200967319
 11
159.9404452728261
 21
160.4268153439866
  0
LINE
  5
36C
100
AcDbEntity
  8
0
  6
ByLayer
 62
  256
370
   -1
100
AcDbLine
 10
159.9404452728261
 20
160.4268153439866
 11
161.3878814609524
 21
156.5222346196927
  0
LINE
  5
36D
100
AcDbEntity
  8
0
  6
ByLayer
 62
  256
370
   -1
100
AcDbLine
 10
161.3878814609524
 20
156.5222346196927
 11
162.4099848860734
 21
152.4736801036303
  0
LINE
  5
36E
100
AcDbEntity
  8
0
  6
ByLayer
 62
  256
370
   -1
100
AcDbLine
 10
162.4099848860734
 20
152.4736801036303
 11
163.2995669490079
 21
146.156163454959
  0
LINE
  5
36F
100
AcDbEntity
  8
0
  6
ByLayer
 62
  256
370
   -1
100
AcDbLine
 10
163.2995669490079
 20
146.156163454959
 11
166.4127033420287
 21
141.404408089112
  0
LINE
  5
370
100
AcDbEntity
  8
0
  6
ByLayer
 62
  256
370
   -1
100
AcDbLine
 10
166.4127033420287
 20
141.404408089112
 11
163.205122823082
 21
141.4888570078221
  0
LINE
  5
371
100
AcDbEntity
  8
0
  6
ByLayer
 62
  256
370
   -1
100
AcDbLine
 10
163.205122823082
 20
141.4888570078221
 11
162.3954969222486
 21
135.735244279782
  0
LINE
  5
372
100
AcDbEntity
  8
0
  6
ByLayer
 62
  256
370
   -1
100
AcDbLine
 10
162.3954969222486
 20
135.735244279782
 11
161.3642666783984
 21
131.7137359069982
  0
LINE
  5
373
100
AcDbEntity
  8
0
  6
ByLayer
 62
  256
370
   -1
100
AcDbLine
 10
161.3642666783984
 20
131.7137359069982
 11
159.9069382264178
 21
127.8385637518406
  0
LINE
  5
374
100
AcDbEntity
  8
0
  6
ByLayer
 62
  256
370
   -1
100
AcDbLine
 10
159.9069382264178
 20
127.8385637518406
 11
158.0385579857495
 21
124.1439816300668
  0
LINE
  5
375
100
AcDbEntity
  8
0
  6
ByLayer
 62
  256
370
   -1
100
AcDbLine
 10
158.0385579857495
 20
124.1439816300668
 11
155.774179375885
 21
120.6642473573489
  0
LINE
  5
376
100
AcDbEntity
  8
0
  6
ByLayer
 62
  256
370
   -1
100
AcDbLine
 10
155.774179375885
 20
120.6642473573489
 11
153.1288518162912
 21
117.4336167494077
  0
LINE
  5
377
100
AcDbEntity
  8
0
  6
ByLayer
 62
  256
370
   -1
100
AcDbLine
 10
153.1288518162912
 20
117.4336167494077
 11
150.1176237264352
 21
114.4863456219763
  0
LINE
  5
378
100
AcDbEntity
  8
0
  6
ByLayer
 62
  256
370
   -1
100
AcDbLine
 10
150.1176237264352
 20
114.4863456219763
 11
146.8000839176116
 21
111.8886882453889
  0
LINE
  5
379
100
AcDbEntity
  8
0
  6
ByLayer
 62
  256
370
   -1
100
AcDbLine
 10
146.8000839176116
 20
111.8886882453889
 11
143.249743006466
 21
109.6910027195044
  0
LINE
  5
37A
100
AcDbEntity
  8
0
  6
ByLayer
 62
  256
370
   -1
100
AcDbLine
 10
143.249743006466
 20
109.6910027195044
 11
139.5025391206018
 21
107.9037096042574
  0
LINE
  5
37B
100
AcDbEntity
  8
0
  6
ByLayer
 62
  256
370
   -1
100
AcDbLine
 10
139.5025391206018
 20
107.9037096042574
 11
135.5944083875246
 21
106.5372214596073
  0
LINE
  5
37C
100
AcDbEntity
  8
0
  6
ByLayer
 62
  256
370
   -1
100
AcDbLine
 10
135.5944083875246
 20
106.5372214596073
 11
131.561289934801
 21
105.6019558454767
  0
LINE
  5
37D
100
AcDbEntity
  8
0
  6
ByLayer
 62
  256
370
   -1
100
AcDbLine
 10
131.561289934801
 20
105.6019558454767
 11
127.4391188899735
 21
105.1083283218371
  0
LINE
  5
37E
100
AcDbEntity
  8
0
  6
ByLayer
 62
  256
370
   -1
100
AcDbLine
 10
127.4391188899735
 20
105.1083283218371
 11
123.2638333806087
 21
105.0667564486234
  0
LINE
  5
37F
100
AcDbEntity
  8
0
  6
ByLayer
 62
  256
370
   -1
100
AcDbLine
 10
123.2638333806087
 20
105.0667564486234
 11
118.9700386321648
 21
105.4956527330639
  0
LINE
  5
380
100
AcDbEntity
  8
0
  6
ByLayer
 62
  256
370
   -1
100
AcDbLine
 10
118.9700563774847
 20
106.9448299286799
 11
123.125223679713
 21
106.479494146019
  0
LINE
  5
381
100
AcDbEntity
  8
0
  6
ByLayer
 62
  256
370
   -1
100
AcDbLine
 10
123.125223679713
 20
106.479494146019
 11
127.166299718827
 21
106.4826636626383
  0
LINE
  5
382
100
AcDbEntity
  8
0
  6
ByLayer
 62
  256
370
   -1
100
AcDbLine
 10
127.166299718827
 20
106.4826636626383
 11
131.15909917143
 21
106.9279277704423
  0
LINE
  5
383
100
AcDbEntity
  8
0
  6
ByLayer
 62
  256
370
   -1
100
AcDbLine
 10
131.15909917143
 20
106.9279277704423
 11
135.068100914596
 21
107.8052479043901
  0
LINE
  5
384
100
AcDbEntity
  8
0
  6
ByLayer
 62
  256
370
   -1
100
AcDbLine
 10
135.068100914596
 20
107.8052479043901
 11
138.8577878253256
 21
109.1045794993916
  0
LINE
  5
385
100
AcDbEntity
  8
0
  6
ByLayer
 62
  256
370
   -1
100
AcDbLine
 10
138.8577878253256
 20
109.1045794993916
 11
142.4926407806686
 21
110.8158819903813
  0
LINE
  5
386
100
AcDbEntity
  8
0
  6
ByLayer
 62
  256
370
   -1
100
AcDbLine
 10
142.4926407806686
 20
110.8158819903813
 11
145.9371386576377
 21
112.9291118123182
  0
LINE
  5
387
100
AcDbEntity
  8
0
  6
ByLayer
 62
  256
370
   -1
100
AcDbLine
 10
145.9371386576377
 20
112.9291118123182
 11
149.1557643332704
 21
115.4342274001121
  0
LINE
  5
388
100
AcDbEntity
  8
0
  6
ByLayer
 62
  256
370
   -1
100
AcDbLine
 10
149.1557643332704
 20
115.4342274001121
 11
152.0758022020151
 21
118.2817766441693
  0
LINE
  5
389
100
AcDbEntity
  8
0
  6
ByLayer
 62
  256
370
   -1
100
AcDbLine
 10
152.0758022020151
 20
118.2817766441693
 11
154.6383594641978
 21
121.4064542656331
  0
LINE
  5
38A
100
AcDbEntity
  8
0
  6
ByLayer
 62
  256
370
   -1
100
AcDbLine
 10
154.6383594641978
 20
121.4064542656331
 11
156.8286507056779
 21
124.7744394455499
  0
LINE
  5
38B
100
AcDbEntity
  8
0
  6
ByLayer
 62
  256
370
   -1
100
AcDbLine
 10
156.8286507056779
 20
124.7744394455499
 11
158.6318925123275
 21
128.3519123649415
  0
LINE
  5
38C
100
AcDbEntity
  8
0
  6
ByLayer
 62
  256
370
   -1
100
AcDbLine
 10
158.6318925123275
 20
128.3519123649415
 11
160.0332964699936
 21
132.105051204891
  0
LINE
  5
38D
100
AcDbEntity
  8
0
  6
ByLayer
 62
  256
370
   -1
100
AcDbLine
 10
160.0332964699936
 20
132.105051204891
 11
161.0180811645483
 21
136.0000361463958
  0
LINE
  5
38E
100
AcDbEntity
  8
0
  6
ByLayer
 62
  256
370
   -1
100
AcDbLine
 10
161.0180811645483
 20
136.0000361463958
 11
161.8464765342218
 21
141.5246273366808
  0
LINE
  5
38F
100
AcDbEntity
  8
0
  6
ByLayer
 62
  256
370
   -1
100
AcDbLine
 10
161.8464765342218
 20
141.5246273366808
 11
158.5911668630118
 21
141.6103328646252
  0
LINE
  5
390
100
AcDbEntity
  8
0
  6
ByLayer
 62
  256
370
   -1
100
AcDbLine
 10
158.5911668630118
 20
141.6103328646252
 11
161.8548738053356
 21
146.4198807284589
  0
LINE
  5
391
100
AcDbEntity
  8
0
  6
ByLayer
 62
  256
370
   -1
100
AcDbLine
 10
161.8548738053356
 20
146.4198807284589
 11
161.135284203794
 21
152.2546387124515
  0
LINE
  5
392
100
AcDbEntity
  8
0
  6
ByLayer
 62
  256
370
   -1
100
AcDbLine
 10
161.135284203794
 20
152.2546387124515
 11
160.195352559006
 21
156.2035882223047
  0
LINE
  5
393
100
AcDbEntity
  8
0
  6
ByLayer
 62
  256
370
   -1
100
AcDbLine
 10
160.195352559006
 20
156.2035882223047
 11
158.8295392163932
 21
160.0138869471116
  0
LINE
  5
394
100
AcDbEntity
  8
0
  6
ByLayer
 62
  256
370
   -1
100
AcDbLine
 10
158.8295392163932
 20
160.0138869471116
 11
157.0525607489803
 21
163.6506657066636
  0
LINE
  5
395
100
AcDbEntity
  8
0
  6
ByLayer
 62
  256
370
   -1
100
AcDbLine
 10
157.0525607489803
 20
163.6506657066636
 11
154.8791297298284
 21
167.0790583208012
  0
LINE
  5
396
100
AcDbEntity
  8
0
  6
ByLayer
 62
  256
370
   -1
100
AcDbLine
 10
154.8791297298284
 20
167.0790583208012
 11
152.323961731962
 21
170.2641956093281
  0
LINE
  5
397
100
AcDbEntity
  8
0
  6
ByLayer
 62
  256
370
   -1
100
AcDbLine
 10
152.323961731962
 20
170.2641956093281
 11
149.4017733284302
 21
173.1712103920359
  0
LINE
  5
398
100
AcDbEntity
  8
0
  6
ByLayer
 62
  256
370
   -1
100
AcDbLine
 10
149.4017733284302
 20
173.1712103920359
 11
146.1722696914474
 21
175.7325009378235
  0
LINE
  5
399
100
AcDbEntity
  8
0
  6
ByLayer
 62
  256
370
   -1
100
AcDbLine
 10
146.1722696914474
 20
175.7325009378235
 11
142.7095811920508
 21
177.8967023389534
  0
LINE
  5
39A
100
AcDbEntity
  8
0
  6
ByLayer
 62
  256
370
   -1
100
AcDbLine
 10
142.7095811920508
 20
177.8967023389534
 11
139.0500587012723
 21
179.6532821503045
  0
LINE
  5
39B
100
AcDbEntity
  8
0
  6
ByLayer
 62
  256
370
   -1
100
AcDbLine
 10
139.0500587012723
 20
179.6532821503045
 11
135.2300580902905
 21
180.9917199266951
  0
LINE
  5
39C
100
AcDbEntity
  8
0
  6
ByLayer
 62
  256
370
   -1
100
AcDbLine
 10
135.2300580902905
 20
180.9917199266951
 11
131.2859292301498
 21
181.9014842230164
  0
LINE
  5
39D
100
AcDbEntity
  8
0
  6
ByLayer
 62
  256
370
   -1
100
AcDbLine
 10
131.2859292301498
 20
181.9014842230164
 11
127.2540259920044
 21
182.3720525941108
  0
LINE
  5
39E
100
AcDbEntity
  8
0
  6
ByLayer
 62
  256
370
   -1
100
AcDbLine
 10
127.2540259920044
 20
182.3720525941108
 11
123.1707012469351
 21
182.392896594833
  0
LINE
  5
39F
100
AcDbEntity
  8
0
  6
ByLayer
 62
  256
370
   -1
100
AcDbLine
 10
123.1707012469351
 20
182.392896594833
 11
118.9700469102431
 21
181.9311393493669
  0
LINE
  5
3A0
100
AcDbEntity
  8
0
  6
ByLayer
 62
  256
370
   -1
100
AcDbLine
 10
118.9701244123464
 20
112.500918531032
 11
121.8611538585708
 21
113.031940889221
  0
LINE
  5
3A1
100
AcDbEntity
  8
0
  6
ByLayer
 62
  256
370
   -1
100
AcDbLine
 10
121.8611538585708
 20
113.031940889221
 11
124.6432434637862
 21
113.8163368223139
  0
LINE
  5
3A2
100
AcDbEntity
  8
0
  6
ByLayer
 62
  256
370
   -1
100
AcDbLine
 10
124.6432434637862
 20
113.8163368223139
 11
127.3039200624601
 21
114.8451952421395
  0
LINE
  5
3A3
100
AcDbEntity
  8
0
  6
ByLayer
 62
  256
370
   -1
100
AcDbLine
 10
127.3039200624601
 20
114.8451952421395
 11
129.8314854840192
 21
116.1045862919421
  0
LINE
  5
3A4
100
AcDbEntity
  8
0
  6
ByLayer
 62
  256
370
   -1
100
AcDbLine
 10
129.8314854840192
 20
116.1045862919421
 11
132.2142415579023
 21
117.5805811149659
  0
LINE
  5
3A5
100
AcDbEntity
  8
0
  6
ByLayer
 62
  256
370
   -1
100
AcDbLine
 10
132.2142415579023
 20
117.5805811149659
 11
134.4404921134749
 21
119.2592448544307
  0
LINE
  5
3A6
100
AcDbEntity
  8
0
  6
ByLayer
 62
  256
370
   -1
100
AcDbLine
 10
134.4404921134749
 20
119.2592448544307
 11
136.4985389802125
 21
121.1266516535806
  0
LINE
  5
3A7
100
AcDbEntity
  8
0
  6
ByLayer
 62
  256
370
   -1
100
AcDbLine
 10
136.4985389802125
 20
121.1266516535806
 11
138.3766869875052
 21
123.1688686556232
  0
LINE
  5
3A8
100
AcDbEntity
  8
0
  6
ByLayer
 62
  256
370
   -1
100
AcDbLine
 10
138.3766869875052
 20
123.1688686556232
 11
140.0632369647916
 21
125.3719670038149
  0
LINE
  5
3A9
100
AcDbEntity
  8
0
  6
ByLayer
 62
  256
370
   -1
100
AcDbLine
 10
140.0632369647916
 20
125.3719670038149
 11
141.5464927414618
 21
127.7220138413755
  0
LINE
  5
3AA
100
AcDbEntity
  8
0
  6
ByLayer
 62
  256
370
   -1
100
AcDbLine
 10
141.5464927414618
 20
127.7220138413755
 11
142.8147561469423
 21
130.2050793115492
  0
LINE
  5
3AB
100
AcDbEntity
  8
0
  6
ByLayer
 62
  256
370
   -1
100
AcDbLine
 10
142.8147561469423
 20
130.2050793115492
 11
143.8563310106476
 21
132.8072325575557
  0
LINE
  5
3AC
100
AcDbEntity
  8
0
  6
ByLayer
 62
  256
370
   -1
100
AcDbLine
 10
143.8563310106476
 20
132.8072325575557
 11
144.6595201620165
 21
135.5145447226271
  0
LINE
  5
3AD
100
AcDbEntity
  8
0
  6
ByLayer
 62
  256
370
   -1
100
AcDbLine
 10
144.6595201620165
 20
135.5145447226271
 11
145.2126254304634
 21
138.3130849500074
  0
LINE
  5
3AE
100
AcDbEntity
  8
0
  6
ByLayer
 62
  256
370
   -1
100
AcDbLine
 10
145.2126254304634
 20
138.3130849500074
 11
145.5039516453783
 21
141.1889203829044
  0
LINE
  5
3AF
100
AcDbEntity
  8
0
  6
ByLayer
 62
  256
370
   -1
100
AcDbLine
 10
145.5039516453783
 20
141.1889203829044
 11
142.5106995782135
 21
141.0201230355631
  0
LINE
  5
3B0
100
AcDbEntity
  8
0
  6
ByLayer
 62
  256
370
   -1
100
AcDbLine
 10
142.5106995782135
 20
141.0201230355631
 11
142.5106995782135
 21
141.0201230355631
  0
LINE
  5
3B1
100
AcDbEntity
  8
0
  6
ByLayer
 62
  256
370
   -1
100
AcDbLine
 10
142.5106995782135
 20
141.0201230355631
 11
142.5106995782135
 21
141.0201230355631
  0
LINE
  5
3B2
100
AcDbEntity
  8
0
  6
ByLayer
 62
  256
370
   -1
100
AcDbLine
 10
142.5106995782135
 20
141.0201230355631
 11
145.4796965448002
 21
147.0606096803507
  0
LINE
  5
3B3
100
AcDbEntity
  8
0
  6
ByLayer
 62
  256
370
   -1
100
AcDbLine
 10
145.4796965448002
 20
147.0606096803507
 11
145.1689856742894
 21
149.9294724852515
  0
LINE
  5
3B4
100
AcDbEntity
  8
0
  6
ByLayer
 62
  256
370
   -1
100
AcDbLine
 10
145.1689856742894
 20
149.9294724852515
 11
144.6010168587578
 21
152.7211614402959
  0
LINE
  5
3B5
100
AcDbEntity
  8
0
  6
ByLayer
 62
  256
370
   -1
100
AcDbLine
 10
144.6010168587578
 20
152.7211614402959
 11
143.7871349323323
 21
155.4221304065641
  0
LINE
  5
3B6
100
AcDbEntity
  8
0
  6
ByLayer
 62
  256
370
   -1
100
AcDbLine
 10
143.7871349323323
 20
155.4221304065641
 11
142.7386897291157
 21
158.0188312450754
  0
LINE
  5
3B7
100
AcDbEntity
  8
0
  6
ByLayer
 62
  256
370
   -1
100
AcDbLine
 10
142.7386897291157
 20
158.0188312450754
 11
141.4670300832225
 21
160.497716816861
  0
LINE
  5
3B8
100
AcDbEntity
  8
0
  6
ByLayer
 62
  256
370
   -1
100
AcDbLine
 10
141.4670300832225
 20
160.497716816861
 11
139.9835018287554
 21
162.845238982989
  0
LINE
  5
3B9
100
AcDbEntity
  8
0
  6
ByLayer
 62
  256
370
   -1
100
AcDbLine
 10
139.9835018287554
 20
162.845238982989
 11
138.2994547998291
 21
165.0478506044788
  0
LINE
  5
3BA
100
AcDbEntity
  8
0
  6
ByLayer
 62
  256
370
   -1
100
AcDbLine
 10
138.2994547998291
 20
165.0478506044788
 11
136.4262348305462
 21
167.0920035423983
  0
LINE
  5
3BB
100
AcDbEntity
  8
0
  6
ByLayer
 62
  256
370
   -1
100
AcDbLine
 10
136.4262348305462
 20
167.0920035423983
 11
134.3751917550337
 21
168.9641516577666
  0
LINE
  5
3BC
100
AcDbEntity
  8
0
  6
ByLayer
 62
  256
370
   -1
100
AcDbLine
 10
134.3751917550337
 20
168.9641516577666
 11
132.1576734073941
 21
170.6507468116273
  0
LINE
  5
3BD
100
AcDbEntity
  8
0
  6
ByLayer
 62
  256
370
   -1
100
AcDbLine
 10
132.1576734073941
 20
170.6507468116273
 11
129.7850266217299
 21
172.1382408650365
  0
LINE
  5
3BE
100
AcDbEntity
  8
0
  6
ByLayer
 62
  256
370
   -1
100
AcDbLine
 10
129.7850266217299
 20
172.1382408650365
 11
127.268600232156
 21
173.4130866790253
  0
LINE
  5
3BF
100
AcDbEntity
  8
0
  6
ByLayer
 62
  256
370
   -1
100
AcDbLine
 10
127.268600232156
 20
173.4130866790253
 11
124.6197410727871
 21
174.4617371146497
  0
LINE
  5
3C0
100
AcDbEntity
  8
0
  6
ByLayer
 62
  256
370
   -1
100
AcDbLine
 10
124.6197410727871
 20
174.4617371146497
 11
121.8497989777379
 21
175.2706450329288
  0
LINE
  5
3C1
100
AcDbEntity
  8
0
  6
ByLayer
 62
  256
370
   -1
100
AcDbLine
 10
121.8497989777379
 20
175.2706450329288
 11
118.9701217810988
 21
175.8262612949062
  0
LINE
  5
3C2
100
AcDbEntity
  8
0
  6
ByLayer
 62
  256
370
   -1
100
AcDbLine
 10
118.9701056495257
 20
177.1416100440573
 11
122.1000037853209
 21
176.5569677051931
  0
LINE
  5
3C3
100
AcDbEntity
  8
0
  6
ByLayer
 62
  256
370
   -1
100
AcDbLine
 10
122.1000037853209
 20
176.5569677051931
 11
125.0150296734169
 21
175.7311580103471
  0
LINE
  5
3C4
100
AcDbEntity
  8
0
  6
ByLayer
 62
  256
370
   -1
100
AcDbLine
 10
125.0150296734169
 20
175.7311580103471
 11
127.8053294728795
 21
174.6531148427657
  0
LINE
  5
3C5
100
AcDbEntity
  8
0
  6
ByLayer
 62
  256
370
   -1
100
AcDbLine
 10
127.8053294728795
 20
174.6531148427657
 11
130.4589073558144
 21
173.33689334934
  0
LINE
  5
3C6
100
AcDbEntity
  8
0
  6
ByLayer
 62
  256
370
   -1
100
AcDbLine
 10
130.4589073558144
 20
173.33689334934
 11
132.9637644943274
 21
171.7965486769979
  0
LINE
  5
3C7
100
AcDbEntity
  8
0
  6
ByLayer
 62
  256
370
   -1
100
AcDbLine
 10
132.9637644943274
 20
171.7965486769979
 11
135.3079050605365
 21
170.0461369726305
  0
LINE
  5
3C8
100
AcDbEntity
  8
0
  6
ByLayer
 62
  256
370
   -1
100
AcDbLine
 10
135.3079050605365
 20
170.0461369726305
 11
137.4793312265474
 21
168.0997133831537
  0
LINE
  5
3C9
100
AcDbEntity
  8
0
  6
ByLayer
 62
  256
370
   -1
100
AcDbLine
 10
137.4793312265474
 20
168.0997133831537
 11
139.4660471644537
 21
165.9713320554584
  0
LINE
  5
3CA
100
AcDbEntity
  8
0
  6
ByLayer
 62
  256
370
   -1
100
AcDbLine
 10
139.4660471644537
 20
165.9713320554584
 11
141.256055046349
 21
163.6750471364604
  0
LINE
  5
3CB
100
AcDbEntity
  8
0
  6
ByLayer
 62
  256
370
   -1
100
AcDbLine
 10
141.256055046349
 20
163.6750471364604
 11
142.8373580443881
 21
161.2249177730631
  0
LINE
  5
3CC
100
AcDbEntity
  8
0
  6
ByLayer
 62
  256
370
   -1
100
AcDbLine
 10
142.8373580443881
 20
161.2249177730631
 11
144.1979603306276
 21
158.6349951121576
  0
LINE
  5
3CD
100
AcDbEntity
  8
0
  6
ByLayer
 62
  256
370
   -1
100
AcDbLine
 10
144.1979603306276
 20
158.6349951121576
 11
145.3258630771857
 21
155.9193353006719
  0
LINE
  5
3CE
100
AcDbEntity
  8
0
  6
ByLayer
 62
  256
370
   -1
100
AcDbLine
 10
145.3258630771857
 20
155.9193353006719
 11
146.2090704561804
 21
153.0919944854971
  0
LINE
  5
3CF
100
AcDbEntity
  8
0
  6
ByLayer
 62
  256
370
   -1
100
AcDbLine
 10
146.2090704561804
 20
153.0919944854971
 11
146.8355856397051
 21
150.1670268135366
  0
LINE
  5
3D0
100
AcDbEntity
  8
0
  6
ByLayer
 62
  256
370
   -1
100
AcDbLine
 10
146.8355856397051
 20
150.1670268135366
 11
147.1934117998903
 21
147.1584894316938
  0
LINE
  5
3D1
100
AcDbEntity
  8
0
  6
ByLayer
 62
  256
370
   -1
100
AcDbLine
 10
147.1934117998903
 20
147.1584894316938
 11
150.4343555707644
 21
141.1781897455643
  0
LINE
  5
3D2
100
AcDbEntity
  8
0
  6
ByLayer
 62
  256
370
   -1
100
AcDbLine
 10
150.4343555707644
 20
141.1781897455643
 11
147.1953343518523
 21
140.99700140769
  0
LINE
  5
3D3
100
AcDbEntity
  8
0
  6
ByLayer
 62
  256
370
   -1
100
AcDbLine
 10
147.1953343518523
 20
140.99700140769
 11
146.8393744423428
 21
137.9827767662289
  0
LINE
  5
3D4
100
AcDbEntity
  8
0
  6
ByLayer
 62
  256
370
   -1
100
AcDbLine
 10
146.8393744423428
 20
137.9827767662289
 11
146.2146225523929
 21
135.0518164161586
  0
LINE
  5
3D5
100
AcDbEntity
  8
0
  6
ByLayer
 62
  256
370
   -1
100
AcDbLine
 10
146.2146225523929
 20
135.0518164161586
 11
145.3330328541186
 21
132.2181762111003
  0
LINE
  5
3D6
100
AcDbEntity
  8
0
  6
ByLayer
 62
  256
370
   -1
100
AcDbLine
 10
145.3330328541186
 20
132.2181762111003
 11
144.2065585196239
 21
129.4959110046873
  0
LINE
  5
3D7
100
AcDbEntity
  8
0
  6
ByLayer
 62
  256
370
   -1
100
AcDbLine
 10
144.2065585196239
 20
129.4959110046873
 11
142.8471507210374
 21
126.8990776505773
  0
LINE
  5
3D8
100
AcDbEntity
  8
0
  6
ByLayer
 62
  256
370
   -1
100
AcDbLine
 10
142.8471507210374
 20
126.8990776505773
 11
141.2667636304385
 21
124.4417290023913
  0
LINE
  5
3D9
100
AcDbEntity
  8
0
  6
ByLayer
 62
  256
370
   -1
100
AcDbLine
 10
141.2667636304385
 20
124.4417290023913
 11
139.4773504199435
 21
122.1379209137627
  0
LINE
  5
3DA
100
AcDbEntity
  8
0
  6
ByLayer
 62
  256
370
   -1
100
AcDbLine
 10
139.4773504199435
 20
122.1379209137627
 11
137.4908632616686
 21
120.0017092383368
  0
LINE
  5
3DB
100
AcDbEntity
  8
0
  6
ByLayer
 62
  256
370
   -1
100
AcDbLine
 10
137.4908632616686
 20
120.0017092383368
 11
135.31925532773
 21
118.047149829747
  0
LINE
  5
3DC
100
AcDbEntity
  8
0
  6
ByLayer
 62
  256
370
   -1
100
AcDbLine
 10
135.31925532773
 20
118.047149829747
 11
132.9744797902195
 21
116.2882965416265
  0
LINE
  5
3DD
100
AcDbEntity
  8
0
  6
ByLayer
 62
  256
370
   -1
100
AcDbLine
 10
132.9744797902195
 20
116.2882965416265
 11
130.4684888212533
 21
114.7392052276209
  0
LINE
  5
3DE
100
AcDbEntity
  8
0
  6
ByLayer
 62
  256
370
   -1
100
AcDbLine
 10
130.4684888212533
 20
114.7392052276209
 11
127.8132365929475
 21
113.4139317413511
  0
LINE
  5
3DF
100
AcDbEntity
  8
0
  6
ByLayer
 62
  256
370
   -1
100
AcDbLine
 10
127.8132365929475
 20
113.4139317413511
 11
125.0206752773941
 21
112.3265299364626
  0
LINE
  5
3E0
100
AcDbEntity
  8
0
  6
ByLayer
 62
  256
370
   -1
100
AcDbLine
 10
125.0206752773941
 20
112.3265299364626
 11
122.1027580467215
 21
111.4910566665888
  0
LINE
  5
3E1
100
AcDbEntity
  8
0
  6
ByLayer
 62
  256
370
   -1
100
AcDbLine
 10
122.1027580467215
 20
111.4910566665888
 11
118.9701049738145
 21
110.9134646446448
  0
LINE
  5
3E2
100
AcDbEntity
  8
0
  6
ByLayer
 62
  256
370
   -1
100
AcDbLine
 10
118.9682938849196
 20
91.38819404690938
 11
122.6457906461388
 21
89.98036101548757
  0
LINE
  5
3E3
100
AcDbEntity
  8
0
  6
ByLayer
 62
  256
370
   -1
100
AcDbLine
 10
122.6457906461388
 20
89.98036101548757
 11
126.3768752247924
 21
88.80261432789476
  0
LINE
  5
3E4
100
AcDbEntity
  8
0
  6
ByLayer
 62
  256
370
   -1
100
AcDbLine
 10
126.3768752247924
 20
88.80261432789476
 11
130.1513966111707
 21
87.85416110843113
  0
LINE
  5
3E5
100
AcDbEntity
  8
0
  6
ByLayer
 62
  256
370
   -1
100
AcDbLine
 10
130.1513966111707
 20
87.85416110843113
 11
133.9591977956131
 21
87.13421248147014
  0
LINE
  5
3E6
100
AcDbEntity
  8
0
  6
ByLayer
 62
  256
370
   -1
100
AcDbLine
 10
133.9591977956131
 20
87.13421248147014
 11
137.79012376841
 21
86.64197557136092
  0
LINE
  5
3E7
100
AcDbEntity
  8
0
  6
ByLayer
 62
  256
370
   -1
100
AcDbLine
 10
137.79012376841
 20
86.64197557136092
 11
141.6340205198886
 21
86.37666050244019
  0
LINE
  5
3E8
100
AcDbEntity
  8
0
  6
ByLayer
 62
  256
370
   -1
100
AcDbLine
 10
141.6340205198886
 20
86.37666050244019
 11
145.4807340403392
 21
86.33747439904479
  0
LINE
  5
3E9
100
AcDbEntity
  8
0
  6
ByLayer
 62
  256
370
   -1
100
AcDbLine
 10
145.4807340403392
 20
86.33747439904479
 11
149.3201073201013
 21
86.52362838554828
  0
LINE
  5
3EA
100
AcDbEntity
  8
0
  6
ByLayer
 62
  256
370
   -1
100
AcDbLine
 10
149.3201073201013
 20
86.52362838554828
 11
153.1419893494651
 21
86.9343295862507
  0
LINE
  5
3EB
100
AcDbEntity
  8
0
  6
ByLayer
 62
  256
370
   -1
100
AcDbLine
 10
153.1419893494651
 20
86.9343295862507
 11
156.9362211187457
 21
87.5687871255501
  0
LINE
  5
3EC
100
AcDbEntity
  8
0
  6
ByLayer
 62
  256
370
   -1
100
AcDbLine
 10
156.9362211187457
 20
87.5687871255501
 11
160.6926506182702
 21
88.42621112775879
  0
LINE
  5
3ED
100
AcDbEntity
  8
0
  6
ByLayer
 62
  256
370
   -1
100
AcDbLine
 10
160.6926506182702
 20
88.42621112775879
 11
164.4011218383411
 21
89.50580971723812
  0
LINE
  5
3EE
100
AcDbEntity
  8
0
  6
ByLayer
 62
  256
370
   -1
100
AcDbLine
 10
164.4011218383411
 20
89.50580971723812
 11
168.0514817692611
 21
90.80679101831257
  0
LINE
  5
3EF
100
AcDbEntity
  8
0
  6
ByLayer
 62
  256
370
   -1
100
AcDbLine
 10
168.0514817692611
 20
90.80679101831257
 11
171.6335724013574
 21
92.32836515536795
  0
LINE
  5
3F0
100
AcDbEntity
  8
0
  6
ByLayer
 62
  256
370
   -1
100
AcDbLine
 10
171.6335724013574
 20
92.32836515536795
 11
175.1372427249326
 21
94.06974025270438
  0
LINE
  5
3F1
100
AcDbEntity
  8
0
  6
ByLayer
 62
  256
370
   -1
100
AcDbLine
 10
175.1372427249326
 20
94.06974025270438
 11
178.5523347303017
 21
96.03012543470757
  0
LINE
  5
3F2
100
AcDbEntity
  8
0
  6
ByLayer
 62
  256
370
   -1
100
AcDbLine
 10
178.5523347303017
 20
96.03012543470757
 11
180.0533845831326
 21
93.81313405403552
  0
LINE
  5
3F3
100
AcDbEntity
  8
0
  6
ByLayer
 62
  256
370
   -1
100
AcDbLine
 10
180.0533845831326
 20
93.81313405403552
 11
182.3619516933805
 21
98.55871178575575
  0
LINE
  5
3F4
100
AcDbEntity
  8
0
  6
ByLayer
 62
  256
370
   -1
100
AcDbLine
 10
182.3619516933805
 20
98.55871178575575
 11
185.8366963264344
 21
101.2236792373594
  0
LINE
  5
3F5
100
AcDbEntity
  8
0
  6
ByLayer
 62
  256
370
   -1
100
AcDbLine
 10
185.8366963264344
 20
101.2236792373594
 11
189.1257597274704
 21
104.1146959626653
  0
LINE
  5
3F6
100
AcDbEntity
  8
0
  6
ByLayer
 62
  256
370
   -1
100
AcDbLine
 10
189.1257597274704
 20
104.1146959626653
 11
188.4358072306466
 21
104.972445411267
  0
LINE
  5
3F7
100
AcDbEntity
  8
0
  6
ByLayer
 62
  256
370
   -1
100
AcDbLine
 10
188.4358072306466
 20
104.972445411267
 11
188.4358072306466
 21
104.972445411267
  0
LINE
  5
3F8
100
AcDbEntity
  8
0
  6
ByLayer
 62
  256
370
   -1
100
AcDbLine
 10
188.4358072306466
 20
104.972445411267
 11
188.4358072306466
 21
104.972445411267
  0
LINE
  5
3F9
100
AcDbEntity
  8
0
  6
ByLayer
 62
  256
370
   -1
100
AcDbLine
 10
188.4358072306466
 20
104.972445411267
 11
185.2704286082756
 21
102.2266831714395
  0
LINE
  5
3FA
100
AcDbEntity
  8
0
  6
ByLayer
 62
  256
370
   -1
100
AcDbLine
 10
185.2704286082756
 20
102.2266831714395
 11
181.9343305593109
 21
99.6910800221043
  0
LINE
  5
3FB
100
AcDbEntity
  8
0
  6
ByLayer
 62
  256
370
   -1
100
AcDbLine
 10
181.9343305593109
 20
99.6910800221043
 11
175.7622771897768
 21
100.1509315995507
  0
LINE
  5
3FC
100
AcDbEntity
  8
0
  6
ByLayer
 62
  256
370
   -1
100
AcDbLine
 10
175.7622771897768
 20
100.1509315995507
 11
177.8749579809262
 21
97.03058072932873
  0
LINE
  5
3FD
100
AcDbEntity
  8
0
  6
ByLayer
 62
  256
370
   -1
100
AcDbLine
 10
177.8749579809262
 20
97.03058072932873
 11
174.4853156111984
 21
95.12210523569607
  0
LINE
  5
3FE
100
AcDbEntity
  8
0
  6
ByLayer
 62
  256
370
   -1
100
AcDbLine
 10
174.4853156111984
 20
95.12210523569607
 11
171.0100538954923
 21
93.43037179049713
  0
LINE
  5
3FF
100
AcDbEntity
  8
0
  6
ByLayer
 62
  256
370
   -1
100
AcDbLine
 10
171.0100538954923
 20
93.43037179049713
 11
167.4591808424155
 21
91.95608327118293
  0
LINE
  5
400
100
AcDbEntity
  8
0
  6
ByLayer
 62
  256
370
   -1
100
AcDbLine
 10
167.4591808424155
 20
91.95608327118293
 11
163.842707460551
 21
90.69994055516764
  0
LINE
  5
401
100
AcDbEntity
  8
0
  6
ByLayer
 62
  256
370
   -1
100
AcDbLine
 10
163.842707460551
 20
90.69994055516764
 11
160.170642758543
 21
89.66264951989004
  0
LINE
  5
402
100
AcDbEntity
  8
0
  6
ByLayer
 62
  256
370
   -1
100
AcDbLine
 10
160.170642758543
 20
89.66264951989004
 11
156.4529947449502
 21
88.84490904280113
  0
LINE
  5
403
100
AcDbEntity
  8
0
  6
ByLayer
 62
  256
370
   -1
100
AcDbLine
 10
156.4529947449502
 20
88.84490904280113
 11
152.6997744284047
 21
88.24742400131515
  0
LINE
  5
404
100
AcDbEntity
  8
0
  6
ByLayer
 62
  256
370
   -1
100
AcDbLine
 10
152.6997744284047
 20
88.24742400131515
 11
148.9209918174771
 21
87.87089427285858
  0
LINE
  5
405
100
AcDbEntity
  8
0
  6
ByLayer
 62
  256
370
   -1
100
AcDbLine
 10
148.9209918174771
 20
87.87089427285858
 11
145.1266559207874
 21
87.71602373487016
  0
LINE
  5
406
100
AcDbEntity
  8
0
  6
ByLayer
 62
  256
370
   -1
100
AcDbLine
 10
145.1266559207874
 20
87.71602373487016
 11
141.3267737469308
 21
87.78351426481316
  0
LINE
  5
407
100
AcDbEntity
  8
0
  6
ByLayer
 62
  256
370
   -1
100
AcDbLine
 10
141.3267737469308
 20
87.78351426481316
 11
137.5313583045272
 21
88.07406974007731
  0
LINE
  5
408
100
AcDbEntity
  8
0
  6
ByLayer
 62
  256
370
   -1
100
AcDbLine
 10
137.5313583045272
 20
88.07406974007731
 11
133.7504176021473
 21
88.58839003811354
  0
LINE
  5
409
100
AcDbEntity
  8
0
  6
ByLayer
 62
  256
370
   -1
100
AcDbLine
 10
133.7504176021473
 20
88.58839003811354
 11
129.9939616484109
 21
89.32717903634844
  0
LINE
  5
40A
100
AcDbEntity
  8
0
  6
ByLayer
 62
  256
370
   -1
100
AcDbLine
 10
129.9939616484109
 20
89.32717903634844
 11
126.2719984519257
 21
90.29113961223297
  0
LINE
  5
40B
100
AcDbEntity
  8
0
  6
ByLayer
 62
  256
370
   -1
100
AcDbLine
 10
126.2719984519257
 20
90.29113961223297
 11
122.5945400212869
 21
91.48097364316911
  0
LINE
  5
40C
100
AcDbEntity
  8
0
  6
ByLayer
 62
  256
370
   -1
100
AcDbLine
 10
122.5945400212869
 20
91.48097364316911
 11
118.9715933650776
 21
92.89738200662009
  0
LINE
  5
40D
100
AcDbEntity
  8
0
  6
ByLayer
 62
  256
370
   -1
100
AcDbLine
 10
118.9697739020594
 20
83.87638451277508
 11
122.1610616806943
 21
81.24499695038739
  0
LINE
  5
40E
100
AcDbEntity
  8
0
  6
ByLayer
 62
  256
370
   -1
100
AcDbLine
 10
122.1610616806943
 20
81.24499695038739
 11
125.3485155309086
 21
78.86445091951717
  0
LINE
  5
40F
100
AcDbEntity
  8
0
  6
ByLayer
 62
  256
370
   -1
100
AcDbLine
 10
125.3485155309086
 20
78.86445091951717
 11
128.6281102062727
 21
76.6329557603845
  0
LINE
  5
410
100
AcDbEntity
  8
0
  6
ByLayer
 62
  256
370
   -1
100
AcDbLine
 10
128.6281102062727
 20
76.6329557603845
 11
131.9944977312159
 21
74.55250653847602
  0
LINE
  5
411
100
AcDbEntity
  8
0
  6
ByLayer
 62
  256
370
   -1
100
AcDbLine
 10
131.9944977312159
 20
74.55250653847602
 11
135.4423261301554
 21
72.6250973193273
  0
LINE
  5
412
100
AcDbEntity
  8
0
  6
ByLayer
 62
  256
370
   -1
100
AcDbLine
 10
135.4423261301554
 20
72.6250973193273
 11
138.966243427545
 21
70.85272516847414
  0
LINE
  5
413
100
AcDbEntity
  8
0
  6
ByLayer
 62
  256
370
   -1
100
AcDbLine
 10
138.966243427545
 20
70.85272516847414
 11
142.560899647802
 21
69.23738415142748
  0
LINE
  5
414
100
AcDbEntity
  8
0
  6
ByLayer
 62
  256
370
   -1
100
AcDbLine
 10
142.560899647802
 20
69.23738415142748
 11
146.2209418153678
 21
67.78107033373519
  0
LINE
  5
415
100
AcDbEntity
  8
0
  6
ByLayer
 62
  256
370
   -1
100
AcDbLine
 10
146.2209418153678
 20
67.78107033373519
 11
149.9410209546596
 21
66.48577778089631
  0
LINE
  5
416
100
AcDbEntity
  8
0
  6
ByLayer
 62
  256
370
   -1
100
AcDbLine
 10
149.9410209546596
 20
66.48577778089631
 11
153.715783090119
 21
65.35350255847092
  0
LINE
  5
417
100
AcDbEntity
  8
0
  6
ByLayer
 62
  256
370
   -1
100
AcDbLine
 10
153.715783090119
 20
65.35350255847092
 11
157.5398772461755
 21
64.38623973198233
  0
LINE
  5
418
100
AcDbEntity
  8
0
  6
ByLayer
 62
  256
370
   -1
100
AcDbLine
 10
157.5398772461755
 20
64.38623973198233
 11
161.4079534472584
 21
63.58598436694168
  0
LINE
  5
419
100
AcDbEntity
  8
0
  6
ByLayer
 62
  256
370
   -1
100
AcDbLine
 10
161.4079534472584
 20
63.58598436694168
 11
165.3146597177848
 21
62.95473052888469
  0
LINE
  5
41A
100
AcDbEntity
  8
0
  6
ByLayer
 62
  256
370
   -1
100
AcDbLine
 10
165.3146597177848
 20
62.95473052888469
 11
169.2546450822086
 21
62.4944752833346
  0
LINE
  5
41B
100
AcDbEntity
  8
0
  6
ByLayer
 62
  256
370
   -1
100
AcDbLine
 10
169.2546450822086
 20
62.4944752833346
 11
173.2225575649469
 21
62.20721269582716
  0
LINE
  5
41C
100
AcDbEntity
  8
0
  6
ByLayer
 62
  256
370
   -1
100
AcDbLine
 10
173.2225575649469
 20
62.20721269582716
 11
177.2130471904291
 21
62.0949378318735
  0
LINE
  5
41D
100
AcDbEntity
  8
0
  6
ByLayer
 62
  256
370
   -1
100
AcDbLine
 10
177.2130471904291
 20
62.0949378318735
 11
177.2130177389917
 21
59.68977683205387
  0
LINE
  5
41E
100
AcDbEntity
  8
0
  6
ByLayer
 62
  256
370
   -1
100
AcDbLine
 10
177.2130177389917
 20
59.68977683205387
 11
180.8407238156124
 21
62.1459714106136
  0
LINE
  5
41F
100
AcDbEntity
  8
0
  6
ByLayer
 62
  256
370
   -1
100
AcDbLine
 10
180.8407238156124
 20
62.1459714106136
 11
184.8509865891085
 21
62.37244530456116
  0
LINE
  5
420
100
AcDbEntity
  8
0
  6
ByLayer
 62
  256
370
   -1
100
AcDbLine
 10
184.8509865891085
 20
62.37244530456116
 11
188.847205544303
 21
62.77708837049001
  0
LINE
  5
421
100
AcDbEntity
  8
0
  6
ByLayer
 62
  256
370
   -1
100
AcDbLine
 10
188.847205544303
 20
62.77708837049001
 11
188.918879200039
 21
64.54561049297146
  0
LINE
  5
422
100
AcDbEntity
  8
0
  6
ByLayer
 62
  256
370
   -1
100
AcDbLine
 10
188.918879200039
 20
64.54561049297146
 11
185.1503637088961
 21
64.09719763878761
  0
LINE
  5
423
100
AcDbEntity
  8
0
  6
ByLayer
 62
  256
370
   -1
100
AcDbLine
 10
185.1503637088961
 20
64.09719763878761
 11
181.3658592384899
 21
63.81380898040279
  0
LINE
  5
424
100
AcDbEntity
  8
0
  6
ByLayer
 62
  256
370
   -1
100
AcDbLine
 10
181.3658592384899
 20
63.81380898040279
 11
177.2131106761306
 21
67.2795178314849
  0
LINE
  5
425
100
AcDbEntity
  8
0
  6
ByLayer
 62
  256
370
   -1
100
AcDbLine
 10
177.2131106761306
 20
67.2795178314849
 11
177.2130667641238
 21
63.69342983175371
  0
LINE
  5
426
100
AcDbEntity
  8
0
  6
ByLayer
 62
  256
370
   -1
100
AcDbLine
 10
177.2130667641238
 20
63.69342983175371
 11
173.2058156465735
 21
63.76551990095047
  0
LINE
  5
427
100
AcDbEntity
  8
0
  6
ByLayer
 62
  256
370
   -1
100
AcDbLine
 10
173.2058156465735
 20
63.76551990095047
 11
169.221156774883
 21
64.02101869351677
  0
LINE
  5
428
100
AcDbEntity
  8
0
  6
ByLayer
 62
  256
370
   -1
100
AcDbLine
 10
169.221156774883
 20
64.02101869351677
 11
165.2649181221373
 21
64.45772813808821
  0
LINE
  5
429
100
AcDbEntity
  8
0
  6
ByLayer
 62
  256
370
   -1
100
AcDbLine
 10
165.2649181221373
 20
64.45772813808821
 11
161.3429236614212
 21
65.07345016334943
  0
LINE
  5
42A
100
AcDbEntity
  8
0
  6
ByLayer
 62
  256
370
   -1
100
AcDbLine
 10
161.3429236614212
 20
65.07345016334943
 11
157.4610033658194
 21
65.86598669791181
  0
LINE
  5
42B
100
AcDbEntity
  8
0
  6
ByLayer
 62
  256
370
   -1
100
AcDbLine
 10
157.4610033658194
 20
65.86598669791181
 11
153.6249812084291
 21
66.83314067046007
  0
LINE
  5
42C
100
AcDbEntity
  8
0
  6
ByLayer
 62
  256
370
   -1
100
AcDbLine
 10
153.6249812084291
 20
66.83314067046007
 11
149.8406861623229
 21
67.97271300961737
  0
LINE
  5
42D
100
AcDbEntity
  8
0
  6
ByLayer
 62
  256
370
   -1
100
AcDbLine
 10
149.8406861623229
 20
67.97271300961737
 11
146.1139432005978
 21
69.28250664405664
  0
LINE
  5
42E
100
AcDbEntity
  8
0
  6
ByLayer
 62
  256
370
   -1
100
AcDbLine
 10
146.1139432005978
 20
69.28250664405664
 11
142.4505802963631
 21
70.76032550241314
  0
LINE
  5
42F
100
AcDbEntity
  8
0
  6
ByLayer
 62
  256
370
   -1
100
AcDbLine
 10
142.4505802963631
 20
70.76032550241314
 11
138.8564244226425
 21
72.40396651333515
  0
LINE
  5
430
100
AcDbEntity
  8
0
  6
ByLayer
 62
  256
370
   -1
100
AcDbLine
 10
138.8564244226425
 20
72.40396651333515
 11
135.3373015525943
 21
74.21123760548269
  0
LINE
  5
431
100
AcDbEntity
  8
0
  6
ByLayer
 62
  256
370
   -1
100
AcDbLine
 10
135.3373015525943
 20
74.21123760548269
 11
131.8990386592665
 21
76.17993770750397
  0
LINE
  5
432
100
AcDbEntity
  8
0
  6
ByLayer
 62
  256
370
   -1
100
AcDbLine
 10
131.8990386592665
 20
76.17993770750397
 11
128.5474627157318
 21
78.3078677480467
  0
LINE
  5
433
100
AcDbEntity
  8
0
  6
ByLayer
 62
  256
370
   -1
100
AcDbLine
 10
128.5474627157318
 20
78.3078677480467
 11
125.2884026951117
 21
80.59283265573453
  0
LINE
  5
434
100
AcDbEntity
  8
0
  6
ByLayer
 62
  256
370
   -1
100
AcDbLine
 10
125.2884026951117
 20
80.59283265573453
 11
122.1276815704787
 21
83.03263335926428
  0
LINE
  5
435
100
AcDbEntity
  8
0
  6
ByLayer
 62
  256
370
   -1
100
AcDbLine
 10
122.1276815704787
 20
83.03263335926428
 11
118.9697964108051
 21
85.71456838549688
  0
LINE
  5
436
100
AcDbEntity
  8
0
  6
ByLayer
 62
  256
370
   -1
100
AcDbLine
 10
118.969721
 20
208.505756
 11
118.969762291043
 21
205.13864103491
  0
LINE
  5
437
100
AcDbEntity
  8
0
  6
ByLayer
 62
  256
370
   -1
100
AcDbLine
 10
118.9697855905027
 20
203.2388315728271
 11
118.9698577505222
 21
197.3549917767336
  0
LINE
  5
438
100
AcDbEntity
  8
0
  6
ByLayer
 62
  256
370
   -1
100
AcDbLine
 10
118.9698767828195
 20
195.8031215204105
 11
118.9699401399867
 21
190.637055551793
  0
LINE
  5
439
100
AcDbEntity
  8
0
  6
ByLayer
 62
  256
370
   -1
100
AcDbLine
 10
118.9699571494999
 20
189.2501206394655
 11
118.9700291346579
 21
183.3805388386531
  0
LINE
  5
43A
100
AcDbEntity
  8
0
  6
ByLayer
 62
  256
370
   -1
100
AcDbLine
 10
118.9700469102431
 20
181.9311393493669
 11
118.9701056495257
 21
177.1416100440573
  0
LINE
  5
43B
100
AcDbEntity
  8
0
  6
ByLayer
 62
  256
370
   -1
100
AcDbLine
 10
118.9701217810988
 20
175.8262612949062
 11
118.9701244123464
 21
112.500918531032
  0
LINE
  5
43C
100
AcDbEntity
  8
0
  6
ByLayer
 62
  256
370
   -1
100
AcDbLine
 10
118.9701049738145
 20
110.9134646446448
 11
118.9700563774847
 21
106.9448299286799
  0
LINE
  5
43D
100
AcDbEntity
  8
0
  6
ByLayer
 62
  256
370
   -1
100
AcDbLine
 10
118.9700386321648
 20
105.4956527330639
 11
118.9699619221885
 21
99.23110813583295
  0
LINE
  5
43E
100
AcDbEntity
  8
0
  6
ByLayer
 62
  256
370
   -1
100
AcDbLine
 10
118.9699441555496
 20
97.78018991914197
 11
118.9715933650776
 21
92.89738200662009
  0
LINE
  5
43F
100
AcDbEntity
  8
0
  6
ByLayer
 62
  256
370
   -1
100
AcDbLine
 10
118.9682938849196
 20
91.38819404690938
 11
118.9697964108051
 21
85.71456838549688
  0
LINE
  5
440
100
AcDbEntity
  8
0
  6
ByLayer
 62
  256
370
   -1
100
AcDbLine
 10
118.9697739020594
 20
83.87638451277508
 11
118.969721
 21
79.556219
  0
LINE
  5
441
100
AcDbEntity
  8
0
  6
ByLayer
 62
  256
370
   -1
100
AcDbLine
 10
89.80633999999999
 20
79.557648
 11
86.86474899999999
 21
74.91010399999999
  0
LINE
  5
442
100
AcDbEntity
  8
0
  6
ByLayer
 62
  256
370
   -1
100
AcDbLine
 10
86.86474899999999
 20
74.91010399999999
 11
83.778363
 21
70.36999599999999
  0
LINE
  5
443
100
AcDbEntity
  8
0
  6
ByLayer
 62
  256
370
   -1
100
AcDbLine
 10
83.778363
 20
70.36999599999999
 11
80.55034499999999
 21
65.94034099999999
  0
LINE
  5
444
100
AcDbEntity
  8
0
  6
ByLayer
 62
  256
370
   -1
100
AcDbLine
 10
80.55034499999999
 20
65.94034099999999
 11
77.183865
 21
61.624157
  0
LINE
  5
445
100
AcDbEntity
  8
0
  6
ByLayer
 62
  256
370
   -1
100
AcDbLine
 10
77.183865
 20
61.624157
 11
73.68208499999999
 21
57.424465
  0
LINE
  5
446
100
AcDbEntity
  8
0
  6
ByLayer
 62
  256
370
   -1
100
AcDbLine
 10
73.68208499999999
 20
57.424465
 11
70.048171
 21
53.344284
  0
LINE
  5
447
100
AcDbEntity
  8
0
  6
ByLayer
 62
  256
370
   -1
100
AcDbLine
 10
70.048171
 20
53.344284
 11
66.28528799999999
 21
49.386635
  0
LINE
  5
448
100
AcDbEntity
  8
0
  6
ByLayer
 62
  256
370
   -1
100
AcDbLine
 10
66.28528799999999
 20
49.386635
 11
62.396601
 21
45.554533
  0
LINE
  5
449
100
AcDbEntity
  8
0
  6
ByLayer
 62
  256
370
   -1
100
AcDbLine
 10
62.396601
 20
45.554533
 11
58.385277
 21
41.851
  0
LINE
  5
44A
100
AcDbEntity
  8
0
  6
ByLayer
 62
  256
370
   -1
100
AcDbLine
 10
58.385277
 20
41.851
 11
54.254478
 21
38.279054
  0
LINE
  5
44B
100
AcDbEntity
  8
0
  6
ByLayer
 62
  256
370
   -1
100
AcDbLine
 10
54.254478
 20
38.279054
 11
50.007372
 21
34.841717
  0
LINE
  5
44C
100
AcDbEntity
  8
0
  6
ByLayer
 62
  256
370
   -1
100
AcDbLine
 10
50.007372
 20
34.841717
 11
45.647123
 21
31.542005
  0
LINE
  5
44D
100
AcDbEntity
  8
0
  6
ByLayer
 62
  256
370
   -1
100
AcDbLine
 10
45.647123
 20
31.542005
 11
41.176896
 21
28.382938
  0
LINE
  5
44E
100
AcDbEntity
  8
0
  6
ByLayer
 62
  256
370
   -1
100
AcDbLine
 10
41.176896
 20
28.382938
 11
36.599857
 21
25.367536
  0
LINE
  5
44F
100
AcDbEntity
  8
0
  6
ByLayer
 62
  256
370
   -1
100
AcDbLine
 10
36.599857
 20
25.367536
 11
31.91917
 21
22.498818
  0
LINE
  5
450
100
AcDbEntity
  8
0
  6
ByLayer
 62
  256
370
   -1
100
AcDbLine
 10
31.91917
 20
22.498818
 11
27.138002
 21
19.779803
  0
LINE
  5
451
100
AcDbEntity
  8
0
  6
ByLayer
 62
  256
370
   -1
100
AcDbLine
 10
27.138002
 20
19.779803
 11
25.096736
 21
22.859598
  0
LINE
  5
452
100
AcDbEntity
  8
0
  6
ByLayer
 62
  256
370
   -1
100
AcDbLine
 10
25.096736
 20
22.859598
 11
22.877014
 21
17.52712
  0
LINE
  5
453
100
AcDbEntity
  8
0
  6
ByLayer
 62
  256
370
   -1
100
AcDbLine
 10
22.877014
 20
17.52712
 11
16.878059
 21
14.613932
  0
LINE
  5
454
100
AcDbEntity
  8
0
  6
ByLayer
 62
  256
370
   -1
100
AcDbLine
 10
16.878059
 20
14.613932
 11
17.495546
 21
13.37894
  0
LINE
  5
455
100
AcDbEntity
  8
0
  6
ByLayer
 62
  256
370
   -1
100
AcDbLine
 10
17.495546
 20
13.37894
 11
23.874489
 21
16.466408
  0
LINE
  5
456
100
AcDbEntity
  8
0
  6
ByLayer
 62
  256
370
   -1
100
AcDbLine
 10
23.874489
 20
16.466408
 11
23.874489
 21
16.466408
  0
LINE
  5
457
100
AcDbEntity
  8
0
  6
ByLayer
 62
  256
370
   -1
100
AcDbLine
 10
23.874489
 20
16.466408
 11
29.334099
 21
16.466408
  0
LINE
  5
458
100
AcDbEntity
  8
0
  6
ByLayer
 62
  256
370
   -1
100
AcDbLine
 10
29.334099
 20
16.466408
 11
27.919859
 21
18.600161
  0
LINE
  5
459
100
AcDbEntity
  8
0
  6
ByLayer
 62
  256
370
   -1
100
AcDbLine
 10
27.919859
 20
18.600161
 11
32.792335
 21
21.361291
  0
LINE
  5
45A
100
AcDbEntity
  8
0
  6
ByLayer
 62
  256
370
   -1
100
AcDbLine
 10
32.792335
 20
21.361291
 11
37.561188
 21
24.276972
  0
LINE
  5
45B
100
AcDbEntity
  8
0
  6
ByLayer
 62
  256
370
   -1
100
AcDbLine
 10
37.561188
 20
24.276972
 11
42.223114
 21
27.344044
  0
LINE
  5
45C
100
AcDbEntity
  8
0
  6
ByLayer
 62
  256
370
   -1
100
AcDbLine
 10
42.223114
 20
27.344044
 11
46.774807
 21
30.559343
  0
LINE
  5
45D
100
AcDbEntity
  8
0
  6
ByLayer
 62
  256
370
   -1
100
AcDbLine
 10
46.774807
 20
30.559343
 11
51.212965
 21
33.919705
  0
LINE
  5
45E
100
AcDbEntity
  8
0
  6
ByLayer
 62
  256
370
   -1
100
AcDbLine
 10
51.212965
 20
33.919705
 11
55.534283
 21
37.421968
  0
LINE
  5
45F
100
AcDbEntity
  8
0
  6
ByLayer
 62
  256
370
   -1
100
AcDbLine
 10
55.534283
 20
37.421968
 11
59.735457
 21
41.062969
  0
LINE
  5
460
100
AcDbEntity
  8
0
  6
ByLayer
 62
  256
370
   -1
100
AcDbLine
 10
59.735457
 20
41.062969
 11
63.813183
 21
44.839545
  0
LINE
  5
461
100
AcDbEntity
  8
0
  6
ByLayer
 62
  256
370
   -1
100
AcDbLine
 10
63.813183
 20
44.839545
 11
67.76415499999999
 21
48.748532
  0
LINE
  5
462
100
AcDbEntity
  8
0
  6
ByLayer
 62
  256
370
   -1
100
AcDbLine
 10
67.76415499999999
 20
48.748532
 11
71.585071
 21
52.786769
  0
LINE
  5
463
100
AcDbEntity
  8
0
  6
ByLayer
 62
  256
370
   -1
100
AcDbLine
 10
71.585071
 20
52.786769
 11
75.27262499999999
 21
56.951091
  0
LINE
  5
464
100
AcDbEntity
  8
0
  6
ByLayer
 62
  256
370
   -1
100
AcDbLine
 10
75.27262499999999
 20
56.951091
 11
78.82351499999999
 21
61.238336
  0
LINE
  5
465
100
AcDbEntity
  8
0
  6
ByLayer
 62
  256
370
   -1
100
AcDbLine
 10
78.82351499999999
 20
61.238336
 11
82.23443399999999
 21
65.64534
  0
LINE
  5
466
100
AcDbEntity
  8
0
  6
ByLayer
 62
  256
370
   -1
100
AcDbLine
 10
82.23443399999999
 20
65.64534
 11
85.50207999999999
 21
70.16894099999999
  0
LINE
  5
467
100
AcDbEntity
  8
0
  6
ByLayer
 62
  256
370
   -1
100
AcDbLine
 10
85.50207999999999
 20
70.16894099999999
 11
88.62314799999999
 21
74.80597599999999
  0
LINE
  5
468
100
AcDbEntity
  8
0
  6
ByLayer
 62
  256
370
   -1
100
AcDbLine
 10
88.62314799999999
 20
74.80597599999999
 11
91.59433499999999
 21
79.553281
  0
LINE
  5
469
100
AcDbEntity
  8
0
  6
ByLayer
 62
  256
370
   -1
100
AcDbLine
 10
96.3911232046665
 20
79.556219
 11
94.43306899999999
 21
71.415953
  0
LINE
  5
46A
100
AcDbEntity
  8
0
  6
ByLayer
 62
  256
370
   -1
100
AcDbLine
 10
94.43306899999999
 20
71.415953
 11
92.26602
 21
63.342899
  0
LINE
  5
46B
100
AcDbEntity
  8
0
  6
ByLayer
 62
  256
370
   -1
100
AcDbLine
 10
92.26602
 20
63.342899
 11
89.852328
 21
55.34426
  0
LINE
  5
46C
100
AcDbEntity
  8
0
  6
ByLayer
 62
  256
370
   -1
100
AcDbLine
 10
89.852328
 20
55.34426
 11
87.19397499999999
 21
47.425653
  0
LINE
  5
46D
100
AcDbEntity
  8
0
  6
ByLayer
 62
  256
370
   -1
100
AcDbLine
 10
87.19397499999999
 20
47.425653
 11
84.29294599999999
 21
39.592697
  0
LINE
  5
46E
100
AcDbEntity
  8
0
  6
ByLayer
 62
  256
370
   -1
100
AcDbLine
 10
84.29294599999999
 20
39.592697
 11
81.15122099999999
 21
31.85101
  0
LINE
  5
46F
100
AcDbEntity
  8
0
  6
ByLayer
 62
  256
370
   -1
100
AcDbLine
 10
81.15122099999999
 20
31.85101
 11
77.77078399999999
 21
24.206212
  0
LINE
  5
470
100
AcDbEntity
  8
0
  6
ByLayer
 62
  256
370
   -1
100
AcDbLine
 10
77.77078399999999
 20
24.206212
 11
74.15361999999999
 21
16.663919
  0
LINE
  5
471
100
AcDbEntity
  8
0
  6
ByLayer
 62
  256
370
   -1
100
AcDbLine
 10
74.15361999999999
 20
16.663919
 11
71.22346899999999
 21
18.060677
  0
LINE
  5
472
100
AcDbEntity
  8
0
  6
ByLayer
 62
  256
370
   -1
100
AcDbLine
 10
71.22346899999999
 20
18.060677
 11
71.84580799999999
 21
12.142756
  0
LINE
  5
473
100
AcDbEntity
  8
0
  6
ByLayer
 62
  256
370
   -1
100
AcDbLine
 10
71.84580799999999
 20
12.142756
 11
68.74721199999999
 21
6.380728000000001
  0
LINE
  5
474
100
AcDbEntity
  8
0
  6
ByLayer
 62
  256
370
   -1
100
AcDbLine
 10
68.74721199999999
 20
6.380728000000001
 11
69.98218799999999
 21
5.660323
  0
LINE
  5
475
100
AcDbEntity
  8
0
  6
ByLayer
 62
  256
370
   -1
100
AcDbLine
 10
69.98218799999999
 20
5.660323
 11
73.13530399999999
 21
11.108159
  0
LINE
  5
476
100
AcDbEntity
  8
0
  6
ByLayer
 62
  256
370
   -1
100
AcDbLine
 10
73.13530399999999
 20
11.108159
 11
73.13530399999999
 21
11.108159
  0
LINE
  5
477
100
AcDbEntity
  8
0
  6
ByLayer
 62
  256
370
   -1
100
AcDbLine
 10
73.13530399999999
 20
11.108159
 11
78.076521
 21
14.793928
  0
LINE
  5
478
100
AcDbEntity
  8
0
  6
ByLayer
 62
  256
370
   -1
100
AcDbLine
 10
78.076521
 20
14.793928
 11
75.745576
 21
15.905043
  0
LINE
  5
479
100
AcDbEntity
  8
0
  6
ByLayer
 62
  256
370
   -1
100
AcDbLine
 10
75.745576
 20
15.905043
 11
79.558319
 21
23.464134
  0
LINE
  5
47A
100
AcDbEntity
  8
0
  6
ByLayer
 62
  256
370
   -1
100
AcDbLine
 10
79.558319
 20
23.464134
 11
83.078093
 21
31.153984
  0
LINE
  5
47B
100
AcDbEntity
  8
0
  6
ByLayer
 62
  256
370
   -1
100
AcDbLine
 10
83.078093
 20
31.153984
 11
86.30190999999999
 21
38.966001
  0
LINE
  5
47C
100
AcDbEntity
  8
0
  6
ByLayer
 62
  256
370
   -1
100
AcDbLine
 10
86.30190999999999
 20
38.966001
 11
89.226782
 21
46.89159
  0
LINE
  5
47D
100
AcDbEntity
  8
0
  6
ByLayer
 62
  256
370
   -1
100
AcDbLine
 10
89.226782
 20
46.89159
 11
91.84972099999999
 21
54.922156
  0
LINE
  5
47E
100
AcDbEntity
  8
0
  6
ByLayer
 62
  256
370
   -1
100
AcDbLine
 10
91.84972099999999
 20
54.922156
 11
94.16773999999999
 21
63.04911000000001
  0
LINE
  5
47F
100
AcDbEntity
  8
0
  6
ByLayer
 62
  256
370
   -1
100
AcDbLine
 10
94.16773999999999
 20
63.04911000000001
 11
96.17785199999999
 21
71.263857
  0
LINE
  5
480
100
AcDbEntity
  8
0
  6
ByLayer
 62
  256
370
   -1
100
AcDbLine
 10
96.17785199999999
 20
71.263857
 11
97.90339912746211
 21
79.556219
  0
LINE
  5
481
100
AcDbEntity
  8
0
  6
ByLayer
 62
  256
370
   -1
100
AcDbLine
 10
109.5401767948406
 20
79.55613849426067
 11
111.4981313209876
 21
71.41584851830103
  0
LINE
  5
482
100
AcDbEntity
  8
0
  6
ByLayer
 62
  256
370
   -1
100
AcDbLine
 10
111.4981313209876
 20
71.41584851830103
 11
113.66508146547
 21
63.34276798317422
  0
LINE
  5
483
100
AcDbEntity
  8
0
  6
ByLayer
 62
  256
370
   -1
100
AcDbLine
 10
113.66508146547
 20
63.34276798317422
 11
116.0786755211531
 21
55.34409942787349
  0
LINE
  5
484
100
AcDbEntity
  8
0
  6
ByLayer
 62
  256
370
   -1
100
AcDbLine
 10
116.0786755211531
 20
55.34409942787349
 11
118.7369315568178
 21
47.42545987666833
  0
LINE
  5
485
100
AcDbEntity
  8
0
  6
ByLayer
 62
  256
370
   -1
100
AcDbLine
 10
118.7369315568178
 20
47.42545987666833
 11
121.6378646412693
 21
39.59246835386489
  0
LINE
  5
486
100
AcDbEntity
  8
0
  6
ByLayer
 62
  256
370
   -1
100
AcDbLine
 10
121.6378646412693
 20
39.59246835386489
 11
124.7794948433008
 21
31.85074288370787
  0
LINE
  5
487
100
AcDbEntity
  8
0
  6
ByLayer
 62
  256
370
   -1
100
AcDbLine
 10
124.7794948433008
 20
31.85074288370787
 11
128.1598382317299
 21
24.20590349049133
  0
LINE
  5
488
100
AcDbEntity
  8
0
  6
ByLayer
 62
  256
370
   -1
100
AcDbLine
 10
128.1598382317299
 20
24.20590349049133
 11
131.7769098753253
 21
16.66356619852113
  0
LINE
  5
489
100
AcDbEntity
  8
0
  6
ByLayer
 62
  256
370
   -1
100
AcDbLine
 10
131.7769098753253
 20
16.66356619852113
 11
134.7070779785473
 21
18.0602883184239
  0
LINE
  5
48A
100
AcDbEntity
  8
0
  6
ByLayer
 62
  256
370
   -1
100
AcDbLine
 10
134.7070779785473
 20
18.0602883184239
 11
134.0846665130584
 21
12.1423749394709
  0
LINE
  5
48B
100
AcDbEntity
  8
0
  6
ByLayer
 62
  256
370
   -1
100
AcDbLine
 10
134.0846665130584
 20
12.1423749394709
 11
137.1831919562159
 21
6.380308997284477
  0
LINE
  5
48C
100
AcDbEntity
  8
0
  6
ByLayer
 62
  256
370
   -1
100
AcDbLine
 10
137.1831919562159
 20
6.380308997284477
 11
135.9482071348771
 21
5.659919119743412
  0
LINE
  5
48D
100
AcDbEntity
  8
0
  6
ByLayer
 62
  256
370
   -1
100
AcDbLine
 10
135.9482071348771
 20
5.659919119743412
 11
132.7951578444111
 21
11.10779372955621
  0
LINE
  5
48E
100
AcDbEntity
  8
0
  6
ByLayer
 62
  256
370
   -1
100
AcDbLine
 10
132.7951578444111
 20
11.10779372955621
 11
132.7951578444111
 21
11.10779372955621
  0
LINE
  5
48F
100
AcDbEntity
  8
0
  6
ByLayer
 62
  256
370
   -1
100
AcDbLine
 10
132.7951578444111
 20
11.10779372955621
 11
127.8539859773922
 21
14.79362323497708
  0
LINE
  5
490
100
AcDbEntity
  8
0
  6
ByLayer
 62
  256
370
   -1
100
AcDbLine
 10
127.8539859773922
 20
14.79362323497708
 11
130.184944582932
 21
15.90470969223878
  0
LINE
  5
491
100
AcDbEntity
  8
0
  6
ByLayer
 62
  256
370
   -1
100
AcDbLine
 10
130.184944582932
 20
15.90470969223878
 11
126.3722941450445
 21
23.46384737909206
  0
LINE
  5
492
100
AcDbEntity
  8
0
  6
ByLayer
 62
  256
370
   -1
100
AcDbLine
 10
126.3722941450445
 20
23.46384737909206
 11
122.852614308292
 21
31.15374047850081
  0
LINE
  5
493
100
AcDbEntity
  8
0
  6
ByLayer
 62
  256
370
   -1
100
AcDbLine
 10
122.852614308292
 20
31.15374047850081
 11
119.6288929674646
 21
38.96579695387728
  0
LINE
  5
494
100
AcDbEntity
  8
0
  6
ByLayer
 62
  256
370
   -1
100
AcDbLine
 10
119.6288929674646
 20
38.96579695387728
 11
116.7041180173152
 21
46.89142176863376
  0
LINE
  5
495
100
AcDbEntity
  8
0
  6
ByLayer
 62
  256
370
   -1
100
AcDbLine
 10
116.7041180173152
 20
46.89142176863376
 11
114.0812773525971
 21
54.92201988618261
  0
LINE
  5
496
100
AcDbEntity
  8
0
  6
ByLayer
 62
  256
370
   -1
100
AcDbLine
 10
114.0812773525971
 20
54.92201988618261
 11
111.7633578681369
 21
63.04900226994823
  0
LINE
  5
497
100
AcDbEntity
  8
0
  6
ByLayer
 62
  256
370
   -1
100
AcDbLine
 10
111.7633578681369
 20
63.04900226994823
 11
109.7533464586876
 21
71.26377388335521
  0
LINE
  5
498
100
AcDbEntity
  8
0
  6
ByLayer
 62
  256
370
   -1
100
AcDbLine
 10
109.7533464586876
 20
71.26377388335521
 11
108.0279008721584
 21
79.55615701223087
  0
LINE
  5
499
100
AcDbEntity
  8
0
  6
ByLayer
 62
  256
370
   -1
100
AcDbLine
 10
116.1249600165117
 20
79.55748686293052
 11
119.0664941066492
 21
74.90990684320246
  0
LINE
  5
49A
100
AcDbEntity
  8
0
  6
ByLayer
 62
  256
370
   -1
100
AcDbLine
 10
119.0664941066492
 20
74.90990684320246
 11
122.1528245123405
 21
70.36976105043701
  0
LINE
  5
49B
100
AcDbEntity
  8
0
  6
ByLayer
 62
  256
370
   -1
100
AcDbLine
 10
122.1528245123405
 20
70.36976105043701
 11
125.3807882705292
 21
65.94006652336532
  0
LINE
  5
49C
100
AcDbEntity
  8
0
  6
ByLayer
 62
  256
370
   -1
100
AcDbLine
 10
125.3807882705292
 20
65.94006652336532
 11
128.7472154181714
 21
61.62384130080407
  0
LINE
  5
49D
100
AcDbEntity
  8
0
  6
ByLayer
 62
  256
370
   -1
100
AcDbLine
 10
128.7472154181714
 20
61.62384130080407
 11
132.2489439922595
 21
57.42410642147196
  0
LINE
  5
49E
100
AcDbEntity
  8
0
  6
ByLayer
 62
  256
370
   -1
100
AcDbLine
 10
132.2489439922595
 20
57.42410642147196
 11
135.8828080297619
 21
53.34388092413676
  0
LINE
  5
49F
100
AcDbEntity
  8
0
  6
ByLayer
 62
  256
370
   -1
100
AcDbLine
 10
135.8828080297619
 20
53.34388092413676
 11
139.6456425676713
 21
49.38618584755423
  0
LINE
  5
4A0
100
AcDbEntity
  8
0
  6
ByLayer
 62
  256
370
   -1
100
AcDbLine
 10
139.6456425676713
 20
49.38618584755423
 11
143.5342826429068
 21
45.55403623047966
  0
LINE
  5
4A1
100
AcDbEntity
  8
0
  6
ByLayer
 62
  256
370
   -1
100
AcDbLine
 10
143.5342826429068
 20
45.55403623047966
 11
147.5455612924735
 21
41.85045411169297
  0
LINE
  5
4A2
100
AcDbEntity
  8
0
  6
ByLayer
 62
  256
370
   -1
100
AcDbLine
 10
147.5455612924735
 20
41.85045411169297
 11
151.6763165533271
 21
38.27845752991315
  0
LINE
  5
4A3
100
AcDbEntity
  8
0
  6
ByLayer
 62
  256
370
   -1
100
AcDbLine
 10
151.6763165533271
 20
38.27845752991315
 11
155.9233804624727
 21
34.84106852393242
  0
LINE
  5
4A4
100
AcDbEntity
  8
0
  6
ByLayer
 62
  256
370
   -1
100
AcDbLine
 10
155.9233804624727
 20
34.84106852393242
 11
160.2835890568418
 21
31.54130313249388
  0
LINE
  5
4A5
100
AcDbEntity
  8
0
  6
ByLayer
 62
  256
370
   -1
100
AcDbLine
 10
160.2835890568418
 20
31.54130313249388
 11
164.7537773734148
 21
28.38218139435319
  0
LINE
  5
4A6
100
AcDbEntity
  8
0
  6
ByLayer
 62
  256
370
   -1
100
AcDbLine
 10
164.7537773734148
 20
28.38218139435319
 11
169.330779449172
 21
25.36672334827828
  0
LINE
  5
4A7
100
AcDbEntity
  8
0
  6
ByLayer
 62
  256
370
   -1
100
AcDbLine
 10
169.330779449172
 20
25.36672334827828
 11
174.0114313210818
 21
22.49794803301198
  0
LINE
  5
4A8
100
AcDbEntity
  8
0
  6
ByLayer
 62
  256
370
   -1
100
AcDbLine
 10
174.0114313210818
 20
22.49794803301198
 11
178.7925660261122
 21
19.77887448733472
  0
LINE
  5
4A9
100
AcDbEntity
  8
0
  6
ByLayer
 62
  256
370
   -1
100
AcDbLine
 10
178.7925660261122
 20
19.77887448733472
 11
180.8338697383575
 21
22.85864449159711
  0
LINE
  5
4AA
100
AcDbEntity
  8
0
  6
ByLayer
 62
  256
370
   -1
100
AcDbLine
 10
180.8338697383575
 20
22.85864449159711
 11
183.0535264414638
 21
17.52613931127864
  0
LINE
  5
4AB
100
AcDbEntity
  8
0
  6
ByLayer
 62
  256
370
   -1
100
AcDbLine
 10
183.0535264414638
 20
17.52613931127864
 11
189.0524457687351
 21
14.61287785369199
  0
LINE
  5
4AC
100
AcDbEntity
  8
0
  6
ByLayer
 62
  256
370
   -1
100
AcDbLine
 10
189.0524457687351
 20
14.61287785369199
 11
188.4349436461806
 21
13.37789341497479
  0
LINE
  5
4AD
100
AcDbEntity
  8
0
  6
ByLayer
 62
  256
370
   -1
100
AcDbLine
 10
188.4349436461806
 20
13.37789341497479
 11
182.0560384530138
 21
16.46543952553942
  0
LINE
  5
4AE
100
AcDbEntity
  8
0
  6
ByLayer
 62
  256
370
   -1
100
AcDbLine
 10
182.0560384530138
 20
16.46543952553942
 11
182.0560384530138
 21
16.46543952553942
  0
LINE
  5
4AF
100
AcDbEntity
  8
0
  6
ByLayer
 62
  256
370
   -1
100
AcDbLine
 10
182.0560384530138
 20
16.46543952553942
 11
176.5964284534231
 21
16.46550637901085
  0
LINE
  5
4B0
100
AcDbEntity
  8
0
  6
ByLayer
 62
  256
370
   -1
100
AcDbLine
 10
176.5964284534231
 20
16.46550637901085
 11
178.0106945813364
 21
18.59924206134033
  0
LINE
  5
4B1
100
AcDbEntity
  8
0
  6
ByLayer
 62
  256
370
   -1
100
AcDbLine
 10
178.0106945813364
 20
18.59924206134033
 11
173.1382523920152
 21
21.36043172509012
  0
LINE
  5
4B2
100
AcDbEntity
  8
0
  6
ByLayer
 62
  256
370
   -1
100
AcDbLine
 10
173.1382523920152
 20
21.36043172509012
 11
168.3694350951787
 21
24.27617111995438
  0
LINE
  5
4B3
100
AcDbEntity
  8
0
  6
ByLayer
 62
  256
370
   -1
100
AcDbLine
 10
168.3694350951787
 20
24.27617111995438
 11
163.7075466521321
 21
27.34330020547538
  0
LINE
  5
4B4
100
AcDbEntity
  8
0
  6
ByLayer
 62
  256
370
   -1
100
AcDbLine
 10
163.7075466521321
 20
27.34330020547538
 11
159.1558930241317
 21
30.55865494117111
  0
LINE
  5
4B5
100
AcDbEntity
  8
0
  6
ByLayer
 62
  256
370
   -1
100
AcDbLine
 10
159.1558930241317
 20
30.55865494117111
 11
154.7177761724338
 21
33.91907128660862
  0
LINE
  5
4B6
100
AcDbEntity
  8
0
  6
ByLayer
 62
  256
370
   -1
100
AcDbLine
 10
154.7177761724338
 20
33.91907128660862
 11
150.3965010583191
 21
37.42138720131789
  0
LINE
  5
4B7
100
AcDbEntity
  8
0
  6
ByLayer
 62
  256
370
   -1
100
AcDbLine
 10
150.3965010583191
 20
37.42138720131789
 11
146.1953716430561
 21
41.06243964484135
  0
LINE
  5
4B8
100
AcDbEntity
  8
0
  6
ByLayer
 62
  256
370
   -1
100
AcDbLine
 10
146.1953716430561
 20
41.06243964484135
 11
142.1176918879133
 21
44.83906557672168
  0
LINE
  5
4B9
100
AcDbEntity
  8
0
  6
ByLayer
 62
  256
370
   -1
100
AcDbLine
 10
142.1176918879133
 20
44.83906557672168
 11
138.166767754147
 21
48.74810095647663
  0
LINE
  5
4BA
100
AcDbEntity
  8
0
  6
ByLayer
 62
  256
370
   -1
100
AcDbLine
 10
138.166767754147
 20
48.74810095647663
 11
134.3459012030501
 21
52.78638474367308
  0
LINE
  5
4BB
100
AcDbEntity
  8
0
  6
ByLayer
 62
  256
370
   -1
100
AcDbLine
 10
134.3459012030501
 20
52.78638474367308
 11
130.6583981958667
 21
56.95075189782913
  0
LINE
  5
4BC
100
AcDbEntity
  8
0
  6
ByLayer
 62
  256
370
   -1
100
AcDbLine
 10
130.6583981958667
 20
56.95075189782913
 11
127.1075606938774
 21
61.23804037851144
  0
LINE
  5
4BD
100
AcDbEntity
  8
0
  6
ByLayer
 62
  256
370
   -1
100
AcDbLine
 10
127.1075606938774
 20
61.23804037851144
 11
123.6966956583387
 21
65.64508614522595
  0
LINE
  5
4BE
100
AcDbEntity
  8
0
  6
ByLayer
 62
  256
370
   -1
100
AcDbLine
 10
123.6966956583387
 20
65.64508614522595
 11
120.4291050505311
 21
70.16872715753945
  0
LINE
  5
4BF
100
AcDbEntity
  8
0
  6
ByLayer
 62
  256
370
   -1
100
AcDbLine
 10
120.4291050505311
 20
70.16872715753945
 11
117.3080938317233
 21
74.8058003749822
  0
LINE
  5
4C0
100
AcDbEntity
  8
0
  6
ByLayer
 62
  256
370
   -1
100
AcDbLine
 10
117.3080938317233
 20
74.8058003749822
 11
114.3369649631714
 21
79.55314175710876
  0
LINE
  5
4C1
100
AcDbEntity
  8
0
  6
ByLayer
 62
  256
370
   -1
100
AcDbLine
 10
86.96157899999999
 20
79.556219
 11
89.80633999999999
 21
79.557648
  0
LINE
  5
4C2
100
AcDbEntity
  8
0
  6
ByLayer
 62
  256
370
   -1
100
AcDbLine
 10
91.59433499999999
 20
79.553281
 11
96.3911232046665
 21
79.556219
  0
LINE
  5
4C3
100
AcDbEntity
  8
0
  6
ByLayer
 62
  256
370
   -1
100
AcDbLine
 10
97.90339912746211
 20
79.556219
 11
108.0279008721584
 21
79.55615701223087
  0
LINE
  5
4C4
100
AcDbEntity
  8
0
  6
ByLayer
 62
  256
370
   -1
100
AcDbLine
 10
109.5401767948406
 20
79.55613849426067
 11
114.3369649631714
 21
79.55314175710876
  0
LINE
  5
4C5
100
AcDbEntity
  8
0
  6
ByLayer
 62
  256
370
   -1
100
AcDbLine
 10
116.1249600165117
 20
79.55748686293052
 11
118.969721
 21
79.556219
  0
LWPOLYLINE
  5
4C6
100
AcDbEntity
  8
0
  6
ByLayer
 62
  256
370
   -1
100
AcDbPolyline
 90
   63
 70
    1
 43
0
 10
225.105939
 20
264.234913
 10
225.990059
 20
263.937944
 10
226.782344
 20
263.442996
 10
227.482796
 20
262.75007
 10
228.055514
 20
261.8919000000001
 10
228.464599
 20
260.8887500000001
 10
228.71005
 20
259.740623
 10
228.791866
 20
258.447515
 10
228.695024
 20
256.963457
 10
228.404494
 20
255.604112
 10
227.536233
 20
253.446589
 10
224.717726
 20
253.446589
 10
224.717726
 20
253.571313
 10
225.522536
 20
254.743592
 10
226.147007
 20
256.0405850000001
 10
226.537731
 20
257.371888
 10
226.667972
 20
258.647053
 10
226.534391
 20
260.025122
 10
226.133648
 20
261.066457
 10
225.445726
 20
261.7211970000001
 10
224.450563
 20
261.939444
 10
223.675806
 20
261.820966
 10
223.114775
 20
261.465534
 10
222.694003
 20
260.773392
 10
222.340029
 20
259.644745
 10
222.059507
 20
258.335285
 10
221.712211
 20
256.876155
 10
221.07103
 20
255.307907
 10
220.189415
 20
254.269686
 10
219.060684
 20
253.699135
 10
217.704866
 20
253.508951
 10
216.809888
 20
253.596247
 10
215.968346
 20
253.858137
 10
215.196934
 20
254.310227
 10
214.512345
 20
254.943136
 10
213.951302
 20
255.735047
 10
213.523852
 20
256.7140350000001
 10
213.243341
 20
257.861384
 10
213.149838
 20
259.133438
 10
213.233322
 20
260.386787
 10
213.483774
 20
261.6526
 10
214.271902
 20
263.785178
 10
216.956816
 20
263.785178
 10
216.956816
 20
263.6604530000001
 10
216.305621
 20
262.665886
 10
215.76798
 20
261.478006
 10
215.397294
 20
260.205958
 10
215.273733
 20
258.958844
 10
215.407308
 20
257.774082
 10
215.808035
 20
256.788869
 10
216.459236
 20
256.124774
 10
217.370908
 20
255.903409
 10
218.179064
 20
256.037473
 10
218.760134
 20
256.439661
 10
219.184234
 20
257.125583
 10
219.521521
 20
258.135747
 10
219.842121
 20
259.582404
 10
220.135979
 20
260.929281
 10
220.680312
 20
262.375932
 10
221.511846
 20
263.448442
 10
222.660616
 20
264.112537
 10
224.129986
 20
264.3339030000001
 10
224.129986
 20
264.3339030000001
  0
LWPOLYLINE
  5
4C7
100
AcDbEntity
  8
0
  6
ByLayer
 62
  256
370
   -1
100
AcDbPolyline
 90
    8
 70
    1
 43
0
 10
217.047702
 20
194.715146
 10
224.354663
 20
194.715146
 10
216.430211
 20
186.914191
 10
227.709693
 20
186.914191
 10
227.709693
 20
188.375582
 10
220.546813
 20
188.396166
 10
228.368348
 20
196.25887
 10
217.047702
 20
196.25887
  0
LWPOLYLINE
  5
4C8
100
AcDbEntity
  8
0
  6
ByLayer
 62
  256
370
   -1
100
AcDbPolyline
 90
    6
 70
    1
 43
0
 10
237.836528
 20
288.161952
 10
205.829965
 20
288.161952
 10
205.828386
 20
223.737174
 10
205.828386
 20
159.212415
 10
237.836528
 20
159.212415
 10
237.836528
 20
223.737174
  0
LWPOLYLINE
  5
4C9
100
AcDbEntity
  8
0
  6
ByLayer
 62
  256
370
   -1
100
AcDbPolyline
 90
    4
 70
    1
 43
0
 10
236.836528
 20
160.212415
 10
206.828386
 20
160.212415
 10
206.828386
 20
222.7373699666904
 10
236.836528
 20
222.7369780237847
  0
LWPOLYLINE
  5
4CA
100
AcDbEntity
  8
0
  6
ByLayer
 62
  256
370
   -1
100
AcDbPolyline
 90
    4
 70
    1
 43
0
 10
236.836528
 20
287.161952
 10
206.8299379334358
 20
287.161952
 10
206.828386
 20
224.7373699665404
 10
236.836528
 20
224.7369780236347
  0
ENDSEC
  0
SECTION
  2
OBJECTS
  0
DICTIONARY
  5
C
330
0
100
AcDbDictionary
281
    1
  3
ACAD_GROUP
350
D
  0
DICTIONARY
  5
D
330
C
100
AcDbDictionary
281
    1
  0
PLOTSETTINGS
  5
4CB
100
AcDbPlotSettings
  6
1x1
 40
0
 41
0
 42
0
 43
0
  0
ENDSEC
  0
EOF
