999
dxfrw 0.6.3
  0
SECTION
  2
HEADER
  9
$ACADVER
  1
AC1021
  9
$DWGCODEPAGE
  3
ANSI_1252
  9
$INSBASE
 10
0
 20
0
 30
0
  9
$EXTMIN
 10
0
 20
0
 30
0
  9
$EXTMAX
 10
180
 20
320
 30
0
  9
$LIMMIN
 10
0
 20
0
  9
$LIMMAX
 10
420
 20
297
  9
$ORTHOMODE
 70
    0
  9
$REGENMODE
 70
    1
  9
$FILLMODE
 70
    1
  9
$QTEXTMODE
 70
    0
  9
$MIRRTEXT
 70
    0
  9
$LTSCALE
 40
1
  9
$ATTMODE
 70
    0
  9
$TEXTSIZE
 40
2.5
  9
$TRACEWID
 40
15.68
  9
$TEXTSTYLE
  7
STANDARD
  9
$CLAYER
  8
0
  9
$CELTYPE
  6
BYLAYER
  9
$CECOLOR
 62
  256
  9
$CELTSCALE
 40
1
  9
$DISPSILH
 70
    0
  9
$DIMSCALE
 40
2.5
  9
$DIMASZ
 40
2.5
  9
$DIMEXO
 40
0.625
  9
$DIMDLI
 40
3.75
  9
$DIMRND
 40
0
  9
$DIMDLE
 40
0
  9
$DIMEXE
 40
1.25
  9
$DIMTP
 40
0
  9
$DIMTM
 40
0
  9
$DIMTXT
 40
2.5
  9
$DIMCEN
 40
2.5
  9
$DIMTSZ
 40
0
  9
$DIMTOL
 70
    0
  9
$DIMLIM
 70
    0
  9
$DIMTIH
 70
    0
  9
$DIMTOH
 70
    0
  9
$DIMSE1
 70
    0
  9
$DIMSE2
 70
    0
  9
$DIMTAD
 70
    1
  9
$DIMZIN
 70
    8
  9
$DIMBLK
  1

  9
$DIMASO
 70
    1
  9
$DIMSHO
 70
    1
  9
$DIMPOST
  1

  9
$DIMAPOST
  1

  9
$DIMALT
 70
    0
  9
$DIMALTD
 70
    3
  9
$DIMALTF
 40
0.03937
  9
$DIMLFAC
 40
1
  9
$DIMTOFL
 70
    1
  9
$DIMTVP
 40
0
  9
$DIMTIX
 70
    0
  9
$DIMSOXD
 70
    0
  9
$DIMSAH
 70
    0
  9
$DIMBLK1
  1

  9
$DIMBLK2
  1

  9
$DIMSTYLE
  2
STANDARD
  9
$DIMCLRD
 70
    0
  9
$DIMCLRE
 70
    0
  9
$DIMCLRT
 70
    0
  9
$DIMTFAC
 40
1
  9
$DIMGAP
 40
0.625
  9
$DIMJUST
 70
    0
  9
$DIMSD1
 70
    0
  9
$DIMSD2
 70
    0
  9
$DIMTOLJ
 70
    0
  9
$DIMTZIN
 70
    8
  9
$DIMALTZ
 70
    0
  9
$DIMALTTZ
 70
    0
  9
$DIMUPT
 70
    0
  9
$DIMDEC
 70
    2
  9
$DIMTDEC
 70
    2
  9
$DIMALTU
 70
    2
  9
$DIMALTTD
 70
    3
  9
$DIMTXSTY
  7
STANDARD
  9
$DIMAUNIT
 70
    0
  9
$DIMADEC
 70
    0
  9
$DIMALTRND
 40
0
  9
$DIMAZIN
 70
    0
  9
$DIMDSEP
 70
   44
  9
$DIMATFIT
 70
    3
  9
$DIMFRAC
 70
    0
  9
$DIMLDRBLK
  1
STANDARD
  9
$DIMLUNIT
 70
    2
  9
$DIMLWD
 70
   -2
  9
$DIMLWE
 70
   -2
  9
$DIMTMOVE
 70
    0
  9
$DIMFXL
 40
1
  9
$DIMFXLON
 70
    0
  9
$DIMJOGANG
 40
0.7854
  9
$DIMTFILL
 70
    0
  9
$DIMTFILLCLR
 70
    0
  9
$DIMARCSYM
 70
    0
  9
$DIMLTYPE
  6

  9
$DIMLTEX1
  6

  9
$DIMLTEX2
  6

  9
$LUNITS
 70
    2
  9
$LUPREC
 70
    4
  9
$SKETCHINC
 40
1
  9
$FILLETRAD
 40
0
  9
$AUNITS
 70
    0
  9
$AUPREC
 70
    2
  9
$MENU
  1
.
  9
$ELEVATION
 40
0
  9
$PELEVATION
 40
0
  9
$THICKNESS
 40
0
  9
$LIMCHECK
 70
    0
  9
$CHAMFERA
 40
0
  9
$CHAMFERB
 40
0
  9
$CHAMFERC
 40
0
  9
$CHAMFERD
 40
0
  9
$SKPOLY
 70
    0
  9
$USRTIMER
 70
    1
  9
$ANGBASE
 50
0
  9
$ANGDIR
 70
    0
  9
$PDMODE
 70
   34
  9
$PDSIZE
 40
0
  9
$PLINEWID
 40
0
  9
$SPLFRAME
 70
    0
  9
$SPLINETYPE
 70
    2
  9
$SPLINESEGS
 70
    8
  9
$HANDSEED
  5
20000
  9
$SURFTAB1
 70
    6
  9
$SURFTAB2
 70
    6
  9
$SURFTYPE
 70
    6
  9
$SURFU
 70
    6
  9
$SURFV
 70
    6
  9
$UCSBASE
  2

  9
$UCSNAME
  2

  9
$UCSORG
 10
0
 20
0
 30
0
  9
$UCSXDIR
 10
1
 20
0
 30
0
  9
$UCSYDIR
 10
0
 20
1
 30
0
  9
$UCSORTHOREF
  2

  9
$UCSORTHOVIEW
 70
    0
  9
$UCSORGTOP
 10
0
 20
0
 30
0
  9
$UCSORGBOTTOM
 10
0
 20
0
 30
0
  9
$UCSORGLEFT
 10
0
 20
0
 30
0
  9
$UCSORGRIGHT
 10
0
 20
0
 30
0
  9
$UCSORGFRONT
 10
0
 20
0
 30
0
  9
$UCSORGBACK
 10
0
 20
0
 30
0
  9
$PUCSBASE
  2

  9
$PUCSNAME
  2

  9
$PUCSORG
 10
0
 20
0
 30
0
  9
$PUCSXDIR
 10
1
 20
0
 30
0
  9
$PUCSYDIR
 10
0
 20
1
 30
0
  9
$PUCSORTHOREF
  2

  9
$PUCSORTHOVIEW
 70
    0
  9
$PUCSORGTOP
 10
0
 20
0
 30
0
  9
$PUCSORGBOTTOM
 10
0
 20
0
 30
0
  9
$PUCSORGLEFT
 10
0
 20
0
 30
0
  9
$PUCSORGRIGHT
 10
0
 20
0
 30
0
  9
$PUCSORGFRONT
 10
0
 20
0
 30
0
  9
$PUCSORGBACK
 10
0
 20
0
 30
0
  9
$USERI1
 70
    0
  9
$USERI2
 70
    0
  9
$USERI3
 70
    0
  9
$USERI4
 70
    0
  9
$USERI5
 70
    0
  9
$USERR1
 40
0
  9
$USERR2
 40
0
  9
$USERR3
 40
0
  9
$USERR4
 40
0
  9
$USERR5
 40
0
  9
$WORLDVIEW
 70
    1
  9
$SHADEDGE
 70
    3
  9
$SHADEDIF
 70
   70
  9
$TILEMODE
 70
    1
  9
$MAXACTVP
 70
   64
  9
$PINSBASE
 10
0
 20
0
 30
0
  9
$PLIMCHECK
 70
    0
  9
$PEXTMIN
 10
0
 20
0
 30
0
  9
$PEXTMAX
 10
0
 20
0
 30
0
  9
$SNAPSTYLE
 70
    0
  9
$PLIMMIN
 10
0
 20
0
  9
$PLIMMAX
 10
210
 20
297
  9
$UNITMODE
 70
    0
  9
$VISRETAIN
 70
    1
  9
$PLINEGEN
 70
    0
  9
$PSLTSCALE
 70
    1
  9
$TREEDEPTH
 70
 3020
  9
$CMLSTYLE
  2
Standard
  9
$CMLJUST
 70
    0
  9
$CMLSCALE
 40
20
  9
$PROXYGRAPHICS
 70
    1
  9
$MEASUREMENT
 70
    1
  9
$CELWEIGHT
370
   -1
  9
$ENDCAPS
280
    0
  9
$JOINSTYLE
280
    0
  9
$LWDISPLAY
290
    0
  9
$INSUNITS
 70
    4
  9
$HYPERLINKBASE
  1

  9
$STYLESHEET
  1

  9
$XEDIT
290
    1
  9
$CEPSNTYPE
380
    0
  9
$PSTYLEMODE
290
    1
  9
$EXTNAMES
290
    1
  9
$PSVPSCALE
 40
1
  9
$OLESTARTUP
290
    0
  9
$SORTENTS
280
  127
  9
$INDEXCTL
280
    0
  9
$HIDETEXT
280
    1
  9
$XCLIPFRAME
290
    0
  9
$HALOGAP
280
    0
  9
$OBSCOLOR
 70
  257
  9
$OBSLTYPE
280
    0
  9
$INTERSECTIONDISPLAY
280
    0
  9
$INTERSECTIONCOLOR
 70
  257
  9
$DIMASSOC
280
    1
  9
$PROJECTNAME
  1

  9
$CAMERADISPLAY
290
    0
  9
$LENSLENGTH
 40
50
  9
$CAMERAHEIGHT
 40
0
  9
$STEPSPERSEC
 40
2
  9
$STEPSIZE
 40
50
  9
$3DDWFPREC
 40
2
  9
$PSOLWIDTH
 40
5
  9
$PSOLHEIGHT
 40
80
  9
$LOFTANG1
 40
1.570796326794897
  9
$LOFTANG2
 40
1.570796326794897
  9
$LOFTMAG1
 40
0
  9
$LOFTMAG2
 40
0
  9
$LOFTPARAM
 70
    7
  9
$LOFTNORMALS
280
    1
  9
$LATITUDE
 40
1
  9
$LONGITUDE
 40
1
  9
$NORTHDIRECTION
 40
0
  9
$TIMEZONE
 70
-8000
  9
$LIGHTGLYPHDISPLAY
280
    1
  9
$TILEMODELIGHTSYNCH
280
    1
  9
$SOLIDHIST
280
    1
  9
$SHOWHIST
280
    1
  9
$DWFFRAME
280
    2
  9
$DGNFRAME
280
    0
  9
$REALWORLDSCALE
290
    1
  9
$INTERFERECOLOR
 62
    1
  9
$CSHADOW
280
    0
  9
$SHADOWPLANELOCATION
 40
0
  0
ENDSEC
  0
SECTION
  2
CLASSES
  0
ENDSEC
  0
SECTION
  2
TABLES
  0
TABLE
  2
VPORT
  5
8
330
0
100
AcDbSymbolTable
 70
    1
  0
VPORT
  5
31
330
2
100
AcDbSymbolTableRecord
100
AcDbViewportTableRecord
  2
*ACTIVE
 70
    0
 10
0
 20
0
 11
1
 21
1
 12
256.9733275051744
 22
190.9895991233982
 13
0
 23
0
 14
10
 24
10
 15
10
 25
10
 16
0
 26
0
 36
1
 17
0
 27
0
 37
0
 40
482.4681790850977
 41
1.894604767879548
 42
50
 43
0
 44
0
 50
0
 51
0
 71
    0
 72
  100
 73
    1
 74
    3
 75
    0
 76
    1
 77
    0
 78
    0
281
    0
 65
    1
110
0
120
0
130
0
111
1
121
0
131
0
112
0
122
1
132
0
 79
    0
146
0
348
10020
 60
    7
 61
    5
292
1
282
    1
141
0
142
0
 63
  250
421
3358443
  0
ENDTAB
  0
TABLE
  2
LTYPE
  5
5
330
0
100
AcDbSymbolTable
 70
    4
  0
LTYPE
  5
14
330
5
100
AcDbSymbolTableRecord
100
AcDbLinetypeTableRecord
  2
ByBlock
 70
    0
  3

 72
   65
 73
    0
 40
0
  0
LTYPE
  5
15
330
5
100
AcDbSymbolTableRecord
100
AcDbLinetypeTableRecord
  2
ByLayer
 70
    0
  3

 72
   65
 73
    0
 40
0
  0
LTYPE
  5
16
330
5
100
AcDbSymbolTableRecord
100
AcDbLinetypeTableRecord
  2
Continuous
 70
    0
  3
Solid line
 72
   65
 73
    0
 40
0
  0
LTYPE
  5
32
330
5
100
AcDbSymbolTableRecord
100
AcDbLinetypeTableRecord
  2
DOT
 70
    0
  3
Dot . . . . . . . . . . . . . . . . . . . . . .
 72
   65
 73
    2
 40
6.35
 49
0
 74
    0
 49
-6.35
 74
    0
  0
LTYPE
  5
33
330
5
100
AcDbSymbolTableRecord
100
AcDbLinetypeTableRecord
  2
DOTTINY
 70
    0
  3
Dot (.15x) .....................................
 72
   65
 73
    2
 40
0.9525
 49
0
 74
    0
 49
-0.9525
 74
    0
  0
LTYPE
  5
34
330
5
100
AcDbSymbolTableRecord
100
AcDbLinetypeTableRecord
  2
DOT2
 70
    0
  3
Dot (.5x) .....................................
 72
   65
 73
    2
 40
3.175
 49
0
 74
    0
 49
-3.175
 74
    0
  0
LTYPE
  5
35
330
5
100
AcDbSymbolTableRecord
100
AcDbLinetypeTableRecord
  2
DOTX2
 70
    0
  3
Dot (2x) .  .  .  .  .  .  .  .  .  .  .  .  .
 72
   65
 73
    2
 40
12.7
 49
0
 74
    0
 49
-12.7
 74
    0
  0
LTYPE
  5
36
330
5
100
AcDbSymbolTableRecord
100
AcDbLinetypeTableRecord
  2
DASHED
 70
    0
  3
Dashed _ _ _ _ _ _ _ _ _ _ _ _ _ _ _ _ _
 72
   65
 73
    2
 40
19.05
 49
12.7
 74
    0
 49
-6.35
 74
    0
  0
LTYPE
  5
37
330
5
100
AcDbSymbolTableRecord
100
AcDbLinetypeTableRecord
  2
DASHEDTINY
 70
    0
  3
Dashed (.15x) _ _ _ _ _ _ _ _ _ _ _ _ _ _ _ _ _
 72
   65
 73
    2
 40
2.8575
 49
1.905
 74
    0
 49
-0.9525
 74
    0
  0
LTYPE
  5
38
330
5
100
AcDbSymbolTableRecord
100
AcDbLinetypeTableRecord
  2
DASHED2
 70
    0
  3
Dashed (.5x) _ _ _ _ _ _ _ _ _ _ _ _ _ _ _ _ _
 72
   65
 73
    2
 40
9.524999999999999
 49
6.35
 74
    0
 49
-3.175
 74
    0
  0
LTYPE
  5
39
330
5
100
AcDbSymbolTableRecord
100
AcDbLinetypeTableRecord
  2
DASHEDX2
 70
    0
  3
Dashed (2x) ____  ____  ____  ____  ____  ___
 72
   65
 73
    2
 40
38.09999999999999
 49
25.4
 74
    0
 49
-12.7
 74
    0
  0
LTYPE
  5
3A
330
5
100
AcDbSymbolTableRecord
100
AcDbLinetypeTableRecord
  2
DASHDOT
 70
    0
  3
Dash dot __ . __ . __ . __ . __ . __ . __ . __
 72
   65
 73
    4
 40
25.4
 49
12.7
 74
    0
 49
-6.35
 74
    0
 49
0
 74
    0
 49
-6.35
 74
    0
  0
LTYPE
  5
3B
330
5
100
AcDbSymbolTableRecord
100
AcDbLinetypeTableRecord
  2
DASHDOTTINY
 70
    0
  3
Dash dot (.15x) _._._._._._._._._._._._._._._.
 72
   65
 73
    4
 40
3.81
 49
1.905
 74
    0
 49
-0.9525
 74
    0
 49
0
 74
    0
 49
-0.9525
 74
    0
  0
LTYPE
  5
3C
330
5
100
AcDbSymbolTableRecord
100
AcDbLinetypeTableRecord
  2
DASHDOT2
 70
    0
  3
Dash dot (.5x) _._._._._._._._._._._._._._._.
 72
   65
 73
    4
 40
12.7
 49
6.35
 74
    0
 49
-3.175
 74
    0
 49
0
 74
    0
 49
-3.175
 74
    0
  0
LTYPE
  5
3D
330
5
100
AcDbSymbolTableRecord
100
AcDbLinetypeTableRecord
  2
DASHDOTX2
 70
    0
  3
Dash dot (2x) ____  .  ____  .  ____  .  ___
 72
   65
 73
    4
 40
50.8
 49
25.4
 74
    0
 49
-12.7
 74
    0
 49
0
 74
    0
 49
-12.7
 74
    0
  0
LTYPE
  5
3E
330
5
100
AcDbSymbolTableRecord
100
AcDbLinetypeTableRecord
  2
DIVIDE
 70
    0
  3
Divide ____ . . ____ . . ____ . . ____ . . ____
 72
   65
 73
    6
 40
31.75
 49
12.7
 74
    0
 49
-6.35
 74
    0
 49
0
 74
    0
 49
-6.35
 74
    0
 49
0
 74
    0
 49
-6.35
 74
    0
  0
LTYPE
  5
3F
330
5
100
AcDbSymbolTableRecord
100
AcDbLinetypeTableRecord
  2
DIVIDETINY
 70
    0
  3
Divide (.15x) __..__..__..__..__..__..__..__.._
 72
   65
 73
    6
 40
4.7625
 49
1.905
 74
    0
 49
-0.9525
 74
    0
 49
0
 74
    0
 49
-0.9525
 74
    0
 49
0
 74
    0
 49
-0.9525
 74
    0
  0
LTYPE
  5
40
330
5
100
AcDbSymbolTableRecord
100
AcDbLinetypeTableRecord
  2
DIVIDE2
 70
    0
  3
Divide (.5x) __..__..__..__..__..__..__..__.._
 72
   65
 73
    6
 40
15.875
 49
6.35
 74
    0
 49
-3.175
 74
    0
 49
0
 74
    0
 49
-3.175
 74
    0
 49
0
 74
    0
 49
-3.175
 74
    0
  0
LTYPE
  5
41
330
5
100
AcDbSymbolTableRecord
100
AcDbLinetypeTableRecord
  2
DIVIDEX2
 70
    0
  3
Divide (2x) ________  .  .  ________  .  .  _
 72
   65
 73
    6
 40
63.5
 49
25.4
 74
    0
 49
-12.7
 74
    0
 49
0
 74
    0
 49
-12.7
 74
    0
 49
0
 74
    0
 49
-12.7
 74
    0
  0
LTYPE
  5
42
330
5
100
AcDbSymbolTableRecord
100
AcDbLinetypeTableRecord
  2
BORDER
 70
    0
  3
Border __ __ . __ __ . __ __ . __ __ . __ __ .
 72
   65
 73
    6
 40
44.45
 49
12.7
 74
    0
 49
-6.35
 74
    0
 49
12.7
 74
    0
 49
-6.35
 74
    0
 49
0
 74
    0
 49
-6.35
 74
    0
  0
LTYPE
  5
43
330
5
100
AcDbSymbolTableRecord
100
AcDbLinetypeTableRecord
  2
BORDERTINY
 70
    0
  3
Border (.15x) __.__.__.__.__.__.__.__.__.__.__.
 72
   65
 73
    6
 40
6.6675
 49
1.905
 74
    0
 49
-0.9525
 74
    0
 49
1.905
 74
    0
 49
-0.9525
 74
    0
 49
0
 74
    0
 49
-0.9525
 74
    0
  0
LTYPE
  5
44
330
5
100
AcDbSymbolTableRecord
100
AcDbLinetypeTableRecord
  2
BORDER2
 70
    0
  3
Border (.5x) __.__.__.__.__.__.__.__.__.__.__.
 72
   65
 73
    6
 40
22.225
 49
6.35
 74
    0
 49
-3.175
 74
    0
 49
6.35
 74
    0
 49
-3.175
 74
    0
 49
0
 74
    0
 49
-3.175
 74
    0
  0
LTYPE
  5
45
330
5
100
AcDbSymbolTableRecord
100
AcDbLinetypeTableRecord
  2
BORDERX2
 70
    0
  3
Border (2x) ____  ____  .  ____  ____  .  ___
 72
   65
 73
    6
 40
88.89999999999999
 49
25.4
 74
    0
 49
-12.7
 74
    0
 49
25.4
 74
    0
 49
-12.7
 74
    0
 49
0
 74
    0
 49
-12.7
 74
    0
  0
LTYPE
  5
46
330
5
100
AcDbSymbolTableRecord
100
AcDbLinetypeTableRecord
  2
CENTER
 70
    0
  3
Center ____ _ ____ _ ____ _ ____ _ ____ _ ____
 72
   65
 73
    4
 40
50.8
 49
31.75
 74
    0
 49
-6.35
 74
    0
 49
6.35
 74
    0
 49
-6.35
 74
    0
  0
LTYPE
  5
47
330
5
100
AcDbSymbolTableRecord
100
AcDbLinetypeTableRecord
  2
CENTERTINY
 70
    0
  3
Center (.15x) ___ _ ___ _ ___ _ ___ _ ___ _ ___
 72
   65
 73
    4
 40
7.619999999999999
 49
4.7625
 74
    0
 49
-0.9525
 74
    0
 49
0.9525
 74
    0
 49
-0.9525
 74
    0
  0
LTYPE
  5
48
330
5
100
AcDbSymbolTableRecord
100
AcDbLinetypeTableRecord
  2
CENTER2
 70
    0
  3
Center (.5x) ___ _ ___ _ ___ _ ___ _ ___ _ ___
 72
   65
 73
    4
 40
28.575
 49
19.05
 74
    0
 49
-3.175
 74
    0
 49
3.175
 74
    0
 49
-3.175
 74
    0
  0
LTYPE
  5
49
330
5
100
AcDbSymbolTableRecord
100
AcDbLinetypeTableRecord
  2
CENTERX2
 70
    0
  3
Center (2x) ________  __  ________  __  _____
 72
   65
 73
    4
 40
101.6
 49
63.5
 74
    0
 49
-12.7
 74
    0
 49
12.7
 74
    0
 49
-12.7
 74
    0
  0
ENDTAB
  0
TABLE
  2
LAYER
  5
2
330
0
100
AcDbSymbolTable
 70
    1
  0
LAYER
  5
10
330
2
100
AcDbSymbolTableRecord
100
AcDbLayerTableRecord
  2
0
 70
    0
 62
    7
  6
CONTINUOUS
370
    0
390
F
  0
ENDTAB
  0
TABLE
  2
STYLE
  5
3
330
0
100
AcDbSymbolTable
 70
    3
  0
STYLE
  5
4A
330
2
100
AcDbSymbolTableRecord
100
AcDbTextStyleTableRecord
  2
Standard
 70
    0
 40
0
 41
1
 50
0
 71
    0
 42
1
  3
txt
  4

  0
ENDTAB
  0
TABLE
  2
VIEW
  5
6
330
0
100
AcDbSymbolTable
 70
    0
  0
ENDTAB
  0
TABLE
  2
UCS
  5
7
330
0
100
AcDbSymbolTable
 70
    0
  0
ENDTAB
  0
TABLE
  2
APPID
  5
9
330
0
100
AcDbSymbolTable
 70
    1
  0
APPID
  5
12
330
9
100
AcDbSymbolTableRecord
100
AcDbRegAppTableRecord
  2
ACAD
 70
    0
  0
APPID
  5
4B
330
9
100
AcDbSymbolTableRecord
100
AcDbRegAppTableRecord
  2
LibreCad
 70
    0
  0
ENDTAB
  0
TABLE
  2
DIMSTYLE
  5
A
330
0
100
AcDbSymbolTable
 70
    1
100
AcDbDimStyleTable
 71
    1
  0
DIMSTYLE
105
4C
330
A
100
AcDbSymbolTableRecord
100
AcDbDimStyleTableRecord
  2
Standard
 70
    0
 40
1
 41
2.5
 42
0.625
 43
0.38
 44
1.25
 45
0
 46
0
 47
0
 48
0
 49
1
140
2.5
141
0.09
142
2.5
143
25.4
144
1
145
0
146
1
147
0.625
148
0
 71
    0
 72
    0
 73
    0
 74
    1
 75
    0
 76
    0
 77
    0
 78
    1
 79
    0
170
    0
171
    2
172
    0
173
    0
174
    0
175
    0
176
    0
177
    0
178
    0
179
    0
271
    2
272
    4
273
    2
274
    2
275
    0
276
    0
277
    2
278
    0
279
    0
280
    0
281
    0
282
    0
283
    1
284
    0
285
    0
286
    0
288
    0
289
    3
340
standard
341

371
   -2
372
   -2
  0
ENDTAB
  0
TABLE
  2
BLOCK_RECORD
  5
1
330
0
100
AcDbSymbolTable
 70
    2
  0
BLOCK_RECORD
  5
1F
330
1
100
AcDbSymbolTableRecord
100
AcDbBlockTableRecord
  2
*Model_Space
 70
    0
280
    1
281
    0
  0
BLOCK_RECORD
  5
1E
330
1
100
AcDbSymbolTableRecord
100
AcDbBlockTableRecord
  2
*Paper_Space
 70
    0
280
    1
281
    0
  0
ENDTAB
  0
ENDSEC
  0
SECTION
  2
BLOCKS
  0
BLOCK
  5
20
330
1F
100
AcDbEntity
  8
0
100
AcDbBlockBegin
  2
*Model_Space
 70
    0
 10
0
 20
0
 30
0
  3
*Model_Space
  1

  0
ENDBLK
  5
21
330
1F
100
AcDbEntity
  8
0
100
AcDbBlockEnd
  0
BLOCK
  5
1C
330
1B
100
AcDbEntity
  8
0
100
AcDbBlockBegin
  2
*Paper_Space
 70
    0
 10
0
 20
0
 30
0
  3
*Paper_Space
  1

  0
ENDBLK
  5
1D
330
1F
100
AcDbEntity
  8
0
100
AcDbBlockEnd
  0
ENDSEC
  0
SECTION
  2
ENTITIES
  0
CIRCLE
  5
4D
100
AcDbEntity
  8
0
  6
ByLayer
 62
    6
370
   -1
100
AcDbCircle
 10
8
 20
20
 40
4
  0
CIRCLE
  5
4E
100
AcDbEntity
  8
0
  6
ByLayer
 62
    6
370
   -1
100
AcDbCircle
 10
8
 20
60
 40
4
  0
CIRCLE
  5
4F
100
AcDbEntity
  8
0
  6
ByLayer
 62
    6
370
   -1
100
AcDbCircle
 10
8
 20
100
 40
4
  0
CIRCLE
  5
50
100
AcDbEntity
  8
0
  6
ByLayer
 62
    6
370
   -1
100
AcDbCircle
 10
8
 20
140
 40
4
  0
CIRCLE
  5
51
100
AcDbEntity
  8
0
  6
ByLayer
 62
    6
370
   -1
100
AcDbCircle
 10
8
 20
180
 40
4
  0
CIRCLE
  5
52
100
AcDbEntity
  8
0
  6
ByLayer
 62
    6
370
   -1
100
AcDbCircle
 10
8
 20
220
 40
4
  0
CIRCLE
  5
53
100
AcDbEntity
  8
0
  6
ByLayer
 62
    6
370
   -1
100
AcDbCircle
 10
8
 20
260
 40
4
  0
CIRCLE
  5
54
100
AcDbEntity
  8
0
  6
ByLayer
 62
    6
370
   -1
100
AcDbCircle
 10
8
 20
300
 40
4
  0
CIRCLE
  5
55
100
AcDbEntity
  8
0
  6
ByLayer
 62
    6
370
   -1
100
AcDbCircle
 10
98
 20
20
 40
4
  0
CIRCLE
  5
56
100
AcDbEntity
  8
0
  6
ByLayer
 62
    6
370
   -1
100
AcDbCircle
 10
98
 20
60
 40
4
  0
CIRCLE
  5
57
100
AcDbEntity
  8
0
  6
ByLayer
 62
    6
370
   -1
100
AcDbCircle
 10
98
 20
100
 40
4
  0
CIRCLE
  5
58
100
AcDbEntity
  8
0
  6
ByLayer
 62
    6
370
   -1
100
AcDbCircle
 10
98
 20
140
 40
4
  0
CIRCLE
  5
59
100
AcDbEntity
  8
0
  6
ByLayer
 62
    6
370
   -1
100
AcDbCircle
 10
98
 20
180
 40
4
  0
CIRCLE
  5
5A
100
AcDbEntity
  8
0
  6
ByLayer
 62
    6
370
   -1
100
AcDbCircle
 10
98
 20
220
 40
4
  0
CIRCLE
  5
5B
100
AcDbEntity
  8
0
  6
ByLayer
 62
    6
370
   -1
100
AcDbCircle
 10
98
 20
260
 40
4
  0
LWPOLYLINE
  5
5C
100
AcDbEntity
  8
0
  6
ByLayer
 62
  256
370
   -1
100
AcDbPolyline
 90
    3
 70
    0
 43
0
 10
0
 20
40
 10
90
 20
40
 10
180
 20
40
  0
LWPOLYLINE
  5
5D
100
AcDbEntity
  8
0
  6
ByLayer
 62
  256
370
   -1
100
AcDbPolyline
 90
    4
 70
    1
 43
0
 10
86
 20
36
 10
86
 20
4
 10
4
 20
4
 10
4
 20
36
  0
LWPOLYLINE
  5
5E
100
AcDbEntity
  8
0
  6
ByLayer
 62
  256
370
   -1
100
AcDbPolyline
 90
    4
 70
    1
 43
0
 10
86
 20
76
 10
86
 20
44
 10
4
 20
44
 10
4
 20
76
  0
LWPOLYLINE
  5
5F
100
AcDbEntity
  8
0
  6
ByLayer
 62
  256
370
   -1
100
AcDbPolyline
 90
    4
 70
    1
 43
0
 10
86
 20
116
 10
86
 20
84
 10
4
 20
84
 10
4
 20
116
  0
LWPOLYLINE
  5
60
100
AcDbEntity
  8
0
  6
ByLayer
 62
  256
370
   -1
100
AcDbPolyline
 90
    4
 70
    1
 43
0
 10
86
 20
156
 10
86
 20
124
 10
4
 20
124
 10
4
 20
156
  0
LWPOLYLINE
  5
61
100
AcDbEntity
  8
0
  6
ByLayer
 62
  256
370
   -1
100
AcDbPolyline
 90
    4
 70
    1
 43
0
 10
86
 20
196
 10
86
 20
164
 10
4
 20
164
 10
4
 20
196
  0
LWPOLYLINE
  5
62
100
AcDbEntity
  8
0
  6
ByLayer
 62
  256
370
   -1
100
AcDbPolyline
 90
    4
 70
    1
 43
0
 10
86
 20
236
 10
86
 20
204
 10
4
 20
204
 10
4
 20
236
  0
LWPOLYLINE
  5
63
100
AcDbEntity
  8
0
  6
ByLayer
 62
  256
370
   -1
100
AcDbPolyline
 90
    4
 70
    1
 43
0
 10
86
 20
276
 10
86
 20
244
 10
4
 20
244
 10
4
 20
276
  0
LWPOLYLINE
  5
64
100
AcDbEntity
  8
0
  6
ByLayer
 62
  256
370
   -1
100
AcDbPolyline
 90
    4
 70
    1
 43
0
 10
86
 20
316
 10
86
 20
284
 10
4
 20
284
 10
4
 20
316
  0
LWPOLYLINE
  5
65
100
AcDbEntity
  8
0
  6
ByLayer
 62
  256
370
   -1
100
AcDbPolyline
 90
  194
 70
    0
 43
0
 10
21.32844444444444
 20
101.1862
 10
21.80155555555555
 20
100.9583111111111
 10
22.27977777777777
 20
100.7229555555555
 10
22.75799999999999
 20
100.4802666666667
 10
23.23311111111111
 20
100.2301111111111
 10
23.69444444444444
 20
99.97248888888888
 10
24.16777777777776
 20
99.70755555555554
 10
24.62599999999999
 20
99.43513333333334
 10
25.05444444444444
 20
99.1333111111111
 10
25.42977777777777
 20
98.77964444444444
 10
25.74177777777777
 20
98.37428888888888
 10
26.00777777777776
 20
97.91724444444444
 10
26.20577777777777
 20
97.40853333333332
 10
26.35577777777777
 20
96.84799999999998
 10
26.43666666666666
 20
96.23591111111112
 10
26.46355555555554
 20
95.57215555555555
 10
26.43666666666666
 20
94.94546666666666
 10
26.35955555555554
 20
94.35222222222222
 10
26.22755555555554
 20
93.79275555555554
 10
26.03577777777777
 20
93.26677777777778
 10
25.78666666666665
 20
92.77455555555554
 10
25.50022222222222
 20
92.31566666666667
 10
25.1491111111111
 20
91.89054666666667
 10
24.74555555555555
 20
91.49904444444445
 10
24.29466666666666
 20
91.14771555555554
 10
23.82155555555554
 20
90.84322888888889
 10
23.3171111111111
 20
90.5856088888889
 10
22.78799999999999
 20
90.37468444444445
 10
22.22999999999999
 20
90.21076888888889
 10
21.64777777777777
 20
90.09371111111111
 10
21.02577777777777
 20
90.0233488888889
 10
20.38688888888888
 20
90
 10
19.76355555555554
 20
90.02350444444444
 10
19.1591111111111
 20
90.09417111111111
 10
18.56888888888889
 20
90.21201555555554
 10
18.00844444444444
 20
90.37685777777777
 10
17.47288888888888
 20
90.58887999999999
 10
16.95733333333332
 20
90.84790444444445
 10
16.46799999999999
 20
91.15409555555557
 10
15.98844444444444
 20
91.50745111111111
 10
15.55888888888888
 20
91.9009711111111
 10
15.18533333333332
 20
92.32780000000001
 10
14.86155555555555
 20
92.78795555555557
 10
14.60622222222221
 20
93.28155555555554
 10
14.40199999999999
 20
93.80833333333334
 10
14.25244444444444
 20
94.36857777777779
 10
14.16533333333332
 20
94.96211111111111
 10
14.1391111111111
 20
95.58882222222223
 10
16.23999999999999
 20
95.58882222222223
 10
16.26244444444443
 20
95.16915555555556
 10
16.31844444444443
 20
94.77688888888891
 10
16.41822222222221
 20
94.41231111111111
 10
16.54888888888888
 20
94.07513333333333
 10
16.72577777777777
 20
93.76553333333334
 10
16.94488888888888
 20
93.48362222222221
 10
17.19888888888888
 20
93.22911111111112
 10
17.48533333333332
 20
93.00231111111111
 10
17.80422222222222
 20
92.80242222222222
 10
18.13599999999999
 20
92.62933333333334
 10
18.48155555555555
 20
92.48284444444442
 10
18.83399999999999
 20
92.36297777777777
 10
19.19088888888888
 20
92.26973333333332
 10
19.57755555555554
 20
92.20312000000001
 10
19.96844444444444
 20
92.16311333333333
 10
20.36955555555555
 20
92.1498822222222
 10
20.82022222222221
 20
92.16451111111111
 10
21.2511111111111
 20
92.20810222222222
 10
21.65644444444444
 20
92.28095555555556
 10
22.0431111111111
 20
92.38291111111111
 10
22.39688888888888
 20
92.5139777777778
 10
22.72555555555555
 20
92.67415555555557
 10
23.03066666666666
 20
92.86359999999999
 10
23.30844444444444
 20
93.08199999999999
 10
23.55755555555555
 20
93.32515555555555
 10
23.76666666666666
 20
93.58853333333333
 10
23.94844444444444
 20
93.87215555555555
 10
24.10244444444444
 20
94.17584444444445
 10
24.21755555555555
 20
94.49995555555556
 10
24.30044444444444
 20
94.84413333333335
 10
24.35088888888889
 20
95.20853333333334
 10
24.37199999999999
 20
95.5930222222222
 10
24.34466666666666
 20
95.96926666666667
 10
24.2791111111111
 20
96.32277777777776
 10
24.16777777777776
 20
96.65388888888887
 10
24.02088888888888
 20
96.96255555555555
 10
23.81599999999999
 20
97.24851111111111
 10
23.57488888888888
 20
97.51222222222222
 10
23.28799999999999
 20
97.75333333333334
 10
22.96222222222221
 20
97.97188888888888
 10
22.59488888888888
 20
98.18157777777776
 10
22.22133333333333
 20
98.39624444444445
 10
21.81155555555555
 20
98.61571111111112
 10
21.38822222222221
 20
98.84002222222222
 10
20.94733333333333
 20
99.06917777777778
 10
20.49155555555555
 20
99.30313333333332
 10
20.00088888888888
 20
99.5420888888889
 10
19.50644444444443
 20
99.78584444444442
 10
19.00466666666666
 20
100.0367777777778
 10
18.53133333333332
 20
100.2972
 10
18.08066666666666
 20
100.5671333333333
 10
17.65088888888888
 20
100.8465555555556
 10
17.24866666666666
 20
101.1356222222222
 10
16.86777777777777
 20
101.4340222222222
 10
16.51777777777777
 20
101.7420888888889
 10
16.19022222222221
 20
102.0596444444444
 10
15.88888888888888
 20
102.3901111111111
 10
15.63488888888888
 20
102.7369333333334
 10
15.41555555555554
 20
103.1002666666667
 10
15.23888888888888
 20
103.4799333333333
 10
15.10688888888888
 20
103.8759333333333
 10
15.0071111111111
 20
104.2884444444445
 10
14.94244444444444
 20
104.7174666666667
 10
14.92999999999999
 20
105.1626666666667
 10
14.95244444444443
 20
105.7011111111111
 10
15.02888888888888
 20
106.2143333333333
 10
15.1511111111111
 20
106.7020222222222
 10
15.33844444444444
 20
107.1645111111111
 10
15.5651111111111
 20
107.6017555555555
 10
15.84533333333332
 20
108.0134888888889
 10
16.18533333333333
 20
108.4000222222222
 10
16.56133333333332
 20
108.7613111111111
 10
16.97977777777777
 20
109.0880444444444
 10
17.41822222222221
 20
109.3712
 10
17.85822222222221
 20
109.6107555555555
 10
18.32355555555554
 20
109.8067555555556
 10
18.79044444444444
 20
109.9593111111111
 10
19.28599999999999
 20
110.0682666666667
 10
19.78666666666666
 20
110.1334888888889
 10
20.29977777777777
 20
110.1552888888889
 10
20.83266666666666
 20
110.1342666666667
 10
21.35088888888888
 20
110.0709111111111
 10
21.84777777777776
 20
109.9655333333333
 10
22.31222222222222
 20
109.8178
 10
22.76555555555554
 20
109.6280444444445
 10
23.20644444444444
 20
109.3959555555555
 10
23.60733333333333
 20
109.1218222222222
 10
24.01399999999999
 20
108.8053555555556
 10
24.37199999999999
 20
108.4528
 10
24.6871111111111
 20
108.0703111111111
 10
24.9491111111111
 20
107.6579555555555
 10
25.16022222222221
 20
107.2155555555556
 10
25.33088888888888
 20
106.7431333333333
 10
25.45044444444444
 20
106.2406444444444
 10
25.52688888888888
 20
105.7082666666667
 10
25.54622222222221
 20
105.1458444444444
 10
23.45422222222221
 20
105.1458444444444
 10
23.44288888888888
 20
105.5126
 10
23.39199999999999
 20
105.8527111111111
 10
23.32599999999999
 20
106.1663777777778
 10
23.23799999999999
 20
106.4534222222222
 10
23.11177777777777
 20
106.7138444444444
 10
22.96222222222221
 20
106.9476666666667
 10
22.78799999999999
 20
107.155
 10
22.58799999999999
 20
107.3357333333333
 10
22.36199999999999
 20
107.4926444444445
 10
22.12488888888888
 20
107.6286888888889
 10
21.86644444444444
 20
107.7438888888889
 10
21.58733333333333
 20
107.8380666666667
 10
21.29355555555555
 20
107.9112222222222
 10
20.97599999999999
 20
107.9635333333333
 10
20.64599999999999
 20
107.9949777777778
 10
20.29977777777777
 20
108.0054
 10
19.94555555555555
 20
107.9942
 10
19.61488888888888
 20
107.9602444444444
 10
19.29533333333332
 20
107.9039111111111
 10
18.996
 20
107.8248222222222
 10
18.70955555555555
 20
107.7233333333333
 10
18.43688888888888
 20
107.5991111111111
 10
18.18644444444443
 20
107.4524666666667
 10
17.94977777777777
 20
107.2831333333333
 10
17.72688888888888
 20
107.0918222222222
 10
17.5451111111111
 20
106.8785333333333
 10
17.38066666666666
 20
106.6434888888889
 10
17.25377777777777
 20
106.3866444444445
 10
17.1491111111111
 20
106.1081555555556
 10
17.07822222222221
 20
105.8077333333333
 10
17.04088888888888
 20
105.4856666666666
 10
17.02199999999999
 20
105.1416444444444
 10
17.04399999999999
 20
104.8033777777778
 10
17.09066666666666
 20
104.4856666666667
 10
17.15355555555555
 20
104.1885111111111
 10
17.25377777777777
 20
103.9118888888889
 10
17.38999999999999
 20
103.6558222222222
 10
17.55133333333332
 20
103.4201555555555
 10
17.74444444444443
 20
103.2051777777778
 10
17.95866666666666
 20
103.0107555555555
 10
18.20755555555555
 20
102.8244222222222
 10
18.48666666666666
 20
102.6340444444445
 10
18.80533333333332
 20
102.4396222222222
 10
19.14155555555555
 20
102.2411555555556
 10
19.52266666666666
 20
102.0386222222222
 10
19.92999999999999
 20
101.8320666666667
 10
20.36955555555555
 20
101.6214444444445
 10
21.32844444444444
 20
101.1852666666667
  0
LWPOLYLINE
  5
66
100
AcDbEntity
  8
0
  6
ByLayer
 62
  256
370
   -1
100
AcDbPolyline
 90
   11
 70
    1
 43
0
 10
40.69022222222222
 20
89.94956444444445
 10
40.69022222222222
 20
94.56844444444445
 10
33.13
 20
94.56844444444445
 10
33.13
 20
95.80302222222224
 10
40.91311111111111
 20
110.2896222222222
 10
42.6628888888889
 20
110.2896222222222
 10
42.6628888888889
 20
96.98715555555556
 10
45.03488888888889
 20
96.98715555555556
 10
45.03488888888889
 20
94.56844444444445
 10
42.6628888888889
 20
94.56844444444445
 10
42.6628888888889
 20
89.94956444444445
  0
LWPOLYLINE
  5
67
100
AcDbEntity
  8
0
  6
ByLayer
 62
  256
370
   -1
100
AcDbPolyline
 90
    3
 70
    1
 43
0
 10
35.89577777777778
 20
96.98715555555556
 10
40.69022222222222
 20
96.98715555555556
 10
40.69022222222222
 20
105.5658222222222
  0
LWPOLYLINE
  5
68
100
AcDbEntity
  8
0
  6
ByLayer
 62
  256
370
   -1
100
AcDbPolyline
 90
   64
 70
    1
 43
0
 10
51.72866666666666
 20
101.2061333333333
 10
51.80555555555554
 20
102.1455777777778
 10
51.92777777777777
 20
103.0555777777778
 10
52.10466666666667
 20
103.9360222222222
 10
52.32377777777778
 20
104.7870444444444
 10
52.61022222222223
 20
105.6088
 10
52.93622222222221
 20
106.4008
 10
53.31488888888888
 20
107.1635777777778
 10
53.73355555555555
 20
107.8646666666667
 10
54.17911111111111
 20
108.4724
 10
54.65755555555555
 20
108.9867111111111
 10
55.16555555555555
 20
109.4073111111111
 10
55.69377777777778
 20
109.7346666666667
 10
56.26155555555555
 20
109.9683333333333
 10
56.83933333333332
 20
110.1085777777778
 10
57.46711111111112
 20
110.1552888888889
 10
58.0768888888889
 20
110.1085777777778
 10
58.66488888888888
 20
109.9683333333333
 10
59.22777777777777
 20
109.7346666666667
 10
59.75711111111111
 20
109.4073111111111
 10
60.26155555555555
 20
108.9867111111111
 10
60.74222222222222
 20
108.4724
 10
61.19266666666667
 20
107.8646666666667
 10
61.61644444444444
 20
107.1635777777778
 10
61.99844444444444
 20
106.4005111111111
 10
62.32244444444444
 20
105.6070888888889
 10
62.60266666666665
 20
104.7836222222222
 10
62.834
 20
103.9298
 10
63.00866666666666
 20
103.0456222222222
 10
63.13577777777778
 20
102.1314
 10
63.21266666666666
 20
101.1868222222222
 10
63.23533333333332
 20
100.2120444444445
 10
63.21266666666666
 20
99.23728888888888
 10
63.13577777777778
 20
98.2927111111111
 10
63.00866666666666
 20
97.37833333333333
 10
62.834
 20
96.4943111111111
 10
62.60266666666665
 20
95.64051111111111
 10
62.32244444444444
 20
94.81688888888887
 10
61.99844444444444
 20
94.0236
 10
61.61644444444444
 20
93.26053333333334
 10
61.19266666666667
 20
92.55928888888889
 10
60.74222222222222
 20
91.95156
 10
60.26155555555555
 20
91.43740666666667
 10
59.75711111111111
 20
91.01664444444447
 10
59.22777777777777
 20
90.68943777777778
 10
58.66488888888888
 20
90.4556311111111
 10
58.0768888888889
 20
90.31537555555556
 10
57.46711111111112
 20
90.26867777777777
 10
56.83933333333332
 20
90.31537555555556
 10
56.26155555555555
 20
90.4556311111111
 10
55.69377777777778
 20
90.68943777777778
 10
55.16555555555555
 20
91.01664444444447
 10
54.65755555555555
 20
91.43740666666667
 10
54.17911111111111
 20
91.95156
 10
53.73355555555555
 20
92.55928888888889
 10
53.31488888888888
 20
93.26053333333334
 10
52.93622222222221
 20
94.02393333333335
 10
52.61022222222223
 20
94.81844444444445
 10
52.32377777777778
 20
95.64408888888889
 10
52.10466666666667
 20
96.50053333333334
 10
51.92777777777777
 20
97.38813333333331
 10
51.80555555555554
 20
98.30686666666666
 10
51.72866666666666
 20
99.25642222222223
 10
51.70088888888888
 20
100.2372666666667
  0
LWPOLYLINE
  5
69
100
AcDbEntity
  8
0
  6
ByLayer
 62
  256
370
   -1
100
AcDbPolyline
 90
   64
 70
    1
 43
0
 10
53.81666666666666
 20
99.32726666666667
 10
53.86688888888889
 20
98.49119999999999
 10
53.94266666666666
 20
97.70382222222221
 10
54.06577777777777
 20
96.96504444444444
 10
54.20311111111111
 20
96.27513333333332
 10
54.38977777777777
 20
95.63380000000001
 10
54.59777777777777
 20
95.04104444444442
 10
54.84444444444443
 20
94.49713333333332
 10
55.11177777777777
 20
94.00991111111112
 10
55.40199999999999
 20
93.58775555555556
 10
55.70333333333333
 20
93.2305111111111
 10
56.02244444444445
 20
92.93833333333333
 10
56.35377777777777
 20
92.71088888888887
 10
56.71244444444444
 20
92.54853333333332
 10
57.06822222222222
 20
92.4510888888889
 10
57.46711111111112
 20
92.41855555555557
 10
57.84533333333332
 20
92.4510888888889
 10
58.22133333333333
 20
92.54853333333332
 10
58.57399999999999
 20
92.71088888888887
 10
58.90377777777778
 20
92.93833333333333
 10
59.22777777777777
 20
93.2305111111111
 10
59.52933333333333
 20
93.58775555555556
 10
59.81577777777778
 20
94.00991111111112
 10
60.0871111111111
 20
94.49713333333332
 10
60.33377777777778
 20
95.04151111111112
 10
60.55533333333333
 20
95.63537777777779
 10
60.73466666666667
 20
96.27857777777778
 10
60.88422222222221
 20
96.97144444444446
 10
60.99377777777777
 20
97.71364444444445
 10
61.07066666666665
 20
98.50535555555555
 10
61.12066666666666
 20
99.34655555555555
 10
61.13288888888889
 20
100.2372666666667
 10
61.12066666666666
 20
101.1455777777778
 10
61.07066666666665
 20
101.9998666666667
 10
60.99377777777777
 20
102.8002888888889
 10
60.88422222222221
 20
103.5465555555556
 10
60.73466666666667
 20
104.2389333333333
 10
60.55533333333333
 20
104.8773333333333
 10
60.33377777777778
 20
105.4616888888889
 10
60.0871111111111
 20
105.9920444444444
 10
59.81577777777778
 20
106.4638444444445
 10
59.52933333333333
 20
106.8729333333333
 10
59.22777777777777
 20
107.2189777777778
 10
58.90377777777778
 20
107.5021333333333
 10
58.57399999999999
 20
107.7222444444444
 10
58.22133333333333
 20
107.8796222222222
 10
57.84533333333332
 20
107.9739555555555
 10
57.46711111111112
 20
108.0054
 10
57.06822222222222
 20
107.9739555555555
 10
56.71244444444444
 20
107.8796222222222
 10
56.35377777777777
 20
107.7222444444444
 10
56.02244444444445
 20
107.5021333333333
 10
55.70333333333333
 20
107.2189777777778
 10
55.40199999999999
 20
106.8729333333333
 10
55.11177777777777
 20
106.4638444444445
 10
54.84444444444443
 20
105.9920444444444
 10
54.59777777777777
 20
105.4612222222222
 10
54.38977777777777
 20
104.8757777777778
 10
54.20311111111111
 20
104.2353555555556
 10
54.06577777777777
 20
103.5403111111111
 10
53.94266666666666
 20
102.7903333333333
 10
53.86688888888889
 20
101.9857111111111
 10
53.81666666666666
 20
101.1262666666667
 10
53.79333333333332
 20
100.2120444444445
  0
LWPOLYLINE
  5
6A
100
AcDbEntity
  8
0
  6
ByLayer
 62
  256
370
   -1
100
AcDbPolyline
 90
  195
 70
    1
 43
0
 10
75.18133333333333
 20
110.1296
 10
75.68733333333331
 20
110.0520666666667
 10
76.15555555555555
 20
109.9230222222222
 10
76.60111111111111
 20
109.7423111111111
 10
77.02488888888888
 20
109.5098888888889
 10
77.422
 20
109.2259555555556
 10
77.79555555555555
 20
108.8902
 10
78.13533333333334
 20
108.5030666666667
 10
78.45688888888888
 20
108.0869777777778
 10
78.73088888888888
 20
107.6651111111111
 10
78.9571111111111
 20
107.2375111111111
 10
79.14888888888891
 20
106.8039777777778
 10
79.28600000000002
 20
106.3646888888889
 10
79.39088888888888
 20
105.9194888888889
 10
79.45822222222225
 20
105.4683777777778
 10
79.48066666666668
 20
105.0115111111111
 10
79.46444444444445
 20
104.679
 10
79.43577777777777
 20
104.3494666666667
 10
79.386
 20
104.0224222222222
 10
79.32733333333333
 20
103.6983333333333
 10
79.2311111111111
 20
103.3768666666667
 10
79.12822222222221
 20
103.0582222222222
 10
78.99488888888891
 20
102.7422222222222
 10
78.85799999999999
 20
102.4292
 10
78.68822222222222
 20
102.1318666666667
 10
78.51177777777777
 20
101.8638222222222
 10
78.32466666666667
 20
101.6248666666667
 10
78.11577777777779
 20
101.4150444444444
 10
77.8991111111111
 20
101.2343111111111
 10
77.6711111111111
 20
101.0828444444444
 10
77.422
 20
100.9603333333334
 10
77.16644444444445
 20
100.8670888888889
 10
77.42577777777778
 20
100.7856888888889
 10
77.67955555555555
 20
100.6718888888889
 10
77.9388888888889
 20
100.5257333333333
 10
78.18177777777777
 20
100.3468666666667
 10
78.43044444444445
 20
100.1356222222222
 10
78.6611111111111
 20
99.89202222222221
 10
78.89155555555556
 20
99.61586666666666
 10
79.11199999999999
 20
99.30717777777778
 10
79.32733333333333
 20
98.96860000000001
 10
79.5028888888889
 20
98.60264444444444
 10
79.66333333333334
 20
98.20928888888889
 10
79.782
 20
97.78866666666669
 10
79.87666666666668
 20
97.34066666666668
 10
79.94133333333335
 20
96.86526666666667
 10
79.98733333333332
 20
96.36246666666668
 10
79.99955555555555
 20
95.83244444444445
 10
79.98111111111112
 20
95.32464444444444
 10
79.91399999999999
 20
94.82606666666666
 10
79.80444444444446
 20
94.33666666666666
 10
79.64466666666668
 20
93.8562888888889
 10
79.45288888888889
 20
93.3850888888889
 10
79.21155555555556
 20
92.92291111111111
 10
78.92511111111112
 20
92.46993333333333
 10
78.58866666666668
 20
92.02597333333333
 10
78.22
 20
91.61408444444444
 10
77.81177777777778
 20
91.25714666666666
 10
77.37599999999999
 20
90.95515777777779
 10
76.91488888888888
 20
90.70796222222224
 10
76.41466666666668
 20
90.5158711111111
 10
75.87422222222223
 20
90.37857555555557
 10
75.306
 20
90.29622888888889
 10
74.70733333333335
 20
90.26867777777777
 10
74.17311111111111
 20
90.29187111111112
 10
73.67333333333335
 20
90.36129777777776
 10
73.19399999999999
 20
90.4771111111111
 10
72.736
 20
90.63930888888889
 10
72.31244444444444
 20
90.8477488888889
 10
71.91777777777777
 20
91.10241555555557
 10
71.5528888888889
 20
91.40362666666665
 10
71.208
 20
91.75091555555557
 10
70.9028888888889
 20
92.13945333333334
 10
70.64355555555554
 20
92.5634888888889
 10
70.41222222222224
 20
93.02331111111111
 10
70.23044444444446
 20
93.5188
 10
70.09311111111111
 20
94.04993333333333
 10
69.98844444444444
 20
94.61684444444444
 10
69.92533333333331
 20
95.21942222222224
 10
69.90133333333334
 20
95.85764444444446
 10
71.87644444444443
 20
95.85764444444446
 10
71.88133333333333
 20
95.37228888888889
 10
71.91777777777777
 20
94.92786666666666
 10
71.98133333333332
 20
94.52486666666668
 10
72.06355555555557
 20
94.16277777777778
 10
72.16777777777777
 20
93.84195555555556
 10
72.29977777777776
 20
93.5622222222222
 10
72.46666666666667
 20
93.3236
 10
72.64133333333332
 20
93.12622222222222
 10
72.84022222222221
 20
92.96026666666667
 10
73.05444444444444
 20
92.81660000000001
 10
73.29111111111111
 20
92.69502222222224
 10
73.54533333333333
 20
92.59553333333334
 10
73.80444444444446
 20
92.51817777777777
 10
74.0971111111111
 20
92.46277777777777
 10
74.39222222222223
 20
92.42962222222221
 10
74.70066666666668
 20
92.41855555555557
 10
75.032
 20
92.43179999999998
 10
75.35600000000001
 20
92.4714888888889
 10
75.66
 20
92.53764444444445
 10
75.956
 20
92.63011111111111
 10
76.22622222222222
 20
92.74919999999999
 10
76.48933333333332
 20
92.89457777777778
 10
76.74333333333333
 20
93.06644444444446
 10
76.9871111111111
 20
93.26475555555555
 10
77.19422222222221
 20
93.48953333333333
 10
77.38844444444443
 20
93.74062222222221
 10
77.54755555555556
 20
94.01833333333333
 10
77.67488888888889
 20
94.32233333333332
 10
77.77444444444447
 20
94.65280000000001
 10
77.85177777777777
 20
95.00975555555556
 10
77.89533333333333
 20
95.39315555555555
 10
77.8991111111111
 20
95.80302222222224
 10
77.88399999999999
 20
96.31966666666668
 10
77.82933333333334
 20
96.80066666666666
 10
77.73933333333332
 20
97.24633333333334
 10
77.60266666666666
 20
97.65635555555554
 10
77.43066666666667
 20
98.03104444444443
 10
77.22288888888887
 20
98.3700888888889
 10
76.9871111111111
 20
98.67362222222224
 10
76.70577777777778
 20
98.94182222222223
 10
76.3922222222222
 20
99.17657777777777
 10
76.06066666666666
 20
99.38002222222224
 10
75.70977777777779
 20
99.55204444444443
 10
75.34244444444444
 20
99.69291111111113
 10
74.95599999999999
 20
99.80251111111112
 10
74.54666666666668
 20
99.88064444444446
 10
74.12311111111111
 20
99.92766666666667
 10
73.67333333333335
 20
99.94322222222223
 10
73.67333333333335
 20
101.5557555555556
 10
74.12311111111111
 20
101.5720888888889
 10
74.53644444444444
 20
101.6211333333333
 10
74.92244444444447
 20
101.7030222222222
 10
75.28644444444446
 20
101.8175777777778
 10
75.62888888888889
 20
101.965
 10
75.92888888888891
 20
102.1449333333333
 10
76.19800000000001
 20
102.3578888888889
 10
76.44666666666666
 20
102.6033777777778
 10
76.6662222222222
 20
102.8697111111111
 10
76.86155555555555
 20
103.1446222222222
 10
77.01977777777779
 20
103.4284
 10
77.148
 20
103.7208888888889
 10
77.244
 20
104.0219555555555
 10
77.32244444444446
 20
104.3318666666667
 10
77.37200000000001
 20
104.6505333333333
 10
77.37599999999999
 20
104.9778888888889
 10
77.37200000000001
 20
105.2965333333333
 10
77.32622222222223
 20
105.6013111111111
 10
77.26644444444446
 20
105.8925555555556
 10
77.16644444444445
 20
106.1699555555556
 10
77.04844444444446
 20
106.4336666666667
 10
76.90244444444444
 20
106.6836666666667
 10
76.72844444444445
 20
106.9199555555556
 10
76.5288888888889
 20
107.1425555555556
 10
76.31466666666667
 20
107.3447555555555
 10
76.09333333333335
 20
107.5200444444444
 10
75.8688888888889
 20
107.6684
 10
75.63755555555556
 20
107.7896444444445
 10
75.40555555555557
 20
107.8841333333333
 10
75.15933333333332
 20
107.9515333333333
 10
74.91000000000001
 20
107.9920222222222
 10
74.65133333333331
 20
108.0054
 10
74.39222222222223
 20
107.9935777777778
 10
74.15066666666668
 20
107.9577555555556
 10
73.91022222222223
 20
107.8983111111111
 10
73.67711111111113
 20
107.8148666666667
 10
73.46822222222222
 20
107.7077777777778
 10
73.25399999999999
 20
107.5767111111111
 10
73.05444444444444
 20
107.4219777777778
 10
72.86799999999999
 20
107.2432666666667
 10
72.69111111111111
 20
107.0348444444444
 10
72.54422222222225
 20
106.7902888888889
 10
72.41711111111111
 20
106.5096222222222
 10
72.31755555555556
 20
106.193
 10
72.23533333333333
 20
105.8404222222222
 10
72.18555555555557
 20
105.4517333333334
 10
72.142
 20
105.0270666666667
 10
72.13577777777779
 20
104.5664666666667
 10
70.16555555555556
 20
104.5664666666667
 10
70.1877777777778
 20
105.2285111111111
 10
70.24911111111111
 20
105.8499111111111
 10
70.34244444444444
 20
106.4307111111111
 10
70.4791111111111
 20
106.9708444444445
 10
70.66133333333335
 20
107.4705333333333
 10
70.87177777777779
 20
107.9294444444445
 10
71.13422222222223
 20
108.3478666666667
 10
71.43177777777778
 20
108.7255111111111
 10
71.76200000000001
 20
109.0606444444444
 10
72.11333333333332
 20
109.3511333333333
 10
72.47822222222223
 20
109.5969111111111
 10
72.87288888888889
 20
109.7978888888889
 10
73.29111111111111
 20
109.9543111111111
 10
73.72355555555556
 20
110.0659333333333
 10
74.178
 20
110.1330222222222
 10
74.65755555555556
 20
110.1552888888889
  0
LWPOLYLINE
  5
6B
100
AcDbEntity
  8
0
  6
ByLayer
 62
  256
370
   -1
100
AcDbPolyline
 90
  194
 70
    0
 43
0
 10
20.84777777777777
 20
61.18619999999999
 10
21.32088888888888
 20
60.95831111111112
 10
21.7991111111111
 20
60.72295555555556
 10
22.27733333333332
 20
60.48026666666668
 10
22.75244444444444
 20
60.23011111111111
 10
23.21377777777777
 20
59.97248888888889
 10
23.6871111111111
 20
59.70755555555556
 10
24.14533333333332
 20
59.43513333333333
 10
24.57377777777777
 20
59.13331111111111
 10
24.94911111111111
 20
58.77964444444444
 10
25.26111111111111
 20
58.3742888888889
 10
25.5271111111111
 20
57.91724444444444
 10
25.7251111111111
 20
57.40853333333334
 10
25.8751111111111
 20
56.84800000000001
 10
25.95599999999999
 20
56.23591111111111
 10
25.98288888888888
 20
55.57215555555555
 10
25.95599999999999
 20
54.94546666666666
 10
25.87888888888888
 20
54.35222222222222
 10
25.74688888888888
 20
53.79275555555554
 10
25.55511111111111
 20
53.26677777777778
 10
25.30599999999999
 20
52.77455555555556
 10
25.01955555555555
 20
52.31566666666667
 10
24.66844444444444
 20
51.89054666666667
 10
24.26488888888888
 20
51.49904444444445
 10
23.81399999999999
 20
51.14771555555556
 10
23.34088888888888
 20
50.84322888888889
 10
22.83644444444444
 20
50.58560888888888
 10
22.30733333333333
 20
50.37468444444444
 10
21.74933333333333
 20
50.21076888888888
 10
21.1671111111111
 20
50.09371111111111
 10
20.5451111111111
 20
50.02334888888888
 10
19.90622222222221
 20
50
 10
19.28288888888888
 20
50.02350444444444
 10
18.67844444444444
 20
50.09417111111112
 10
18.08822222222221
 20
50.21201555555556
 10
17.52777777777777
 20
50.37685777777779
 10
16.99222222222221
 20
50.58887999999999
 10
16.47666666666666
 20
50.84790444444445
 10
15.98733333333333
 20
51.15409555555556
 10
15.50777777777777
 20
51.50745111111112
 10
15.07822222222222
 20
51.90097111111112
 10
14.70466666666666
 20
52.3278
 10
14.38088888888888
 20
52.78795555555555
 10
14.12555555555555
 20
53.28155555555556
 10
13.92133333333333
 20
53.80833333333333
 10
13.77177777777777
 20
54.36857777777777
 10
13.68466666666666
 20
54.96211111111111
 10
13.65844444444444
 20
55.58882222222222
 10
15.75933333333333
 20
55.58882222222222
 10
15.78177777777777
 20
55.16915555555556
 10
15.83777777777777
 20
54.77688888888889
 10
15.93755555555555
 20
54.41231111111111
 10
16.06822222222221
 20
54.07513333333333
 10
16.2451111111111
 20
53.76553333333334
 10
16.46422222222222
 20
53.48362222222222
 10
16.71822222222221
 20
53.22911111111111
 10
17.00466666666666
 20
53.0023111111111
 10
17.32355555555555
 20
52.80242222222223
 10
17.65533333333333
 20
52.62933333333334
 10
18.00088888888888
 20
52.48284444444445
 10
18.35333333333333
 20
52.36297777777777
 10
18.71022222222221
 20
52.26973333333333
 10
19.09688888888888
 20
52.20312000000001
 10
19.48777777777777
 20
52.16311333333334
 10
19.88888888888888
 20
52.14988222222222
 10
20.33955555555555
 20
52.16451111111111
 10
20.77044444444444
 20
52.20810222222222
 10
21.17577777777777
 20
52.28095555555555
 10
21.56244444444444
 20
52.38291111111111
 10
21.91622222222222
 20
52.51397777777778
 10
22.24488888888889
 20
52.67415555555556
 10
22.55
 20
52.86360000000001
 10
22.82777777777778
 20
53.08199999999999
 10
23.07688888888888
 20
53.32515555555555
 10
23.28599999999999
 20
53.58853333333334
 10
23.46777777777778
 20
53.87215555555555
 10
23.62177777777777
 20
54.17584444444445
 10
23.73688888888888
 20
54.49995555555555
 10
23.81977777777777
 20
54.84413333333333
 10
23.87022222222222
 20
55.20853333333334
 10
23.89133333333332
 20
55.59302222222222
 10
23.864
 20
55.96926666666666
 10
23.79844444444443
 20
56.32277777777778
 10
23.6871111111111
 20
56.65388888888889
 10
23.54022222222222
 20
56.96255555555555
 10
23.33533333333332
 20
57.24851111111112
 10
23.09422222222221
 20
57.51222222222222
 10
22.80733333333332
 20
57.75333333333333
 10
22.48155555555554
 20
57.97188888888889
 10
22.11422222222222
 20
58.18157777777778
 10
21.74066666666666
 20
58.39624444444444
 10
21.33088888888889
 20
58.61571111111112
 10
20.90755555555555
 20
58.84002222222222
 10
20.46666666666666
 20
59.06917777777778
 10
20.01088888888888
 20
59.30313333333334
 10
19.52022222222221
 20
59.54208888888888
 10
19.02577777777777
 20
59.78584444444444
 10
18.52399999999999
 20
60.03677777777779
 10
18.05066666666666
 20
60.2972
 10
17.59999999999999
 20
60.56713333333333
 10
17.17022222222221
 20
60.84655555555555
 10
16.76799999999999
 20
61.13562222222222
 10
16.3871111111111
 20
61.43402222222223
 10
16.0371111111111
 20
61.74208888888889
 10
15.70955555555555
 20
62.05964444444444
 10
15.40822222222222
 20
62.39011111111111
 10
15.15422222222222
 20
62.73693333333333
 10
14.93488888888888
 20
63.10026666666666
 10
14.75822222222222
 20
63.47993333333334
 10
14.62622222222221
 20
63.87593333333333
 10
14.52644444444444
 20
64.28844444444445
 10
14.46177777777777
 20
64.71746666666667
 10
14.44933333333333
 20
65.16266666666667
 10
14.47177777777777
 20
65.70111111111112
 10
14.54822222222221
 20
66.21433333333334
 10
14.67044444444444
 20
66.70202222222221
 10
14.85777777777777
 20
67.16451111111111
 10
15.08444444444444
 20
67.60175555555554
 10
15.36466666666666
 20
68.0134888888889
 10
15.70466666666666
 20
68.40002222222223
 10
16.08066666666666
 20
68.7613111111111
 10
16.49911111111111
 20
69.08804444444444
 10
16.93755555555555
 20
69.37119999999999
 10
17.37755555555555
 20
69.61075555555556
 10
17.84288888888888
 20
69.80675555555555
 10
18.30977777777777
 20
69.95931111111111
 10
18.80533333333332
 20
70.06826666666667
 10
19.30599999999999
 20
70.13348888888888
 10
19.81911111111111
 20
70.15528888888889
 10
20.352
 20
70.13426666666666
 10
20.87022222222222
 20
70.0709111111111
 10
21.3671111111111
 20
69.96553333333334
 10
21.83155555555555
 20
69.81780000000001
 10
22.28488888888888
 20
69.62804444444444
 10
22.72577777777778
 20
69.39595555555556
 10
23.12666666666666
 20
69.12182222222224
 10
23.53333333333333
 20
68.80535555555555
 10
23.89133333333332
 20
68.4528
 10
24.20644444444444
 20
68.07031111111112
 10
24.46844444444444
 20
67.65795555555556
 10
24.67955555555555
 20
67.21555555555555
 10
24.85022222222222
 20
66.74313333333333
 10
24.96977777777777
 20
66.24064444444444
 10
25.04622222222221
 20
65.70826666666666
 10
25.06555555555555
 20
65.14584444444444
 10
22.97355555555555
 20
65.14584444444444
 10
22.96222222222221
 20
65.51260000000001
 10
22.91133333333332
 20
65.85271111111111
 10
22.84533333333333
 20
66.16637777777778
 10
22.75733333333333
 20
66.45342222222223
 10
22.63111111111111
 20
66.71384444444445
 10
22.48155555555554
 20
66.94766666666666
 10
22.30733333333333
 20
67.155
 10
22.10733333333333
 20
67.33573333333334
 10
21.88133333333332
 20
67.49264444444445
 10
21.64422222222221
 20
67.62868888888889
 10
21.38577777777777
 20
67.74388888888889
 10
21.10666666666666
 20
67.83806666666666
 10
20.81288888888889
 20
67.91122222222224
 10
20.49533333333333
 20
67.96353333333334
 10
20.16533333333333
 20
67.99497777777779
 10
19.81911111111111
 20
68.00539999999999
 10
19.46488888888888
 20
67.99420000000001
 10
19.13422222222221
 20
67.96024444444444
 10
18.81466666666666
 20
67.90391111111111
 10
18.51533333333332
 20
67.82482222222222
 10
18.22888888888888
 20
67.72333333333333
 10
17.95622222222222
 20
67.59911111111111
 10
17.70577777777777
 20
67.45246666666668
 10
17.4691111111111
 20
67.28313333333334
 10
17.24622222222222
 20
67.09182222222222
 10
17.06444444444444
 20
66.87853333333334
 10
16.9
 20
66.6434888888889
 10
16.77311111111111
 20
66.38664444444444
 10
16.66844444444444
 20
66.10815555555556
 10
16.59755555555555
 20
65.80773333333335
 10
16.56022222222222
 20
65.48566666666667
 10
16.54133333333333
 20
65.14164444444445
 10
16.56333333333333
 20
64.80337777777778
 10
16.60999999999999
 20
64.48566666666666
 10
16.67288888888888
 20
64.18851111111111
 10
16.77311111111111
 20
63.9118888888889
 10
16.90933333333333
 20
63.65582222222222
 10
17.07066666666666
 20
63.42015555555556
 10
17.26377777777777
 20
63.20517777777778
 10
17.47799999999999
 20
63.01075555555556
 10
17.72688888888888
 20
62.82442222222222
 10
18.00599999999999
 20
62.63404444444444
 10
18.32466666666666
 20
62.43962222222223
 10
18.66088888888888
 20
62.24115555555555
 10
19.04199999999999
 20
62.03862222222223
 10
19.44933333333332
 20
61.83206666666666
 10
19.88888888888888
 20
61.62144444444444
 10
20.84777777777777
 20
61.18526666666666
  0
LWPOLYLINE
  5
6C
100
AcDbEntity
  8
0
  6
ByLayer
 62
  256
370
   -1
100
AcDbPolyline
 90
   11
 70
    1
 43
0
 10
40.20955555555555
 20
49.94956444444443
 10
40.20955555555555
 20
54.56844444444444
 10
32.64933333333332
 20
54.56844444444444
 10
32.64933333333332
 20
55.80302222222222
 10
40.43244444444444
 20
70.28962222222222
 10
42.18222222222221
 20
70.28962222222222
 10
42.18222222222221
 20
56.98715555555555
 10
44.55422222222222
 20
56.98715555555555
 10
44.55422222222222
 20
54.56844444444444
 10
42.18222222222221
 20
54.56844444444444
 10
42.18222222222221
 20
49.94956444444443
  0
LWPOLYLINE
  5
6D
100
AcDbEntity
  8
0
  6
ByLayer
 62
  256
370
   -1
100
AcDbPolyline
 90
    3
 70
    1
 43
0
 10
35.41511111111111
 20
56.98715555555555
 10
40.20955555555555
 20
56.98715555555555
 10
40.20955555555555
 20
65.56582222222222
  0
LWPOLYLINE
  5
6E
100
AcDbEntity
  8
0
  6
ByLayer
 62
  256
370
   -1
100
AcDbPolyline
 90
   64
 70
    1
 43
0
 10
51.24799999999999
 20
61.20613333333334
 10
51.32488888888887
 20
62.14557777777778
 10
51.4471111111111
 20
63.05557777777778
 10
51.62399999999998
 20
63.93602222222221
 10
51.84311111111111
 20
64.78704444444445
 10
52.12955555555556
 20
65.6088
 10
52.45555555555554
 20
66.40079999999999
 10
52.83422222222221
 20
67.16357777777779
 10
53.25288888888888
 20
67.86466666666666
 10
53.69844444444443
 20
68.47239999999999
 10
54.17688888888888
 20
68.98671111111112
 10
54.68488888888888
 20
69.40731111111111
 10
55.2131111111111
 20
69.73466666666667
 10
55.78088888888888
 20
69.96833333333333
 10
56.35866666666665
 20
70.10857777777778
 10
56.98644444444443
 20
70.15528888888889
 10
57.5962222222222
 20
70.10857777777778
 10
58.18422222222221
 20
69.96833333333333
 10
58.7471111111111
 20
69.73466666666667
 10
59.27644444444444
 20
69.40731111111111
 10
59.78088888888887
 20
68.98671111111112
 10
60.26155555555555
 20
68.47239999999999
 10
60.71199999999999
 20
67.86466666666666
 10
61.13577777777777
 20
67.16357777777779
 10
61.51777777777777
 20
66.40051111111111
 10
61.84177777777778
 20
65.60708888888888
 10
62.122
 20
64.78362222222222
 10
62.35333333333332
 20
63.92980000000001
 10
62.52799999999999
 20
63.04562222222223
 10
62.65511111111111
 20
62.13140000000001
 10
62.73199999999999
 20
61.18682222222222
 10
62.75466666666665
 20
60.21204444444444
 10
62.73199999999999
 20
59.23728888888888
 10
62.65511111111111
 20
58.29271111111112
 10
62.52799999999999
 20
57.37833333333334
 10
62.35333333333332
 20
56.49431111111112
 10
62.122
 20
55.64051111111111
 10
61.84177777777778
 20
54.81688888888889
 10
61.51777777777777
 20
54.0236
 10
61.13577777777777
 20
53.26053333333333
 10
60.71199999999999
 20
52.55928888888889
 10
60.26155555555555
 20
51.95156
 10
59.78088888888887
 20
51.43740666666667
 10
59.27644444444444
 20
51.01664444444445
 10
58.7471111111111
 20
50.68943777777777
 10
58.18422222222221
 20
50.4556311111111
 10
57.5962222222222
 20
50.31537555555556
 10
56.98644444444443
 20
50.26867777777778
 10
56.35866666666665
 20
50.31537555555556
 10
55.78088888888888
 20
50.4556311111111
 10
55.2131111111111
 20
50.68943777777777
 10
54.68488888888888
 20
51.01664444444445
 10
54.17688888888888
 20
51.43740666666667
 10
53.69844444444443
 20
51.95156
 10
53.25288888888888
 20
52.55928888888889
 10
52.83422222222221
 20
53.26053333333333
 10
52.45555555555554
 20
54.02393333333333
 10
52.12955555555556
 20
54.81844444444445
 10
51.84311111111111
 20
55.64408888888889
 10
51.62399999999998
 20
56.50053333333334
 10
51.4471111111111
 20
57.38813333333334
 10
51.32488888888887
 20
58.30686666666666
 10
51.24799999999999
 20
59.25642222222223
 10
51.2202222222222
 20
60.23726666666666
  0
LWPOLYLINE
  5
6F
100
AcDbEntity
  8
0
  6
ByLayer
 62
  256
370
   -1
100
AcDbPolyline
 90
   64
 70
    1
 43
0
 10
53.33599999999998
 20
59.32726666666667
 10
53.38622222222222
 20
58.49119999999999
 10
53.46199999999999
 20
57.70382222222223
 10
53.5851111111111
 20
56.96504444444444
 10
53.72244444444444
 20
56.27513333333334
 10
53.90911111111109
 20
55.6338
 10
54.1171111111111
 20
55.04104444444445
 10
54.36377777777776
 20
54.49713333333334
 10
54.6311111111111
 20
54.00991111111111
 10
54.92133333333332
 20
53.58775555555556
 10
55.22266666666666
 20
53.23051111111111
 10
55.54177777777777
 20
52.93833333333333
 10
55.8731111111111
 20
52.7108888888889
 10
56.23177777777776
 20
52.54853333333332
 10
56.58755555555555
 20
52.45108888888888
 10
56.98644444444443
 20
52.41855555555555
 10
57.36466666666665
 20
52.45108888888888
 10
57.74066666666666
 20
52.54853333333332
 10
58.09333333333332
 20
52.7108888888889
 10
58.4231111111111
 20
52.93833333333333
 10
58.7471111111111
 20
53.23051111111111
 10
59.04866666666666
 20
53.58775555555556
 10
59.3351111111111
 20
54.00991111111111
 10
59.60644444444443
 20
54.49713333333334
 10
59.8531111111111
 20
55.04151111111112
 10
60.07466666666666
 20
55.63537777777777
 10
60.25399999999999
 20
56.27857777777778
 10
60.40355555555554
 20
56.97144444444444
 10
60.5131111111111
 20
57.71364444444444
 10
60.58999999999999
 20
58.50535555555555
 10
60.63999999999999
 20
59.34655555555556
 10
60.65222222222222
 20
60.23726666666666
 10
60.63999999999999
 20
61.14557777777777
 10
60.58999999999999
 20
61.99986666666667
 10
60.5131111111111
 20
62.8002888888889
 10
60.40355555555554
 20
63.54655555555556
 10
60.25399999999999
 20
64.23893333333334
 10
60.07466666666666
 20
64.87733333333334
 10
59.8531111111111
 20
65.46168888888889
 10
59.60644444444443
 20
65.99204444444445
 10
59.3351111111111
 20
66.46384444444445
 10
59.04866666666666
 20
66.87293333333335
 10
58.7471111111111
 20
67.21897777777778
 10
58.4231111111111
 20
67.50213333333333
 10
58.09333333333332
 20
67.72224444444444
 10
57.74066666666666
 20
67.87962222222222
 10
57.36466666666665
 20
67.97395555555555
 10
56.98644444444443
 20
68.00539999999999
 10
56.58755555555555
 20
67.97395555555555
 10
56.23177777777776
 20
67.87962222222222
 10
55.8731111111111
 20
67.72224444444444
 10
55.54177777777777
 20
67.50213333333333
 10
55.22266666666666
 20
67.21897777777778
 10
54.92133333333332
 20
66.87293333333335
 10
54.6311111111111
 20
66.46384444444445
 10
54.36377777777776
 20
65.99204444444445
 10
54.1171111111111
 20
65.46122222222222
 10
53.90911111111109
 20
64.87577777777777
 10
53.72244444444444
 20
64.23535555555556
 10
53.5851111111111
 20
63.54031111111111
 10
53.46199999999999
 20
62.79033333333334
 10
53.38622222222222
 20
61.9857111111111
 10
53.33599999999998
 20
61.12626666666667
 10
53.31266666666665
 20
60.21204444444444
  0
LWPOLYLINE
  5
70
100
AcDbEntity
  8
0
  6
ByLayer
 62
  256
370
   -1
100
AcDbPolyline
 90
   87
 70
    1
 43
0
 10
75.46911111111113
 20
70.13348888888888
 10
75.97088888888889
 20
70.06795555555556
 10
76.44822222222221
 20
69.95868888888889
 10
76.91111111111113
 20
69.80582222222223
 10
77.3448888888889
 20
69.60906666666668
 10
77.75822222222222
 20
69.36886666666666
 10
78.15422222222223
 20
69.08477777777777
 10
78.51755555555556
 20
68.75711111111112
 10
78.84911111111113
 20
68.38895555555555
 10
79.14044444444444
 20
67.9836
 10
79.37711111111111
 20
67.5412
 10
79.58644444444444
 20
67.06175555555556
 10
79.74044444444446
 20
66.54495555555556
 10
79.85666666666665
 20
65.99126666666666
 10
79.91888888888889
 20
65.4002
 10
79.93755555555555
 20
64.77224444444444
 10
79.90644444444445
 20
64.1032
 10
79.79555555555557
 20
63.42933333333333
 10
79.61955555555556
 20
62.7504888888889
 10
79.36688888888888
 20
62.06695555555555
 10
79.0468888888889
 20
61.37844444444445
 10
78.65488888888891
 20
60.68511111111112
 10
78.2
 20
59.98713333333334
 10
77.65333333333335
 20
59.28397777777778
 10
71.78044444444444
 20
52.6874
 10
79.99955555555556
 20
52.6874
 10
79.74044444444446
 20
50.26867777777778
 10
69.42088888888888
 20
50.26867777777778
 10
69.42088888888888
 20
52.96446666666667
 10
75.45200000000001
 20
59.7334
 10
76.01222222222223
 20
60.39542222222222
 10
76.494
 20
61.04875555555557
 10
76.91111111111113
 20
61.69304444444445
 10
77.24755555555555
 20
62.32831111111111
 10
77.50422222222221
 20
62.95471111111111
 10
77.69844444444445
 20
63.57222222222222
 10
77.80311111111111
 20
64.18088888888889
 10
77.84755555555554
 20
64.78066666666666
 10
77.83022222222223
 20
65.26711111111111
 10
77.79311111111113
 20
65.70873333333334
 10
77.72688888888888
 20
66.1052
 10
77.62755555555557
 20
66.45653333333334
 10
77.51155555555557
 20
66.7628888888889
 10
77.36688888888891
 20
67.0241111111111
 10
77.19755555555557
 20
67.24015555555556
 10
76.99333333333333
 20
67.41122222222222
 10
76.77444444444444
 20
67.55055555555556
 10
76.54400000000001
 20
67.67117777777779
 10
76.29866666666669
 20
67.77331111111111
 10
76.05222222222224
 20
67.8568888888889
 10
75.78822222222222
 20
67.92197777777778
 10
75.51177777777779
 20
67.96835555555556
 10
75.23266666666666
 20
67.99622222222223
 10
74.93355555555557
 20
68.00539999999999
 10
74.70977777777779
 20
67.99731111111112
 10
74.48311111111111
 20
67.97271111111111
 10
74.25244444444446
 20
67.93162222222222
 10
74.02844444444445
 20
67.87417777777777
 10
73.78288888888889
 20
67.8004
 10
73.54666666666665
 20
67.71026666666667
 10
73.29977777777778
 20
67.60364444444444
 10
73.05844444444446
 20
67.48051111111111
 10
72.82644444444446
 20
67.32017777777779
 10
72.63333333333335
 20
67.10162222222222
 10
72.4628888888889
 20
66.82468888888889
 10
72.31866666666666
 20
66.48953333333334
 10
72.21377777777779
 20
66.09617777777777
 10
72.13688888888888
 20
65.6446
 10
72.08955555555555
 20
65.13464444444443
 10
72.0731111111111
 20
64.56646666666667
 10
70.10177777777778
 20
64.56646666666667
 10
70.13066666666666
 20
65.28844444444445
 10
70.1988888888889
 20
65.95731111111111
 10
70.30511111111112
 20
66.5732888888889
 10
70.46288888888888
 20
67.13617777777779
 10
70.66244444444443
 20
67.64613333333332
 10
70.91155555555554
 20
68.10299999999999
 10
71.20777777777778
 20
68.50695555555556
 10
71.53755555555554
 20
68.85782222222221
 10
71.91244444444443
 20
69.16200000000001
 10
72.28600000000002
 20
69.42553333333333
 10
72.68355555555557
 20
69.64844444444444
 10
73.10666666666667
 20
69.83104444444444
 10
73.54666666666665
 20
69.97284444444445
 10
73.9871111111111
 20
70.07417777777778
 10
74.45533333333333
 20
70.13504444444445
 10
74.9388888888889
 20
70.15528888888889
  0
LWPOLYLINE
  5
71
100
AcDbEntity
  8
0
  6
ByLayer
 62
  256
370
   -1
100
AcDbPolyline
 90
  194
 70
    0
 43
0
 10
26.85088888888889
 20
21.1862
 10
27.324
 20
20.95831111111111
 10
27.80222222222222
 20
20.72295555555556
 10
28.28044444444444
 20
20.48026666666667
 10
28.75555555555556
 20
20.23011111111111
 10
29.21688888888889
 20
19.97248888888889
 10
29.69022222222222
 20
19.70755555555556
 10
30.14844444444444
 20
19.43513333333333
 10
30.57688888888889
 20
19.13331111111111
 10
30.95222222222223
 20
18.77964444444444
 10
31.26422222222222
 20
18.37428888888889
 10
31.53022222222222
 20
17.91724444444445
 10
31.72822222222222
 20
17.40853333333333
 10
31.87822222222222
 20
16.848
 10
31.95911111111111
 20
16.23591111111111
 10
31.986
 20
15.57215555555555
 10
31.95911111111111
 20
14.94546666666667
 10
31.882
 20
14.35222222222222
 10
31.75
 20
13.79275555555555
 10
31.55822222222222
 20
13.26677777777778
 10
31.30911111111111
 20
12.77455555555555
 10
31.02266666666667
 20
12.31566666666667
 10
30.67155555555556
 20
11.89054666666667
 10
30.268
 20
11.49904444444444
 10
29.81711111111111
 20
11.14771555555556
 10
29.344
 20
10.84322888888889
 10
28.83955555555555
 20
10.58560888888889
 10
28.31044444444444
 20
10.37468444444445
 10
27.75244444444444
 20
10.21076888888889
 10
27.17022222222222
 20
10.09371111111111
 10
26.54822222222222
 20
10.02334888888889
 10
25.90933333333333
 20
10
 10
25.286
 20
10.02350444444444
 10
24.68155555555555
 20
10.09417111111111
 10
24.09133333333334
 20
10.21201555555555
 10
23.53088888888889
 20
10.37685777777778
 10
22.99533333333333
 20
10.58888
 10
22.47977777777778
 20
10.84790444444445
 10
21.99044444444444
 20
11.15409555555555
 10
21.51088888888889
 20
11.50745111111111
 10
21.08133333333333
 20
11.90097111111111
 10
20.70777777777778
 20
12.3278
 10
20.384
 20
12.78795555555556
 10
20.12866666666667
 20
13.28155555555555
 10
19.92444444444444
 20
13.80833333333334
 10
19.77488888888888
 20
14.36857777777778
 10
19.68777777777778
 20
14.96211111111111
 10
19.66155555555556
 20
15.58882222222222
 10
21.76244444444444
 20
15.58882222222222
 10
21.78488888888889
 20
15.16915555555556
 10
21.84088888888889
 20
14.77688888888889
 10
21.94066666666667
 20
14.41231111111111
 10
22.07133333333333
 20
14.07513333333333
 10
22.24822222222222
 20
13.76553333333333
 10
22.46733333333333
 20
13.48362222222222
 10
22.72133333333333
 20
13.22911111111111
 10
23.00777777777778
 20
13.00231111111111
 10
23.32666666666667
 20
12.80242222222222
 10
23.65844444444445
 20
12.62933333333333
 10
24.004
 20
12.48284444444445
 10
24.35644444444445
 20
12.36297777777778
 10
24.71333333333333
 20
12.26973333333333
 10
25.1
 20
12.20312
 10
25.49088888888889
 20
12.16311333333333
 10
25.892
 20
12.14988222222222
 10
26.34266666666667
 20
12.16451111111111
 10
26.77355555555555
 20
12.20810222222222
 10
27.17888888888889
 20
12.28095555555555
 10
27.56555555555556
 20
12.38291111111111
 10
27.91933333333333
 20
12.51397777777778
 10
28.248
 20
12.67415555555555
 10
28.55311111111111
 20
12.8636
 10
28.83088888888889
 20
13.082
 10
29.08
 20
13.32515555555556
 10
29.28911111111111
 20
13.58853333333334
 10
29.47088888888889
 20
13.87215555555556
 10
29.62488888888889
 20
14.17584444444444
 10
29.74
 20
14.49995555555556
 10
29.82288888888889
 20
14.84413333333333
 10
29.87333333333334
 20
15.20853333333333
 10
29.89444444444444
 20
15.59302222222222
 10
29.86711111111111
 20
15.96926666666667
 10
29.80155555555555
 20
16.32277777777778
 10
29.69022222222222
 20
16.65388888888889
 10
29.54333333333333
 20
16.96255555555556
 10
29.33844444444444
 20
17.24851111111111
 10
29.09733333333333
 20
17.51222222222222
 10
28.81044444444444
 20
17.75333333333334
 10
28.48466666666666
 20
17.97188888888889
 10
28.11733333333333
 20
18.18157777777778
 10
27.74377777777778
 20
18.39624444444444
 10
27.334
 20
18.61571111111111
 10
26.91066666666667
 20
18.84002222222222
 10
26.46977777777778
 20
19.06917777777778
 10
26.014
 20
19.30313333333334
 10
25.52333333333333
 20
19.54208888888889
 10
25.02888888888889
 20
19.78584444444444
 10
24.52711111111111
 20
20.03677777777778
 10
24.05377777777777
 20
20.2972
 10
23.60311111111111
 20
20.56713333333333
 10
23.17333333333334
 20
20.84655555555556
 10
22.77111111111111
 20
21.13562222222222
 10
22.39022222222222
 20
21.43402222222223
 10
22.04022222222222
 20
21.74208888888889
 10
21.71266666666666
 20
22.05964444444444
 10
21.41133333333333
 20
22.39011111111111
 10
21.15733333333333
 20
22.73693333333333
 10
20.938
 20
23.10026666666667
 10
20.76133333333334
 20
23.47993333333334
 10
20.62933333333334
 20
23.87593333333334
 10
20.52955555555555
 20
24.28844444444444
 10
20.46488888888889
 20
24.71746666666667
 10
20.45244444444444
 20
25.16266666666667
 10
20.47488888888889
 20
25.70111111111111
 10
20.55133333333334
 20
26.21433333333334
 10
20.67355555555556
 20
26.70202222222222
 10
20.86088888888889
 20
27.16451111111111
 10
21.08755555555556
 20
27.60175555555556
 10
21.36777777777778
 20
28.01348888888889
 10
21.70777777777778
 20
28.40002222222223
 10
22.08377777777778
 20
28.76131111111111
 10
22.50222222222222
 20
29.08804444444445
 10
22.94066666666667
 20
29.3712
 10
23.38066666666667
 20
29.61075555555556
 10
23.846
 20
29.80675555555556
 10
24.31288888888889
 20
29.95931111111111
 10
24.80844444444444
 20
30.06826666666667
 10
25.30911111111111
 20
30.13348888888889
 10
25.82222222222223
 20
30.15528888888888
 10
26.35511111111111
 20
30.13426666666667
 10
26.87333333333333
 20
30.07091111111111
 10
27.37022222222222
 20
29.96553333333334
 10
27.83466666666667
 20
29.81780000000001
 10
28.288
 20
29.62804444444444
 10
28.72888888888889
 20
29.39595555555556
 10
29.12977777777778
 20
29.12182222222222
 10
29.53644444444445
 20
28.80535555555555
 10
29.89444444444444
 20
28.4528
 10
30.20955555555556
 20
28.07031111111111
 10
30.47155555555555
 20
27.65795555555556
 10
30.68266666666666
 20
27.21555555555556
 10
30.85333333333334
 20
26.74313333333334
 10
30.97288888888889
 20
26.24064444444445
 10
31.04933333333333
 20
25.70826666666667
 10
31.06866666666667
 20
25.14584444444444
 10
28.97666666666667
 20
25.14584444444444
 10
28.96533333333333
 20
25.5126
 10
28.91444444444444
 20
25.85271111111111
 10
28.84844444444445
 20
26.16637777777778
 10
28.76044444444445
 20
26.45342222222223
 10
28.63422222222222
 20
26.71384444444444
 10
28.48466666666666
 20
26.94766666666666
 10
28.31044444444444
 20
27.155
 10
28.11044444444444
 20
27.33573333333333
 10
27.88444444444444
 20
27.49264444444445
 10
27.64733333333333
 20
27.62868888888889
 10
27.38888888888889
 20
27.74388888888889
 10
27.10977777777778
 20
27.83806666666667
 10
26.816
 20
27.91122222222223
 10
26.49844444444444
 20
27.96353333333334
 10
26.16844444444445
 20
27.99497777777778
 10
25.82222222222223
 20
28.0054
 10
25.468
 20
27.9942
 10
25.13733333333333
 20
27.96024444444445
 10
24.81777777777778
 20
27.90391111111111
 10
24.51844444444445
 20
27.82482222222222
 10
24.232
 20
27.72333333333334
 10
23.95933333333334
 20
27.59911111111111
 10
23.70888888888889
 20
27.45246666666667
 10
23.47222222222222
 20
27.28313333333333
 10
23.24933333333333
 20
27.09182222222223
 10
23.06755555555555
 20
26.87853333333333
 10
22.90311111111111
 20
26.64348888888889
 10
22.77622222222222
 20
26.38664444444444
 10
22.67155555555555
 20
26.10815555555556
 10
22.60066666666667
 20
25.80773333333333
 10
22.56333333333333
 20
25.48566666666667
 10
22.54444444444444
 20
25.14164444444445
 10
22.56644444444444
 20
24.80337777777778
 10
22.61311111111111
 20
24.48566666666667
 10
22.676
 20
24.18851111111111
 10
22.77622222222222
 20
23.91188888888889
 10
22.91244444444444
 20
23.65582222222222
 10
23.07377777777777
 20
23.42015555555555
 10
23.26688888888889
 20
23.20517777777778
 10
23.48111111111111
 20
23.01075555555555
 10
23.73
 20
22.82442222222222
 10
24.00911111111111
 20
22.63404444444445
 10
24.32777777777778
 20
22.43962222222222
 10
24.664
 20
22.24115555555556
 10
25.04511111111111
 20
22.03862222222222
 10
25.45244444444444
 20
21.83206666666667
 10
25.892
 20
21.62144444444444
 10
26.85088888888889
 20
21.18526666666667
  0
LWPOLYLINE
  5
72
100
AcDbEntity
  8
0
  6
ByLayer
 62
  256
370
   -1
100
AcDbPolyline
 90
   11
 70
    1
 43
0
 10
46.21266666666666
 20
9.949564444444444
 10
46.21266666666666
 20
14.56844444444444
 10
38.65244444444443
 20
14.56844444444444
 10
38.65244444444443
 20
15.80302222222222
 10
46.43555555555555
 20
30.28962222222222
 10
48.18533333333332
 20
30.28962222222222
 10
48.18533333333332
 20
16.98715555555556
 10
50.55733333333333
 20
16.98715555555556
 10
50.55733333333333
 20
14.56844444444444
 10
48.18533333333332
 20
14.56844444444444
 10
48.18533333333332
 20
9.949564444444444
  0
LWPOLYLINE
  5
73
100
AcDbEntity
  8
0
  6
ByLayer
 62
  256
370
   -1
100
AcDbPolyline
 90
    3
 70
    1
 43
0
 10
41.41822222222222
 20
16.98715555555556
 10
46.21266666666666
 20
16.98715555555556
 10
46.21266666666666
 20
25.56582222222222
  0
LWPOLYLINE
  5
74
100
AcDbEntity
  8
0
  6
ByLayer
 62
  256
370
   -1
100
AcDbPolyline
 90
   64
 70
    1
 43
0
 10
57.2511111111111
 20
21.20613333333334
 10
57.32799999999998
 20
22.14557777777778
 10
57.45022222222221
 20
23.05557777777778
 10
57.62711111111109
 20
23.93602222222222
 10
57.84622222222222
 20
24.78704444444445
 10
58.13266666666667
 20
25.6088
 10
58.45866666666665
 20
26.4008
 10
58.83733333333332
 20
27.16357777777778
 10
59.25599999999999
 20
27.86466666666666
 10
59.70155555555554
 20
28.4724
 10
60.17999999999999
 20
28.98671111111111
 10
60.68799999999999
 20
29.40731111111111
 10
61.21622222222221
 20
29.73466666666667
 10
61.78399999999999
 20
29.96833333333333
 10
62.36177777777776
 20
30.10857777777777
 10
62.98955555555554
 20
30.15528888888888
 10
63.59933333333331
 20
30.10857777777777
 10
64.18733333333331
 20
29.96833333333333
 10
64.75022222222222
 20
29.73466666666667
 10
65.27955555555555
 20
29.40731111111111
 10
65.78399999999998
 20
28.98671111111111
 10
66.26466666666666
 20
28.4724
 10
66.7151111111111
 20
27.86466666666666
 10
67.13888888888889
 20
27.16357777777778
 10
67.52088888888888
 20
26.40051111111111
 10
67.84488888888889
 20
25.60708888888889
 10
68.12511111111111
 20
24.78362222222223
 10
68.35644444444443
 20
23.9298
 10
68.5311111111111
 20
23.04562222222222
 10
68.65822222222222
 20
22.1314
 10
68.7351111111111
 20
21.18682222222222
 10
68.75777777777776
 20
20.21204444444444
 10
68.7351111111111
 20
19.23728888888889
 10
68.65822222222222
 20
18.29271111111111
 10
68.5311111111111
 20
17.37833333333333
 10
68.35644444444443
 20
16.49431111111111
 10
68.12511111111111
 20
15.64051111111111
 10
67.84488888888889
 20
14.81688888888889
 10
67.52088888888888
 20
14.0236
 10
67.13888888888889
 20
13.26053333333333
 10
66.7151111111111
 20
12.55928888888889
 10
66.26466666666666
 20
11.95156
 10
65.78399999999998
 20
11.43740666666667
 10
65.27955555555555
 20
11.01664444444445
 10
64.75022222222222
 20
10.68943777777778
 10
64.18733333333331
 20
10.45563111111111
 10
63.59933333333331
 20
10.31537555555555
 10
62.98955555555554
 20
10.26867777777778
 10
62.36177777777776
 20
10.31537555555555
 10
61.78399999999999
 20
10.45563111111111
 10
61.21622222222221
 20
10.68943777777778
 10
60.68799999999999
 20
11.01664444444445
 10
60.17999999999999
 20
11.43740666666667
 10
59.70155555555554
 20
11.95156
 10
59.25599999999999
 20
12.55928888888889
 10
58.83733333333332
 20
13.26053333333333
 10
58.45866666666665
 20
14.02393333333333
 10
58.13266666666667
 20
14.81844444444445
 10
57.84622222222222
 20
15.64408888888889
 10
57.62711111111109
 20
16.50053333333334
 10
57.45022222222221
 20
17.38813333333333
 10
57.32799999999998
 20
18.30686666666666
 10
57.2511111111111
 20
19.25642222222222
 10
57.22333333333331
 20
20.23726666666667
  0
LWPOLYLINE
  5
75
100
AcDbEntity
  8
0
  6
ByLayer
 62
  256
370
   -1
100
AcDbPolyline
 90
   64
 70
    1
 43
0
 10
59.33911111111109
 20
19.32726666666667
 10
59.38933333333333
 20
18.4912
 10
59.4651111111111
 20
17.70382222222222
 10
59.58822222222221
 20
16.96504444444444
 10
59.72555555555555
 20
16.27513333333333
 10
59.9122222222222
 20
15.6338
 10
60.12022222222221
 20
15.04104444444445
 10
60.36688888888887
 20
14.49713333333333
 10
60.63422222222221
 20
14.00991111111111
 10
60.92444444444443
 20
13.58775555555556
 10
61.22577777777777
 20
13.23051111111111
 10
61.54488888888888
 20
12.93833333333333
 10
61.87622222222221
 20
12.71088888888889
 10
62.23488888888888
 20
12.54853333333334
 10
62.59066666666666
 20
12.45108888888889
 10
62.98955555555554
 20
12.41855555555556
 10
63.36777777777776
 20
12.45108888888889
 10
63.74377777777777
 20
12.54853333333334
 10
64.09644444444443
 20
12.71088888888889
 10
64.42622222222221
 20
12.93833333333333
 10
64.75022222222222
 20
13.23051111111111
 10
65.05177777777777
 20
13.58775555555556
 10
65.33822222222221
 20
14.00991111111111
 10
65.60955555555554
 20
14.49713333333333
 10
65.85622222222221
 20
15.04151111111111
 10
66.07777777777777
 20
15.63537777777778
 10
66.2571111111111
 20
16.27857777777778
 10
66.40666666666665
 20
16.97144444444444
 10
66.51622222222221
 20
17.71364444444444
 10
66.5931111111111
 20
18.50535555555556
 10
66.6431111111111
 20
19.34655555555555
 10
66.65533333333333
 20
20.23726666666667
 10
66.6431111111111
 20
21.14557777777777
 10
66.5931111111111
 20
21.99986666666667
 10
66.51622222222221
 20
22.80028888888889
 10
66.40666666666665
 20
23.54655555555556
 10
66.2571111111111
 20
24.23893333333333
 10
66.07777777777777
 20
24.87733333333334
 10
65.85622222222221
 20
25.46168888888889
 10
65.60955555555554
 20
25.99204444444445
 10
65.33822222222221
 20
26.46384444444444
 10
65.05177777777777
 20
26.87293333333333
 10
64.75022222222222
 20
27.21897777777777
 10
64.42622222222221
 20
27.50213333333333
 10
64.09644444444443
 20
27.72224444444445
 10
63.74377777777777
 20
27.87962222222223
 10
63.36777777777776
 20
27.97395555555555
 10
62.98955555555554
 20
28.0054
 10
62.59066666666666
 20
27.97395555555555
 10
62.23488888888888
 20
27.87962222222223
 10
61.87622222222221
 20
27.72224444444445
 10
61.54488888888888
 20
27.50213333333333
 10
61.22577777777777
 20
27.21897777777777
 10
60.92444444444443
 20
26.87293333333333
 10
60.63422222222221
 20
26.46384444444444
 10
60.36688888888887
 20
25.99204444444445
 10
60.12022222222221
 20
25.46122222222223
 10
59.9122222222222
 20
24.87577777777778
 10
59.72555555555555
 20
24.23535555555555
 10
59.58822222222221
 20
23.54031111111111
 10
59.4651111111111
 20
22.79033333333333
 10
59.38933333333333
 20
21.98571111111112
 10
59.33911111111109
 20
21.12626666666667
 10
59.31577777777776
 20
20.21204444444444
  0
LWPOLYLINE
  5
76
100
AcDbEntity
  8
0
  6
ByLayer
 62
  256
370
   -1
100
AcDbPolyline
 90
   22
 70
    1
 43
0
 10
78.02933333333334
 20
9.953768888888888
 10
78.02933333333334
 20
26.01506666666667
 10
78.0168888888889
 20
26.20606666666666
 10
77.98955555555557
 20
26.37155555555556
 10
77.93977777777778
 20
26.51148888888889
 10
77.86466666666668
 20
26.62606666666667
 10
77.77044444444445
 20
26.71511111111111
 10
77.66533333333332
 20
26.77875555555556
 10
77.53377777777779
 20
26.81691111111112
 10
77.37933333333334
 20
26.82966666666666
 10
75.42422222222221
 20
26.82966666666666
 10
75.42422222222221
 20
28.32451111111111
 10
76.10666666666667
 20
28.39488888888889
 10
76.71177777777778
 20
28.51348888888889
 10
77.24199999999999
 20
28.68035555555556
 10
77.69288888888887
 20
28.89564444444444
 10
78.06644444444446
 20
29.1592
 10
78.37155555555556
 20
29.47082222222223
 10
78.5897777777778
 20
29.83104444444445
 10
78.72933333333334
 20
30.23933333333334
 10
79.99955555555557
 20
30.23933333333334
 10
79.99955555555557
 20
9.953768888888888
  0
LWPOLYLINE
  5
77
100
AcDbEntity
  8
0
  6
ByLayer
 62
  256
370
   -1
100
AcDbPolyline
 90
  194
 70
    0
 43
0
 10
19.52133333333334
 20
141.1862
 10
19.99444444444445
 20
140.9583111111111
 10
20.47266666666667
 20
140.7229555555556
 10
20.95088888888889
 20
140.4802666666666
 10
21.42600000000001
 20
140.2301111111111
 10
21.88733333333334
 20
139.9724888888889
 10
22.36066666666667
 20
139.7075555555556
 10
22.81888888888889
 20
139.4351333333333
 10
23.24733333333334
 20
139.1333111111111
 10
23.62266666666667
 20
138.7796444444444
 10
23.93466666666667
 20
138.3742888888889
 10
24.20066666666667
 20
137.9172444444444
 10
24.39866666666667
 20
137.4085333333334
 10
24.54866666666667
 20
136.848
 10
24.62955555555556
 20
136.2359111111111
 10
24.65644444444445
 20
135.5721555555556
 10
24.62955555555556
 20
134.9454666666667
 10
24.55244444444445
 20
134.3522222222222
 10
24.42044444444445
 20
133.7927555555555
 10
24.22866666666667
 20
133.2667777777777
 10
23.97955555555556
 20
132.7745555555555
 10
23.69311111111112
 20
132.3156666666666
 10
23.34200000000001
 20
131.8905466666666
 10
22.93844444444445
 20
131.4990444444444
 10
22.48755555555556
 20
131.1477155555555
 10
22.01444444444445
 20
130.8432288888889
 10
21.51
 20
130.5856088888889
 10
20.98088888888889
 20
130.3746844444445
 10
20.42288888888889
 20
130.2107688888889
 10
19.84066666666667
 20
130.0937111111111
 10
19.21866666666667
 20
130.0233488888889
 10
18.57977777777778
 20
130
 10
17.95644444444445
 20
130.0235044444445
 10
17.352
 20
130.0941711111111
 10
16.76177777777778
 20
130.2120155555556
 10
16.20133333333334
 20
130.3768577777778
 10
15.66577777777778
 20
130.58888
 10
15.15022222222223
 20
130.8479044444444
 10
14.66088888888889
 20
131.1540955555555
 10
14.18133333333334
 20
131.5074511111111
 10
13.75177777777778
 20
131.9009711111111
 10
13.37822222222222
 20
132.3278
 10
13.05444444444445
 20
132.7879555555556
 10
12.79911111111112
 20
133.2815555555555
 10
12.59488888888889
 20
133.8083333333333
 10
12.44533333333334
 20
134.3685777777778
 10
12.35822222222222
 20
134.9621111111111
 10
12.332
 20
135.5888222222222
 10
14.43288888888889
 20
135.5888222222222
 10
14.45533333333334
 20
135.1691555555556
 10
14.51133333333334
 20
134.7768888888889
 10
14.61111111111111
 20
134.4123111111111
 10
14.74177777777778
 20
134.0751333333333
 10
14.91866666666667
 20
133.7655333333333
 10
15.13777777777778
 20
133.4836222222222
 10
15.39177777777778
 20
133.2291111111111
 10
15.67822222222222
 20
133.0023111111111
 10
15.99711111111112
 20
132.8024222222222
 10
16.32888888888889
 20
132.6293333333333
 10
16.67444444444445
 20
132.4828444444444
 10
17.02688888888889
 20
132.3629777777778
 10
17.38377777777778
 20
132.2697333333333
 10
17.77044444444445
 20
132.20312
 10
18.16133333333334
 20
132.1631133333333
 10
18.56244444444445
 20
132.1498822222222
 10
19.01311111111112
 20
132.1645111111111
 10
19.44400000000001
 20
132.2081022222222
 10
19.84933333333334
 20
132.2809555555556
 10
20.236
 20
132.3829111111111
 10
20.58977777777778
 20
132.5139777777778
 10
20.91844444444445
 20
132.6741555555556
 10
21.22355555555556
 20
132.8636
 10
21.50133333333334
 20
133.082
 10
21.75044444444445
 20
133.3251555555555
 10
21.95955555555556
 20
133.5885333333333
 10
22.14133333333334
 20
133.8721555555555
 10
22.29533333333334
 20
134.1758444444445
 10
22.41044444444445
 20
134.4999555555555
 10
22.49333333333334
 20
134.8441333333333
 10
22.54377777777779
 20
135.2085333333333
 10
22.56488888888889
 20
135.5930222222222
 10
22.53755555555556
 20
135.9692666666667
 10
22.472
 20
136.3227777777778
 10
22.36066666666667
 20
136.6538888888889
 10
22.21377777777778
 20
136.9625555555556
 10
22.00888888888889
 20
137.2485111111111
 10
21.76777777777778
 20
137.5122222222222
 10
21.48088888888889
 20
137.7533333333333
 10
21.15511111111111
 20
137.9718888888889
 10
20.78777777777778
 20
138.1815777777778
 10
20.41422222222223
 20
138.3962444444444
 10
20.00444444444445
 20
138.6157111111111
 10
19.58111111111112
 20
138.8400222222222
 10
19.14022222222222
 20
139.0691777777778
 10
18.68444444444445
 20
139.3031333333333
 10
18.19377777777778
 20
139.5420888888889
 10
17.69933333333334
 20
139.7858444444444
 10
17.19755555555556
 20
140.0367777777778
 10
16.72422222222223
 20
140.2972
 10
16.27355555555556
 20
140.5671333333333
 10
15.84377777777778
 20
140.8465555555556
 10
15.44155555555556
 20
141.1356222222222
 10
15.06066666666667
 20
141.4340222222222
 10
14.71066666666667
 20
141.7420888888889
 10
14.38311111111112
 20
142.0596444444444
 10
14.08177777777778
 20
142.3901111111111
 10
13.82777777777778
 20
142.7369333333333
 10
13.60844444444445
 20
143.1002666666666
 10
13.43177777777778
 20
143.4799333333333
 10
13.29977777777778
 20
143.8759333333333
 10
13.2
 20
144.2884444444445
 10
13.13533333333334
 20
144.7174666666667
 10
13.12288888888889
 20
145.1626666666666
 10
13.14533333333334
 20
145.7011111111111
 10
13.22177777777778
 20
146.2143333333333
 10
13.344
 20
146.7020222222222
 10
13.53133333333334
 20
147.1645111111111
 10
13.758
 20
147.6017555555556
 10
14.03822222222223
 20
148.0134888888889
 10
14.37822222222223
 20
148.4000222222222
 10
14.75422222222223
 20
148.7613111111111
 10
15.17266666666667
 20
149.0880444444444
 10
15.61111111111112
 20
149.3712
 10
16.05111111111112
 20
149.6107555555556
 10
16.51644444444445
 20
149.8067555555556
 10
16.98333333333334
 20
149.9593111111111
 10
17.47888888888889
 20
150.0682666666667
 10
17.97955555555556
 20
150.1334888888889
 10
18.49266666666667
 20
150.1552888888889
 10
19.02555555555556
 20
150.1342666666667
 10
19.54377777777778
 20
150.0709111111111
 10
20.04066666666667
 20
149.9655333333333
 10
20.50511111111112
 20
149.8178
 10
20.95844444444445
 20
149.6280444444444
 10
21.39933333333334
 20
149.3959555555556
 10
21.80022222222223
 20
149.1218222222222
 10
22.20688888888889
 20
148.8053555555556
 10
22.56488888888889
 20
148.4528
 10
22.88000000000001
 20
148.0703111111111
 10
23.142
 20
147.6579555555555
 10
23.35311111111111
 20
147.2155555555556
 10
23.52377777777778
 20
146.7431333333334
 10
23.64333333333334
 20
146.2406444444445
 10
23.71977777777778
 20
145.7082666666667
 10
23.73911111111111
 20
145.1458444444444
 10
21.64711111111112
 20
145.1458444444444
 10
21.63577777777778
 20
145.5126
 10
21.58488888888889
 20
145.8527111111111
 10
21.5188888888889
 20
146.1663777777778
 10
21.43088888888889
 20
146.4534222222222
 10
21.30466666666667
 20
146.7138444444444
 10
21.15511111111111
 20
146.9476666666667
 10
20.98088888888889
 20
147.155
 10
20.78088888888889
 20
147.3357333333334
 10
20.55488888888889
 20
147.4926444444444
 10
20.31777777777778
 20
147.6286888888889
 10
20.05933333333334
 20
147.7438888888889
 10
19.78022222222222
 20
147.8380666666667
 10
19.48644444444445
 20
147.9112222222222
 10
19.16888888888889
 20
147.9635333333333
 10
18.8388888888889
 20
147.9949777777778
 10
18.49266666666667
 20
148.0054
 10
18.13844444444445
 20
147.9942
 10
17.80777777777778
 20
147.9602444444444
 10
17.48822222222223
 20
147.9039111111111
 10
17.18888888888889
 20
147.8248222222223
 10
16.90244444444445
 20
147.7233333333334
 10
16.62977777777778
 20
147.5991111111111
 10
16.37933333333334
 20
147.4524666666667
 10
16.14266666666667
 20
147.2831333333334
 10
15.91977777777778
 20
147.0918222222222
 10
15.738
 20
146.8785333333333
 10
15.57355555555556
 20
146.6434888888889
 10
15.44666666666667
 20
146.3866444444444
 10
15.342
 20
146.1081555555556
 10
15.27111111111111
 20
145.8077333333333
 10
15.23377777777778
 20
145.4856666666666
 10
15.21488888888889
 20
145.1416444444444
 10
15.23688888888889
 20
144.8033777777778
 10
15.28355555555556
 20
144.4856666666667
 10
15.34644444444445
 20
144.1885111111111
 10
15.44666666666667
 20
143.9118888888889
 10
15.58288888888889
 20
143.6558222222222
 10
15.74422222222223
 20
143.4201555555556
 10
15.93733333333333
 20
143.2051777777778
 10
16.15155555555556
 20
143.0107555555555
 10
16.40044444444445
 20
142.8244222222222
 10
16.67955555555556
 20
142.6340444444444
 10
16.99822222222223
 20
142.4396222222222
 10
17.33444444444445
 20
142.2411555555556
 10
17.71555555555556
 20
142.0386222222222
 10
18.12288888888889
 20
141.8320666666667
 10
18.56244444444445
 20
141.6214444444444
 10
19.52133333333334
 20
141.1852666666666
  0
LWPOLYLINE
  5
78
100
AcDbEntity
  8
0
  6
ByLayer
 62
  256
370
   -1
100
AcDbPolyline
 90
   11
 70
    1
 43
0
 10
38.88311111111111
 20
129.9495644444445
 10
38.88311111111111
 20
134.5684444444445
 10
31.32288888888889
 20
134.5684444444445
 10
31.32288888888889
 20
135.8030222222222
 10
39.10599999999999
 20
150.2896222222222
 10
40.85577777777779
 20
150.2896222222222
 10
40.85577777777779
 20
136.9871555555555
 10
43.22777777777778
 20
136.9871555555555
 10
43.22777777777778
 20
134.5684444444445
 10
40.85577777777779
 20
134.5684444444445
 10
40.85577777777779
 20
129.9495644444445
  0
LWPOLYLINE
  5
79
100
AcDbEntity
  8
0
  6
ByLayer
 62
  256
370
   -1
100
AcDbPolyline
 90
    3
 70
    1
 43
0
 10
34.08866666666667
 20
136.9871555555555
 10
38.88311111111111
 20
136.9871555555555
 10
38.88311111111111
 20
145.5658222222222
  0
LWPOLYLINE
  5
7A
100
AcDbEntity
  8
0
  6
ByLayer
 62
  256
370
   -1
100
AcDbPolyline
 90
   64
 70
    1
 43
0
 10
49.92155555555556
 20
141.2061333333333
 10
49.99844444444444
 20
142.1455777777778
 10
50.12066666666666
 20
143.0555777777778
 10
50.29755555555555
 20
143.9360222222222
 10
50.51666666666667
 20
144.7870444444444
 10
50.80311111111112
 20
145.6088
 10
51.12911111111111
 20
146.4008
 10
51.50777777777778
 20
147.1635777777778
 10
51.92644444444445
 20
147.8646666666666
 10
52.372
 20
148.4724
 10
52.85044444444444
 20
148.9867111111111
 10
53.35844444444444
 20
149.4073111111111
 10
53.88666666666667
 20
149.7346666666666
 10
54.45444444444445
 20
149.9683333333333
 10
55.03222222222222
 20
150.1085777777778
 10
55.66
 20
150.1552888888889
 10
56.26977777777777
 20
150.1085777777778
 10
56.85777777777778
 20
149.9683333333333
 10
57.42066666666667
 20
149.7346666666666
 10
57.95
 20
149.4073111111111
 10
58.45444444444444
 20
148.9867111111111
 10
58.93511111111111
 20
148.4724
 10
59.38555555555556
 20
147.8646666666666
 10
59.80933333333333
 20
147.1635777777778
 10
60.19133333333334
 20
146.4005111111111
 10
60.51533333333334
 20
145.6070888888889
 10
60.79555555555557
 20
144.7836222222222
 10
61.02688888888889
 20
143.9298
 10
61.20155555555556
 20
143.0456222222222
 10
61.32866666666668
 20
142.1314
 10
61.40555555555556
 20
141.1868222222222
 10
61.42822222222222
 20
140.2120444444444
 10
61.40555555555556
 20
139.2372888888889
 10
61.32866666666668
 20
138.2927111111111
 10
61.20155555555556
 20
137.3783333333333
 10
61.02688888888889
 20
136.4943111111111
 10
60.79555555555557
 20
135.6405111111111
 10
60.51533333333334
 20
134.8168888888889
 10
60.19133333333334
 20
134.0236
 10
59.80933333333333
 20
133.2605333333333
 10
59.38555555555556
 20
132.5592888888889
 10
58.93511111111111
 20
131.95156
 10
58.45444444444444
 20
131.4374066666666
 10
57.95
 20
131.0166444444445
 10
57.42066666666667
 20
130.6894377777778
 10
56.85777777777778
 20
130.4556311111111
 10
56.26977777777777
 20
130.3153755555556
 10
55.66
 20
130.2686777777778
 10
55.03222222222222
 20
130.3153755555556
 10
54.45444444444445
 20
130.4556311111111
 10
53.88666666666667
 20
130.6894377777778
 10
53.35844444444444
 20
131.0166444444445
 10
52.85044444444444
 20
131.4374066666666
 10
52.372
 20
131.95156
 10
51.92644444444445
 20
132.5592888888889
 10
51.50777777777778
 20
133.2605333333333
 10
51.12911111111111
 20
134.0239333333333
 10
50.80311111111112
 20
134.8184444444444
 10
50.51666666666667
 20
135.6440888888889
 10
50.29755555555555
 20
136.5005333333334
 10
50.12066666666666
 20
137.3881333333333
 10
49.99844444444444
 20
138.3068666666667
 10
49.92155555555556
 20
139.2564222222222
 10
49.89377777777777
 20
140.2372666666667
  0
LWPOLYLINE
  5
7B
100
AcDbEntity
  8
0
  6
ByLayer
 62
  256
370
   -1
100
AcDbPolyline
 90
   64
 70
    1
 43
0
 10
52.00955555555555
 20
139.3272666666667
 10
52.05977777777778
 20
138.4912
 10
52.13555555555556
 20
137.7038222222222
 10
52.25866666666666
 20
136.9650444444444
 10
52.39600000000001
 20
136.2751333333333
 10
52.58266666666666
 20
135.6338
 10
52.79066666666667
 20
135.0410444444445
 10
53.03733333333333
 20
134.4971333333333
 10
53.30466666666666
 20
134.0099111111111
 10
53.59488888888889
 20
133.5877555555555
 10
53.89622222222223
 20
133.2305111111111
 10
54.21533333333334
 20
132.9383333333333
 10
54.54666666666667
 20
132.7108888888889
 10
54.90533333333333
 20
132.5485333333333
 10
55.26111111111111
 20
132.4510888888889
 10
55.66
 20
132.4185555555555
 10
56.03822222222222
 20
132.4510888888889
 10
56.41422222222223
 20
132.5485333333333
 10
56.76688888888889
 20
132.7108888888889
 10
57.09666666666666
 20
132.9383333333333
 10
57.42066666666667
 20
133.2305111111111
 10
57.72222222222223
 20
133.5877555555555
 10
58.00866666666667
 20
134.0099111111111
 10
58.28
 20
134.4971333333333
 10
58.52666666666667
 20
135.0415111111111
 10
58.74822222222222
 20
135.6353777777778
 10
58.92755555555556
 20
136.2785777777777
 10
59.07711111111111
 20
136.9714444444444
 10
59.18666666666667
 20
137.7136444444444
 10
59.26355555555556
 20
138.5053555555555
 10
59.31355555555555
 20
139.3465555555556
 10
59.32577777777779
 20
140.2372666666667
 10
59.31355555555555
 20
141.1455777777778
 10
59.26355555555556
 20
141.9998666666666
 10
59.18666666666667
 20
142.8002888888889
 10
59.07711111111111
 20
143.5465555555555
 10
58.92755555555556
 20
144.2389333333333
 10
58.74822222222222
 20
144.8773333333333
 10
58.52666666666667
 20
145.4616888888889
 10
58.28
 20
145.9920444444444
 10
58.00866666666667
 20
146.4638444444444
 10
57.72222222222223
 20
146.8729333333333
 10
57.42066666666667
 20
147.2189777777778
 10
57.09666666666666
 20
147.5021333333333
 10
56.76688888888889
 20
147.7222444444444
 10
56.41422222222223
 20
147.8796222222222
 10
56.03822222222222
 20
147.9739555555556
 10
55.66
 20
148.0054
 10
55.26111111111111
 20
147.9739555555556
 10
54.90533333333333
 20
147.8796222222222
 10
54.54666666666667
 20
147.7222444444444
 10
54.21533333333334
 20
147.5021333333333
 10
53.89622222222223
 20
147.2189777777778
 10
53.59488888888889
 20
146.8729333333333
 10
53.30466666666666
 20
146.4638444444444
 10
53.03733333333333
 20
145.9920444444444
 10
52.79066666666667
 20
145.4612222222222
 10
52.58266666666666
 20
144.8757777777778
 10
52.39600000000001
 20
144.2353555555556
 10
52.25866666666666
 20
143.5403111111111
 10
52.13555555555556
 20
142.7903333333333
 10
52.05977777777778
 20
141.9857111111111
 10
52.00955555555555
 20
141.1262666666667
 10
51.98622222222222
 20
140.2120444444444
  0
LWPOLYLINE
  5
7C
100
AcDbEntity
  8
0
  6
ByLayer
 62
  256
370
   -1
100
AcDbPolyline
 90
   11
 70
    1
 43
0
 10
75.65488888888889
 20
129.9495644444445
 10
75.65488888888889
 20
134.5684444444445
 10
68.09466666666665
 20
134.5684444444445
 10
68.09466666666665
 20
135.8030222222222
 10
75.87777777777779
 20
150.2896222222222
 10
77.62755555555555
 20
150.2896222222222
 10
77.62755555555555
 20
136.9871555555555
 10
79.99955555555556
 20
136.9871555555555
 10
79.99955555555556
 20
134.5684444444445
 10
77.62755555555555
 20
134.5684444444445
 10
77.62755555555555
 20
129.9495644444445
  0
LWPOLYLINE
  5
7D
100
AcDbEntity
  8
0
  6
ByLayer
 62
  256
370
   -1
100
AcDbPolyline
 90
    3
 70
    1
 43
0
 10
70.86044444444445
 20
136.9871555555555
 10
75.65488888888889
 20
136.9871555555555
 10
75.65488888888889
 20
145.5658222222222
  0
LWPOLYLINE
  5
7E
100
AcDbEntity
  8
0
  6
ByLayer
 62
  256
370
   -1
100
AcDbPolyline
 90
  194
 70
    0
 43
0
 10
20.67955555555556
 20
181.1862
 10
21.15266666666667
 20
180.9583111111111
 10
21.63088888888889
 20
180.7229555555556
 10
22.10911111111111
 20
180.4802666666666
 10
22.58422222222223
 20
180.2301111111111
 10
23.04555555555556
 20
179.9724888888889
 10
23.51888888888889
 20
179.7075555555556
 10
23.97711111111111
 20
179.4351333333333
 10
24.40555555555556
 20
179.1333111111111
 10
24.7808888888889
 20
178.7796444444444
 10
25.09288888888889
 20
178.3742888888889
 10
25.35888888888889
 20
177.9172444444444
 10
25.55688888888889
 20
177.4085333333334
 10
25.70688888888889
 20
176.848
 10
25.78777777777778
 20
176.2359111111111
 10
25.81466666666667
 20
175.5721555555556
 10
25.78777777777778
 20
174.9454666666667
 10
25.71066666666667
 20
174.3522222222222
 10
25.57866666666667
 20
173.7927555555555
 10
25.38688888888889
 20
173.2667777777777
 10
25.13777777777778
 20
172.7745555555555
 10
24.85133333333334
 20
172.3156666666666
 10
24.50022222222223
 20
171.8905466666666
 10
24.09666666666667
 20
171.4990444444444
 10
23.64577777777778
 20
171.1477155555555
 10
23.17266666666667
 20
170.8432288888889
 10
22.66822222222222
 20
170.5856088888889
 10
22.13911111111111
 20
170.3746844444445
 10
21.58111111111111
 20
170.2107688888889
 10
20.99888888888889
 20
170.0937111111111
 10
20.37688888888889
 20
170.0233488888889
 10
19.738
 20
170
 10
19.11466666666667
 20
170.0235044444445
 10
18.51022222222223
 20
170.0941711111111
 10
17.92
 20
170.2120155555556
 10
17.35955555555556
 20
170.3768577777778
 10
16.824
 20
170.58888
 10
16.30844444444445
 20
170.8479044444444
 10
15.81911111111112
 20
171.1540955555555
 10
15.33955555555556
 20
171.5074511111111
 10
14.91
 20
171.9009711111111
 10
14.53644444444445
 20
172.3278
 10
14.21266666666667
 20
172.7879555555556
 10
13.95733333333334
 20
173.2815555555555
 10
13.75311111111111
 20
173.8083333333333
 10
13.60355555555556
 20
174.3685777777778
 10
13.51644444444445
 20
174.9621111111111
 10
13.49022222222223
 20
175.5888222222222
 10
15.59111111111111
 20
175.5888222222222
 10
15.61355555555556
 20
175.1691555555556
 10
15.66955555555556
 20
174.7768888888889
 10
15.76933333333334
 20
174.4123111111111
 10
15.9
 20
174.0751333333333
 10
16.07688888888889
 20
173.7655333333333
 10
16.296
 20
173.4836222222222
 10
16.55
 20
173.2291111111111
 10
16.83644444444445
 20
173.0023111111111
 10
17.15533333333334
 20
172.8024222222222
 10
17.48711111111112
 20
172.6293333333333
 10
17.83266666666667
 20
172.4828444444444
 10
18.18511111111112
 20
172.3629777777778
 10
18.542
 20
172.2697333333333
 10
18.92866666666667
 20
172.20312
 10
19.31955555555556
 20
172.1631133333333
 10
19.72066666666667
 20
172.1498822222222
 10
20.17133333333334
 20
172.1645111111111
 10
20.60222222222222
 20
172.2081022222222
 10
21.00755555555556
 20
172.2809555555556
 10
21.39422222222223
 20
172.3829111111111
 10
21.748
 20
172.5139777777778
 10
22.07666666666668
 20
172.6741555555556
 10
22.38177777777778
 20
172.8636
 10
22.65955555555556
 20
173.082
 10
22.90866666666667
 20
173.3251555555555
 10
23.11777777777778
 20
173.5885333333333
 10
23.29955555555556
 20
173.8721555555555
 10
23.45355555555556
 20
174.1758444444445
 10
23.56866666666667
 20
174.4999555555555
 10
23.65155555555556
 20
174.8441333333333
 10
23.70200000000001
 20
175.2085333333333
 10
23.72311111111111
 20
175.5930222222222
 10
23.69577777777778
 20
175.9692666666667
 10
23.63022222222222
 20
176.3227777777778
 10
23.51888888888889
 20
176.6538888888889
 10
23.372
 20
176.9625555555556
 10
23.16711111111111
 20
177.2485111111111
 10
22.926
 20
177.5122222222222
 10
22.63911111111111
 20
177.7533333333333
 10
22.31333333333333
 20
177.9718888888889
 10
21.94600000000001
 20
178.1815777777778
 10
21.57244444444445
 20
178.3962444444444
 10
21.16266666666667
 20
178.6157111111111
 10
20.73933333333334
 20
178.8400222222222
 10
20.29844444444445
 20
179.0691777777778
 10
19.84266666666667
 20
179.3031333333333
 10
19.352
 20
179.5420888888889
 10
18.85755555555556
 20
179.7858444444444
 10
18.35577777777778
 20
180.0367777777778
 10
17.88244444444445
 20
180.2972
 10
17.43177777777778
 20
180.5671333333333
 10
17.002
 20
180.8465555555556
 10
16.59977777777778
 20
181.1356222222222
 10
16.21888888888889
 20
181.4340222222222
 10
15.86888888888889
 20
181.7420888888889
 10
15.54133333333334
 20
182.0596444444444
 10
15.24
 20
182.3901111111111
 10
14.986
 20
182.7369333333333
 10
14.76666666666667
 20
183.1002666666666
 10
14.59
 20
183.4799333333333
 10
14.458
 20
183.8759333333333
 10
14.35822222222222
 20
184.2884444444445
 10
14.29355555555556
 20
184.7174666666667
 10
14.28111111111112
 20
185.1626666666666
 10
14.30355555555556
 20
185.7011111111111
 10
14.38
 20
186.2143333333333
 10
14.50222222222222
 20
186.7020222222222
 10
14.68955555555556
 20
187.1645111111111
 10
14.91622222222223
 20
187.6017555555556
 10
15.19644444444445
 20
188.0134888888889
 10
15.53644444444445
 20
188.4000222222222
 10
15.91244444444445
 20
188.7613111111111
 10
16.33088888888889
 20
189.0880444444444
 10
16.76933333333334
 20
189.3712
 10
17.20933333333334
 20
189.6107555555556
 10
17.67466666666667
 20
189.8067555555556
 10
18.14155555555556
 20
189.9593111111111
 10
18.63711111111111
 20
190.0682666666667
 10
19.13777777777778
 20
190.1334888888889
 10
19.6508888888889
 20
190.1552888888889
 10
20.18377777777778
 20
190.1342666666667
 10
20.70200000000001
 20
190.0709111111111
 10
21.19888888888889
 20
189.9655333333333
 10
21.66333333333334
 20
189.8178
 10
22.11666666666667
 20
189.6280444444444
 10
22.55755555555556
 20
189.3959555555556
 10
22.95844444444445
 20
189.1218222222222
 10
23.36511111111112
 20
188.8053555555556
 10
23.72311111111111
 20
188.4528
 10
24.03822222222223
 20
188.0703111111111
 10
24.30022222222222
 20
187.6579555555555
 10
24.51133333333333
 20
187.2155555555556
 10
24.68200000000001
 20
186.7431333333334
 10
24.80155555555556
 20
186.2406444444445
 10
24.878
 20
185.7082666666667
 10
24.89733333333334
 20
185.1458444444444
 10
22.80533333333334
 20
185.1458444444444
 10
22.794
 20
185.5126
 10
22.74311111111111
 20
185.8527111111111
 10
22.67711111111112
 20
186.1663777777778
 10
22.58911111111112
 20
186.4534222222222
 10
22.46288888888889
 20
186.7138444444444
 10
22.31333333333333
 20
186.9476666666667
 10
22.13911111111111
 20
187.155
 10
21.93911111111111
 20
187.3357333333334
 10
21.71311111111111
 20
187.4926444444444
 10
21.476
 20
187.6286888888889
 10
21.21755555555556
 20
187.7438888888889
 10
20.93844444444445
 20
187.8380666666667
 10
20.64466666666667
 20
187.9112222222222
 10
20.32711111111112
 20
187.9635333333333
 10
19.99711111111112
 20
187.9949777777778
 10
19.6508888888889
 20
188.0054
 10
19.29666666666667
 20
187.9942
 10
18.966
 20
187.9602444444444
 10
18.64644444444445
 20
187.9039111111111
 10
18.34711111111111
 20
187.8248222222223
 10
18.06066666666667
 20
187.7233333333334
 10
17.788
 20
187.5991111111111
 10
17.53755555555556
 20
187.4524666666667
 10
17.30088888888889
 20
187.2831333333334
 10
17.078
 20
187.0918222222222
 10
16.89622222222223
 20
186.8785333333333
 10
16.73177777777778
 20
186.6434888888889
 10
16.60488888888889
 20
186.3866444444444
 10
16.50022222222223
 20
186.1081555555556
 10
16.42933333333334
 20
185.8077333333333
 10
16.392
 20
185.4856666666666
 10
16.37311111111111
 20
185.1416444444444
 10
16.39511111111111
 20
184.8033777777778
 10
16.44177777777778
 20
184.4856666666667
 10
16.50466666666667
 20
184.1885111111111
 10
16.60488888888889
 20
183.9118888888889
 10
16.74111111111111
 20
183.6558222222222
 10
16.90244444444444
 20
183.4201555555556
 10
17.09555555555556
 20
183.2051777777778
 10
17.30977777777778
 20
183.0107555555555
 10
17.55866666666667
 20
182.8244222222222
 10
17.83777777777778
 20
182.6340444444444
 10
18.15644444444445
 20
182.4396222222222
 10
18.49266666666667
 20
182.2411555555556
 10
18.87377777777778
 20
182.0386222222222
 10
19.28111111111111
 20
181.8320666666667
 10
19.72066666666667
 20
181.6214444444444
 10
20.67955555555556
 20
181.1852666666666
  0
LWPOLYLINE
  5
7F
100
AcDbEntity
  8
0
  6
ByLayer
 62
  256
370
   -1
100
AcDbPolyline
 90
   11
 70
    1
 43
0
 10
40.04133333333333
 20
169.9495644444445
 10
40.04133333333333
 20
174.5684444444445
 10
32.4811111111111
 20
174.5684444444445
 10
32.4811111111111
 20
175.8030222222222
 10
40.26422222222222
 20
190.2896222222222
 10
42.01400000000001
 20
190.2896222222222
 10
42.01400000000001
 20
176.9871555555555
 10
44.386
 20
176.9871555555555
 10
44.386
 20
174.5684444444445
 10
42.01400000000001
 20
174.5684444444445
 10
42.01400000000001
 20
169.9495644444445
  0
LWPOLYLINE
  5
80
100
AcDbEntity
  8
0
  6
ByLayer
 62
  256
370
   -1
100
AcDbPolyline
 90
    3
 70
    1
 43
0
 10
35.24688888888889
 20
176.9871555555555
 10
40.04133333333333
 20
176.9871555555555
 10
40.04133333333333
 20
185.5658222222222
  0
LWPOLYLINE
  5
81
100
AcDbEntity
  8
0
  6
ByLayer
 62
  256
370
   -1
100
AcDbPolyline
 90
   64
 70
    1
 43
0
 10
51.07977777777778
 20
181.2061333333333
 10
51.15666666666666
 20
182.1455777777778
 10
51.27888888888889
 20
183.0555777777778
 10
51.45577777777777
 20
183.9360222222222
 10
51.67488888888889
 20
184.7870444444444
 10
51.96133333333334
 20
185.6088
 10
52.28733333333333
 20
186.4008
 10
52.666
 20
187.1635777777778
 10
53.08466666666667
 20
187.8646666666666
 10
53.53022222222222
 20
188.4724
 10
54.00866666666666
 20
188.9867111111111
 10
54.51666666666667
 20
189.4073111111111
 10
55.04488888888889
 20
189.7346666666666
 10
55.61266666666667
 20
189.9683333333333
 10
56.19044444444444
 20
190.1085777777778
 10
56.81822222222222
 20
190.1552888888889
 10
57.42799999999999
 20
190.1085777777778
 10
58.016
 20
189.9683333333333
 10
58.57888888888889
 20
189.7346666666666
 10
59.10822222222222
 20
189.4073111111111
 10
59.61266666666666
 20
188.9867111111111
 10
60.09333333333333
 20
188.4724
 10
60.54377777777778
 20
187.8646666666666
 10
60.96755555555556
 20
187.1635777777778
 10
61.34955555555556
 20
186.4005111111111
 10
61.67355555555557
 20
185.6070888888889
 10
61.95377777777779
 20
184.7836222222222
 10
62.18511111111111
 20
183.9298
 10
62.35977777777778
 20
183.0456222222222
 10
62.4868888888889
 20
182.1314
 10
62.56377777777778
 20
181.1868222222222
 10
62.58644444444444
 20
180.2120444444444
 10
62.56377777777778
 20
179.2372888888889
 10
62.4868888888889
 20
178.2927111111111
 10
62.35977777777778
 20
177.3783333333333
 10
62.18511111111111
 20
176.4943111111111
 10
61.95377777777779
 20
175.6405111111111
 10
61.67355555555557
 20
174.8168888888889
 10
61.34955555555556
 20
174.0236
 10
60.96755555555556
 20
173.2605333333333
 10
60.54377777777778
 20
172.5592888888889
 10
60.09333333333333
 20
171.95156
 10
59.61266666666666
 20
171.4374066666666
 10
59.10822222222222
 20
171.0166444444445
 10
58.57888888888889
 20
170.6894377777778
 10
58.016
 20
170.4556311111111
 10
57.42799999999999
 20
170.3153755555556
 10
56.81822222222222
 20
170.2686777777778
 10
56.19044444444444
 20
170.3153755555556
 10
55.61266666666667
 20
170.4556311111111
 10
55.04488888888889
 20
170.6894377777778
 10
54.51666666666667
 20
171.0166444444445
 10
54.00866666666666
 20
171.4374066666666
 10
53.53022222222222
 20
171.95156
 10
53.08466666666667
 20
172.5592888888889
 10
52.666
 20
173.2605333333333
 10
52.28733333333333
 20
174.0239333333333
 10
51.96133333333334
 20
174.8184444444444
 10
51.67488888888889
 20
175.6440888888889
 10
51.45577777777777
 20
176.5005333333334
 10
51.27888888888889
 20
177.3881333333333
 10
51.15666666666666
 20
178.3068666666667
 10
51.07977777777778
 20
179.2564222222222
 10
51.05199999999999
 20
180.2372666666667
  0
LWPOLYLINE
  5
82
100
AcDbEntity
  8
0
  6
ByLayer
 62
  256
370
   -1
100
AcDbPolyline
 90
   64
 70
    1
 43
0
 10
53.16777777777777
 20
179.3272666666667
 10
53.218
 20
178.4912
 10
53.29377777777778
 20
177.7038222222222
 10
53.41688888888888
 20
176.9650444444444
 10
53.55422222222223
 20
176.2751333333333
 10
53.74088888888888
 20
175.6338
 10
53.94888888888889
 20
175.0410444444445
 10
54.19555555555555
 20
174.4971333333333
 10
54.46288888888888
 20
174.0099111111111
 10
54.75311111111111
 20
173.5877555555555
 10
55.05444444444445
 20
173.2305111111111
 10
55.37355555555556
 20
172.9383333333333
 10
55.70488888888889
 20
172.7108888888889
 10
56.06355555555555
 20
172.5485333333333
 10
56.41933333333333
 20
172.4510888888889
 10
56.81822222222222
 20
172.4185555555555
 10
57.19644444444444
 20
172.4510888888889
 10
57.57244444444445
 20
172.5485333333333
 10
57.92511111111111
 20
172.7108888888889
 10
58.25488888888889
 20
172.9383333333333
 10
58.57888888888889
 20
173.2305111111111
 10
58.88044444444445
 20
173.5877555555555
 10
59.16688888888889
 20
174.0099111111111
 10
59.43822222222222
 20
174.4971333333333
 10
59.68488888888889
 20
175.0415111111111
 10
59.90644444444445
 20
175.6353777777778
 10
60.08577777777778
 20
176.2785777777777
 10
60.23533333333333
 20
176.9714444444444
 10
60.34488888888889
 20
177.7136444444444
 10
60.42177777777778
 20
178.5053555555555
 10
60.47177777777777
 20
179.3465555555556
 10
60.48400000000001
 20
180.2372666666667
 10
60.47177777777777
 20
181.1455777777778
 10
60.42177777777778
 20
181.9998666666666
 10
60.34488888888889
 20
182.8002888888889
 10
60.23533333333333
 20
183.5465555555555
 10
60.08577777777778
 20
184.2389333333333
 10
59.90644444444445
 20
184.8773333333333
 10
59.68488888888889
 20
185.4616888888889
 10
59.43822222222222
 20
185.9920444444444
 10
59.16688888888889
 20
186.4638444444444
 10
58.88044444444445
 20
186.8729333333333
 10
58.57888888888889
 20
187.2189777777778
 10
58.25488888888889
 20
187.5021333333333
 10
57.92511111111111
 20
187.7222444444444
 10
57.57244444444445
 20
187.8796222222222
 10
57.19644444444444
 20
187.9739555555556
 10
56.81822222222222
 20
188.0054
 10
56.41933333333333
 20
187.9739555555556
 10
56.06355555555555
 20
187.8796222222222
 10
55.70488888888889
 20
187.7222444444444
 10
55.37355555555556
 20
187.5021333333333
 10
55.05444444444445
 20
187.2189777777778
 10
54.75311111111111
 20
186.8729333333333
 10
54.46288888888888
 20
186.4638444444444
 10
54.19555555555555
 20
185.9920444444444
 10
53.94888888888889
 20
185.4612222222222
 10
53.74088888888888
 20
184.8757777777778
 10
53.55422222222223
 20
184.2353555555556
 10
53.41688888888888
 20
183.5403111111111
 10
53.29377777777778
 20
182.7903333333333
 10
53.218
 20
181.9857111111111
 10
53.16777777777777
 20
181.1262666666667
 10
53.14444444444444
 20
180.2120444444444
  0
LWPOLYLINE
  5
83
100
AcDbEntity
  8
0
  6
ByLayer
 62
  256
370
   -1
100
AcDbPolyline
 90
  127
 70
    1
 43
0
 10
75.51799999999999
 20
182.8731333333334
 10
75.97888888888889
 20
182.7942222222222
 10
76.43222222222221
 20
182.6626888888889
 10
76.87044444444446
 20
182.4783777777778
 10
77.30133333333335
 20
182.2416222222222
 10
77.70866666666669
 20
181.9522222222222
 10
78.11088888888889
 20
181.6102444444445
 10
78.4891111111111
 20
181.2156222222222
 10
78.84311111111111
 20
180.779
 10
79.1491111111111
 20
180.3112222222222
 10
79.41600000000001
 20
179.8121555555556
 10
79.61733333333333
 20
179.2819555555556
 10
79.78444444444443
 20
178.7204888888889
 10
79.91288888888887
 20
178.1277111111111
 10
79.97622222222222
 20
177.5038
 10
79.99955555555555
 20
176.8486222222222
 10
79.97133333333333
 20
176.1531111111111
 10
79.90022222222223
 20
175.4881111111111
 10
79.77200000000002
 20
174.8534666666666
 10
79.59777777777779
 20
174.2493333333334
 10
79.37111111111111
 20
173.6757111111111
 10
79.09466666666668
 20
173.1324444444445
 10
78.77088888888889
 20
172.6196666666667
 10
78.39733333333335
 20
172.1372733333333
 10
77.98377777777776
 20
171.6993888888889
 10
77.53399999999999
 20
171.3197244444444
 10
77.0611111111111
 20
170.9985866666667
 10
76.55177777777779
 20
170.7358222222222
 10
76.02355555555556
 20
170.5314333333334
 10
75.45044444444443
 20
170.3854244444444
 10
74.86311111111112
 20
170.2979377777778
 10
74.23511111111111
 20
170.2686777777778
 10
73.72355555555556
 20
170.2938933333333
 10
73.25377777777776
 20
170.3695422222222
 10
72.7808888888889
 20
170.49548
 10
72.33466666666668
 20
170.6718488888889
 10
71.89888888888889
 20
170.8984955555556
 10
71.49422222222222
 20
171.1757333333333
 10
71.10222222222221
 20
171.5032533333334
 10
70.71622222222223
 20
171.8812
 10
70.37466666666667
 20
172.2860888888889
 10
70.07844444444443
 20
172.6950222222222
 10
69.82577777777777
 20
173.1075333333334
 10
69.62244444444445
 20
173.5239333333333
 10
69.45222222222223
 20
173.9442222222222
 10
69.34133333333332
 20
174.3682666666667
 10
69.27377777777777
 20
174.7961777777778
 10
69.25288888888888
 20
175.2278444444445
 10
71.21155555555555
 20
175.2278444444445
 10
71.2342222222222
 20
174.9499777777777
 10
71.27911111111111
 20
174.6811333333334
 10
71.34511111111111
 20
174.4213333333333
 10
71.45333333333333
 20
174.1707111111111
 10
71.58777777777779
 20
173.9289777777778
 10
71.73977777777777
 20
173.6964
 10
71.93911111111109
 20
173.4728666666667
 10
72.15799999999999
 20
173.2583777777778
 10
72.39733333333334
 20
173.0616
 10
72.63111111111111
 20
172.891
 10
72.88555555555557
 20
172.7467111111111
 10
73.14422222222223
 20
172.6285555555556
 10
73.40355555555556
 20
172.5367111111111
 10
73.67755555555556
 20
172.4711777777778
 10
73.95399999999998
 20
172.4318
 10
74.22799999999998
 20
172.4185555555555
 10
74.59155555555554
 20
172.4372444444444
 10
74.9448888888889
 20
172.4931111111111
 10
75.29244444444443
 20
172.5863555555555
 10
75.61644444444445
 20
172.7168222222222
 10
75.9291111111111
 20
172.8844666666667
 10
76.23266666666666
 20
173.0894666666667
 10
76.52555555555554
 20
173.3316888888889
 10
76.80577777777779
 20
173.6111111111111
 10
77.06933333333335
 20
173.9225777777778
 10
77.28488888888889
 20
174.2603777777778
 10
77.47822222222223
 20
174.6248
 10
77.63022222222222
 20
175.0156666666666
 10
77.75222222222223
 20
175.4331555555555
 10
77.83444444444443
 20
175.8771111111111
 10
77.88422222222222
 20
176.3475333333333
 10
77.90777777777777
 20
176.8444222222222
 10
77.88422222222222
 20
177.3381777777778
 10
77.84688888888888
 20
177.7972444444444
 10
77.77466666666666
 20
178.2212666666667
 10
77.68000000000001
 20
178.6105777777778
 10
77.55511111111112
 20
178.9650222222222
 10
77.40600000000001
 20
179.2847555555556
 10
77.22911111111112
 20
179.5694666666667
 10
77.02488888888888
 20
179.8194666666666
 10
76.80044444444444
 20
180.0374
 10
76.56422222222224
 20
180.2263777777778
 10
76.32755555555555
 20
180.3862444444445
 10
76.07844444444444
 20
180.517
 10
75.83644444444445
 20
180.6186444444444
 10
75.5728888888889
 20
180.6913555555556
 10
75.30888888888889
 20
180.7349333333334
 10
75.03733333333335
 20
180.7495777777778
 10
74.782
 20
180.7434888888889
 10
74.55422222222221
 20
180.7257555555556
 10
74.31755555555554
 20
180.6960222222222
 10
74.10955555555556
 20
180.6544444444444
 10
73.89888888888888
 20
180.6010666666666
 10
73.69999999999999
 20
180.5356888888889
 10
73.5028888888889
 20
180.4586222222222
 10
73.32600000000001
 20
180.3694444444444
 10
73.15066666666667
 20
180.2693333333333
 10
72.98511111111111
 20
180.1588222222222
 10
72.83044444444445
 20
180.0381777777778
 10
72.69
 20
179.9071111111111
 10
72.55644444444445
 20
179.7657555555555
 10
72.42977777777779
 20
179.614
 10
72.31266666666667
 20
179.4521111111111
 10
72.20399999999999
 20
179.2797777777778
 10
70.35755555555555
 20
179.2797777777778
 10
70.85533333333333
 20
189.8866222222222
 10
78.4471111111111
 20
189.8866222222222
 10
78.06066666666668
 20
187.4678888888889
 10
72.57133333333334
 20
187.4678888888889
 10
72.32511111111111
 20
181.9545777777778
 10
72.69
 20
182.1760888888889
 10
73.03955555555557
 20
182.3680222222222
 10
73.38088888888889
 20
182.5303777777777
 10
73.72355555555556
 20
182.6631555555556
 10
74.05955555555553
 20
182.7665111111111
 10
74.38733333333333
 20
182.8402888888889
 10
74.71333333333332
 20
182.8846666666667
 10
75.03733333333335
 20
182.8994444444445
  0
LWPOLYLINE
  5
84
100
AcDbEntity
  8
0
  6
ByLayer
 62
  256
370
   -1
100
AcDbPolyline
 90
  194
 70
    0
 43
0
 10
20.528
 20
221.1862
 10
21.00111111111111
 20
220.9583111111111
 10
21.47933333333333
 20
220.7229555555556
 10
21.95755555555555
 20
220.4802666666666
 10
22.43266666666667
 20
220.2301111111111
 10
22.894
 20
219.9724888888889
 10
23.36733333333333
 20
219.7075555555556
 10
23.82555555555555
 20
219.4351333333333
 10
24.254
 20
219.1333111111111
 10
24.62933333333334
 20
218.7796444444444
 10
24.94133333333333
 20
218.3742888888889
 10
25.20733333333333
 20
217.9172444444444
 10
25.40533333333333
 20
217.4085333333334
 10
25.55533333333333
 20
216.848
 10
25.63622222222222
 20
216.2359111111111
 10
25.66311111111111
 20
215.5721555555556
 10
25.63622222222222
 20
214.9454666666667
 10
25.55911111111111
 20
214.3522222222222
 10
25.42711111111111
 20
213.7927555555555
 10
25.23533333333333
 20
213.2667777777777
 10
24.98622222222222
 20
212.7745555555555
 10
24.69977777777778
 20
212.3156666666666
 10
24.34866666666667
 20
211.8905466666666
 10
23.94511111111111
 20
211.4990444444444
 10
23.49422222222222
 20
211.1477155555555
 10
23.02111111111111
 20
210.8432288888889
 10
22.51666666666666
 20
210.5856088888889
 10
21.98755555555555
 20
210.3746844444445
 10
21.42955555555555
 20
210.2107688888889
 10
20.84733333333333
 20
210.0937111111111
 10
20.22533333333333
 20
210.0233488888889
 10
19.58644444444444
 20
210
 10
18.96311111111111
 20
210.0235044444445
 10
18.35866666666666
 20
210.0941711111111
 10
17.76844444444444
 20
210.2120155555556
 10
17.208
 20
210.3768577777778
 10
16.67244444444444
 20
210.58888
 10
16.15688888888889
 20
210.8479044444444
 10
15.66755555555556
 20
211.1540955555555
 10
15.188
 20
211.5074511111111
 10
14.75844444444444
 20
211.9009711111111
 10
14.38488888888888
 20
212.3278
 10
14.06111111111111
 20
212.7879555555556
 10
13.80577777777778
 20
213.2815555555555
 10
13.60155555555555
 20
213.8083333333333
 10
13.452
 20
214.3685777777778
 10
13.36488888888888
 20
214.9621111111111
 10
13.33866666666666
 20
215.5888222222222
 10
15.43955555555555
 20
215.5888222222222
 10
15.462
 20
215.1691555555556
 10
15.518
 20
214.7768888888889
 10
15.61777777777777
 20
214.4123111111111
 10
15.74844444444444
 20
214.0751333333333
 10
15.92533333333333
 20
213.7655333333333
 10
16.14444444444444
 20
213.4836222222222
 10
16.39844444444444
 20
213.2291111111111
 10
16.68488888888889
 20
213.0023111111111
 10
17.00377777777778
 20
212.8024222222222
 10
17.33555555555555
 20
212.6293333333333
 10
17.68111111111111
 20
212.4828444444444
 10
18.03355555555556
 20
212.3629777777778
 10
18.39044444444444
 20
212.2697333333333
 10
18.77711111111111
 20
212.20312
 10
19.168
 20
212.1631133333333
 10
19.56911111111111
 20
212.1498822222222
 10
20.01977777777778
 20
212.1645111111111
 10
20.45066666666666
 20
212.2081022222222
 10
20.856
 20
212.2809555555556
 10
21.24266666666666
 20
212.3829111111111
 10
21.59644444444444
 20
212.5139777777778
 10
21.92511111111111
 20
212.6741555555556
 10
22.23022222222222
 20
212.8636
 10
22.508
 20
213.082
 10
22.75711111111111
 20
213.3251555555555
 10
22.96622222222222
 20
213.5885333333333
 10
23.148
 20
213.8721555555555
 10
23.302
 20
214.1758444444445
 10
23.41711111111111
 20
214.4999555555555
 10
23.5
 20
214.8441333333333
 10
23.55044444444445
 20
215.2085333333333
 10
23.57155555555555
 20
215.5930222222222
 10
23.54422222222222
 20
215.9692666666667
 10
23.47866666666666
 20
216.3227777777778
 10
23.36733333333333
 20
216.6538888888889
 10
23.22044444444444
 20
216.9625555555556
 10
23.01555555555555
 20
217.2485111111111
 10
22.77444444444444
 20
217.5122222222222
 10
22.48755555555555
 20
217.7533333333333
 10
22.16177777777777
 20
217.9718888888889
 10
21.79444444444444
 20
218.1815777777778
 10
21.42088888888889
 20
218.3962444444444
 10
21.01111111111111
 20
218.6157111111111
 10
20.58777777777778
 20
218.8400222222222
 10
20.14688888888889
 20
219.0691777777778
 10
19.69111111111111
 20
219.3031333333333
 10
19.20044444444444
 20
219.5420888888889
 10
18.706
 20
219.7858444444444
 10
18.20422222222222
 20
220.0367777777778
 10
17.73088888888889
 20
220.2972
 10
17.28022222222222
 20
220.5671333333333
 10
16.85044444444444
 20
220.8465555555556
 10
16.44822222222222
 20
221.1356222222222
 10
16.06733333333333
 20
221.4340222222222
 10
15.71733333333333
 20
221.7420888888889
 10
15.38977777777778
 20
222.0596444444444
 10
15.08844444444444
 20
222.3901111111111
 10
14.83444444444444
 20
222.7369333333333
 10
14.61511111111111
 20
223.1002666666666
 10
14.43844444444444
 20
223.4799333333333
 10
14.30644444444444
 20
223.8759333333333
 10
14.20666666666666
 20
224.2884444444445
 10
14.142
 20
224.7174666666667
 10
14.12955555555556
 20
225.1626666666666
 10
14.152
 20
225.7011111111111
 10
14.22844444444444
 20
226.2143333333333
 10
14.35066666666666
 20
226.7020222222222
 10
14.538
 20
227.1645111111111
 10
14.76466666666667
 20
227.6017555555556
 10
15.04488888888889
 20
228.0134888888889
 10
15.38488888888889
 20
228.4000222222222
 10
15.76088888888889
 20
228.7613111111111
 10
16.17933333333333
 20
229.0880444444444
 10
16.61777777777777
 20
229.3712
 10
17.05777777777778
 20
229.6107555555556
 10
17.52311111111111
 20
229.8067555555556
 10
17.99
 20
229.9593111111111
 10
18.48555555555555
 20
230.0682666666667
 10
18.98622222222222
 20
230.1334888888889
 10
19.49933333333334
 20
230.1552888888889
 10
20.03222222222222
 20
230.1342666666667
 10
20.55044444444444
 20
230.0709111111111
 10
21.04733333333333
 20
229.9655333333333
 10
21.51177777777778
 20
229.8178
 10
21.96511111111111
 20
229.6280444444444
 10
22.406
 20
229.3959555555556
 10
22.80688888888889
 20
229.1218222222222
 10
23.21355555555555
 20
228.8053555555556
 10
23.57155555555555
 20
228.4528
 10
23.88666666666667
 20
228.0703111111111
 10
24.14866666666666
 20
227.6579555555555
 10
24.35977777777777
 20
227.2155555555556
 10
24.53044444444444
 20
226.7431333333334
 10
24.65
 20
226.2406444444445
 10
24.72644444444444
 20
225.7082666666667
 10
24.74577777777777
 20
225.1458444444444
 10
22.65377777777778
 20
225.1458444444444
 10
22.64244444444444
 20
225.5126
 10
22.59155555555555
 20
225.8527111111111
 10
22.52555555555556
 20
226.1663777777778
 10
22.43755555555556
 20
226.4534222222222
 10
22.31133333333333
 20
226.7138444444444
 10
22.16177777777777
 20
226.9476666666667
 10
21.98755555555555
 20
227.155
 10
21.78755555555555
 20
227.3357333333334
 10
21.56155555555555
 20
227.4926444444444
 10
21.32444444444444
 20
227.6286888888889
 10
21.066
 20
227.7438888888889
 10
20.78688888888889
 20
227.8380666666667
 10
20.49311111111111
 20
227.9112222222222
 10
20.17555555555555
 20
227.9635333333333
 10
19.84555555555556
 20
227.9949777777778
 10
19.49933333333334
 20
228.0054
 10
19.14511111111111
 20
227.9942
 10
18.81444444444444
 20
227.9602444444444
 10
18.49488888888889
 20
227.9039111111111
 10
18.19555555555555
 20
227.8248222222223
 10
17.90911111111111
 20
227.7233333333334
 10
17.63644444444444
 20
227.5991111111111
 10
17.386
 20
227.4524666666667
 10
17.14933333333333
 20
227.2831333333334
 10
16.92644444444444
 20
227.0918222222222
 10
16.74466666666667
 20
226.8785333333333
 10
16.58022222222222
 20
226.6434888888889
 10
16.45333333333333
 20
226.3866444444444
 10
16.34866666666667
 20
226.1081555555556
 10
16.27777777777778
 20
225.8077333333333
 10
16.24044444444444
 20
225.4856666666666
 10
16.22155555555555
 20
225.1416444444444
 10
16.24355555555555
 20
224.8033777777778
 10
16.29022222222222
 20
224.4856666666667
 10
16.35311111111111
 20
224.1885111111111
 10
16.45333333333333
 20
223.9118888888889
 10
16.58955555555555
 20
223.6558222222222
 10
16.75088888888888
 20
223.4201555555556
 10
16.944
 20
223.2051777777778
 10
17.15822222222222
 20
223.0107555555555
 10
17.40711111111111
 20
222.8244222222222
 10
17.68622222222222
 20
222.6340444444444
 10
18.00488888888889
 20
222.4396222222222
 10
18.34111111111111
 20
222.2411555555556
 10
18.72222222222222
 20
222.0386222222222
 10
19.12955555555556
 20
221.8320666666667
 10
19.56911111111111
 20
221.6214444444444
 10
20.528
 20
221.1852666666666
  0
LWPOLYLINE
  5
85
100
AcDbEntity
  8
0
  6
ByLayer
 62
  256
370
   -1
100
AcDbPolyline
 90
   11
 70
    1
 43
0
 10
39.88977777777778
 20
209.9495644444445
 10
39.88977777777778
 20
214.5684444444445
 10
32.32955555555555
 20
214.5684444444445
 10
32.32955555555555
 20
215.8030222222222
 10
40.11266666666666
 20
230.2896222222222
 10
41.86244444444444
 20
230.2896222222222
 10
41.86244444444444
 20
216.9871555555555
 10
44.23444444444445
 20
216.9871555555555
 10
44.23444444444445
 20
214.5684444444445
 10
41.86244444444444
 20
214.5684444444445
 10
41.86244444444444
 20
209.9495644444445
  0
LWPOLYLINE
  5
86
100
AcDbEntity
  8
0
  6
ByLayer
 62
  256
370
   -1
100
AcDbPolyline
 90
    3
 70
    1
 43
0
 10
35.09533333333334
 20
216.9871555555555
 10
39.88977777777778
 20
216.9871555555555
 10
39.88977777777778
 20
225.5658222222222
  0
LWPOLYLINE
  5
87
100
AcDbEntity
  8
0
  6
ByLayer
 62
  256
370
   -1
100
AcDbPolyline
 90
   64
 70
    1
 43
0
 10
50.92822222222222
 20
221.2061333333333
 10
51.0051111111111
 20
222.1455777777778
 10
51.12733333333333
 20
223.0555777777778
 10
51.30422222222221
 20
223.9360222222222
 10
51.52333333333333
 20
224.7870444444444
 10
51.80977777777778
 20
225.6088
 10
52.13577777777777
 20
226.4008
 10
52.51444444444444
 20
227.1635777777778
 10
52.93311111111111
 20
227.8646666666666
 10
53.37866666666666
 20
228.4724
 10
53.8571111111111
 20
228.9867111111111
 10
54.3651111111111
 20
229.4073111111111
 10
54.89333333333333
 20
229.7346666666666
 10
55.46111111111111
 20
229.9683333333333
 10
56.03888888888888
 20
230.1085777777778
 10
56.66666666666666
 20
230.1552888888889
 10
57.27644444444443
 20
230.1085777777778
 10
57.86444444444444
 20
229.9683333333333
 10
58.42733333333333
 20
229.7346666666666
 10
58.95666666666666
 20
229.4073111111111
 10
59.4611111111111
 20
228.9867111111111
 10
59.94177777777777
 20
228.4724
 10
60.39222222222222
 20
227.8646666666666
 10
60.816
 20
227.1635777777778
 10
61.198
 20
226.4005111111111
 10
61.52200000000001
 20
225.6070888888889
 10
61.80222222222223
 20
224.7836222222222
 10
62.03355555555555
 20
223.9298
 10
62.20822222222222
 20
223.0456222222222
 10
62.33533333333334
 20
222.1314
 10
62.41222222222222
 20
221.1868222222222
 10
62.43488888888888
 20
220.2120444444444
 10
62.41222222222222
 20
219.2372888888889
 10
62.33533333333334
 20
218.2927111111111
 10
62.20822222222222
 20
217.3783333333333
 10
62.03355555555555
 20
216.4943111111111
 10
61.80222222222223
 20
215.6405111111111
 10
61.52200000000001
 20
214.8168888888889
 10
61.198
 20
214.0236
 10
60.816
 20
213.2605333333333
 10
60.39222222222222
 20
212.5592888888889
 10
59.94177777777777
 20
211.95156
 10
59.4611111111111
 20
211.4374066666666
 10
58.95666666666666
 20
211.0166444444445
 10
58.42733333333333
 20
210.6894377777778
 10
57.86444444444444
 20
210.4556311111111
 10
57.27644444444443
 20
210.3153755555556
 10
56.66666666666666
 20
210.2686777777778
 10
56.03888888888888
 20
210.3153755555556
 10
55.46111111111111
 20
210.4556311111111
 10
54.89333333333333
 20
210.6894377777778
 10
54.3651111111111
 20
211.0166444444445
 10
53.8571111111111
 20
211.4374066666666
 10
53.37866666666666
 20
211.95156
 10
52.93311111111111
 20
212.5592888888889
 10
52.51444444444444
 20
213.2605333333333
 10
52.13577777777777
 20
214.0239333333333
 10
51.80977777777778
 20
214.8184444444444
 10
51.52333333333333
 20
215.6440888888889
 10
51.30422222222221
 20
216.5005333333334
 10
51.12733333333333
 20
217.3881333333333
 10
51.0051111111111
 20
218.3068666666667
 10
50.92822222222222
 20
219.2564222222222
 10
50.90044444444443
 20
220.2372666666667
  0
LWPOLYLINE
  5
88
100
AcDbEntity
  8
0
  6
ByLayer
 62
  256
370
   -1
100
AcDbPolyline
 90
   64
 70
    1
 43
0
 10
53.01622222222221
 20
219.3272666666667
 10
53.06644444444444
 20
218.4912
 10
53.14222222222222
 20
217.7038222222222
 10
53.26533333333332
 20
216.9650444444444
 10
53.40266666666667
 20
216.2751333333333
 10
53.58933333333332
 20
215.6338
 10
53.79733333333333
 20
215.0410444444445
 10
54.04399999999999
 20
214.4971333333333
 10
54.31133333333332
 20
214.0099111111111
 10
54.60155555555555
 20
213.5877555555555
 10
54.90288888888889
 20
213.2305111111111
 10
55.222
 20
212.9383333333333
 10
55.55333333333333
 20
212.7108888888889
 10
55.91199999999999
 20
212.5485333333333
 10
56.26777777777777
 20
212.4510888888889
 10
56.66666666666666
 20
212.4185555555555
 10
57.04488888888888
 20
212.4510888888889
 10
57.42088888888889
 20
212.5485333333333
 10
57.77355555555555
 20
212.7108888888889
 10
58.10333333333332
 20
212.9383333333333
 10
58.42733333333333
 20
213.2305111111111
 10
58.72888888888889
 20
213.5877555555555
 10
59.01533333333333
 20
214.0099111111111
 10
59.28666666666666
 20
214.4971333333333
 10
59.53333333333333
 20
215.0415111111111
 10
59.75488888888889
 20
215.6353777777778
 10
59.93422222222222
 20
216.2785777777777
 10
60.08377777777777
 20
216.9714444444444
 10
60.19333333333333
 20
217.7136444444444
 10
60.27022222222222
 20
218.5053555555555
 10
60.32022222222221
 20
219.3465555555556
 10
60.33244444444445
 20
220.2372666666667
 10
60.32022222222221
 20
221.1455777777778
 10
60.27022222222222
 20
221.9998666666666
 10
60.19333333333333
 20
222.8002888888889
 10
60.08377777777777
 20
223.5465555555555
 10
59.93422222222222
 20
224.2389333333333
 10
59.75488888888889
 20
224.8773333333333
 10
59.53333333333333
 20
225.4616888888889
 10
59.28666666666666
 20
225.9920444444444
 10
59.01533333333333
 20
226.4638444444444
 10
58.72888888888889
 20
226.8729333333333
 10
58.42733333333333
 20
227.2189777777778
 10
58.10333333333332
 20
227.5021333333333
 10
57.77355555555555
 20
227.7222444444444
 10
57.42088888888889
 20
227.8796222222222
 10
57.04488888888888
 20
227.9739555555556
 10
56.66666666666666
 20
228.0054
 10
56.26777777777777
 20
227.9739555555556
 10
55.91199999999999
 20
227.8796222222222
 10
55.55333333333333
 20
227.7222444444444
 10
55.222
 20
227.5021333333333
 10
54.90288888888889
 20
227.2189777777778
 10
54.60155555555555
 20
226.8729333333333
 10
54.31133333333332
 20
226.4638444444444
 10
54.04399999999999
 20
225.9920444444444
 10
53.79733333333333
 20
225.4612222222222
 10
53.58933333333332
 20
224.8757777777778
 10
53.40266666666667
 20
224.2353555555556
 10
53.26533333333332
 20
223.5403111111111
 10
53.14222222222222
 20
222.7903333333333
 10
53.06644444444444
 20
221.9857111111111
 10
53.01622222222221
 20
221.1262666666667
 10
52.99288888888888
 20
220.2120444444444
  0
LWPOLYLINE
  5
89
100
AcDbEntity
  8
0
  6
ByLayer
 62
  256
370
   -1
100
AcDbPolyline
 90
  121
 70
    1
 43
0
 10
75.20044444444446
 20
222.8734444444444
 10
75.71088888888889
 20
222.7957777777778
 10
76.21133333333333
 20
222.6661111111111
 10
76.68111111111111
 20
222.4847555555556
 10
77.14777777777779
 20
222.2515777777778
 10
77.58355555555558
 20
221.9664
 10
78.00733333333334
 20
221.6295333333334
 10
78.408
 20
221.2408444444444
 10
78.78533333333333
 20
220.8060666666667
 10
79.10933333333335
 20
220.3311333333334
 10
79.38466666666666
 20
219.8162
 10
79.60355555555556
 20
219.2609333333333
 10
79.78177777777779
 20
218.6655333333334
 10
79.90733333333334
 20
218.0301111111111
 10
79.97711111111113
 20
217.3545111111111
 10
79.99955555555556
 20
216.6386222222222
 10
79.97711111111113
 20
216.0038222222222
 10
79.91266666666667
 20
215.3905111111111
 10
79.79066666666668
 20
214.7986666666667
 10
79.62622222222221
 20
214.2284666666666
 10
79.41666666666669
 20
213.6796
 10
79.16266666666668
 20
213.1523555555556
 10
78.86133333333332
 20
212.6466
 10
78.51288888888891
 20
212.1624911111111
 10
78.12933333333334
 20
211.7186911111111
 10
77.71066666666667
 20
211.3338888888889
 10
77.26600000000002
 20
211.0083888888889
 10
76.78444444444446
 20
210.7422088888889
 10
76.27000000000002
 20
210.5350177777778
 10
75.72844444444446
 20
210.3871377777778
 10
75.1551111111111
 20
210.2982533333333
 10
74.55533333333334
 20
210.2686777777778
 10
73.92866666666669
 20
210.3015222222222
 10
73.34488888888889
 20
210.3999022222222
 10
72.79555555555557
 20
210.5639733333333
 10
72.27644444444446
 20
210.7935777777778
 10
71.80311111111112
 20
211.0888733333333
 10
71.34733333333334
 20
211.4497044444444
 10
70.93400000000001
 20
211.8762244444445
 10
70.55377777777777
 20
212.3682888888889
 10
70.2177777777778
 20
212.9496888888889
 10
69.91533333333335
 20
213.6442666666667
 10
69.67355555555557
 20
214.4518444444444
 10
69.47066666666667
 20
215.3726
 10
69.30244444444446
 20
216.4065333333333
 10
69.1928888888889
 20
217.5534666666667
 10
69.12288888888891
 20
218.8135777777777
 10
69.1008888888889
 20
220.1868444444444
 10
69.12288888888891
 20
221.2750888888889
 10
69.19800000000002
 20
222.3099555555555
 10
69.32466666666666
 20
223.2915777777778
 10
69.50155555555558
 20
224.2199555555555
 10
69.72844444444445
 20
225.0950888888889
 10
70.00244444444445
 20
225.9170222222222
 10
70.33000000000001
 20
226.6855111111111
 10
70.70733333333334
 20
227.4008
 10
71.12666666666667
 20
228.0463555555556
 10
71.56288888888891
 20
228.6059555555556
 10
72.01733333333334
 20
229.0793333333334
 10
72.50911111111112
 20
229.4666222222222
 10
73.01333333333335
 20
229.768
 10
73.54866666666666
 20
229.9831111111111
 10
74.09955555555555
 20
230.1123111111111
 10
74.6697777777778
 20
230.1552888888889
 10
75.05600000000001
 20
230.1387777777778
 10
75.44155555555555
 20
230.0889777777778
 10
75.82155555555556
 20
230.006
 10
76.19622222222223
 20
229.8897111111111
 10
76.56977777777777
 20
229.7402888888889
 10
76.94377777777778
 20
229.5576888888889
 10
77.3037777777778
 20
229.3419333333333
 10
77.66577777777778
 20
229.0930222222222
 10
78.00200000000001
 20
228.8136222222222
 10
78.3037777777778
 20
228.5069555555555
 10
78.55733333333333
 20
228.1727333333333
 10
78.78533333333333
 20
227.8112888888889
 10
78.9608888888889
 20
227.4222888888889
 10
79.09822222222225
 20
227.0057333333333
 10
79.20911111111113
 20
226.5619333333333
 10
79.26266666666669
 20
226.0907333333333
 10
77.13800000000001
 20
226.0907333333333
 10
77.09333333333333
 20
226.3254666666667
 10
77.03355555555557
 20
226.5444888888889
 10
76.95133333333334
 20
226.7482444444445
 10
76.85622222222221
 20
226.9363111111111
 10
76.74333333333334
 20
227.1087777777778
 10
76.60977777777778
 20
227.2656888888889
 10
76.4568888888889
 20
227.4071777777778
 10
76.27888888888889
 20
227.5331111111111
 10
76.10155555555558
 20
227.6438
 10
75.90511111111111
 20
227.7396888888888
 10
75.71088888888889
 20
227.8209333333333
 10
75.51422222222223
 20
227.8874
 10
75.3111111111111
 20
227.9390888888889
 10
75.10577777777777
 20
227.9758222222222
 10
74.89155555555558
 20
227.9980888888889
 10
74.6697777777778
 20
228.0054
 10
74.37355555555555
 20
227.9797111111111
 10
74.07800000000002
 20
227.9025111111111
 10
73.77911111111112
 20
227.7739333333333
 10
73.49933333333334
 20
227.5939777777778
 10
73.21911111111113
 20
227.3625111111111
 10
72.94133333333335
 20
227.0795111111111
 10
72.68488888888889
 20
226.7451333333333
 10
72.42177777777779
 20
226.3594
 10
72.18177777777778
 20
225.9215333333333
 10
71.96222222222224
 20
225.4307111111111
 10
71.77044444444444
 20
224.8869777777778
 10
71.61266666666667
 20
224.2903111111111
 10
71.48400000000002
 20
223.6408888888889
 10
71.37933333333335
 20
222.9385333333333
 10
71.30755555555557
 20
222.1832444444445
 10
71.25266666666668
 20
221.3751777777778
 10
71.63133333333334
 20
221.7324444444444
 10
72.0297777777778
 20
222.0420444444445
 10
72.44044444444445
 20
222.3040222222222
 10
72.86666666666667
 20
222.5183777777778
 10
73.29511111111113
 20
222.6851111111111
 10
73.74555555555555
 20
222.8041777777778
 10
74.20399999999999
 20
222.8756222222222
 10
74.6697777777778
 20
222.8994444444445
  0
LWPOLYLINE
  5
8A
100
AcDbEntity
  8
0
  6
ByLayer
 62
  256
370
   -1
100
AcDbPolyline
 90
   64
 70
    1
 43
0
 10
74.95866666666667
 20
212.4372444444444
 10
75.31488888888892
 20
212.4931111111111
 10
75.66111111111113
 20
212.5863555555555
 10
75.97088888888889
 20
212.7168222222222
 10
76.25755555555557
 20
212.8844666666667
 10
76.544
 20
213.0894666666667
 10
76.7968888888889
 20
213.3316888888889
 10
77.02066666666666
 20
213.6111111111111
 10
77.22533333333334
 20
213.9193111111111
 10
77.40711111111111
 20
214.2473111111111
 10
77.55622222222222
 20
214.5952222222222
 10
77.68977777777778
 20
214.9632
 10
77.77688888888888
 20
215.3511333333333
 10
77.85288888888891
 20
215.7589555555556
 10
77.88533333333332
 20
216.1867333333333
 10
77.90244444444444
 20
216.6344222222222
 10
77.88533333333332
 20
217.0822666666666
 10
77.85288888888891
 20
217.5084666666666
 10
77.7931111111111
 20
217.9128888888889
 10
77.69844444444445
 20
218.2956666666666
 10
77.57888888888891
 20
218.6566666666667
 10
77.44666666666669
 20
218.996
 10
77.27511111111112
 20
219.3135555555556
 10
77.08822222222221
 20
219.6094888888889
 10
76.86866666666667
 20
219.8766
 10
76.63088888888889
 20
220.1082222222222
 10
76.36600000000001
 20
220.3042222222222
 10
76.07955555555557
 20
220.4645555555555
 10
75.76822222222224
 20
220.5892444444445
 10
75.43688888888889
 20
220.6782666666666
 10
75.08333333333334
 20
220.7316666666667
 10
74.70444444444445
 20
220.7495777777778
 10
74.40555555555555
 20
220.7364888888889
 10
74.11933333333333
 20
220.6971111111111
 10
73.83555555555557
 20
220.6317333333333
 10
73.56377777777777
 20
220.5400444444444
 10
73.29511111111113
 20
220.4222
 10
73.04066666666667
 20
220.2782222222222
 10
72.79555555555557
 20
220.1080666666667
 10
72.55911111111111
 20
219.9117777777778
 10
72.33088888888889
 20
219.6901111111111
 10
72.12311111111113
 20
219.4436888888889
 10
71.94
 20
219.1728444444445
 10
71.78666666666666
 20
218.8772444444445
 10
71.63755555555556
 20
218.5572
 10
71.52177777777779
 20
218.2124
 10
71.42955555555557
 20
217.843
 10
71.34733333333334
 20
217.4490222222222
 10
71.40688888888891
 20
216.7922666666667
 10
71.48400000000002
 20
216.1847111111111
 10
71.58399999999999
 20
215.6263333333333
 10
71.6997777777778
 20
215.117
 10
71.83666666666667
 20
214.6568666666666
 10
71.99000000000002
 20
214.2459111111111
 10
72.16644444444445
 20
213.8839777777778
 10
72.36355555555556
 20
213.5712444444444
 10
72.56777777777778
 20
213.3010222222222
 10
72.79911111111112
 20
213.0668888888889
 10
73.05333333333334
 20
212.8688888888889
 10
73.32244444444446
 20
212.7066888888889
 10
73.60511111111113
 20
212.5807555555556
 10
73.91777777777779
 20
212.4906222222222
 10
74.23622222222221
 20
212.4366222222222
 10
74.58266666666667
 20
212.4185555555555
  0
LWPOLYLINE
  5
8B
100
AcDbEntity
  8
0
  6
ByLayer
 62
  256
370
   -1
100
AcDbPolyline
 90
  194
 70
    0
 43
0
 10
20.77400000000001
 20
261.1862
 10
21.24711111111112
 20
260.9583111111111
 10
21.72533333333334
 20
260.7229555555556
 10
22.20355555555556
 20
260.4802666666666
 10
22.67866666666668
 20
260.2301111111111
 10
23.14000000000001
 20
259.9724888888888
 10
23.61333333333334
 20
259.7075555555556
 10
24.07155555555556
 20
259.4351333333333
 10
24.50000000000001
 20
259.1333111111111
 10
24.87533333333334
 20
258.7796444444444
 10
25.18733333333334
 20
258.3742888888889
 10
25.45333333333334
 20
257.9172444444445
 10
25.65133333333334
 20
257.4085333333334
 10
25.80133333333334
 20
256.848
 10
25.88222222222223
 20
256.2359111111111
 10
25.90911111111112
 20
255.5721555555556
 10
25.88222222222223
 20
254.9454666666667
 10
25.80511111111112
 20
254.3522222222222
 10
25.67311111111112
 20
253.7927555555555
 10
25.48133333333334
 20
253.2667777777777
 10
25.23222222222223
 20
252.7745555555555
 10
24.94577777777779
 20
252.3156666666666
 10
24.59466666666668
 20
251.8905466666666
 10
24.19111111111112
 20
251.4990444444444
 10
23.74022222222223
 20
251.1477155555555
 10
23.26711111111112
 20
250.8432288888889
 10
22.76266666666667
 20
250.5856088888889
 10
22.23355555555556
 20
250.3746844444445
 10
21.67555555555556
 20
250.2107688888889
 10
21.09333333333334
 20
250.0937111111111
 10
20.47133333333334
 20
250.0233488888889
 10
19.83244444444445
 20
250
 10
19.20911111111112
 20
250.0235044444445
 10
18.60466666666667
 20
250.0941711111111
 10
18.01444444444445
 20
250.2120155555556
 10
17.45400000000001
 20
250.3768577777778
 10
16.91844444444445
 20
250.58888
 10
16.4028888888889
 20
250.8479044444444
 10
15.91355555555556
 20
251.1540955555555
 10
15.43400000000001
 20
251.5074511111111
 10
15.00444444444445
 20
251.9009711111111
 10
14.63088888888889
 20
252.3278
 10
14.30711111111112
 20
252.7879555555556
 10
14.05177777777779
 20
253.2815555555555
 10
13.84755555555556
 20
253.8083333333333
 10
13.69800000000001
 20
254.3685777777778
 10
13.61088888888889
 20
254.9621111111111
 10
13.58466666666667
 20
255.5888222222222
 10
15.68555555555556
 20
255.5888222222222
 10
15.70800000000001
 20
255.1691555555556
 10
15.76400000000001
 20
254.7768888888889
 10
15.86377777777778
 20
254.4123111111111
 10
15.99444444444445
 20
254.0751333333333
 10
16.17133333333334
 20
253.7655333333333
 10
16.39044444444445
 20
253.4836222222222
 10
16.64444444444445
 20
253.2291111111111
 10
16.93088888888889
 20
253.0023111111111
 10
17.24977777777779
 20
252.8024222222222
 10
17.58155555555556
 20
252.6293333333333
 10
17.92711111111112
 20
252.4828444444444
 10
18.27955555555556
 20
252.3629777777778
 10
18.63644444444445
 20
252.2697333333333
 10
19.02311111111112
 20
252.20312
 10
19.41400000000001
 20
252.1631133333333
 10
19.81511111111112
 20
252.1498822222222
 10
20.26577777777779
 20
252.1645111111111
 10
20.69666666666667
 20
252.2081022222222
 10
21.10200000000001
 20
252.2809555555556
 10
21.48866666666667
 20
252.3829111111111
 10
21.84244444444445
 20
252.5139777777778
 10
22.17111111111112
 20
252.6741555555556
 10
22.47622222222223
 20
252.8636
 10
22.75400000000001
 20
253.082
 10
23.00311111111112
 20
253.3251555555555
 10
23.21222222222223
 20
253.5885333333333
 10
23.39400000000001
 20
253.8721555555555
 10
23.54800000000001
 20
254.1758444444445
 10
23.66311111111112
 20
254.4999555555555
 10
23.74600000000001
 20
254.8441333333333
 10
23.79644444444446
 20
255.2085333333333
 10
23.81755555555556
 20
255.5930222222222
 10
23.79022222222223
 20
255.9692666666667
 10
23.72466666666667
 20
256.3227777777778
 10
23.61333333333334
 20
256.6538888888889
 10
23.46644444444445
 20
256.9625555555556
 10
23.26155555555556
 20
257.2485111111111
 10
23.02044444444445
 20
257.5122222222222
 10
22.73355555555556
 20
257.7533333333333
 10
22.40777777777778
 20
257.9718888888889
 10
22.04044444444445
 20
258.1815777777778
 10
21.6668888888889
 20
258.3962444444444
 10
21.25711111111112
 20
258.6157111111111
 10
20.83377777777779
 20
258.8400222222223
 10
20.3928888888889
 20
259.0691777777778
 10
19.93711111111112
 20
259.3031333333333
 10
19.44644444444445
 20
259.5420888888889
 10
18.95200000000001
 20
259.7858444444444
 10
18.45022222222223
 20
260.0367777777778
 10
17.9768888888889
 20
260.2972
 10
17.52622222222223
 20
260.5671333333333
 10
17.09644444444445
 20
260.8465555555556
 10
16.69422222222223
 20
261.1356222222223
 10
16.31333333333334
 20
261.4340222222222
 10
15.96333333333334
 20
261.7420888888889
 10
15.63577777777779
 20
262.0596444444444
 10
15.33444444444445
 20
262.3901111111111
 10
15.08044444444445
 20
262.7369333333333
 10
14.86111111111112
 20
263.1002666666666
 10
14.68444444444445
 20
263.4799333333333
 10
14.55244444444445
 20
263.8759333333333
 10
14.45266666666667
 20
264.2884444444445
 10
14.38800000000001
 20
264.7174666666667
 10
14.37555555555556
 20
265.1626666666666
 10
14.39800000000001
 20
265.7011111111111
 10
14.47444444444445
 20
266.2143333333333
 10
14.59666666666667
 20
266.7020222222222
 10
14.78400000000001
 20
267.1645111111112
 10
15.01066666666667
 20
267.6017555555556
 10
15.2908888888889
 20
268.0134888888888
 10
15.6308888888889
 20
268.4000222222222
 10
16.00688888888889
 20
268.7613111111111
 10
16.42533333333334
 20
269.0880444444445
 10
16.86377777777778
 20
269.3712
 10
17.30377777777779
 20
269.6107555555556
 10
17.76911111111112
 20
269.8067555555556
 10
18.23600000000001
 20
269.9593111111112
 10
18.73155555555556
 20
270.0682666666666
 10
19.23222222222223
 20
270.1334888888889
 10
19.74533333333335
 20
270.1552888888889
 10
20.27822222222223
 20
270.1342666666667
 10
20.79644444444445
 20
270.0709111111111
 10
21.29333333333334
 20
269.9655333333333
 10
21.75777777777779
 20
269.8178
 10
22.21111111111112
 20
269.6280444444445
 10
22.65200000000001
 20
269.3959555555556
 10
23.0528888888889
 20
269.1218222222222
 10
23.45955555555556
 20
268.8053555555555
 10
23.81755555555556
 20
268.4528
 10
24.13266666666668
 20
268.0703111111111
 10
24.39466666666667
 20
267.6579555555555
 10
24.60577777777778
 20
267.2155555555556
 10
24.77644444444445
 20
266.7431333333333
 10
24.89600000000001
 20
266.2406444444445
 10
24.97244444444445
 20
265.7082666666666
 10
24.99177777777778
 20
265.1458444444444
 10
22.89977777777779
 20
265.1458444444444
 10
22.88844444444445
 20
265.5126
 10
22.83755555555556
 20
265.8527111111111
 10
22.77155555555557
 20
266.1663777777778
 10
22.68355555555556
 20
266.4534222222222
 10
22.55733333333334
 20
266.7138444444445
 10
22.40777777777778
 20
266.9476666666666
 10
22.23355555555556
 20
267.155
 10
22.03355555555556
 20
267.3357333333333
 10
21.80755555555556
 20
267.4926444444445
 10
21.57044444444445
 20
267.6286888888889
 10
21.31200000000001
 20
267.7438888888889
 10
21.0328888888889
 20
267.8380666666667
 10
20.73911111111112
 20
267.9112222222222
 10
20.42155555555556
 20
267.9635333333334
 10
20.09155555555557
 20
267.9949777777778
 10
19.74533333333335
 20
268.0054000000001
 10
19.39111111111112
 20
267.9942
 10
19.06044444444445
 20
267.9602444444445
 10
18.7408888888889
 20
267.9039111111111
 10
18.44155555555556
 20
267.8248222222222
 10
18.15511111111112
 20
267.7233333333334
 10
17.88244444444445
 20
267.5991111111111
 10
17.63200000000001
 20
267.4524666666667
 10
17.39533333333334
 20
267.2831333333333
 10
17.17244444444445
 20
267.0918222222223
 10
16.99066666666668
 20
266.8785333333334
 10
16.82622222222223
 20
266.6434888888889
 10
16.69933333333334
 20
266.3866444444444
 10
16.59466666666668
 20
266.1081555555556
 10
16.52377777777778
 20
265.8077333333333
 10
16.48644444444445
 20
265.4856666666666
 10
16.46755555555556
 20
265.1416444444444
 10
16.48955555555556
 20
264.8033777777778
 10
16.53622222222223
 20
264.4856666666667
 10
16.59911111111112
 20
264.1885111111112
 10
16.69933333333334
 20
263.9118888888889
 10
16.83555555555556
 20
263.6558222222222
 10
16.99688888888889
 20
263.4201555555555
 10
17.19
 20
263.2051777777777
 10
17.40422222222223
 20
263.0107555555555
 10
17.65311111111112
 20
262.8244222222223
 10
17.93222222222223
 20
262.6340444444444
 10
18.2508888888889
 20
262.4396222222222
 10
18.58711111111112
 20
262.2411555555556
 10
18.96822222222223
 20
262.0386222222222
 10
19.37555555555556
 20
261.8320666666667
 10
19.81511111111112
 20
261.6214444444444
 10
20.77400000000001
 20
261.1852666666666
  0
LWPOLYLINE
  5
8C
100
AcDbEntity
  8
0
  6
ByLayer
 62
  256
370
   -1
100
AcDbPolyline
 90
   11
 70
    1
 43
0
 10
40.13577777777778
 20
249.9495644444445
 10
40.13577777777778
 20
254.5684444444445
 10
32.57555555555555
 20
254.5684444444445
 10
32.57555555555555
 20
255.8030222222222
 10
40.35866666666666
 20
270.2896222222222
 10
42.10844444444446
 20
270.2896222222222
 10
42.10844444444446
 20
256.9871555555555
 10
44.48044444444445
 20
256.9871555555555
 10
44.48044444444445
 20
254.5684444444445
 10
42.10844444444446
 20
254.5684444444445
 10
42.10844444444446
 20
249.9495644444445
  0
LWPOLYLINE
  5
8D
100
AcDbEntity
  8
0
  6
ByLayer
 62
  256
370
   -1
100
AcDbPolyline
 90
    3
 70
    1
 43
0
 10
35.34133333333334
 20
256.9871555555555
 10
40.13577777777778
 20
256.9871555555555
 10
40.13577777777778
 20
265.5658222222222
  0
LWPOLYLINE
  5
8E
100
AcDbEntity
  8
0
  6
ByLayer
 62
  256
370
   -1
100
AcDbPolyline
 90
   64
 70
    1
 43
0
 10
51.17422222222223
 20
261.2061333333333
 10
51.25111111111111
 20
262.1455777777778
 10
51.37333333333333
 20
263.0555777777778
 10
51.55022222222222
 20
263.9360222222222
 10
51.76933333333334
 20
264.7870444444445
 10
52.05577777777779
 20
265.6088
 10
52.38177777777778
 20
266.4008
 10
52.76044444444445
 20
267.1635777777778
 10
53.17911111111112
 20
267.8646666666667
 10
53.62466666666667
 20
268.4724000000001
 10
54.10311111111111
 20
268.9867111111111
 10
54.61111111111111
 20
269.4073111111111
 10
55.13933333333334
 20
269.7346666666667
 10
55.70711111111112
 20
269.9683333333333
 10
56.28488888888889
 20
270.1085777777778
 10
56.91266666666667
 20
270.1552888888889
 10
57.52244444444444
 20
270.1085777777778
 10
58.11044444444445
 20
269.9683333333333
 10
58.67333333333334
 20
269.7346666666667
 10
59.20266666666667
 20
269.4073111111111
 10
59.70711111111111
 20
268.9867111111111
 10
60.18777777777778
 20
268.4724000000001
 10
60.63822222222223
 20
267.8646666666667
 10
61.062
 20
267.1635777777778
 10
61.44400000000001
 20
266.4005111111111
 10
61.76800000000001
 20
265.6070888888889
 10
62.04822222222224
 20
264.7836222222222
 10
62.27955555555556
 20
263.9298000000001
 10
62.45422222222223
 20
263.0456222222222
 10
62.58133333333335
 20
262.1314
 10
62.65822222222223
 20
261.1868222222222
 10
62.68088888888889
 20
260.2120444444444
 10
62.65822222222223
 20
259.2372888888889
 10
62.58133333333335
 20
258.2927111111111
 10
62.45422222222223
 20
257.3783333333333
 10
62.27955555555556
 20
256.4943111111111
 10
62.04822222222224
 20
255.6405111111111
 10
61.76800000000001
 20
254.8168888888889
 10
61.44400000000001
 20
254.0236
 10
61.062
 20
253.2605333333333
 10
60.63822222222223
 20
252.5592888888889
 10
60.18777777777778
 20
251.95156
 10
59.70711111111111
 20
251.4374066666666
 10
59.20266666666667
 20
251.0166444444445
 10
58.67333333333334
 20
250.6894377777778
 10
58.11044444444445
 20
250.4556311111111
 10
57.52244444444444
 20
250.3153755555556
 10
56.91266666666667
 20
250.2686777777778
 10
56.28488888888889
 20
250.3153755555556
 10
55.70711111111112
 20
250.4556311111111
 10
55.13933333333334
 20
250.6894377777778
 10
54.61111111111111
 20
251.0166444444445
 10
54.10311111111111
 20
251.4374066666666
 10
53.62466666666667
 20
251.95156
 10
53.17911111111112
 20
252.5592888888889
 10
52.76044444444445
 20
253.2605333333333
 10
52.38177777777778
 20
254.0239333333333
 10
52.05577777777779
 20
254.8184444444444
 10
51.76933333333334
 20
255.6440888888889
 10
51.55022222222222
 20
256.5005333333334
 10
51.37333333333333
 20
257.3881333333333
 10
51.25111111111111
 20
258.3068666666667
 10
51.17422222222223
 20
259.2564222222222
 10
51.14644444444444
 20
260.2372666666667
  0
LWPOLYLINE
  5
8F
100
AcDbEntity
  8
0
  6
ByLayer
 62
  256
370
   -1
100
AcDbPolyline
 90
   64
 70
    1
 43
0
 10
53.26222222222222
 20
259.3272666666667
 10
53.31244444444445
 20
258.4912
 10
53.38822222222223
 20
257.7038222222222
 10
53.51133333333333
 20
256.9650444444444
 10
53.64866666666668
 20
256.2751333333334
 10
53.83533333333333
 20
255.6338
 10
54.04333333333334
 20
255.0410444444445
 10
54.29
 20
254.4971333333333
 10
54.55733333333333
 20
254.0099111111111
 10
54.84755555555556
 20
253.5877555555555
 10
55.1488888888889
 20
253.2305111111111
 10
55.46800000000001
 20
252.9383333333333
 10
55.79933333333334
 20
252.7108888888889
 10
56.158
 20
252.5485333333333
 10
56.51377777777778
 20
252.4510888888889
 10
56.91266666666667
 20
252.4185555555555
 10
57.29088888888889
 20
252.4510888888889
 10
57.6668888888889
 20
252.5485333333333
 10
58.01955555555556
 20
252.7108888888889
 10
58.34933333333333
 20
252.9383333333333
 10
58.67333333333334
 20
253.2305111111111
 10
58.9748888888889
 20
253.5877555555555
 10
59.26133333333334
 20
254.0099111111111
 10
59.53266666666667
 20
254.4971333333333
 10
59.77933333333334
 20
255.0415111111111
 10
60.00088888888889
 20
255.6353777777778
 10
60.18022222222223
 20
256.2785777777777
 10
60.32977777777778
 20
256.9714444444444
 10
60.43933333333334
 20
257.7136444444444
 10
60.51622222222223
 20
258.5053555555555
 10
60.56622222222222
 20
259.3465555555555
 10
60.57844444444446
 20
260.2372666666667
 10
60.56622222222222
 20
261.1455777777778
 10
60.51622222222223
 20
261.9998666666667
 10
60.43933333333334
 20
262.8002888888889
 10
60.32977777777778
 20
263.5465555555556
 10
60.18022222222223
 20
264.2389333333333
 10
60.00088888888889
 20
264.8773333333333
 10
59.77933333333334
 20
265.4616888888889
 10
59.53266666666667
 20
265.9920444444444
 10
59.26133333333334
 20
266.4638444444444
 10
58.9748888888889
 20
266.8729333333334
 10
58.67333333333334
 20
267.2189777777778
 10
58.34933333333333
 20
267.5021333333334
 10
58.01955555555556
 20
267.7222444444444
 10
57.6668888888889
 20
267.8796222222223
 10
57.29088888888889
 20
267.9739555555556
 10
56.91266666666667
 20
268.0054000000001
 10
56.51377777777778
 20
267.9739555555556
 10
56.158
 20
267.8796222222223
 10
55.79933333333334
 20
267.7222444444444
 10
55.46800000000001
 20
267.5021333333334
 10
55.1488888888889
 20
267.2189777777778
 10
54.84755555555556
 20
266.8729333333334
 10
54.55733333333333
 20
266.4638444444444
 10
54.29
 20
265.9920444444444
 10
54.04333333333334
 20
265.4612222222223
 10
53.83533333333333
 20
264.8757777777778
 10
53.64866666666668
 20
264.2353555555555
 10
53.51133333333333
 20
263.5403111111111
 10
53.38822222222223
 20
262.7903333333334
 10
53.31244444444445
 20
261.9857111111111
 10
53.26222222222222
 20
261.1262666666667
 10
53.23888888888889
 20
260.2120444444444
  0
LWPOLYLINE
  5
90
100
AcDbEntity
  8
0
  6
ByLayer
 62
  256
370
   -1
100
AcDbPolyline
 90
    7
 70
    1
 43
0
 10
79.99955555555557
 20
269.8866222222222
 10
79.99955555555557
 20
267.6820888888888
 10
74.67711111111113
 20
249.8320377777778
 10
72.59000000000002
 20
249.8320377777778
 10
77.68800000000002
 20
267.4678888888889
 10
69.3468888888889
 20
267.4678888888889
 10
69.3468888888889
 20
269.8866222222222
  0
LWPOLYLINE
  5
91
100
AcDbEntity
  8
0
  6
ByLayer
 62
  256
370
   -1
100
AcDbPolyline
 90
  194
 70
    0
 43
0
 10
20.14777777777778
 20
301.1862
 10
20.6208888888889
 20
300.9583111111111
 10
21.09911111111111
 20
300.7229555555556
 10
21.57733333333334
 20
300.4802666666666
 10
22.05244444444445
 20
300.2301111111111
 10
22.51377777777779
 20
299.9724888888888
 10
22.98711111111111
 20
299.7075555555556
 10
23.44533333333333
 20
299.4351333333333
 10
23.87377777777778
 20
299.1333111111111
 10
24.24911111111112
 20
298.7796444444445
 10
24.56111111111112
 20
298.3742888888889
 10
24.82711111111111
 20
297.9172444444445
 10
25.02511111111112
 20
297.4085333333334
 10
25.17511111111111
 20
296.848
 10
25.256
 20
296.2359111111111
 10
25.28288888888889
 20
295.5721555555556
 10
25.256
 20
294.9454666666667
 10
25.17888888888889
 20
294.3522222222223
 10
25.04688888888889
 20
293.7927555555556
 10
24.85511111111112
 20
293.2667777777778
 10
24.606
 20
292.7745555555556
 10
24.31955555555556
 20
292.3156666666667
 10
23.96844444444445
 20
291.8905466666667
 10
23.56488888888889
 20
291.4990444444445
 10
23.114
 20
291.1477155555556
 10
22.64088888888889
 20
290.8432288888889
 10
22.13644444444445
 20
290.5856088888889
 10
21.60733333333334
 20
290.3746844444445
 10
21.04933333333334
 20
290.2107688888889
 10
20.46711111111111
 20
290.0937111111111
 10
19.84511111111112
 20
290.0233488888889
 10
19.20622222222222
 20
290
 10
18.58288888888889
 20
290.0235044444445
 10
17.97844444444445
 20
290.0941711111111
 10
17.38822222222223
 20
290.2120155555556
 10
16.82777777777778
 20
290.3768577777777
 10
16.29222222222223
 20
290.58888
 10
15.77666666666667
 20
290.8479044444444
 10
15.28733333333334
 20
291.1540955555556
 10
14.80777777777778
 20
291.5074511111112
 10
14.37822222222223
 20
291.9009711111111
 10
14.00466666666667
 20
292.3278
 10
13.68088888888889
 20
292.7879555555555
 10
13.42555555555556
 20
293.2815555555555
 10
13.22133333333334
 20
293.8083333333333
 10
13.07177777777778
 20
294.3685777777778
 10
12.98466666666667
 20
294.9621111111111
 10
12.95844444444445
 20
295.5888222222222
 10
15.05933333333334
 20
295.5888222222222
 10
15.08177777777778
 20
295.1691555555556
 10
15.13777777777778
 20
294.7768888888889
 10
15.23755555555556
 20
294.4123111111111
 10
15.36822222222223
 20
294.0751333333334
 10
15.54511111111112
 20
293.7655333333333
 10
15.76422222222223
 20
293.4836222222223
 10
16.01822222222222
 20
293.2291111111111
 10
16.30466666666667
 20
293.0023111111111
 10
16.62355555555556
 20
292.8024222222223
 10
16.95533333333334
 20
292.6293333333333
 10
17.3008888888889
 20
292.4828444444444
 10
17.65333333333334
 20
292.3629777777778
 10
18.01022222222223
 20
292.2697333333334
 10
18.39688888888889
 20
292.20312
 10
18.78777777777778
 20
292.1631133333334
 10
19.18888888888889
 20
292.1498822222222
 10
19.63955555555556
 20
292.1645111111112
 10
20.07044444444445
 20
292.2081022222222
 10
20.47577777777778
 20
292.2809555555556
 10
20.86244444444445
 20
292.3829111111111
 10
21.21622222222223
 20
292.5139777777777
 10
21.5448888888889
 20
292.6741555555556
 10
21.85000000000001
 20
292.8636
 10
22.12777777777779
 20
293.0820000000001
 10
22.37688888888889
 20
293.3251555555556
 10
22.58600000000001
 20
293.5885333333334
 10
22.76777777777779
 20
293.8721555555556
 10
22.92177777777778
 20
294.1758444444444
 10
23.03688888888889
 20
294.4999555555556
 10
23.11977777777778
 20
294.8441333333334
 10
23.17022222222223
 20
295.2085333333333
 10
23.19133333333333
 20
295.5930222222223
 10
23.16400000000001
 20
295.9692666666667
 10
23.09844444444445
 20
296.3227777777778
 10
22.98711111111111
 20
296.653888888889
 10
22.84022222222223
 20
296.9625555555556
 10
22.63533333333334
 20
297.248511111111
 10
22.39422222222223
 20
297.5122222222222
 10
22.10733333333333
 20
297.7533333333333
 10
21.78155555555556
 20
297.9718888888889
 10
21.41422222222223
 20
298.1815777777778
 10
21.04066666666667
 20
298.3962444444444
 10
20.6308888888889
 20
298.6157111111111
 10
20.20755555555556
 20
298.8400222222222
 10
19.76666666666667
 20
299.0691777777777
 10
19.31088888888889
 20
299.3031333333334
 10
18.82022222222222
 20
299.5420888888889
 10
18.32577777777778
 20
299.7858444444445
 10
17.82400000000001
 20
300.0367777777778
 10
17.35066666666667
 20
300.2972
 10
16.90000000000001
 20
300.5671333333333
 10
16.47022222222223
 20
300.8465555555555
 10
16.068
 20
301.1356222222223
 10
15.68711111111112
 20
301.4340222222222
 10
15.33711111111112
 20
301.7420888888888
 10
15.00955555555556
 20
302.0596444444445
 10
14.70822222222223
 20
302.3901111111111
 10
14.45422222222223
 20
302.7369333333334
 10
14.23488888888889
 20
303.1002666666667
 10
14.05822222222223
 20
303.4799333333333
 10
13.92622222222223
 20
303.8759333333333
 10
13.82644444444445
 20
304.2884444444445
 10
13.76177777777778
 20
304.7174666666667
 10
13.74933333333334
 20
305.1626666666666
 10
13.77177777777778
 20
305.7011111111111
 10
13.84822222222223
 20
306.2143333333333
 10
13.97044444444445
 20
306.7020222222222
 10
14.15777777777778
 20
307.1645111111112
 10
14.38444444444445
 20
307.6017555555556
 10
14.66466666666667
 20
308.0134888888888
 10
15.00466666666667
 20
308.4000222222222
 10
15.38066666666667
 20
308.7613111111111
 10
15.79911111111112
 20
309.0880444444445
 10
16.23755555555556
 20
309.3712
 10
16.67755555555556
 20
309.6107555555556
 10
17.14288888888889
 20
309.8067555555556
 10
17.60977777777778
 20
309.9593111111112
 10
18.10533333333333
 20
310.0682666666666
 10
18.60600000000001
 20
310.1334888888889
 10
19.11911111111112
 20
310.1552888888889
 10
19.65200000000001
 20
310.1342666666667
 10
20.17022222222223
 20
310.0709111111111
 10
20.66711111111111
 20
309.9655333333333
 10
21.13155555555556
 20
309.8178
 10
21.58488888888889
 20
309.6280444444445
 10
22.02577777777779
 20
309.3959555555556
 10
22.42666666666667
 20
309.1218222222222
 10
22.83333333333334
 20
308.8053555555555
 10
23.19133333333333
 20
308.4528
 10
23.50644444444445
 20
308.0703111111111
 10
23.76844444444445
 20
307.6579555555555
 10
23.97955555555556
 20
307.2155555555556
 10
24.15022222222223
 20
306.7431333333333
 10
24.26977777777778
 20
306.2406444444445
 10
24.34622222222222
 20
305.7082666666666
 10
24.36555555555556
 20
305.1458444444444
 10
22.27355555555556
 20
305.1458444444444
 10
22.26222222222222
 20
305.5126
 10
22.21133333333334
 20
305.8527111111111
 10
22.14533333333334
 20
306.1663777777778
 10
22.05733333333334
 20
306.4534222222222
 10
21.93111111111112
 20
306.7138444444445
 10
21.78155555555556
 20
306.9476666666666
 10
21.60733333333334
 20
307.155
 10
21.40733333333334
 20
307.3357333333333
 10
21.18133333333333
 20
307.4926444444445
 10
20.94422222222222
 20
307.6286888888889
 10
20.68577777777778
 20
307.7438888888889
 10
20.40666666666667
 20
307.8380666666667
 10
20.1128888888889
 20
307.9112222222222
 10
19.79533333333334
 20
307.9635333333334
 10
19.46533333333334
 20
307.9949777777778
 10
19.11911111111112
 20
308.0054000000001
 10
18.76488888888889
 20
307.9942
 10
18.43422222222223
 20
307.9602444444445
 10
18.11466666666667
 20
307.9039111111111
 10
17.81533333333334
 20
307.8248222222222
 10
17.52888888888889
 20
307.7233333333334
 10
17.25622222222223
 20
307.5991111111111
 10
17.00577777777778
 20
307.4524666666667
 10
16.76911111111112
 20
307.2831333333333
 10
16.54622222222223
 20
307.0918222222223
 10
16.36444444444445
 20
306.8785333333334
 10
16.20000000000001
 20
306.6434888888889
 10
16.07311111111112
 20
306.3866444444444
 10
15.96844444444445
 20
306.1081555555556
 10
15.89755555555556
 20
305.8077333333333
 10
15.86022222222223
 20
305.4856666666666
 10
15.84133333333334
 20
305.1416444444444
 10
15.86333333333334
 20
304.8033777777778
 10
15.91
 20
304.4856666666667
 10
15.9728888888889
 20
304.1885111111112
 10
16.07311111111112
 20
303.9118888888889
 10
16.20933333333334
 20
303.6558222222222
 10
16.37066666666667
 20
303.4201555555555
 10
16.56377777777778
 20
303.2051777777779
 10
16.77800000000001
 20
303.0107555555556
 10
17.02688888888889
 20
302.8244222222222
 10
17.306
 20
302.6340444444444
 10
17.62466666666667
 20
302.4396222222222
 10
17.96088888888889
 20
302.2411555555555
 10
18.34200000000001
 20
302.0386222222222
 10
18.74933333333334
 20
301.8320666666667
 10
19.18888888888889
 20
301.6214444444444
 10
20.14777777777778
 20
301.1852666666666
  0
LWPOLYLINE
  5
92
100
AcDbEntity
  8
0
  6
ByLayer
 62
  256
370
   -1
100
AcDbPolyline
 90
   11
 70
    1
 43
0
 10
39.50955555555556
 20
289.9495644444444
 10
39.50955555555556
 20
294.5684444444444
 10
31.94933333333334
 20
294.5684444444444
 10
31.94933333333334
 20
295.8030222222222
 10
39.73244444444444
 20
310.2896222222222
 10
41.48222222222223
 20
310.2896222222222
 10
41.48222222222223
 20
296.9871555555556
 10
43.85422222222223
 20
296.9871555555556
 10
43.85422222222223
 20
294.5684444444444
 10
41.48222222222223
 20
294.5684444444444
 10
41.48222222222223
 20
289.9495644444444
  0
LWPOLYLINE
  5
93
100
AcDbEntity
  8
0
  6
ByLayer
 62
  256
370
   -1
100
AcDbPolyline
 90
    3
 70
    1
 43
0
 10
34.71511111111111
 20
296.9871555555556
 10
39.50955555555556
 20
296.9871555555556
 10
39.50955555555556
 20
305.5658222222222
  0
LWPOLYLINE
  5
94
100
AcDbEntity
  8
0
  6
ByLayer
 62
  256
370
   -1
100
AcDbPolyline
 90
   64
 70
    1
 43
0
 10
50.548
 20
301.2061333333333
 10
50.62488888888888
 20
302.1455777777778
 10
50.74711111111111
 20
303.0555777777777
 10
50.92399999999999
 20
303.9360222222222
 10
51.14311111111112
 20
304.7870444444445
 10
51.42955555555557
 20
305.6088
 10
51.75555555555555
 20
306.4008
 10
52.13422222222222
 20
307.1635777777778
 10
52.55288888888889
 20
307.8646666666667
 10
52.99844444444444
 20
308.4724000000001
 10
53.47688888888889
 20
308.9867111111111
 10
53.98488888888889
 20
309.4073111111111
 10
54.51311111111112
 20
309.7346666666667
 10
55.08088888888889
 20
309.9683333333333
 10
55.65866666666666
 20
310.1085777777778
 10
56.28644444444444
 20
310.1552888888889
 10
56.89622222222221
 20
310.1085777777778
 10
57.48422222222222
 20
309.9683333333333
 10
58.04711111111111
 20
309.7346666666667
 10
58.57644444444445
 20
309.4073111111111
 10
59.08088888888889
 20
308.9867111111111
 10
59.56155555555556
 20
308.4724000000001
 10
60.012
 20
307.8646666666667
 10
60.43577777777778
 20
307.1635777777778
 10
60.81777777777778
 20
306.4005111111111
 10
61.14177777777779
 20
305.6070888888889
 10
61.42200000000001
 20
304.7836222222222
 10
61.65333333333334
 20
303.9298000000001
 10
61.828
 20
303.0456222222222
 10
61.95511111111112
 20
302.1314
 10
62.032
 20
301.1868222222222
 10
62.05466666666666
 20
300.2120444444444
 10
62.032
 20
299.2372888888889
 10
61.95511111111112
 20
298.2927111111111
 10
61.828
 20
297.3783333333333
 10
61.65333333333334
 20
296.4943111111111
 10
61.42200000000001
 20
295.6405111111111
 10
61.14177777777779
 20
294.8168888888889
 10
60.81777777777778
 20
294.0235999999999
 10
60.43577777777778
 20
293.2605333333333
 10
60.012
 20
292.5592888888889
 10
59.56155555555556
 20
291.95156
 10
59.08088888888889
 20
291.4374066666667
 10
58.57644444444445
 20
291.0166444444445
 10
58.04711111111111
 20
290.6894377777778
 10
57.48422222222222
 20
290.4556311111111
 10
56.89622222222221
 20
290.3153755555555
 10
56.28644444444444
 20
290.2686777777778
 10
55.65866666666666
 20
290.3153755555555
 10
55.08088888888889
 20
290.4556311111111
 10
54.51311111111112
 20
290.6894377777778
 10
53.98488888888889
 20
291.0166444444445
 10
53.47688888888889
 20
291.4374066666667
 10
52.99844444444444
 20
291.95156
 10
52.55288888888889
 20
292.5592888888889
 10
52.13422222222222
 20
293.2605333333333
 10
51.75555555555555
 20
294.0239333333333
 10
51.42955555555557
 20
294.8184444444444
 10
51.14311111111112
 20
295.644088888889
 10
50.92399999999999
 20
296.5005333333333
 10
50.74711111111111
 20
297.3881333333333
 10
50.62488888888888
 20
298.3068666666667
 10
50.548
 20
299.2564222222222
 10
50.52022222222222
 20
300.2372666666666
  0
LWPOLYLINE
  5
95
100
AcDbEntity
  8
0
  6
ByLayer
 62
  256
370
   -1
100
AcDbPolyline
 90
   64
 70
    1
 43
0
 10
52.636
 20
299.3272666666667
 10
52.68622222222223
 20
298.4911999999999
 10
52.762
 20
297.7038222222222
 10
52.88511111111111
 20
296.9650444444445
 10
53.02244444444445
 20
296.2751333333333
 10
53.20911111111111
 20
295.6338
 10
53.41711111111111
 20
295.0410444444444
 10
53.66377777777777
 20
294.4971333333333
 10
53.93111111111111
 20
294.0099111111111
 10
54.22133333333333
 20
293.5877555555555
 10
54.52266666666667
 20
293.2305111111111
 10
54.84177777777779
 20
292.9383333333333
 10
55.17311111111111
 20
292.7108888888889
 10
55.53177777777778
 20
292.5485333333334
 10
55.88755555555556
 20
292.4510888888888
 10
56.28644444444444
 20
292.4185555555555
 10
56.66466666666666
 20
292.4510888888888
 10
57.04066666666667
 20
292.5485333333334
 10
57.39333333333333
 20
292.7108888888889
 10
57.72311111111111
 20
292.9383333333333
 10
58.04711111111111
 20
293.2305111111111
 10
58.34866666666667
 20
293.5877555555555
 10
58.63511111111112
 20
294.0099111111111
 10
58.90644444444445
 20
294.4971333333333
 10
59.15311111111112
 20
295.0415111111112
 10
59.37466666666667
 20
295.6353777777777
 10
59.554
 20
296.2785777777777
 10
59.70355555555555
 20
296.9714444444445
 10
59.81311111111111
 20
297.7136444444444
 10
59.89
 20
298.5053555555555
 10
59.94
 20
299.3465555555555
 10
59.95222222222223
 20
300.2372666666666
 10
59.94
 20
301.1455777777778
 10
59.89
 20
301.9998666666667
 10
59.81311111111111
 20
302.8002888888889
 10
59.70355555555555
 20
303.5465555555556
 10
59.554
 20
304.2389333333333
 10
59.37466666666667
 20
304.8773333333333
 10
59.15311111111112
 20
305.4616888888889
 10
58.90644444444445
 20
305.9920444444444
 10
58.63511111111112
 20
306.4638444444444
 10
58.34866666666667
 20
306.8729333333334
 10
58.04711111111111
 20
307.2189777777778
 10
57.72311111111111
 20
307.5021333333334
 10
57.39333333333333
 20
307.7222444444444
 10
57.04066666666667
 20
307.8796222222223
 10
56.66466666666666
 20
307.9739555555556
 10
56.28644444444444
 20
308.0054000000001
 10
55.88755555555556
 20
307.9739555555556
 10
55.53177777777778
 20
307.8796222222223
 10
55.17311111111111
 20
307.7222444444444
 10
54.84177777777779
 20
307.5021333333334
 10
54.52266666666667
 20
307.2189777777778
 10
54.22133333333333
 20
306.8729333333334
 10
53.93111111111111
 20
306.4638444444444
 10
53.66377777777777
 20
305.9920444444444
 10
53.41711111111111
 20
305.4612222222223
 10
53.20911111111111
 20
304.8757777777778
 10
53.02244444444445
 20
304.2353555555555
 10
52.88511111111111
 20
303.5403111111111
 10
52.762
 20
302.7903333333334
 10
52.68622222222223
 20
301.9857111111111
 10
52.636
 20
301.1262666666667
 10
52.61266666666666
 20
300.2120444444444
  0
LWPOLYLINE
  5
96
100
AcDbEntity
  8
0
  6
ByLayer
 62
  256
370
   -1
100
AcDbPolyline
 90
  128
 70
    1
 43
0
 10
68.72977777777777
 20
296.3473777777778
 10
68.78933333333335
 20
296.8299333333333
 10
68.87422222222222
 20
297.2801111111111
 10
68.98888888888889
 20
297.6979333333333
 10
69.14444444444443
 20
298.0832
 10
69.33133333333335
 20
298.4360888888889
 10
69.55644444444444
 20
298.7566
 10
69.81688888888888
 20
299.0447333333333
 10
70.09088888888888
 20
299.3090444444445
 10
70.37733333333333
 20
299.5582666666667
 10
70.65755555555556
 20
299.7923777777777
 10
70.93777777777778
 20
300.0115555555556
 10
71.22422222222222
 20
300.2154888888889
 10
71.51688888888889
 20
300.4044666666666
 10
71.80311111111109
 20
300.5781777777777
 10
72.09933333333333
 20
300.7369555555556
 10
71.85933333333332
 20
300.9013333333333
 10
71.62644444444445
 20
301.0795777777778
 10
71.41222222222221
 20
301.2718222222222
 10
71.19022222222223
 20
301.4780888888889
 10
70.99377777777777
 20
301.6980444444444
 10
70.80044444444444
 20
301.932
 10
70.61399999999999
 20
302.1799777777778
 10
70.44333333333334
 20
302.4416444444445
 10
70.29022222222223
 20
302.719511111111
 10
70.14422222222221
 20
303.0154222222222
 10
70.03444444444446
 20
303.3294
 10
69.93533333333333
 20
303.6615777777778
 10
69.85777777777777
 20
304.0116666666667
 10
69.80822222222221
 20
304.3801333333334
 10
69.78088888888888
 20
304.7664888888889
 10
69.76688888888889
 20
305.1710666666667
 10
69.78577777777778
 20
305.6618666666667
 10
69.84777777777778
 20
306.1371333333333
 10
69.95733333333334
 20
306.5966444444444
 10
70.11199999999999
 20
307.0407555555556
 10
70.3037777777778
 20
307.4691333333333
 10
70.53022222222221
 20
307.8818
 10
70.81288888888888
 20
308.2789111111111
 10
71.12577777777777
 20
308.6604444444445
 10
71.47666666666667
 20
309.0108444444445
 10
71.84688888888887
 20
309.3145333333333
 10
72.24155555555556
 20
309.5713777777778
 10
72.65622222222224
 20
309.7816888888889
 10
73.07933333333334
 20
309.9451333333333
 10
73.52399999999999
 20
310.0618888888889
 10
74.00466666666667
 20
310.1319333333333
 10
74.48822222222223
 20
310.1552888888889
 10
74.98866666666667
 20
310.1319333333333
 10
75.46199999999999
 20
310.0618888888889
 10
75.92022222222224
 20
309.9451333333333
 10
76.34355555555557
 20
309.7816888888889
 10
76.75711111111112
 20
309.5713777777778
 10
77.15311111111113
 20
309.3145333333333
 10
77.51644444444446
 20
309.0108444444445
 10
77.86266666666668
 20
308.6604444444445
 10
78.17644444444446
 20
308.2789111111111
 10
78.44666666666667
 20
307.8818
 10
78.68977777777778
 20
307.4691333333333
 10
78.87155555555556
 20
307.0407555555556
 10
79.01955555555557
 20
306.5966444444444
 10
79.12288888888889
 20
306.1371333333333
 10
79.18555555555555
 20
305.6618666666667
 10
79.20666666666668
 20
305.1710666666667
 10
79.19511111111112
 20
304.8030666666667
 10
79.16311111111112
 20
304.4464444444445
 10
79.11955555555555
 20
304.1013333333333
 10
79.04844444444444
 20
303.7676
 10
78.96377777777778
 20
303.4452222222222
 10
78.84888888888889
 20
303.1343555555555
 10
78.7168888888889
 20
302.8348444444445
 10
78.56777777777776
 20
302.5467111111112
 10
78.40955555555557
 20
302.2693111111111
 10
78.23133333333334
 20
302.0018888888889
 10
78.03977777777777
 20
301.7444222222222
 10
77.83666666666667
 20
301.4969111111111
 10
77.61644444444443
 20
301.2593777777777
 10
77.38466666666666
 20
301.0319555555556
 10
77.14066666666668
 20
300.8143333333333
 10
76.89400000000001
 20
300.6066666666667
 10
77.13533333333334
 20
300.4692222222222
 10
77.38466666666666
 20
300.3188444444445
 10
77.63844444444443
 20
300.1558666666666
 10
77.89
 20
299.9799555555555
 10
78.1491111111111
 20
299.7916
 10
78.41333333333334
 20
299.5903333333333
 10
78.66711111111111
 20
299.3762888888889
 10
78.93644444444445
 20
299.1496444444444
 10
79.18555555555555
 20
298.8938888888889
 10
79.39933333333333
 20
298.5928444444444
 10
79.58155555555557
 20
298.2461555555556
 10
79.7308888888889
 20
297.8541999999999
 10
79.85022222222221
 20
297.4169555555555
 10
79.92888888888891
 20
296.9342222222223
 10
79.97844444444446
 20
296.4060666666666
 10
79.99955555555555
 20
295.8324444444444
 10
79.97222222222223
 20
295.2295555555555
 10
79.90022222222223
 20
294.6554666666667
 10
79.78288888888889
 20
294.1103111111112
 10
79.62377777777778
 20
293.5938222222222
 10
79.40933333333334
 20
293.1061333333333
 10
79.15066666666668
 20
292.6473777777778
 10
78.84888888888889
 20
292.2172844444444
 10
78.5031111111111
 20
291.8159822222221
 10
78.10444444444447
 20
291.4534355555555
 10
77.68711111111111
 20
291.1391533333333
 10
77.23533333333333
 20
290.8731222222222
 10
76.74066666666667
 20
290.6555022222223
 10
76.21133333333334
 20
290.4862955555556
 10
75.66111111111111
 20
290.3654999999999
 10
75.06600000000002
 20
290.2929555555555
 10
74.43822222222221
 20
290.2686777777778
 10
73.81044444444443
 20
290.2937377777778
 10
73.21288888888887
 20
290.368768888889
 10
72.64511111111111
 20
290.4937688888889
 10
72.1171111111111
 20
290.6687288888889
 10
71.61022222222222
 20
290.8936644444445
 10
71.14066666666668
 20
291.1685733333334
 10
70.69466666666668
 20
291.4936
 10
70.29022222222223
 20
291.8685911111111
 10
69.92022222222224
 20
292.280488888889
 10
69.60644444444446
 20
292.7162
 10
69.33133333333335
 20
293.1758666666667
 10
69.11088888888891
 20
293.6593555555555
 10
68.93399999999998
 20
294.1668222222222
 10
68.81200000000001
 20
294.6981111111111
 10
68.74688888888889
 20
295.2533777777778
 10
68.7211111111111
 20
295.8324444444444
  0
LWPOLYLINE
  5
97
100
AcDbEntity
  8
0
  6
ByLayer
 62
  256
370
   -1
100
AcDbPolyline
 90
   64
 70
    1
 43
0
 10
70.83444444444446
 20
295.4378222222222
 10
70.88177777777778
 20
295.0457111111111
 10
70.95399999999999
 20
294.6809777777778
 10
71.05844444444443
 20
294.3438222222222
 10
71.20266666666667
 20
294.0343555555555
 10
71.37333333333332
 20
293.7522888888889
 10
71.57666666666665
 20
293.4979333333333
 10
71.81822222222223
 20
293.2709777777778
 10
72.07222222222224
 20
293.0712666666666
 10
72.35355555555556
 20
292.8981555555555
 10
72.65622222222224
 20
292.7515333333333
 10
72.97355555555555
 20
292.6316666666667
 10
73.30511111111113
 20
292.5384222222222
 10
73.66466666666668
 20
292.4719555555555
 10
74.03866666666666
 20
292.4319555555555
 10
74.43822222222221
 20
292.4185555555555
 10
74.82933333333332
 20
292.4319555555555
 10
75.20533333333333
 20
292.4719555555555
 10
75.55777777777779
 20
292.5384222222222
 10
75.88755555555556
 20
292.6316666666667
 10
76.18888888888888
 20
292.7515333333333
 10
76.47533333333334
 20
292.8981555555555
 10
76.74066666666667
 20
293.0712666666666
 10
76.98133333333334
 20
293.2709777777778
 10
77.1928888888889
 20
293.4979333333333
 10
77.38466666666666
 20
293.7522888888889
 10
77.53911111111113
 20
294.0343555555555
 10
77.66577777777779
 20
294.3438222222222
 10
77.76288888888888
 20
294.6809777777778
 10
77.83666666666667
 20
295.0457111111111
 10
77.88666666666666
 20
295.4378222222222
 10
77.89533333333333
 20
295.8576444444445
 10
77.88666666666666
 20
296.2916444444444
 10
77.83666666666667
 20
296.6887555555555
 10
77.77533333333332
 20
297.0491111111111
 10
77.67088888888888
 20
297.3724222222222
 10
77.54422222222222
 20
297.659
 10
77.38977777777779
 20
297.9085333333333
 10
77.20755555555554
 20
298.1213333333334
 10
77.00355555555556
 20
298.2972222222222
 10
76.75711111111112
 20
298.457088888889
 10
76.48777777777778
 20
298.6219555555556
 10
76.18888888888888
 20
298.7914666666667
 10
75.84799999999998
 20
298.9659555555555
 10
75.48444444444446
 20
299.1452888888889
 10
75.08844444444445
 20
299.3294444444444
 10
74.65222222222221
 20
299.5184222222223
 10
74.19177777777776
 20
299.7123777777778
 10
73.86555555555555
 20
299.5814666666667
 10
73.54666666666668
 20
299.4365333333333
 10
73.24533333333332
 20
299.2775999999999
 10
72.946
 20
299.1045111111112
 10
72.65622222222224
 20
298.9175555555556
 10
72.37599999999999
 20
298.7164444444444
 10
72.10466666666666
 20
298.5013111111111
 10
71.84688888888887
 20
298.2720222222223
 10
71.61022222222222
 20
298.0276222222222
 10
71.39444444444445
 20
297.7668666666667
 10
71.21799999999999
 20
297.4896444444444
 10
71.07066666666665
 20
297.1960666666666
 10
70.96644444444445
 20
296.8861333333334
 10
70.88177777777778
 20
296.5596888888889
 10
70.83444444444446
 20
296.2169333333333
 10
70.81666666666665
 20
295.8576444444445
  0
LWPOLYLINE
  5
98
100
AcDbEntity
  8
0
  6
ByLayer
 62
  256
370
   -1
100
AcDbPolyline
 90
   64
 70
    1
 43
0
 10
77.10288888888888
 20
305.4536
 10
77.07088888888889
 20
305.7470222222223
 10
77.00822222222223
 20
306.0259777777777
 10
76.93400000000001
 20
306.2905999999999
 10
76.84022222222221
 20
306.540911111111
 10
76.7297777777778
 20
306.7768888888889
 10
76.58022222222223
 20
306.9983999999999
 10
76.42577777777778
 20
307.2054444444445
 10
76.2391111111111
 20
307.3930222222223
 10
76.04733333333334
 20
307.5555333333334
 10
75.82555555555555
 20
307.6929777777777
 10
75.5948888888889
 20
307.8055333333334
 10
75.34711111111112
 20
307.893
 10
75.07222222222222
 20
307.9554444444444
 10
74.79200000000002
 20
307.9929555555556
 10
74.48822222222223
 20
308.0054000000001
 10
74.19177777777776
 20
307.9929555555556
 10
73.91000000000001
 20
307.9554444444444
 10
73.65222222222224
 20
307.893
 10
73.40466666666667
 20
307.8055333333334
 10
73.1731111111111
 20
307.6929777777777
 10
72.9548888888889
 20
307.5555333333334
 10
72.75577777777778
 20
307.3930222222223
 10
72.57288888888888
 20
307.2054444444445
 10
72.40066666666665
 20
306.9983999999999
 10
72.25866666666668
 20
306.7768888888889
 10
72.13666666666667
 20
306.540911111111
 10
72.04577777777777
 20
306.2905999999999
 10
71.96266666666668
 20
306.0259777777777
 10
71.90866666666665
 20
305.7470222222223
 10
71.87288888888888
 20
305.4536
 10
71.86799999999999
 20
305.1458444444444
 10
71.87288888888888
 20
304.8078888888888
 10
71.89666666666666
 20
304.4909555555556
 10
71.94022222222222
 20
304.1950444444444
 10
71.99955555555556
 20
303.9202888888889
 10
72.07222222222224
 20
303.6665777777778
 10
72.15444444444444
 20
303.4338444444444
 10
72.27022222222222
 20
303.222288888889
 10
72.38577777777778
 20
303.0316222222223
 10
72.54044444444443
 20
302.8501111111111
 10
72.73711111111112
 20
302.6656444444445
 10
72.986
 20
302.4783777777778
 10
73.28266666666666
 20
302.2878444444445
 10
73.61866666666667
 20
302.0946666666667
 10
74.01000000000002
 20
301.8983777777777
 10
74.43822222222221
 20
301.6991333333334
 10
74.91644444444445
 20
301.4969111111111
 10
75.1428888888889
 20
301.6039999999999
 10
75.35866666666668
 20
301.7277555555556
 10
75.57399999999998
 20
301.8681777777778
 10
75.77088888888888
 20
302.0255555555555
 10
75.95266666666666
 20
302.1994222222222
 10
76.13444444444444
 20
302.3901111111111
 10
76.31133333333332
 20
302.5976222222222
 10
76.47533333333334
 20
302.8217777777777
 10
76.62466666666667
 20
303.061488888889
 10
76.75711111111112
 20
303.3158444444444
 10
76.86177777777779
 20
303.5845333333334
 10
76.95600000000002
 20
303.8678444444444
 10
77.01577777777779
 20
304.1656222222222
 10
77.07088888888889
 20
304.4778888888889
 10
77.10288888888888
 20
304.8046222222222
 10
77.108
 20
305.1458444444444
  0
LWPOLYLINE
  5
99
100
AcDbEntity
  8
0
  6
ByLayer
 62
  256
370
   -1
100
AcDbPolyline
 90
    4
 70
    1
 43
0
 10
176
 20
36
 10
176
 20
4
 10
94
 20
4
 10
94
 20
36
  0
LWPOLYLINE
  5
9A
100
AcDbEntity
  8
0
  6
ByLayer
 62
  256
370
   -1
100
AcDbPolyline
 90
    4
 70
    1
 43
0
 10
176
 20
76
 10
176
 20
44
 10
94
 20
44
 10
94
 20
76
  0
LWPOLYLINE
  5
9B
100
AcDbEntity
  8
0
  6
ByLayer
 62
  256
370
   -1
100
AcDbPolyline
 90
    4
 70
    1
 43
0
 10
176
 20
116
 10
176
 20
84
 10
94
 20
84
 10
94
 20
116
  0
LWPOLYLINE
  5
9C
100
AcDbEntity
  8
0
  6
ByLayer
 62
  256
370
   -1
100
AcDbPolyline
 90
    4
 70
    1
 43
0
 10
176
 20
156
 10
176
 20
124
 10
94
 20
124
 10
94
 20
156
  0
LWPOLYLINE
  5
9D
100
AcDbEntity
  8
0
  6
ByLayer
 62
  256
370
   -1
100
AcDbPolyline
 90
    4
 70
    1
 43
0
 10
176
 20
196
 10
176
 20
164
 10
94
 20
164
 10
94
 20
196
  0
LWPOLYLINE
  5
9E
100
AcDbEntity
  8
0
  6
ByLayer
 62
  256
370
   -1
100
AcDbPolyline
 90
    4
 70
    1
 43
0
 10
176
 20
236
 10
176
 20
204
 10
94
 20
204
 10
94
 20
236
  0
LWPOLYLINE
  5
9F
100
AcDbEntity
  8
0
  6
ByLayer
 62
  256
370
   -1
100
AcDbPolyline
 90
    4
 70
    1
 43
0
 10
176
 20
276
 10
176
 20
244
 10
94
 20
244
 10
94
 20
276
  0
LWPOLYLINE
  5
A0
100
AcDbEntity
  8
0
  6
ByLayer
 62
  256
370
   -1
100
AcDbPolyline
 90
  194
 70
    0
 43
0
 10
110.5262222222222
 20
21.1862
 10
110.9993333333333
 20
20.95831111111111
 10
111.4775555555556
 20
20.72295555555556
 10
111.9557777777778
 20
20.48026666666667
 10
112.4308888888889
 20
20.23011111111111
 10
112.8922222222222
 20
19.97248888888889
 10
113.3655555555555
 20
19.70755555555556
 10
113.8237777777778
 20
19.43513333333333
 10
114.2522222222222
 20
19.13331111111111
 10
114.6275555555556
 20
18.77964444444444
 10
114.9395555555556
 20
18.37428888888889
 10
115.2055555555555
 20
17.91724444444445
 10
115.4035555555556
 20
17.40853333333333
 10
115.5535555555555
 20
16.848
 10
115.6344444444444
 20
16.23591111111111
 10
115.6613333333333
 20
15.57215555555555
 10
115.6344444444444
 20
14.94546666666667
 10
115.5573333333333
 20
14.35222222222222
 10
115.4253333333333
 20
13.79275555555555
 10
115.2335555555556
 20
13.26677777777778
 10
114.9844444444445
 20
12.77455555555555
 10
114.698
 20
12.31566666666667
 10
114.3468888888889
 20
11.89054666666667
 10
113.9433333333333
 20
11.49904444444444
 10
113.4924444444444
 20
11.14771555555556
 10
113.0193333333333
 20
10.84322888888889
 10
112.5148888888889
 20
10.58560888888889
 10
111.9857777777778
 20
10.37468444444445
 10
111.4277777777778
 20
10.21076888888889
 10
110.8455555555555
 20
10.09371111111111
 10
110.2235555555555
 20
10.02334888888889
 10
109.5846666666667
 20
10
 10
108.9613333333333
 20
10.02350444444444
 10
108.3568888888889
 20
10.09417111111111
 10
107.7666666666667
 20
10.21201555555555
 10
107.2062222222222
 20
10.37685777777778
 10
106.6706666666667
 20
10.58888
 10
106.1551111111111
 20
10.84790444444445
 10
105.6657777777778
 20
11.15409555555555
 10
105.1862222222222
 20
11.50745111111111
 10
104.7566666666667
 20
11.90097111111111
 10
104.3831111111111
 20
12.3278
 10
104.0593333333333
 20
12.78795555555556
 10
103.804
 20
13.28155555555555
 10
103.5997777777778
 20
13.80833333333334
 10
103.4502222222222
 20
14.36857777777778
 10
103.3631111111111
 20
14.96211111111111
 10
103.3368888888889
 20
15.58882222222222
 10
105.4377777777778
 20
15.58882222222222
 10
105.4602222222222
 20
15.16915555555556
 10
105.5162222222222
 20
14.77688888888889
 10
105.616
 20
14.41231111111111
 10
105.7466666666667
 20
14.07513333333333
 10
105.9235555555555
 20
13.76553333333333
 10
106.1426666666667
 20
13.48362222222222
 10
106.3966666666667
 20
13.22911111111111
 10
106.6831111111111
 20
13.00231111111111
 10
107.002
 20
12.80242222222222
 10
107.3337777777778
 20
12.62933333333333
 10
107.6793333333333
 20
12.48284444444445
 10
108.0317777777778
 20
12.36297777777778
 10
108.3886666666667
 20
12.26973333333333
 10
108.7753333333334
 20
12.20312
 10
109.1662222222222
 20
12.16311333333333
 10
109.5673333333333
 20
12.14988222222222
 10
110.018
 20
12.16451111111111
 10
110.4488888888889
 20
12.20810222222222
 10
110.8542222222222
 20
12.28095555555555
 10
111.2408888888889
 20
12.38291111111111
 10
111.5946666666667
 20
12.51397777777778
 10
111.9233333333333
 20
12.67415555555555
 10
112.2284444444444
 20
12.8636
 10
112.5062222222222
 20
13.082
 10
112.7553333333333
 20
13.32515555555556
 10
112.9644444444444
 20
13.58853333333334
 10
113.1462222222222
 20
13.87215555555556
 10
113.3002222222222
 20
14.17584444444444
 10
113.4153333333333
 20
14.49995555555556
 10
113.4982222222222
 20
14.84413333333333
 10
113.5486666666667
 20
15.20853333333333
 10
113.5697777777778
 20
15.59302222222222
 10
113.5424444444444
 20
15.96926666666667
 10
113.4768888888889
 20
16.32277777777778
 10
113.3655555555555
 20
16.65388888888889
 10
113.2186666666667
 20
16.96255555555556
 10
113.0137777777778
 20
17.24851111111111
 10
112.7726666666667
 20
17.51222222222222
 10
112.4857777777778
 20
17.75333333333334
 10
112.16
 20
17.97188888888889
 10
111.7926666666667
 20
18.18157777777778
 10
111.4191111111111
 20
18.39624444444444
 10
111.0093333333333
 20
18.61571111111111
 10
110.586
 20
18.84002222222222
 10
110.1451111111111
 20
19.06917777777778
 10
109.6893333333333
 20
19.30313333333334
 10
109.1986666666667
 20
19.54208888888889
 10
108.7042222222222
 20
19.78584444444444
 10
108.2024444444445
 20
20.03677777777778
 10
107.7291111111111
 20
20.2972
 10
107.2784444444444
 20
20.56713333333333
 10
106.8486666666667
 20
20.84655555555556
 10
106.4464444444445
 20
21.13562222222222
 10
106.0655555555555
 20
21.43402222222223
 10
105.7155555555556
 20
21.74208888888889
 10
105.388
 20
22.05964444444444
 10
105.0866666666667
 20
22.39011111111111
 10
104.8326666666667
 20
22.73693333333333
 10
104.6133333333333
 20
23.10026666666667
 10
104.4366666666667
 20
23.47993333333334
 10
104.3046666666667
 20
23.87593333333334
 10
104.2048888888889
 20
24.28844444444444
 10
104.1402222222222
 20
24.71746666666667
 10
104.1277777777778
 20
25.16266666666667
 10
104.1502222222222
 20
25.70111111111111
 10
104.2266666666667
 20
26.21433333333334
 10
104.3488888888889
 20
26.70202222222222
 10
104.5362222222222
 20
27.16451111111111
 10
104.7628888888889
 20
27.60175555555556
 10
105.0431111111111
 20
28.01348888888889
 10
105.3831111111111
 20
28.40002222222223
 10
105.7591111111111
 20
28.76131111111111
 10
106.1775555555555
 20
29.08804444444445
 10
106.616
 20
29.3712
 10
107.056
 20
29.61075555555556
 10
107.5213333333333
 20
29.80675555555556
 10
107.9882222222222
 20
29.95931111111111
 10
108.4837777777778
 20
30.06826666666667
 10
108.9844444444444
 20
30.13348888888889
 10
109.4975555555556
 20
30.15528888888888
 10
110.0304444444444
 20
30.13426666666667
 10
110.5486666666666
 20
30.07091111111111
 10
111.0455555555556
 20
29.96553333333334
 10
111.51
 20
29.81780000000001
 10
111.9633333333333
 20
29.62804444444444
 10
112.4042222222222
 20
29.39595555555556
 10
112.8051111111111
 20
29.12182222222222
 10
113.2117777777778
 20
28.80535555555555
 10
113.5697777777778
 20
28.4528
 10
113.8848888888889
 20
28.07031111111111
 10
114.1468888888889
 20
27.65795555555556
 10
114.358
 20
27.21555555555556
 10
114.5286666666667
 20
26.74313333333334
 10
114.6482222222222
 20
26.24064444444445
 10
114.7246666666667
 20
25.70826666666667
 10
114.744
 20
25.14584444444444
 10
112.652
 20
25.14584444444444
 10
112.6406666666667
 20
25.5126
 10
112.5897777777778
 20
25.85271111111111
 10
112.5237777777778
 20
26.16637777777778
 10
112.4357777777778
 20
26.45342222222223
 10
112.3095555555555
 20
26.71384444444444
 10
112.16
 20
26.94766666666666
 10
111.9857777777778
 20
27.155
 10
111.7857777777778
 20
27.33573333333333
 10
111.5597777777778
 20
27.49264444444445
 10
111.3226666666667
 20
27.62868888888889
 10
111.0642222222222
 20
27.74388888888889
 10
110.7851111111111
 20
27.83806666666667
 10
110.4913333333333
 20
27.91122222222223
 10
110.1737777777778
 20
27.96353333333334
 10
109.8437777777778
 20
27.99497777777778
 10
109.4975555555556
 20
28.0054
 10
109.1433333333333
 20
27.9942
 10
108.8126666666667
 20
27.96024444444445
 10
108.4931111111111
 20
27.90391111111111
 10
108.1937777777778
 20
27.82482222222222
 10
107.9073333333333
 20
27.72333333333334
 10
107.6346666666667
 20
27.59911111111111
 10
107.3842222222222
 20
27.45246666666667
 10
107.1475555555556
 20
27.28313333333333
 10
106.9246666666667
 20
27.09182222222223
 10
106.7428888888889
 20
26.87853333333333
 10
106.5784444444444
 20
26.64348888888889
 10
106.4515555555555
 20
26.38664444444444
 10
106.3468888888889
 20
26.10815555555556
 10
106.276
 20
25.80773333333333
 10
106.2386666666667
 20
25.48566666666667
 10
106.2197777777778
 20
25.14164444444445
 10
106.2417777777778
 20
24.80337777777778
 10
106.2884444444445
 20
24.48566666666667
 10
106.3513333333333
 20
24.18851111111111
 10
106.4515555555555
 20
23.91188888888889
 10
106.5877777777778
 20
23.65582222222222
 10
106.7491111111111
 20
23.42015555555555
 10
106.9422222222222
 20
23.20517777777778
 10
107.1564444444444
 20
23.01075555555555
 10
107.4053333333333
 20
22.82442222222222
 10
107.6844444444444
 20
22.63404444444445
 10
108.0031111111111
 20
22.43962222222222
 10
108.3393333333333
 20
22.24115555555556
 10
108.7204444444444
 20
22.03862222222222
 10
109.1277777777778
 20
21.83206666666667
 10
109.5673333333333
 20
21.62144444444444
 10
110.5262222222222
 20
21.18526666666667
  0
LWPOLYLINE
  5
A1
100
AcDbEntity
  8
0
  6
ByLayer
 62
  256
370
   -1
100
AcDbPolyline
 90
   11
 70
    1
 43
0
 10
129.888
 20
9.949564444444444
 10
129.888
 20
14.56844444444444
 10
122.3277777777778
 20
14.56844444444444
 10
122.3277777777778
 20
15.80302222222222
 10
130.1108888888889
 20
30.28962222222222
 10
131.8606666666667
 20
30.28962222222222
 10
131.8606666666667
 20
16.98715555555556
 10
134.2326666666667
 20
16.98715555555556
 10
134.2326666666667
 20
14.56844444444444
 10
131.8606666666667
 20
14.56844444444444
 10
131.8606666666667
 20
9.949564444444444
  0
LWPOLYLINE
  5
A2
100
AcDbEntity
  8
0
  6
ByLayer
 62
  256
370
   -1
100
AcDbPolyline
 90
    3
 70
    1
 43
0
 10
125.0935555555556
 20
16.98715555555556
 10
129.888
 20
16.98715555555556
 10
129.888
 20
25.56582222222222
  0
LWPOLYLINE
  5
A3
100
AcDbEntity
  8
0
  6
ByLayer
 62
  256
370
   -1
100
AcDbPolyline
 90
   64
 70
    1
 43
0
 10
140.9264444444445
 20
21.20613333333334
 10
141.0033333333333
 20
22.14557777777778
 10
141.1255555555556
 20
23.05557777777778
 10
141.3024444444445
 20
23.93602222222222
 10
141.5215555555556
 20
24.78704444444445
 10
141.808
 20
25.6088
 10
142.134
 20
26.4008
 10
142.5126666666667
 20
27.16357777777778
 10
142.9313333333334
 20
27.86466666666666
 10
143.3768888888889
 20
28.4724
 10
143.8553333333333
 20
28.98671111111111
 10
144.3633333333333
 20
29.40731111111111
 10
144.8915555555556
 20
29.73466666666667
 10
145.4593333333333
 20
29.96833333333333
 10
146.0371111111112
 20
30.10857777777777
 10
146.6648888888889
 20
30.15528888888888
 10
147.2746666666667
 20
30.10857777777777
 10
147.8626666666667
 20
29.96833333333333
 10
148.4255555555555
 20
29.73466666666667
 10
148.9548888888889
 20
29.40731111111111
 10
149.4593333333333
 20
28.98671111111111
 10
149.94
 20
28.4724
 10
150.3904444444444
 20
27.86466666666666
 10
150.8142222222222
 20
27.16357777777778
 10
151.1962222222222
 20
26.40051111111111
 10
151.5202222222223
 20
25.60708888888889
 10
151.8004444444444
 20
24.78362222222223
 10
152.0317777777778
 20
23.9298
 10
152.2064444444445
 20
23.04562222222222
 10
152.3335555555556
 20
22.1314
 10
152.4104444444445
 20
21.18682222222222
 10
152.4331111111111
 20
20.21204444444444
 10
152.4104444444445
 20
19.23728888888889
 10
152.3335555555556
 20
18.29271111111111
 10
152.2064444444445
 20
17.37833333333333
 10
152.0317777777778
 20
16.49431111111111
 10
151.8004444444444
 20
15.64051111111111
 10
151.5202222222223
 20
14.81688888888889
 10
151.1962222222222
 20
14.0236
 10
150.8142222222222
 20
13.26053333333333
 10
150.3904444444444
 20
12.55928888888889
 10
149.94
 20
11.95156
 10
149.4593333333333
 20
11.43740666666667
 10
148.9548888888889
 20
11.01664444444445
 10
148.4255555555555
 20
10.68943777777778
 10
147.8626666666667
 20
10.45563111111111
 10
147.2746666666667
 20
10.31537555555555
 10
146.6648888888889
 20
10.26867777777778
 10
146.0371111111112
 20
10.31537555555555
 10
145.4593333333333
 20
10.45563111111111
 10
144.8915555555556
 20
10.68943777777778
 10
144.3633333333333
 20
11.01664444444445
 10
143.8553333333333
 20
11.43740666666667
 10
143.3768888888889
 20
11.95156
 10
142.9313333333334
 20
12.55928888888889
 10
142.5126666666667
 20
13.26053333333333
 10
142.134
 20
14.02393333333333
 10
141.808
 20
14.81844444444445
 10
141.5215555555556
 20
15.64408888888889
 10
141.3024444444445
 20
16.50053333333334
 10
141.1255555555556
 20
17.38813333333333
 10
141.0033333333333
 20
18.30686666666666
 10
140.9264444444445
 20
19.25642222222222
 10
140.8986666666667
 20
20.23726666666667
  0
LWPOLYLINE
  5
A4
100
AcDbEntity
  8
0
  6
ByLayer
 62
  256
370
   -1
100
AcDbPolyline
 90
   64
 70
    1
 43
0
 10
143.0144444444445
 20
19.32726666666667
 10
143.0646666666667
 20
18.4912
 10
143.1404444444445
 20
17.70382222222222
 10
143.2635555555555
 20
16.96504444444444
 10
143.4008888888889
 20
16.27513333333333
 10
143.5875555555556
 20
15.6338
 10
143.7955555555556
 20
15.04104444444445
 10
144.0422222222222
 20
14.49713333333333
 10
144.3095555555556
 20
14.00991111111111
 10
144.5997777777778
 20
13.58775555555556
 10
144.9011111111111
 20
13.23051111111111
 10
145.2202222222222
 20
12.93833333333333
 10
145.5515555555556
 20
12.71088888888889
 10
145.9102222222222
 20
12.54853333333334
 10
146.266
 20
12.45108888888889
 10
146.6648888888889
 20
12.41855555555556
 10
147.0431111111111
 20
12.45108888888889
 10
147.4191111111111
 20
12.54853333333334
 10
147.7717777777778
 20
12.71088888888889
 10
148.1015555555556
 20
12.93833333333333
 10
148.4255555555555
 20
13.23051111111111
 10
148.7271111111111
 20
13.58775555555556
 10
149.0135555555556
 20
14.00991111111111
 10
149.2848888888889
 20
14.49713333333333
 10
149.5315555555556
 20
15.04151111111111
 10
149.7531111111111
 20
15.63537777777778
 10
149.9324444444445
 20
16.27857777777778
 10
150.0820000000001
 20
16.97144444444444
 10
150.1915555555556
 20
17.71364444444444
 10
150.2684444444445
 20
18.50535555555556
 10
150.3184444444444
 20
19.34655555555555
 10
150.3306666666667
 20
20.23726666666667
 10
150.3184444444444
 20
21.14557777777777
 10
150.2684444444445
 20
21.99986666666667
 10
150.1915555555556
 20
22.80028888888889
 10
150.0820000000001
 20
23.54655555555556
 10
149.9324444444445
 20
24.23893333333333
 10
149.7531111111111
 20
24.87733333333334
 10
149.5315555555556
 20
25.46168888888889
 10
149.2848888888889
 20
25.99204444444445
 10
149.0135555555556
 20
26.46384444444444
 10
148.7271111111111
 20
26.87293333333333
 10
148.4255555555555
 20
27.21897777777777
 10
148.1015555555556
 20
27.50213333333333
 10
147.7717777777778
 20
27.72224444444445
 10
147.4191111111111
 20
27.87962222222223
 10
147.0431111111111
 20
27.97395555555555
 10
146.6648888888889
 20
28.0054
 10
146.266
 20
27.97395555555555
 10
145.9102222222222
 20
27.87962222222223
 10
145.5515555555556
 20
27.72224444444445
 10
145.2202222222222
 20
27.50213333333333
 10
144.9011111111111
 20
27.21897777777777
 10
144.5997777777778
 20
26.87293333333333
 10
144.3095555555556
 20
26.46384444444444
 10
144.0422222222222
 20
25.99204444444445
 10
143.7955555555556
 20
25.46122222222223
 10
143.5875555555556
 20
24.87577777777778
 10
143.4008888888889
 20
24.23535555555555
 10
143.2635555555555
 20
23.54031111111111
 10
143.1404444444445
 20
22.79033333333333
 10
143.0646666666667
 20
21.98571111111112
 10
143.0144444444445
 20
21.12626666666667
 10
142.9911111111111
 20
20.21204444444444
  0
LWPOLYLINE
  5
A5
100
AcDbEntity
  8
0
  6
ByLayer
 62
  256
370
   -1
100
AcDbPolyline
 90
  121
 70
    1
 43
0
 10
163.8937777777778
 20
17.55051111111111
 10
163.3791111111111
 20
17.62833333333333
 10
162.8913333333333
 20
17.75784444444444
 10
162.4115555555555
 20
17.93935555555556
 10
161.9511111111111
 20
18.17253333333333
 10
161.5148888888889
 20
18.45755555555555
 10
161.0915555555555
 20
18.79457777777778
 10
160.6895555555555
 20
19.18326666666667
 10
160.3084444444445
 20
19.61804444444444
 10
159.9844444444444
 20
20.09282222222222
 10
159.722
 20
20.60791111111111
 10
159.4891111111111
 20
21.16315555555556
 10
159.3246666666667
 20
21.75842222222222
 10
159.1897777777778
 20
22.39400000000001
 10
159.1251111111111
 20
23.0696
 10
159.0993333333333
 20
23.78533333333334
 10
159.1202222222222
 20
24.42028888888889
 10
159.1897777777778
 20
25.0336
 10
159.302
 20
25.62528888888889
 10
159.4726666666667
 20
26.19564444444444
 10
159.6808888888889
 20
26.74435555555555
 10
159.9348888888889
 20
27.2716
 10
160.2262222222222
 20
27.77735555555556
 10
160.5775555555555
 20
28.26162222222222
 10
160.9635555555555
 20
28.70542222222222
 10
161.3866666666667
 20
29.09006666666667
 10
161.8326666666667
 20
29.41555555555556
 10
162.318
 20
29.68191111111111
 10
162.824
 20
29.88895555555555
 10
163.3642222222223
 20
30.03697777777779
 10
163.9373333333333
 20
30.12571111111111
 10
164.5426666666667
 20
30.15528888888888
 10
165.16
 20
30.1226
 10
165.7493333333333
 20
30.02406666666666
 10
166.2982222222223
 20
29.86015555555555
 10
166.8115555555556
 20
29.63053333333333
 10
167.2946666666667
 20
29.33524444444444
 10
167.7542222222222
 20
28.97442222222222
 10
168.1648888888889
 20
28.54788888888889
 10
168.5397777777777
 20
28.05584444444444
 10
168.8813333333333
 20
27.47444444444445
 10
169.1775555555556
 20
26.77986666666667
 10
169.4266666666666
 20
25.97211111111111
 10
169.6284444444444
 20
25.05135555555555
 10
169.7962222222222
 20
24.0176
 10
169.9048888888889
 20
22.87048888888889
 10
169.9768888888889
 20
21.6104
 10
169.9995555555556
 20
20.23726666666667
 10
169.9768888888889
 20
19.14902222222222
 10
169.9
 20
18.11402222222222
 10
169.7726666666667
 20
17.1324
 10
169.5973333333334
 20
16.204
 10
169.3693333333333
 20
15.32902222222222
 10
169.0953333333333
 20
14.50711111111111
 10
168.7642222222222
 20
13.7386
 10
168.3906666666667
 20
13.02331111111111
 10
167.9784444444444
 20
12.37762222222222
 10
167.5313333333333
 20
11.81815555555556
 10
167.0817777777778
 20
11.34462444444445
 10
166.5895555555555
 20
10.95733111111111
 10
166.0851111111111
 20
10.65612666666667
 10
165.5513333333333
 20
10.44084222222222
 10
165.0057777777778
 20
10.31179555555555
 10
164.4202222222222
 20
10.26867777777778
 10
164.0366666666667
 20
10.28533333333333
 10
163.6568888888889
 20
10.33514666666667
 10
163.2773333333333
 20
10.41811555555556
 10
162.9013333333333
 20
10.53424
 10
162.5273333333333
 20
10.68367777777778
 10
162.1537777777778
 20
10.86627333333333
 10
161.7953333333333
 20
11.08202444444444
 10
161.428
 20
11.33108666666667
 10
161.0915555555555
 20
11.61034444444445
 10
160.7942222222222
 20
11.91716444444445
 10
160.5348888888889
 20
12.25122222222222
 10
160.3135555555556
 20
12.61282222222222
 10
160.1342222222222
 20
13.00184444444444
 10
159.9897777777778
 20
13.41822222222222
 10
159.896
 20
13.86204444444444
 10
159.8302222222222
 20
14.33337777777778
 10
161.9644444444444
 20
14.33337777777778
 10
162.0095555555556
 20
14.09864444444445
 10
162.0591111111111
 20
13.87946666666667
 10
162.1413333333333
 20
13.67586666666667
 10
162.2375555555556
 20
13.48782222222222
 10
162.3508888888889
 20
13.31533333333333
 10
162.4828888888889
 20
13.15826666666667
 10
162.6422222222222
 20
13.01693333333333
 10
162.8191111111111
 20
12.891
 10
163.0008888888889
 20
12.78033333333333
 10
163.1873333333334
 20
12.68428888888889
 10
163.3791111111111
 20
12.60317777777778
 10
163.5833333333333
 20
12.53671111111111
 10
163.7828888888889
 20
12.48502222222222
 10
163.9933333333333
 20
12.44813333333333
 10
164.206
 20
12.42602222222222
 10
164.4202222222222
 20
12.41855555555556
 10
164.7244444444445
 20
12.4444
 10
165.0206666666667
 20
12.52144444444445
 10
165.3195555555556
 20
12.65002222222222
 10
165.5997777777778
 20
12.83013333333333
 10
165.8751111111111
 20
13.0616
 10
166.1491111111111
 20
13.34444444444444
 10
166.4131111111111
 20
13.67882222222222
 10
166.6795555555555
 20
14.06471111111111
 10
166.9211111111111
 20
14.5026
 10
167.1313333333333
 20
14.9934
 10
167.3184444444444
 20
15.53713333333333
 10
167.4815555555556
 20
16.13364444444444
 10
167.6082222222222
 20
16.78324444444445
 10
167.7128888888889
 20
17.4856
 10
167.7913333333333
 20
18.24073333333333
 10
167.8413333333333
 20
19.04893333333333
 10
167.4591111111111
 20
18.69168888888889
 10
167.0577777777777
 20
18.38206666666667
 10
166.6522222222222
 20
18.12008888888889
 10
166.2262222222222
 20
17.90573333333333
 10
165.7986666666667
 20
17.73902222222222
 10
165.3471111111111
 20
17.61993333333333
 10
164.89
 20
17.54848888888889
 10
164.4202222222222
 20
17.52466666666666
  0
LWPOLYLINE
  5
A6
100
AcDbEntity
  8
0
  6
ByLayer
 62
  256
370
   -1
100
AcDbPolyline
 90
   64
 70
    1
 43
0
 10
164.1337777777778
 20
27.98673333333333
 10
163.7726666666667
 20
27.93084444444445
 10
163.4366666666667
 20
27.83775555555555
 10
163.1275555555555
 20
27.70731111111111
 10
162.8291111111111
 20
27.53966666666667
 10
162.5551111111111
 20
27.33464444444444
 10
162.3008888888889
 20
27.09242222222222
 10
162.0715555555556
 20
26.81286666666667
 10
161.8726666666667
 20
26.5048
 10
161.6908888888889
 20
26.17682222222222
 10
161.5413333333333
 20
25.82875555555556
 10
161.4155555555556
 20
25.46075555555556
 10
161.3168888888889
 20
25.073
 10
161.2448888888889
 20
24.66515555555555
 10
161.2126666666666
 20
24.23737777777778
 10
161.1911111111111
 20
23.78953333333333
 10
161.2126666666666
 20
23.34168888888889
 10
161.2448888888889
 20
22.91548888888889
 10
161.3044444444444
 20
22.51106666666666
 10
161.3991111111111
 20
22.12828888888889
 10
161.5148888888889
 20
21.76728888888889
 10
161.6584444444444
 20
21.42795555555556
 10
161.8228888888889
 20
21.1104
 10
162.0095555555556
 20
20.81464444444445
 10
162.2251111111111
 20
20.54735555555556
 10
162.474
 20
20.31588888888889
 10
162.7315555555555
 20
20.11991111111111
 10
163.0233333333333
 20
19.95957777777778
 10
163.3333333333333
 20
19.83488888888889
 10
163.6568888888889
 20
19.74584444444444
 10
164.0093333333334
 20
19.69228888888889
 10
164.3882222222222
 20
19.67455555555556
 10
164.692
 20
19.68762222222222
 10
164.9831111111111
 20
19.72684444444445
 10
165.2648888888889
 20
19.79237777777778
 10
165.5335555555555
 20
19.88391111111111
 10
165.7986666666667
 20
20.00175555555555
 10
166.0515555555556
 20
20.14575555555556
 10
166.2982222222223
 20
20.31588888888889
 10
166.5471111111111
 20
20.51233333333334
 10
166.7664444444444
 20
20.734
 10
166.976
 20
20.98026666666667
 10
167.1577777777778
 20
21.25126666666667
 10
167.3122222222223
 20
21.54673333333334
 10
167.4591111111111
 20
21.86693333333333
 10
167.5762222222222
 20
22.21173333333333
 10
167.6682222222222
 20
22.58111111111111
 10
167.7542222222222
 20
22.97495555555556
 10
167.6853333333333
 20
23.63168888888889
 10
167.6082222222222
 20
24.23924444444445
 10
167.5086666666666
 20
24.79777777777777
 10
167.3988888888889
 20
25.30695555555556
 10
167.2573333333333
 20
25.76724444444444
 10
167.108
 20
26.1782
 10
166.9211111111111
 20
26.54013333333333
 10
166.7342222222222
 20
26.85286666666667
 10
166.5251111111111
 20
27.12293333333334
 10
166.2982222222223
 20
27.35706666666666
 10
166.0391111111111
 20
27.55522222222222
 10
165.7753333333333
 20
27.71726666666667
 10
165.4886666666667
 20
27.84335555555556
 10
165.1802222222222
 20
27.93333333333333
 10
164.8611111111111
 20
27.98733333333334
 10
164.5164444444444
 20
28.0054
  0
LWPOLYLINE
  5
A7
100
AcDbEntity
  8
0
  6
ByLayer
 62
  256
370
   -1
100
AcDbPolyline
 90
  194
 70
    0
 43
0
 10
116.8508888888889
 20
61.18619999999999
 10
117.324
 20
60.95831111111112
 10
117.8022222222222
 20
60.72295555555556
 10
118.2804444444444
 20
60.48026666666668
 10
118.7555555555556
 20
60.23011111111111
 10
119.2168888888889
 20
59.97248888888889
 10
119.6902222222222
 20
59.70755555555556
 10
120.1484444444445
 20
59.43513333333333
 10
120.5768888888889
 20
59.13331111111111
 10
120.9522222222222
 20
58.77964444444444
 10
121.2642222222222
 20
58.3742888888889
 10
121.5302222222222
 20
57.91724444444444
 10
121.7282222222222
 20
57.40853333333334
 10
121.8782222222222
 20
56.84800000000001
 10
121.9591111111111
 20
56.23591111111111
 10
121.986
 20
55.57215555555555
 10
121.9591111111111
 20
54.94546666666666
 10
121.882
 20
54.35222222222222
 10
121.75
 20
53.79275555555554
 10
121.5582222222222
 20
53.26677777777778
 10
121.3091111111111
 20
52.77455555555556
 10
121.0226666666667
 20
52.31566666666667
 10
120.6715555555556
 20
51.89054666666667
 10
120.268
 20
51.49904444444445
 10
119.8171111111111
 20
51.14771555555556
 10
119.344
 20
50.84322888888889
 10
118.8395555555556
 20
50.58560888888888
 10
118.3104444444445
 20
50.37468444444444
 10
117.7524444444444
 20
50.21076888888888
 10
117.1702222222222
 20
50.09371111111111
 10
116.5482222222222
 20
50.02334888888888
 10
115.9093333333334
 20
50
 10
115.286
 20
50.02350444444444
 10
114.6815555555555
 20
50.09417111111112
 10
114.0913333333333
 20
50.21201555555556
 10
113.5308888888889
 20
50.37685777777779
 10
112.9953333333333
 20
50.58887999999999
 10
112.4797777777778
 20
50.84790444444445
 10
111.9904444444444
 20
51.15409555555556
 10
111.5108888888889
 20
51.50745111111112
 10
111.0813333333333
 20
51.90097111111112
 10
110.7077777777778
 20
52.3278
 10
110.384
 20
52.78795555555555
 10
110.1286666666667
 20
53.28155555555556
 10
109.9244444444444
 20
53.80833333333333
 10
109.7748888888889
 20
54.36857777777777
 10
109.6877777777778
 20
54.96211111111111
 10
109.6615555555556
 20
55.58882222222222
 10
111.7624444444445
 20
55.58882222222222
 10
111.7848888888889
 20
55.16915555555556
 10
111.8408888888889
 20
54.77688888888889
 10
111.9406666666667
 20
54.41231111111111
 10
112.0713333333333
 20
54.07513333333333
 10
112.2482222222222
 20
53.76553333333334
 10
112.4673333333333
 20
53.48362222222222
 10
112.7213333333333
 20
53.22911111111111
 10
113.0077777777778
 20
53.0023111111111
 10
113.3266666666667
 20
52.80242222222223
 10
113.6584444444445
 20
52.62933333333334
 10
114.004
 20
52.48284444444445
 10
114.3564444444444
 20
52.36297777777777
 10
114.7133333333333
 20
52.26973333333333
 10
115.1
 20
52.20312000000001
 10
115.4908888888889
 20
52.16311333333334
 10
115.892
 20
52.14988222222222
 10
116.3426666666667
 20
52.16451111111111
 10
116.7735555555555
 20
52.20810222222222
 10
117.1788888888889
 20
52.28095555555555
 10
117.5655555555556
 20
52.38291111111111
 10
117.9193333333333
 20
52.51397777777778
 10
118.248
 20
52.67415555555556
 10
118.5531111111111
 20
52.86360000000001
 10
118.8308888888889
 20
53.08199999999999
 10
119.08
 20
53.32515555555555
 10
119.2891111111111
 20
53.58853333333334
 10
119.4708888888889
 20
53.87215555555555
 10
119.6248888888889
 20
54.17584444444445
 10
119.74
 20
54.49995555555555
 10
119.8228888888889
 20
54.84413333333333
 10
119.8733333333333
 20
55.20853333333334
 10
119.8944444444445
 20
55.59302222222222
 10
119.8671111111111
 20
55.96926666666666
 10
119.8015555555556
 20
56.32277777777778
 10
119.6902222222222
 20
56.65388888888889
 10
119.5433333333334
 20
56.96255555555555
 10
119.3384444444444
 20
57.24851111111112
 10
119.0973333333334
 20
57.51222222222222
 10
118.8104444444444
 20
57.75333333333333
 10
118.4846666666667
 20
57.97188888888889
 10
118.1173333333333
 20
58.18157777777778
 10
117.7437777777778
 20
58.39624444444444
 10
117.334
 20
58.61571111111112
 10
116.9106666666667
 20
58.84002222222222
 10
116.4697777777778
 20
59.06917777777778
 10
116.014
 20
59.30313333333334
 10
115.5233333333334
 20
59.54208888888888
 10
115.0288888888889
 20
59.78584444444444
 10
114.5271111111111
 20
60.03677777777779
 10
114.0537777777778
 20
60.2972
 10
113.6031111111111
 20
60.56713333333333
 10
113.1733333333333
 20
60.84655555555555
 10
112.7711111111111
 20
61.13562222222222
 10
112.3902222222222
 20
61.43402222222223
 10
112.0402222222222
 20
61.74208888888889
 10
111.7126666666667
 20
62.05964444444444
 10
111.4113333333333
 20
62.39011111111111
 10
111.1573333333333
 20
62.73693333333333
 10
110.938
 20
63.10026666666666
 10
110.7613333333333
 20
63.47993333333334
 10
110.6293333333333
 20
63.87593333333333
 10
110.5295555555556
 20
64.28844444444445
 10
110.4648888888889
 20
64.71746666666667
 10
110.4524444444445
 20
65.16266666666667
 10
110.4748888888889
 20
65.70111111111112
 10
110.5513333333333
 20
66.21433333333334
 10
110.6735555555556
 20
66.70202222222221
 10
110.8608888888889
 20
67.16451111111111
 10
111.0875555555556
 20
67.60175555555554
 10
111.3677777777778
 20
68.0134888888889
 10
111.7077777777778
 20
68.40002222222223
 10
112.0837777777778
 20
68.7613111111111
 10
112.5022222222222
 20
69.08804444444444
 10
112.9406666666667
 20
69.37119999999999
 10
113.3806666666667
 20
69.61075555555556
 10
113.846
 20
69.80675555555555
 10
114.3128888888889
 20
69.95931111111111
 10
114.8084444444444
 20
70.06826666666667
 10
115.3091111111111
 20
70.13348888888888
 10
115.8222222222222
 20
70.15528888888889
 10
116.3551111111111
 20
70.13426666666666
 10
116.8733333333333
 20
70.0709111111111
 10
117.3702222222222
 20
69.96553333333334
 10
117.8346666666667
 20
69.81780000000001
 10
118.288
 20
69.62804444444444
 10
118.7288888888889
 20
69.39595555555556
 10
119.1297777777778
 20
69.12182222222224
 10
119.5364444444445
 20
68.80535555555555
 10
119.8944444444445
 20
68.4528
 10
120.2095555555556
 20
68.07031111111112
 10
120.4715555555556
 20
67.65795555555556
 10
120.6826666666667
 20
67.21555555555555
 10
120.8533333333334
 20
66.74313333333333
 10
120.9728888888889
 20
66.24064444444444
 10
121.0493333333334
 20
65.70826666666666
 10
121.0686666666667
 20
65.14584444444444
 10
118.9766666666667
 20
65.14584444444444
 10
118.9653333333333
 20
65.51260000000001
 10
118.9144444444445
 20
65.85271111111111
 10
118.8484444444444
 20
66.16637777777778
 10
118.7604444444445
 20
66.45342222222223
 10
118.6342222222222
 20
66.71384444444445
 10
118.4846666666667
 20
66.94766666666666
 10
118.3104444444445
 20
67.155
 10
118.1104444444445
 20
67.33573333333334
 10
117.8844444444445
 20
67.49264444444445
 10
117.6473333333333
 20
67.62868888888889
 10
117.3888888888889
 20
67.74388888888889
 10
117.1097777777778
 20
67.83806666666666
 10
116.816
 20
67.91122222222224
 10
116.4984444444445
 20
67.96353333333334
 10
116.1684444444444
 20
67.99497777777779
 10
115.8222222222222
 20
68.00539999999999
 10
115.468
 20
67.99420000000001
 10
115.1373333333333
 20
67.96024444444444
 10
114.8177777777778
 20
67.90391111111111
 10
114.5184444444445
 20
67.82482222222222
 10
114.232
 20
67.72333333333333
 10
113.9593333333333
 20
67.59911111111111
 10
113.7088888888889
 20
67.45246666666668
 10
113.4722222222222
 20
67.28313333333334
 10
113.2493333333333
 20
67.09182222222222
 10
113.0675555555556
 20
66.87853333333334
 10
112.9031111111111
 20
66.6434888888889
 10
112.7762222222222
 20
66.38664444444444
 10
112.6715555555556
 20
66.10815555555556
 10
112.6006666666667
 20
65.80773333333335
 10
112.5633333333333
 20
65.48566666666667
 10
112.5444444444445
 20
65.14164444444445
 10
112.5664444444445
 20
64.80337777777778
 10
112.6131111111111
 20
64.48566666666666
 10
112.676
 20
64.18851111111111
 10
112.7762222222222
 20
63.9118888888889
 10
112.9124444444444
 20
63.65582222222222
 10
113.0737777777778
 20
63.42015555555556
 10
113.2668888888889
 20
63.20517777777778
 10
113.4811111111111
 20
63.01075555555556
 10
113.73
 20
62.82442222222222
 10
114.0091111111111
 20
62.63404444444444
 10
114.3277777777778
 20
62.43962222222223
 10
114.664
 20
62.24115555555555
 10
115.0451111111111
 20
62.03862222222223
 10
115.4524444444445
 20
61.83206666666666
 10
115.892
 20
61.62144444444444
 10
116.8508888888889
 20
61.18526666666666
  0
LWPOLYLINE
  5
A8
100
AcDbEntity
  8
0
  6
ByLayer
 62
  256
370
   -1
100
AcDbPolyline
 90
   11
 70
    1
 43
0
 10
136.2126666666666
 20
49.94956444444443
 10
136.2126666666666
 20
54.56844444444444
 10
128.6524444444445
 20
54.56844444444444
 10
128.6524444444445
 20
55.80302222222222
 10
136.4355555555555
 20
70.28962222222222
 10
138.1853333333334
 20
70.28962222222222
 10
138.1853333333334
 20
56.98715555555555
 10
140.5573333333334
 20
56.98715555555555
 10
140.5573333333334
 20
54.56844444444444
 10
138.1853333333334
 20
54.56844444444444
 10
138.1853333333334
 20
49.94956444444443
  0
LWPOLYLINE
  5
A9
100
AcDbEntity
  8
0
  6
ByLayer
 62
  256
370
   -1
100
AcDbPolyline
 90
    3
 70
    1
 43
0
 10
131.4182222222222
 20
56.98715555555555
 10
136.2126666666666
 20
56.98715555555555
 10
136.2126666666666
 20
65.56582222222222
  0
LWPOLYLINE
  5
AA
100
AcDbEntity
  8
0
  6
ByLayer
 62
  256
370
   -1
100
AcDbPolyline
 90
   22
 70
    1
 43
0
 10
149.8288888888889
 20
49.9537688888889
 10
149.8288888888889
 20
66.01506666666667
 10
149.8164444444444
 20
66.20606666666666
 10
149.7891111111111
 20
66.37155555555555
 10
149.7393333333333
 20
66.51148888888889
 10
149.6642222222222
 20
66.62606666666667
 10
149.57
 20
66.71511111111111
 10
149.4648888888889
 20
66.77875555555556
 10
149.3333333333333
 20
66.81691111111112
 10
149.1788888888889
 20
66.82966666666667
 10
147.2237777777778
 20
66.82966666666667
 10
147.2237777777778
 20
68.32451111111111
 10
147.9062222222222
 20
68.39488888888889
 10
148.5113333333333
 20
68.51348888888889
 10
149.0415555555556
 20
68.68035555555556
 10
149.4924444444445
 20
68.89564444444444
 10
149.866
 20
69.1592
 10
150.1711111111111
 20
69.47082222222222
 10
150.3893333333333
 20
69.83104444444444
 10
150.5288888888889
 20
70.23933333333333
 10
151.7991111111111
 20
70.23933333333333
 10
151.7991111111111
 20
49.9537688888889
  0
LWPOLYLINE
  5
AB
100
AcDbEntity
  8
0
  6
ByLayer
 62
  256
370
   -1
100
AcDbPolyline
 90
   64
 70
    1
 43
0
 10
158.4928888888889
 20
61.20613333333334
 10
158.5697777777777
 20
62.14557777777778
 10
158.692
 20
63.05557777777778
 10
158.8688888888889
 20
63.93602222222221
 10
159.088
 20
64.78704444444445
 10
159.3744444444444
 20
65.6088
 10
159.7004444444444
 20
66.40079999999999
 10
160.0791111111111
 20
67.16357777777779
 10
160.4977777777778
 20
67.86466666666666
 10
160.9433333333333
 20
68.47239999999999
 10
161.4217777777777
 20
68.98671111111112
 10
161.9297777777777
 20
69.40731111111111
 10
162.458
 20
69.73466666666667
 10
163.0257777777777
 20
69.96833333333333
 10
163.6035555555556
 20
70.10857777777778
 10
164.2313333333333
 20
70.15528888888889
 10
164.8411111111111
 20
70.10857777777778
 10
165.4291111111111
 20
69.96833333333333
 10
165.992
 20
69.73466666666667
 10
166.5213333333333
 20
69.40731111111111
 10
167.0257777777778
 20
68.98671111111112
 10
167.5064444444444
 20
68.47239999999999
 10
167.9568888888888
 20
67.86466666666666
 10
168.3806666666667
 20
67.16357777777779
 10
168.7626666666667
 20
66.40051111111111
 10
169.0866666666667
 20
65.60708888888888
 10
169.3668888888888
 20
64.78362222222222
 10
169.5982222222222
 20
63.92980000000001
 10
169.7728888888889
 20
63.04562222222223
 10
169.9
 20
62.13140000000001
 10
169.9768888888889
 20
61.18682222222222
 10
169.9995555555556
 20
60.21204444444444
 10
169.9768888888889
 20
59.23728888888888
 10
169.9
 20
58.29271111111112
 10
169.7728888888889
 20
57.37833333333334
 10
169.5982222222222
 20
56.49431111111112
 10
169.3668888888888
 20
55.64051111111111
 10
169.0866666666667
 20
54.81688888888889
 10
168.7626666666667
 20
54.0236
 10
168.3806666666667
 20
53.26053333333333
 10
167.9568888888888
 20
52.55928888888889
 10
167.5064444444444
 20
51.95156
 10
167.0257777777778
 20
51.43740666666667
 10
166.5213333333333
 20
51.01664444444445
 10
165.992
 20
50.68943777777777
 10
165.4291111111111
 20
50.4556311111111
 10
164.8411111111111
 20
50.31537555555556
 10
164.2313333333333
 20
50.26867777777778
 10
163.6035555555556
 20
50.31537555555556
 10
163.0257777777777
 20
50.4556311111111
 10
162.458
 20
50.68943777777777
 10
161.9297777777777
 20
51.01664444444445
 10
161.4217777777777
 20
51.43740666666667
 10
160.9433333333333
 20
51.95156
 10
160.4977777777778
 20
52.55928888888889
 10
160.0791111111111
 20
53.26053333333333
 10
159.7004444444444
 20
54.02393333333333
 10
159.3744444444444
 20
54.81844444444445
 10
159.088
 20
55.64408888888889
 10
158.8688888888889
 20
56.50053333333334
 10
158.692
 20
57.38813333333334
 10
158.5697777777777
 20
58.30686666666666
 10
158.4928888888889
 20
59.25642222222223
 10
158.4651111111111
 20
60.23726666666666
  0
LWPOLYLINE
  5
AC
100
AcDbEntity
  8
0
  6
ByLayer
 62
  256
370
   -1
100
AcDbPolyline
 90
   64
 70
    1
 43
0
 10
160.5808888888889
 20
59.32726666666667
 10
160.6311111111111
 20
58.49119999999999
 10
160.7068888888889
 20
57.70382222222223
 10
160.83
 20
56.96504444444444
 10
160.9673333333333
 20
56.27513333333334
 10
161.154
 20
55.6338
 10
161.362
 20
55.04104444444445
 10
161.6086666666666
 20
54.49713333333334
 10
161.876
 20
54.00991111111111
 10
162.1662222222222
 20
53.58775555555556
 10
162.4675555555555
 20
53.23051111111111
 10
162.7866666666667
 20
52.93833333333333
 10
163.118
 20
52.7108888888889
 10
163.4766666666666
 20
52.54853333333332
 10
163.8324444444444
 20
52.45108888888888
 10
164.2313333333333
 20
52.41855555555555
 10
164.6095555555555
 20
52.45108888888888
 10
164.9855555555555
 20
52.54853333333332
 10
165.3382222222222
 20
52.7108888888889
 10
165.668
 20
52.93833333333333
 10
165.992
 20
53.23051111111111
 10
166.2935555555555
 20
53.58775555555556
 10
166.58
 20
54.00991111111111
 10
166.8513333333333
 20
54.49713333333334
 10
167.098
 20
55.04151111111112
 10
167.3195555555555
 20
55.63537777777777
 10
167.4988888888889
 20
56.27857777777778
 10
167.6484444444445
 20
56.97144444444444
 10
167.758
 20
57.71364444444444
 10
167.8348888888889
 20
58.50535555555555
 10
167.8848888888888
 20
59.34655555555556
 10
167.8971111111111
 20
60.23726666666666
 10
167.8848888888888
 20
61.14557777777777
 10
167.8348888888889
 20
61.99986666666667
 10
167.758
 20
62.8002888888889
 10
167.6484444444445
 20
63.54655555555556
 10
167.4988888888889
 20
64.23893333333334
 10
167.3195555555555
 20
64.87733333333334
 10
167.098
 20
65.46168888888889
 10
166.8513333333333
 20
65.99204444444445
 10
166.58
 20
66.46384444444445
 10
166.2935555555555
 20
66.87293333333335
 10
165.992
 20
67.21897777777778
 10
165.668
 20
67.50213333333333
 10
165.3382222222222
 20
67.72224444444444
 10
164.9855555555555
 20
67.87962222222222
 10
164.6095555555555
 20
67.97395555555555
 10
164.2313333333333
 20
68.00539999999999
 10
163.8324444444444
 20
67.97395555555555
 10
163.4766666666666
 20
67.87962222222222
 10
163.118
 20
67.72224444444444
 10
162.7866666666667
 20
67.50213333333333
 10
162.4675555555555
 20
67.21897777777778
 10
162.1662222222222
 20
66.87293333333335
 10
161.876
 20
66.46384444444445
 10
161.6086666666666
 20
65.99204444444445
 10
161.362
 20
65.46122222222222
 10
161.154
 20
64.87577777777777
 10
160.9673333333333
 20
64.23535555555556
 10
160.83
 20
63.54031111111111
 10
160.7068888888889
 20
62.79033333333334
 10
160.6311111111111
 20
61.9857111111111
 10
160.5808888888889
 20
61.12626666666667
 10
160.5575555555556
 20
60.21204444444444
  0
LWPOLYLINE
  5
AD
100
AcDbEntity
  8
0
  6
ByLayer
 62
  256
370
   -1
100
AcDbPolyline
 90
  194
 70
    0
 43
0
 10
123.8095555555555
 20
101.1862
 10
124.2826666666667
 20
100.9583111111111
 10
124.7608888888889
 20
100.7229555555555
 10
125.2391111111111
 20
100.4802666666667
 10
125.7142222222222
 20
100.2301111111111
 10
126.1755555555556
 20
99.97248888888888
 10
126.6488888888889
 20
99.70755555555554
 10
127.1071111111111
 20
99.43513333333334
 10
127.5355555555555
 20
99.1333111111111
 10
127.9108888888889
 20
98.77964444444444
 10
128.2228888888889
 20
98.37428888888888
 10
128.4888888888889
 20
97.91724444444444
 10
128.6868888888889
 20
97.40853333333332
 10
128.8368888888889
 20
96.84799999999998
 10
128.9177777777778
 20
96.23591111111112
 10
128.9446666666667
 20
95.57215555555555
 10
128.9177777777778
 20
94.94546666666666
 10
128.8406666666667
 20
94.35222222222222
 10
128.7086666666667
 20
93.79275555555554
 10
128.5168888888889
 20
93.26677777777778
 10
128.2677777777778
 20
92.77455555555554
 10
127.9813333333333
 20
92.31566666666667
 10
127.6302222222222
 20
91.89054666666667
 10
127.2266666666667
 20
91.49904444444445
 10
126.7757777777778
 20
91.14771555555554
 10
126.3026666666667
 20
90.84322888888889
 10
125.7982222222222
 20
90.5856088888889
 10
125.2691111111111
 20
90.37468444444445
 10
124.7111111111111
 20
90.21076888888889
 10
124.1288888888889
 20
90.09371111111111
 10
123.5068888888889
 20
90.0233488888889
 10
122.868
 20
90
 10
122.2446666666667
 20
90.02350444444444
 10
121.6402222222222
 20
90.09417111111111
 10
121.05
 20
90.21201555555554
 10
120.4895555555556
 20
90.37685777777777
 10
119.954
 20
90.58887999999999
 10
119.4384444444444
 20
90.84790444444445
 10
118.9491111111111
 20
91.15409555555557
 10
118.4695555555555
 20
91.50745111111111
 10
118.04
 20
91.9009711111111
 10
117.6664444444445
 20
92.32780000000001
 10
117.3426666666667
 20
92.78795555555557
 10
117.0873333333333
 20
93.28155555555554
 10
116.8831111111111
 20
93.80833333333334
 10
116.7335555555555
 20
94.36857777777779
 10
116.6464444444444
 20
94.96211111111111
 10
116.6202222222222
 20
95.58882222222223
 10
118.7211111111111
 20
95.58882222222223
 10
118.7435555555555
 20
95.16915555555556
 10
118.7995555555556
 20
94.77688888888891
 10
118.8993333333333
 20
94.41231111111111
 10
119.03
 20
94.07513333333333
 10
119.2068888888889
 20
93.76553333333334
 10
119.426
 20
93.48362222222221
 10
119.68
 20
93.22911111111112
 10
119.9664444444444
 20
93.00231111111111
 10
120.2853333333333
 20
92.80242222222222
 10
120.6171111111111
 20
92.62933333333334
 10
120.9626666666667
 20
92.48284444444442
 10
121.3151111111111
 20
92.36297777777777
 10
121.672
 20
92.26973333333332
 10
122.0586666666667
 20
92.20312000000001
 10
122.4495555555556
 20
92.16311333333333
 10
122.8506666666667
 20
92.1498822222222
 10
123.3013333333333
 20
92.16451111111111
 10
123.7322222222222
 20
92.20810222222222
 10
124.1375555555556
 20
92.28095555555556
 10
124.5242222222222
 20
92.38291111111111
 10
124.878
 20
92.5139777777778
 10
125.2066666666666
 20
92.67415555555557
 10
125.5117777777778
 20
92.86359999999999
 10
125.7895555555556
 20
93.08199999999999
 10
126.0386666666667
 20
93.32515555555555
 10
126.2477777777778
 20
93.58853333333333
 10
126.4295555555556
 20
93.87215555555555
 10
126.5835555555555
 20
94.17584444444445
 10
126.6986666666667
 20
94.49995555555556
 10
126.7815555555556
 20
94.84413333333335
 10
126.832
 20
95.20853333333334
 10
126.8531111111111
 20
95.5930222222222
 10
126.8257777777778
 20
95.96926666666667
 10
126.7602222222222
 20
96.32277777777776
 10
126.6488888888889
 20
96.65388888888887
 10
126.502
 20
96.96255555555555
 10
126.2971111111111
 20
97.24851111111111
 10
126.056
 20
97.51222222222222
 10
125.7691111111111
 20
97.75333333333334
 10
125.4433333333333
 20
97.97188888888888
 10
125.076
 20
98.18157777777776
 10
124.7024444444444
 20
98.39624444444445
 10
124.2926666666667
 20
98.61571111111112
 10
123.8693333333333
 20
98.84002222222222
 10
123.4284444444445
 20
99.06917777777778
 10
122.9726666666667
 20
99.30313333333332
 10
122.482
 20
99.5420888888889
 10
121.9875555555555
 20
99.78584444444442
 10
121.4857777777778
 20
100.0367777777778
 10
121.0124444444444
 20
100.2972
 10
120.5617777777778
 20
100.5671333333333
 10
120.132
 20
100.8465555555556
 10
119.7297777777778
 20
101.1356222222222
 10
119.3488888888889
 20
101.4340222222222
 10
118.9988888888889
 20
101.7420888888889
 10
118.6713333333333
 20
102.0596444444444
 10
118.37
 20
102.3901111111111
 10
118.116
 20
102.7369333333334
 10
117.8966666666667
 20
103.1002666666667
 10
117.72
 20
103.4799333333333
 10
117.588
 20
103.8759333333333
 10
117.4882222222222
 20
104.2884444444445
 10
117.4235555555556
 20
104.7174666666667
 10
117.4111111111111
 20
105.1626666666667
 10
117.4335555555555
 20
105.7011111111111
 10
117.51
 20
106.2143333333333
 10
117.6322222222222
 20
106.7020222222222
 10
117.8195555555556
 20
107.1645111111111
 10
118.0462222222222
 20
107.6017555555555
 10
118.3264444444444
 20
108.0134888888889
 10
118.6664444444444
 20
108.4000222222222
 10
119.0424444444444
 20
108.7613111111111
 10
119.4608888888889
 20
109.0880444444444
 10
119.8993333333333
 20
109.3712
 10
120.3393333333333
 20
109.6107555555555
 10
120.8046666666667
 20
109.8067555555556
 10
121.2715555555556
 20
109.9593111111111
 10
121.7671111111111
 20
110.0682666666667
 10
122.2677777777778
 20
110.1334888888889
 10
122.7808888888889
 20
110.1552888888889
 10
123.3137777777778
 20
110.1342666666667
 10
123.832
 20
110.0709111111111
 10
124.3288888888889
 20
109.9655333333333
 10
124.7933333333333
 20
109.8178
 10
125.2466666666667
 20
109.6280444444445
 10
125.6875555555556
 20
109.3959555555555
 10
126.0884444444445
 20
109.1218222222222
 10
126.4951111111111
 20
108.8053555555556
 10
126.8531111111111
 20
108.4528
 10
127.1682222222222
 20
108.0703111111111
 10
127.4302222222222
 20
107.6579555555555
 10
127.6413333333333
 20
107.2155555555556
 10
127.812
 20
106.7431333333333
 10
127.9315555555555
 20
106.2406444444444
 10
128.008
 20
105.7082666666667
 10
128.0273333333333
 20
105.1458444444444
 10
125.9353333333333
 20
105.1458444444444
 10
125.924
 20
105.5126
 10
125.8731111111111
 20
105.8527111111111
 10
125.8071111111111
 20
106.1663777777778
 10
125.7191111111111
 20
106.4534222222222
 10
125.5928888888889
 20
106.7138444444444
 10
125.4433333333333
 20
106.9476666666667
 10
125.2691111111111
 20
107.155
 10
125.0691111111111
 20
107.3357333333333
 10
124.8431111111111
 20
107.4926444444445
 10
124.606
 20
107.6286888888889
 10
124.3475555555556
 20
107.7438888888889
 10
124.0684444444445
 20
107.8380666666667
 10
123.7746666666667
 20
107.9112222222222
 10
123.4571111111111
 20
107.9635333333333
 10
123.1271111111111
 20
107.9949777777778
 10
122.7808888888889
 20
108.0054
 10
122.4266666666667
 20
107.9942
 10
122.096
 20
107.9602444444444
 10
121.7764444444444
 20
107.9039111111111
 10
121.4771111111111
 20
107.8248222222222
 10
121.1906666666667
 20
107.7233333333333
 10
120.918
 20
107.5991111111111
 10
120.6675555555556
 20
107.4524666666667
 10
120.4308888888889
 20
107.2831333333333
 10
120.208
 20
107.0918222222222
 10
120.0262222222222
 20
106.8785333333333
 10
119.8617777777778
 20
106.6434888888889
 10
119.7348888888889
 20
106.3866444444445
 10
119.6302222222222
 20
106.1081555555556
 10
119.5593333333333
 20
105.8077333333333
 10
119.522
 20
105.4856666666666
 10
119.5031111111111
 20
105.1416444444444
 10
119.5251111111111
 20
104.8033777777778
 10
119.5717777777778
 20
104.4856666666667
 10
119.6346666666667
 20
104.1885111111111
 10
119.7348888888889
 20
103.9118888888889
 10
119.8711111111111
 20
103.6558222222222
 10
120.0324444444445
 20
103.4201555555555
 10
120.2255555555556
 20
103.2051777777778
 10
120.4397777777778
 20
103.0107555555555
 10
120.6886666666667
 20
102.8244222222222
 10
120.9677777777778
 20
102.6340444444445
 10
121.2864444444444
 20
102.4396222222222
 10
121.6226666666667
 20
102.2411555555556
 10
122.0037777777778
 20
102.0386222222222
 10
122.4111111111111
 20
101.8320666666667
 10
122.8506666666667
 20
101.6214444444445
 10
123.8095555555555
 20
101.1852666666667
  0
LWPOLYLINE
  5
AE
100
AcDbEntity
  8
0
  6
ByLayer
 62
  256
370
   -1
100
AcDbPolyline
 90
   11
 70
    1
 43
0
 10
143.1713333333333
 20
89.94956444444445
 10
143.1713333333333
 20
94.56844444444445
 10
135.6111111111111
 20
94.56844444444445
 10
135.6111111111111
 20
95.80302222222224
 10
143.3942222222222
 20
110.2896222222222
 10
145.144
 20
110.2896222222222
 10
145.144
 20
96.98715555555556
 10
147.516
 20
96.98715555555556
 10
147.516
 20
94.56844444444445
 10
145.144
 20
94.56844444444445
 10
145.144
 20
89.94956444444445
  0
LWPOLYLINE
  5
AF
100
AcDbEntity
  8
0
  6
ByLayer
 62
  256
370
   -1
100
AcDbPolyline
 90
    3
 70
    1
 43
0
 10
138.3768888888889
 20
96.98715555555556
 10
143.1713333333333
 20
96.98715555555556
 10
143.1713333333333
 20
105.5658222222222
  0
LWPOLYLINE
  5
B0
100
AcDbEntity
  8
0
  6
ByLayer
 62
  256
370
   -1
100
AcDbPolyline
 90
   22
 70
    1
 43
0
 10
156.7875555555555
 20
89.95376888888889
 10
156.7875555555555
 20
106.0150666666667
 10
156.7751111111111
 20
106.2060666666667
 10
156.7477777777778
 20
106.3715555555555
 10
156.698
 20
106.5114888888889
 10
156.6228888888888
 20
106.6260666666667
 10
156.5286666666667
 20
106.7151111111111
 10
156.4235555555555
 20
106.7787555555555
 10
156.292
 20
106.8169111111111
 10
156.1375555555556
 20
106.8296666666667
 10
154.1824444444444
 20
106.8296666666667
 10
154.1824444444444
 20
108.3245111111111
 10
154.8648888888889
 20
108.3948888888889
 10
155.47
 20
108.5134888888889
 10
156.0002222222222
 20
108.6803555555556
 10
156.4511111111111
 20
108.8956444444444
 10
156.8246666666666
 20
109.1592
 10
157.1297777777777
 20
109.4708222222222
 10
157.348
 20
109.8310444444444
 10
157.4875555555555
 20
110.2393333333333
 10
158.7577777777777
 20
110.2393333333333
 10
158.7577777777777
 20
89.95376888888889
  0
LWPOLYLINE
  5
B1
100
AcDbEntity
  8
0
  6
ByLayer
 62
  256
370
   -1
100
AcDbPolyline
 90
   22
 70
    1
 43
0
 10
168.0293333333333
 20
89.95376888888889
 10
168.0293333333333
 20
106.0150666666667
 10
168.0168888888889
 20
106.2060666666667
 10
167.9895555555556
 20
106.3715555555555
 10
167.9397777777778
 20
106.5114888888889
 10
167.8646666666666
 20
106.6260666666667
 10
167.7704444444445
 20
106.7151111111111
 10
167.6653333333333
 20
106.7787555555555
 10
167.5337777777778
 20
106.8169111111111
 10
167.3793333333334
 20
106.8296666666667
 10
165.4242222222222
 20
106.8296666666667
 10
165.4242222222222
 20
108.3245111111111
 10
166.1066666666667
 20
108.3948888888889
 10
166.7117777777778
 20
108.5134888888889
 10
167.242
 20
108.6803555555556
 10
167.6928888888889
 20
108.8956444444444
 10
168.0664444444444
 20
109.1592
 10
168.3715555555555
 20
109.4708222222222
 10
168.5897777777778
 20
109.8310444444444
 10
168.7293333333333
 20
110.2393333333333
 10
169.9995555555555
 20
110.2393333333333
 10
169.9995555555555
 20
89.95376888888889
  0
LWPOLYLINE
  5
B2
100
AcDbEntity
  8
0
  6
ByLayer
 62
  256
370
   -1
100
AcDbPolyline
 90
  194
 70
    0
 43
0
 10
117.8064444444444
 20
141.1862
 10
118.2795555555556
 20
140.9583111111111
 10
118.7577777777778
 20
140.7229555555556
 10
119.236
 20
140.4802666666666
 10
119.7111111111111
 20
140.2301111111111
 10
120.1724444444445
 20
139.9724888888889
 10
120.6457777777778
 20
139.7075555555556
 10
121.104
 20
139.4351333333333
 10
121.5324444444444
 20
139.1333111111111
 10
121.9077777777778
 20
138.7796444444444
 10
122.2197777777778
 20
138.3742888888889
 10
122.4857777777778
 20
137.9172444444444
 10
122.6837777777778
 20
137.4085333333334
 10
122.8337777777778
 20
136.848
 10
122.9146666666667
 20
136.2359111111111
 10
122.9415555555556
 20
135.5721555555556
 10
122.9146666666667
 20
134.9454666666667
 10
122.8375555555555
 20
134.3522222222222
 10
122.7055555555555
 20
133.7927555555555
 10
122.5137777777778
 20
133.2667777777777
 10
122.2646666666667
 20
132.7745555555555
 10
121.9782222222222
 20
132.3156666666666
 10
121.6271111111111
 20
131.8905466666666
 10
121.2235555555555
 20
131.4990444444444
 10
120.7726666666667
 20
131.1477155555555
 10
120.2995555555555
 20
130.8432288888889
 10
119.7951111111111
 20
130.5856088888889
 10
119.266
 20
130.3746844444445
 10
118.708
 20
130.2107688888889
 10
118.1257777777778
 20
130.0937111111111
 10
117.5037777777778
 20
130.0233488888889
 10
116.8648888888889
 20
130
 10
116.2415555555555
 20
130.0235044444445
 10
115.6371111111111
 20
130.0941711111111
 10
115.0468888888889
 20
130.2120155555556
 10
114.4864444444444
 20
130.3768577777778
 10
113.9508888888889
 20
130.58888
 10
113.4353333333333
 20
130.8479044444444
 10
112.946
 20
131.1540955555555
 10
112.4664444444444
 20
131.5074511111111
 10
112.0368888888889
 20
131.9009711111111
 10
111.6633333333333
 20
132.3278
 10
111.3395555555555
 20
132.7879555555556
 10
111.0842222222222
 20
133.2815555555555
 10
110.88
 20
133.8083333333333
 10
110.7304444444444
 20
134.3685777777778
 10
110.6433333333333
 20
134.9621111111111
 10
110.6171111111111
 20
135.5888222222222
 10
112.718
 20
135.5888222222222
 10
112.7404444444444
 20
135.1691555555556
 10
112.7964444444445
 20
134.7768888888889
 10
112.8962222222222
 20
134.4123111111111
 10
113.0268888888889
 20
134.0751333333333
 10
113.2037777777778
 20
133.7655333333333
 10
113.4228888888889
 20
133.4836222222222
 10
113.6768888888889
 20
133.2291111111111
 10
113.9633333333333
 20
133.0023111111111
 10
114.2822222222222
 20
132.8024222222222
 10
114.614
 20
132.6293333333333
 10
114.9595555555556
 20
132.4828444444444
 10
115.312
 20
132.3629777777778
 10
115.6688888888889
 20
132.2697333333333
 10
116.0555555555556
 20
132.20312
 10
116.4464444444445
 20
132.1631133333333
 10
116.8475555555556
 20
132.1498822222222
 10
117.2982222222222
 20
132.1645111111111
 10
117.7291111111111
 20
132.2081022222222
 10
118.1344444444444
 20
132.2809555555556
 10
118.5211111111111
 20
132.3829111111111
 10
118.8748888888889
 20
132.5139777777778
 10
119.2035555555555
 20
132.6741555555556
 10
119.5086666666667
 20
132.8636
 10
119.7864444444445
 20
133.082
 10
120.0355555555556
 20
133.3251555555555
 10
120.2446666666667
 20
133.5885333333333
 10
120.4264444444444
 20
133.8721555555555
 10
120.5804444444444
 20
134.1758444444445
 10
120.6955555555556
 20
134.4999555555555
 10
120.7784444444444
 20
134.8441333333333
 10
120.8288888888889
 20
135.2085333333333
 10
120.85
 20
135.5930222222222
 10
120.8226666666666
 20
135.9692666666667
 10
120.7571111111111
 20
136.3227777777778
 10
120.6457777777778
 20
136.6538888888889
 10
120.4988888888889
 20
136.9625555555556
 10
120.294
 20
137.2485111111111
 10
120.0528888888889
 20
137.5122222222222
 10
119.766
 20
137.7533333333333
 10
119.4402222222222
 20
137.9718888888889
 10
119.0728888888889
 20
138.1815777777778
 10
118.6993333333333
 20
138.3962444444444
 10
118.2895555555556
 20
138.6157111111111
 10
117.8662222222222
 20
138.8400222222222
 10
117.4253333333333
 20
139.0691777777778
 10
116.9695555555556
 20
139.3031333333333
 10
116.4788888888889
 20
139.5420888888889
 10
115.9844444444444
 20
139.7858444444444
 10
115.4826666666667
 20
140.0367777777778
 10
115.0093333333333
 20
140.2972
 10
114.5586666666667
 20
140.5671333333333
 10
114.1288888888889
 20
140.8465555555556
 10
113.7266666666667
 20
141.1356222222222
 10
113.3457777777778
 20
141.4340222222222
 10
112.9957777777778
 20
141.7420888888889
 10
112.6682222222222
 20
142.0596444444444
 10
112.3668888888889
 20
142.3901111111111
 10
112.1128888888889
 20
142.7369333333333
 10
111.8935555555556
 20
143.1002666666666
 10
111.7168888888889
 20
143.4799333333333
 10
111.5848888888889
 20
143.8759333333333
 10
111.4851111111111
 20
144.2884444444445
 10
111.4204444444444
 20
144.7174666666667
 10
111.408
 20
145.1626666666666
 10
111.4304444444444
 20
145.7011111111111
 10
111.5068888888889
 20
146.2143333333333
 10
111.6291111111111
 20
146.7020222222222
 10
111.8164444444445
 20
147.1645111111111
 10
112.0431111111111
 20
147.6017555555556
 10
112.3233333333333
 20
148.0134888888889
 10
112.6633333333333
 20
148.4000222222222
 10
113.0393333333333
 20
148.7613111111111
 10
113.4577777777778
 20
149.0880444444444
 10
113.8962222222222
 20
149.3712
 10
114.3362222222222
 20
149.6107555555556
 10
114.8015555555556
 20
149.8067555555556
 10
115.2684444444444
 20
149.9593111111111
 10
115.764
 20
150.0682666666667
 10
116.2646666666667
 20
150.1334888888889
 10
116.7777777777778
 20
150.1552888888889
 10
117.3106666666667
 20
150.1342666666667
 10
117.8288888888889
 20
150.0709111111111
 10
118.3257777777778
 20
149.9655333333333
 10
118.7902222222222
 20
149.8178
 10
119.2435555555555
 20
149.6280444444444
 10
119.6844444444445
 20
149.3959555555556
 10
120.0853333333334
 20
149.1218222222222
 10
120.492
 20
148.8053555555556
 10
120.85
 20
148.4528
 10
121.1651111111111
 20
148.0703111111111
 10
121.4271111111111
 20
147.6579555555555
 10
121.6382222222222
 20
147.2155555555556
 10
121.8088888888889
 20
146.7431333333334
 10
121.9284444444444
 20
146.2406444444445
 10
122.0048888888889
 20
145.7082666666667
 10
122.0242222222222
 20
145.1458444444444
 10
119.9322222222222
 20
145.1458444444444
 10
119.9208888888889
 20
145.5126
 10
119.87
 20
145.8527111111111
 10
119.804
 20
146.1663777777778
 10
119.716
 20
146.4534222222222
 10
119.5897777777778
 20
146.7138444444444
 10
119.4402222222222
 20
146.9476666666667
 10
119.266
 20
147.155
 10
119.066
 20
147.3357333333334
 10
118.84
 20
147.4926444444444
 10
118.6028888888889
 20
147.6286888888889
 10
118.3444444444445
 20
147.7438888888889
 10
118.0653333333333
 20
147.8380666666667
 10
117.7715555555556
 20
147.9112222222222
 10
117.454
 20
147.9635333333333
 10
117.124
 20
147.9949777777778
 10
116.7777777777778
 20
148.0054
 10
116.4235555555556
 20
147.9942
 10
116.0928888888889
 20
147.9602444444444
 10
115.7733333333333
 20
147.9039111111111
 10
115.474
 20
147.8248222222223
 10
115.1875555555555
 20
147.7233333333334
 10
114.9148888888889
 20
147.5991111111111
 10
114.6644444444444
 20
147.4524666666667
 10
114.4277777777778
 20
147.2831333333334
 10
114.2048888888889
 20
147.0918222222222
 10
114.0231111111111
 20
146.8785333333333
 10
113.8586666666667
 20
146.6434888888889
 10
113.7317777777778
 20
146.3866444444444
 10
113.6271111111111
 20
146.1081555555556
 10
113.5562222222222
 20
145.8077333333333
 10
113.5188888888889
 20
145.4856666666666
 10
113.5
 20
145.1416444444444
 10
113.522
 20
144.8033777777778
 10
113.5686666666667
 20
144.4856666666667
 10
113.6315555555556
 20
144.1885111111111
 10
113.7317777777778
 20
143.9118888888889
 10
113.868
 20
143.6558222222222
 10
114.0293333333333
 20
143.4201555555556
 10
114.2224444444445
 20
143.2051777777778
 10
114.4366666666667
 20
143.0107555555555
 10
114.6855555555556
 20
142.8244222222222
 10
114.9646666666667
 20
142.6340444444444
 10
115.2833333333333
 20
142.4396222222222
 10
115.6195555555556
 20
142.2411555555556
 10
116.0006666666667
 20
142.0386222222222
 10
116.408
 20
141.8320666666667
 10
116.8475555555556
 20
141.6214444444444
 10
117.8064444444444
 20
141.1852666666666
  0
LWPOLYLINE
  5
B3
100
AcDbEntity
  8
0
  6
ByLayer
 62
  256
370
   -1
100
AcDbPolyline
 90
   11
 70
    1
 43
0
 10
137.1682222222222
 20
129.9495644444445
 10
137.1682222222222
 20
134.5684444444445
 10
129.608
 20
134.5684444444445
 10
129.608
 20
135.8030222222222
 10
137.3911111111111
 20
150.2896222222222
 10
139.1408888888889
 20
150.2896222222222
 10
139.1408888888889
 20
136.9871555555555
 10
141.5128888888889
 20
136.9871555555555
 10
141.5128888888889
 20
134.5684444444445
 10
139.1408888888889
 20
134.5684444444445
 10
139.1408888888889
 20
129.9495644444445
  0
LWPOLYLINE
  5
B4
100
AcDbEntity
  8
0
  6
ByLayer
 62
  256
370
   -1
100
AcDbPolyline
 90
    3
 70
    1
 43
0
 10
132.3737777777777
 20
136.9871555555555
 10
137.1682222222222
 20
136.9871555555555
 10
137.1682222222222
 20
145.5658222222222
  0
LWPOLYLINE
  5
B5
100
AcDbEntity
  8
0
  6
ByLayer
 62
  256
370
   -1
100
AcDbPolyline
 90
   22
 70
    1
 43
0
 10
150.7844444444445
 20
129.9537688888889
 10
150.7844444444445
 20
146.0150666666667
 10
150.772
 20
146.2060666666667
 10
150.7446666666667
 20
146.3715555555555
 10
150.6948888888889
 20
146.5114888888889
 10
150.6197777777778
 20
146.6260666666667
 10
150.5255555555556
 20
146.7151111111111
 10
150.4204444444445
 20
146.7787555555556
 10
150.2888888888889
 20
146.8169111111111
 10
150.1344444444445
 20
146.8296666666667
 10
148.1793333333333
 20
146.8296666666667
 10
148.1793333333333
 20
148.3245111111111
 10
148.8617777777778
 20
148.3948888888889
 10
149.4668888888889
 20
148.5134888888889
 10
149.9971111111111
 20
148.6803555555556
 10
150.448
 20
148.8956444444444
 10
150.8215555555555
 20
149.1592
 10
151.1266666666667
 20
149.4708222222222
 10
151.3448888888889
 20
149.8310444444444
 10
151.4844444444444
 20
150.2393333333333
 10
152.7546666666667
 20
150.2393333333333
 10
152.7546666666667
 20
129.9537688888889
  0
LWPOLYLINE
  5
B6
100
AcDbEntity
  8
0
  6
ByLayer
 62
  256
370
   -1
100
AcDbPolyline
 90
   87
 70
    1
 43
0
 10
165.4691111111111
 20
150.1334888888889
 10
165.9708888888889
 20
150.0679555555555
 10
166.4482222222223
 20
149.9586888888889
 10
166.9111111111111
 20
149.8058222222222
 10
167.3448888888889
 20
149.6090666666667
 10
167.7582222222222
 20
149.3688666666667
 10
168.1542222222222
 20
149.0847777777778
 10
168.5175555555556
 20
148.7571111111111
 10
168.8491111111111
 20
148.3889555555555
 10
169.1404444444445
 20
147.9836
 10
169.3771111111111
 20
147.5412
 10
169.5864444444444
 20
147.0617555555555
 10
169.7404444444444
 20
146.5449555555556
 10
169.8566666666667
 20
145.9912666666667
 10
169.9188888888889
 20
145.4002
 10
169.9375555555556
 20
144.7722444444445
 10
169.9064444444444
 20
144.1032
 10
169.7955555555556
 20
143.4293333333334
 10
169.6195555555556
 20
142.7504888888889
 10
169.3668888888889
 20
142.0669555555555
 10
169.0468888888889
 20
141.3784444444444
 10
168.6548888888889
 20
140.6851111111111
 10
168.2
 20
139.9871333333334
 10
167.6533333333333
 20
139.2839777777777
 10
161.7804444444444
 20
132.6874
 10
169.9995555555556
 20
132.6874
 10
169.7404444444444
 20
130.2686777777778
 10
159.4208888888889
 20
130.2686777777778
 10
159.4208888888889
 20
132.9644666666667
 10
165.452
 20
139.7334
 10
166.0122222222222
 20
140.3954222222222
 10
166.494
 20
141.0487555555555
 10
166.9111111111111
 20
141.6930444444444
 10
167.2475555555556
 20
142.3283111111111
 10
167.5042222222222
 20
142.9547111111111
 10
167.6984444444445
 20
143.5722222222222
 10
167.8031111111111
 20
144.1808888888889
 10
167.8475555555555
 20
144.7806666666667
 10
167.8302222222222
 20
145.2671111111111
 10
167.7931111111111
 20
145.7087333333333
 10
167.7268888888889
 20
146.1052
 10
167.6275555555556
 20
146.4565333333333
 10
167.5115555555556
 20
146.7628888888889
 10
167.3668888888889
 20
147.0241111111111
 10
167.1975555555556
 20
147.2401555555556
 10
166.9933333333333
 20
147.4112222222222
 10
166.7744444444444
 20
147.5505555555555
 10
166.544
 20
147.6711777777778
 10
166.2986666666667
 20
147.7733111111111
 10
166.0522222222222
 20
147.8568888888889
 10
165.7882222222223
 20
147.9219777777778
 10
165.5117777777778
 20
147.9683555555555
 10
165.2326666666667
 20
147.9962222222222
 10
164.9335555555556
 20
148.0054
 10
164.7097777777778
 20
147.9973111111111
 10
164.4831111111112
 20
147.9727111111111
 10
164.2524444444444
 20
147.9316222222222
 10
164.0284444444444
 20
147.8741777777778
 10
163.7828888888889
 20
147.8004
 10
163.5466666666667
 20
147.7102666666667
 10
163.2997777777778
 20
147.6036444444444
 10
163.0584444444444
 20
147.4805111111111
 10
162.8264444444444
 20
147.3201777777778
 10
162.6333333333334
 20
147.1016222222222
 10
162.4628888888889
 20
146.8246888888889
 10
162.3186666666667
 20
146.4895333333333
 10
162.2137777777778
 20
146.0961777777778
 10
162.1368888888889
 20
145.6446
 10
162.0895555555556
 20
145.1346444444444
 10
162.0731111111111
 20
144.5664666666667
 10
160.1017777777778
 20
144.5664666666667
 10
160.1306666666667
 20
145.2884444444444
 10
160.1988888888889
 20
145.9573111111111
 10
160.3051111111111
 20
146.5732888888889
 10
160.4628888888889
 20
147.1361777777778
 10
160.6624444444445
 20
147.6461333333334
 10
160.9115555555556
 20
148.103
 10
161.2077777777778
 20
148.5069555555555
 10
161.5375555555556
 20
148.8578222222222
 10
161.9124444444445
 20
149.162
 10
162.286
 20
149.4255333333333
 10
162.6835555555555
 20
149.6484444444445
 10
163.1066666666667
 20
149.8310444444444
 10
163.5466666666667
 20
149.9728444444444
 10
163.9871111111111
 20
150.0741777777778
 10
164.4553333333333
 20
150.1350444444444
 10
164.9388888888889
 20
150.1552888888889
  0
LWPOLYLINE
  5
B7
100
AcDbEntity
  8
0
  6
ByLayer
 62
  256
370
   -1
100
AcDbPolyline
 90
  194
 70
    0
 43
0
 10
118.2871111111111
 20
181.1862
 10
118.7602222222222
 20
180.9583111111111
 10
119.2384444444444
 20
180.7229555555556
 10
119.7166666666667
 20
180.4802666666666
 10
120.1917777777778
 20
180.2301111111111
 10
120.6531111111111
 20
179.9724888888889
 10
121.1264444444444
 20
179.7075555555556
 10
121.5846666666667
 20
179.4351333333333
 10
122.0131111111111
 20
179.1333111111111
 10
122.3884444444444
 20
178.7796444444444
 10
122.7004444444445
 20
178.3742888888889
 10
122.9664444444444
 20
177.9172444444444
 10
123.1644444444444
 20
177.4085333333334
 10
123.3144444444444
 20
176.848
 10
123.3953333333333
 20
176.2359111111111
 10
123.4222222222222
 20
175.5721555555556
 10
123.3953333333333
 20
174.9454666666667
 10
123.3182222222222
 20
174.3522222222222
 10
123.1862222222222
 20
173.7927555555555
 10
122.9944444444445
 20
173.2667777777777
 10
122.7453333333333
 20
172.7745555555555
 10
122.4588888888889
 20
172.3156666666666
 10
122.1077777777778
 20
171.8905466666666
 10
121.7042222222222
 20
171.4990444444444
 10
121.2533333333333
 20
171.1477155555555
 10
120.7802222222222
 20
170.8432288888889
 10
120.2757777777778
 20
170.5856088888889
 10
119.7466666666667
 20
170.3746844444445
 10
119.1886666666666
 20
170.2107688888889
 10
118.6064444444444
 20
170.0937111111111
 10
117.9844444444444
 20
170.0233488888889
 10
117.3455555555556
 20
170
 10
116.7222222222222
 20
170.0235044444445
 10
116.1177777777778
 20
170.0941711111111
 10
115.5275555555556
 20
170.2120155555556
 10
114.9671111111111
 20
170.3768577777778
 10
114.4315555555555
 20
170.58888
 10
113.916
 20
170.8479044444444
 10
113.4266666666666
 20
171.1540955555555
 10
112.9471111111111
 20
171.5074511111111
 10
112.5175555555555
 20
171.9009711111111
 10
112.144
 20
172.3278
 10
111.8202222222222
 20
172.7879555555556
 10
111.5648888888889
 20
173.2815555555555
 10
111.3606666666667
 20
173.8083333333333
 10
111.2111111111111
 20
174.3685777777778
 10
111.124
 20
174.9621111111111
 10
111.0977777777778
 20
175.5888222222222
 10
113.1986666666667
 20
175.5888222222222
 10
113.2211111111111
 20
175.1691555555556
 10
113.2771111111111
 20
174.7768888888889
 10
113.3768888888889
 20
174.4123111111111
 10
113.5075555555555
 20
174.0751333333333
 10
113.6844444444444
 20
173.7655333333333
 10
113.9035555555556
 20
173.4836222222222
 10
114.1575555555555
 20
173.2291111111111
 10
114.444
 20
173.0023111111111
 10
114.7628888888889
 20
172.8024222222222
 10
115.0946666666667
 20
172.6293333333333
 10
115.4402222222222
 20
172.4828444444444
 10
115.7926666666667
 20
172.3629777777778
 10
116.1495555555556
 20
172.2697333333333
 10
116.5362222222222
 20
172.20312
 10
116.9271111111111
 20
172.1631133333333
 10
117.3282222222222
 20
172.1498822222222
 10
117.7788888888889
 20
172.1645111111111
 10
118.2097777777778
 20
172.2081022222222
 10
118.6151111111111
 20
172.2809555555556
 10
119.0017777777778
 20
172.3829111111111
 10
119.3555555555556
 20
172.5139777777778
 10
119.6842222222222
 20
172.6741555555556
 10
119.9893333333333
 20
172.8636
 10
120.2671111111111
 20
173.082
 10
120.5162222222222
 20
173.3251555555555
 10
120.7253333333333
 20
173.5885333333333
 10
120.9071111111111
 20
173.8721555555555
 10
121.0611111111111
 20
174.1758444444445
 10
121.1762222222222
 20
174.4999555555555
 10
121.2591111111111
 20
174.8441333333333
 10
121.3095555555556
 20
175.2085333333333
 10
121.3306666666667
 20
175.5930222222222
 10
121.3033333333333
 20
175.9692666666667
 10
121.2377777777778
 20
176.3227777777778
 10
121.1264444444444
 20
176.6538888888889
 10
120.9795555555556
 20
176.9625555555556
 10
120.7746666666667
 20
177.2485111111111
 10
120.5335555555556
 20
177.5122222222222
 10
120.2466666666667
 20
177.7533333333333
 10
119.9208888888889
 20
177.9718888888889
 10
119.5535555555556
 20
178.1815777777778
 10
119.18
 20
178.3962444444444
 10
118.7702222222222
 20
178.6157111111111
 10
118.3468888888889
 20
178.8400222222222
 10
117.906
 20
179.0691777777778
 10
117.4502222222222
 20
179.3031333333333
 10
116.9595555555556
 20
179.5420888888889
 10
116.4651111111111
 20
179.7858444444444
 10
115.9633333333333
 20
180.0367777777778
 10
115.49
 20
180.2972
 10
115.0393333333333
 20
180.5671333333333
 10
114.6095555555556
 20
180.8465555555556
 10
114.2073333333333
 20
181.1356222222222
 10
113.8264444444444
 20
181.4340222222222
 10
113.4764444444444
 20
181.7420888888889
 10
113.1488888888889
 20
182.0596444444444
 10
112.8475555555555
 20
182.3901111111111
 10
112.5935555555556
 20
182.7369333333333
 10
112.3742222222222
 20
183.1002666666666
 10
112.1975555555555
 20
183.4799333333333
 10
112.0655555555555
 20
183.8759333333333
 10
111.9657777777778
 20
184.2884444444445
 10
111.9011111111111
 20
184.7174666666667
 10
111.8886666666667
 20
185.1626666666666
 10
111.9111111111111
 20
185.7011111111111
 10
111.9875555555555
 20
186.2143333333333
 10
112.1097777777778
 20
186.7020222222222
 10
112.2971111111111
 20
187.1645111111111
 10
112.5237777777778
 20
187.6017555555556
 10
112.804
 20
188.0134888888889
 10
113.144
 20
188.4000222222222
 10
113.52
 20
188.7613111111111
 10
113.9384444444444
 20
189.0880444444444
 10
114.3768888888889
 20
189.3712
 10
114.8168888888889
 20
189.6107555555556
 10
115.2822222222222
 20
189.8067555555556
 10
115.7491111111111
 20
189.9593111111111
 10
116.2446666666667
 20
190.0682666666667
 10
116.7453333333333
 20
190.1334888888889
 10
117.2584444444444
 20
190.1552888888889
 10
117.7913333333333
 20
190.1342666666667
 10
118.3095555555555
 20
190.0709111111111
 10
118.8064444444444
 20
189.9655333333333
 10
119.2708888888889
 20
189.8178
 10
119.7242222222222
 20
189.6280444444444
 10
120.1651111111111
 20
189.3959555555556
 10
120.566
 20
189.1218222222222
 10
120.9726666666667
 20
188.8053555555556
 10
121.3306666666667
 20
188.4528
 10
121.6457777777778
 20
188.0703111111111
 10
121.9077777777778
 20
187.6579555555555
 10
122.1188888888889
 20
187.2155555555556
 10
122.2895555555556
 20
186.7431333333334
 10
122.4091111111111
 20
186.2406444444445
 10
122.4855555555556
 20
185.7082666666667
 10
122.5048888888889
 20
185.1458444444444
 10
120.4128888888889
 20
185.1458444444444
 10
120.4015555555555
 20
185.5126
 10
120.3506666666667
 20
185.8527111111111
 10
120.2846666666667
 20
186.1663777777778
 10
120.1966666666667
 20
186.4534222222222
 10
120.0704444444444
 20
186.7138444444444
 10
119.9208888888889
 20
186.9476666666667
 10
119.7466666666667
 20
187.155
 10
119.5466666666667
 20
187.3357333333334
 10
119.3206666666667
 20
187.4926444444444
 10
119.0835555555556
 20
187.6286888888889
 10
118.8251111111111
 20
187.7438888888889
 10
118.546
 20
187.8380666666667
 10
118.2522222222222
 20
187.9112222222222
 10
117.9346666666667
 20
187.9635333333333
 10
117.6046666666666
 20
187.9949777777778
 10
117.2584444444444
 20
188.0054
 10
116.9042222222222
 20
187.9942
 10
116.5735555555555
 20
187.9602444444444
 10
116.254
 20
187.9039111111111
 10
115.9546666666667
 20
187.8248222222223
 10
115.6682222222222
 20
187.7233333333334
 10
115.3955555555556
 20
187.5991111111111
 10
115.1451111111111
 20
187.4524666666667
 10
114.9084444444445
 20
187.2831333333334
 10
114.6855555555556
 20
187.0918222222222
 10
114.5037777777778
 20
186.8785333333333
 10
114.3393333333333
 20
186.6434888888889
 10
114.2124444444444
 20
186.3866444444444
 10
114.1077777777778
 20
186.1081555555556
 10
114.0368888888889
 20
185.8077333333333
 10
113.9995555555555
 20
185.4856666666666
 10
113.9806666666667
 20
185.1416444444444
 10
114.0026666666667
 20
184.8033777777778
 10
114.0493333333333
 20
184.4856666666667
 10
114.1122222222222
 20
184.1885111111111
 10
114.2124444444444
 20
183.9118888888889
 10
114.3486666666667
 20
183.6558222222222
 10
114.51
 20
183.4201555555556
 10
114.7031111111111
 20
183.2051777777778
 10
114.9173333333333
 20
183.0107555555555
 10
115.1662222222222
 20
182.8244222222222
 10
115.4453333333333
 20
182.6340444444444
 10
115.764
 20
182.4396222222222
 10
116.1002222222222
 20
182.2411555555556
 10
116.4813333333333
 20
182.0386222222222
 10
116.8886666666667
 20
181.8320666666667
 10
117.3282222222222
 20
181.6214444444444
 10
118.2871111111111
 20
181.1852666666666
  0
LWPOLYLINE
  5
B8
100
AcDbEntity
  8
0
  6
ByLayer
 62
  256
370
   -1
100
AcDbPolyline
 90
   11
 70
    1
 43
0
 10
137.6488888888889
 20
169.9495644444445
 10
137.6488888888889
 20
174.5684444444445
 10
130.0886666666667
 20
174.5684444444445
 10
130.0886666666667
 20
175.8030222222222
 10
137.8717777777778
 20
190.2896222222222
 10
139.6215555555556
 20
190.2896222222222
 10
139.6215555555556
 20
176.9871555555555
 10
141.9935555555556
 20
176.9871555555555
 10
141.9935555555556
 20
174.5684444444445
 10
139.6215555555556
 20
174.5684444444445
 10
139.6215555555556
 20
169.9495644444445
  0
LWPOLYLINE
  5
B9
100
AcDbEntity
  8
0
  6
ByLayer
 62
  256
370
   -1
100
AcDbPolyline
 90
    3
 70
    1
 43
0
 10
132.8544444444444
 20
176.9871555555555
 10
137.6488888888889
 20
176.9871555555555
 10
137.6488888888889
 20
185.5658222222222
  0
LWPOLYLINE
  5
BA
100
AcDbEntity
  8
0
  6
ByLayer
 62
  256
370
   -1
100
AcDbPolyline
 90
   22
 70
    1
 43
0
 10
151.2651111111111
 20
169.9537688888889
 10
151.2651111111111
 20
186.0150666666667
 10
151.2526666666666
 20
186.2060666666667
 10
151.2253333333333
 20
186.3715555555555
 10
151.1755555555555
 20
186.5114888888889
 10
151.1004444444444
 20
186.6260666666667
 10
151.0062222222222
 20
186.7151111111111
 10
150.9011111111111
 20
186.7787555555556
 10
150.7695555555555
 20
186.8169111111111
 10
150.6151111111111
 20
186.8296666666667
 10
148.66
 20
186.8296666666667
 10
148.66
 20
188.3245111111111
 10
149.3424444444444
 20
188.3948888888889
 10
149.9475555555555
 20
188.5134888888889
 10
150.4777777777778
 20
188.6803555555556
 10
150.9286666666667
 20
188.8956444444444
 10
151.3022222222222
 20
189.1592
 10
151.6073333333333
 20
189.4708222222222
 10
151.8255555555555
 20
189.8310444444444
 10
151.9651111111111
 20
190.2393333333333
 10
153.2353333333333
 20
190.2393333333333
 10
153.2353333333333
 20
169.9537688888889
  0
LWPOLYLINE
  5
BB
100
AcDbEntity
  8
0
  6
ByLayer
 62
  256
370
   -1
100
AcDbPolyline
 90
  195
 70
    1
 43
0
 10
165.1813333333333
 20
190.1296
 10
165.6873333333333
 20
190.0520666666666
 10
166.1555555555555
 20
189.9230222222222
 10
166.6011111111111
 20
189.7423111111111
 10
167.0248888888889
 20
189.5098888888889
 10
167.422
 20
189.2259555555555
 10
167.7955555555555
 20
188.8902
 10
168.1353333333333
 20
188.5030666666667
 10
168.4568888888889
 20
188.0869777777778
 10
168.7308888888889
 20
187.6651111111111
 10
168.9571111111111
 20
187.2375111111111
 10
169.1488888888889
 20
186.8039777777778
 10
169.286
 20
186.3646888888889
 10
169.3908888888889
 20
185.9194888888889
 10
169.4582222222222
 20
185.4683777777778
 10
169.4806666666666
 20
185.0115111111111
 10
169.4644444444444
 20
184.679
 10
169.4357777777778
 20
184.3494666666666
 10
169.386
 20
184.0224222222222
 10
169.3273333333333
 20
183.6983333333334
 10
169.2311111111111
 20
183.3768666666666
 10
169.1282222222222
 20
183.0582222222222
 10
168.9948888888889
 20
182.7422222222222
 10
168.858
 20
182.4292
 10
168.6882222222222
 20
182.1318666666667
 10
168.5117777777778
 20
181.8638222222222
 10
168.3246666666666
 20
181.6248666666667
 10
168.1157777777778
 20
181.4150444444445
 10
167.8991111111111
 20
181.2343111111111
 10
167.6711111111111
 20
181.0828444444444
 10
167.422
 20
180.9603333333334
 10
167.1664444444444
 20
180.8670888888889
 10
167.4257777777777
 20
180.7856888888889
 10
167.6795555555555
 20
180.6718888888889
 10
167.9388888888889
 20
180.5257333333333
 10
168.1817777777778
 20
180.3468666666667
 10
168.4304444444444
 20
180.1356222222222
 10
168.6611111111111
 20
179.8920222222222
 10
168.8915555555555
 20
179.6158666666666
 10
169.112
 20
179.3071777777778
 10
169.3273333333333
 20
178.9686
 10
169.5028888888889
 20
178.6026444444445
 10
169.6633333333333
 20
178.2092888888889
 10
169.782
 20
177.7886666666666
 10
169.8766666666666
 20
177.3406666666667
 10
169.9413333333333
 20
176.8652666666667
 10
169.9873333333333
 20
176.3624666666667
 10
169.9995555555556
 20
175.8324444444444
 10
169.9811111111111
 20
175.3246444444444
 10
169.914
 20
174.8260666666667
 10
169.8044444444444
 20
174.3366666666667
 10
169.6446666666666
 20
173.8562888888889
 10
169.4528888888889
 20
173.3850888888889
 10
169.2115555555555
 20
172.9229111111111
 10
168.9251111111111
 20
172.4699333333333
 10
168.5886666666666
 20
172.0259733333333
 10
168.22
 20
171.6140844444444
 10
167.8117777777778
 20
171.2571466666667
 10
167.376
 20
170.9551577777778
 10
166.9148888888889
 20
170.7079622222222
 10
166.4146666666666
 20
170.5158711111111
 10
165.8742222222222
 20
170.3785755555555
 10
165.306
 20
170.2962288888889
 10
164.7073333333333
 20
170.2686777777778
 10
164.1731111111111
 20
170.2918711111111
 10
163.6733333333333
 20
170.3612977777778
 10
163.194
 20
170.4771111111111
 10
162.736
 20
170.6393088888889
 10
162.3124444444444
 20
170.8477488888889
 10
161.9177777777778
 20
171.1024155555555
 10
161.5528888888888
 20
171.4036266666667
 10
161.208
 20
171.7509155555556
 10
160.9028888888889
 20
172.1394533333333
 10
160.6435555555555
 20
172.5634888888889
 10
160.4122222222222
 20
173.0233111111111
 10
160.2304444444444
 20
173.5188
 10
160.0931111111111
 20
174.0499333333333
 10
159.9884444444445
 20
174.6168444444445
 10
159.9253333333333
 20
175.2194222222222
 10
159.9013333333333
 20
175.8576444444444
 10
161.8764444444444
 20
175.8576444444444
 10
161.8813333333333
 20
175.3722888888889
 10
161.9177777777778
 20
174.9278666666667
 10
161.9813333333333
 20
174.5248666666667
 10
162.0635555555556
 20
174.1627777777778
 10
162.1677777777778
 20
173.8419555555556
 10
162.2997777777778
 20
173.5622222222222
 10
162.4666666666666
 20
173.3236
 10
162.6413333333333
 20
173.1262222222222
 10
162.8402222222222
 20
172.9602666666667
 10
163.0544444444444
 20
172.8166
 10
163.2911111111111
 20
172.6950222222222
 10
163.5453333333333
 20
172.5955333333333
 10
163.8044444444444
 20
172.5181777777778
 10
164.0971111111111
 20
172.4627777777778
 10
164.3922222222222
 20
172.4296222222222
 10
164.7006666666667
 20
172.4185555555555
 10
165.032
 20
172.4318
 10
165.356
 20
172.4714888888889
 10
165.66
 20
172.5376444444445
 10
165.956
 20
172.6301111111111
 10
166.2262222222222
 20
172.7492
 10
166.4893333333333
 20
172.8945777777778
 10
166.7433333333333
 20
173.0664444444444
 10
166.9871111111111
 20
173.2647555555556
 10
167.1942222222222
 20
173.4895333333333
 10
167.3884444444444
 20
173.7406222222222
 10
167.5475555555555
 20
174.0183333333333
 10
167.6748888888889
 20
174.3223333333333
 10
167.7744444444444
 20
174.6528
 10
167.8517777777778
 20
175.0097555555556
 10
167.8953333333333
 20
175.3931555555556
 10
167.8991111111111
 20
175.8030222222222
 10
167.884
 20
176.3196666666667
 10
167.8293333333333
 20
176.8006666666667
 10
167.7393333333333
 20
177.2463333333334
 10
167.6026666666667
 20
177.6563555555555
 10
167.4306666666667
 20
178.0310444444444
 10
167.2228888888889
 20
178.3700888888889
 10
166.9871111111111
 20
178.6736222222222
 10
166.7057777777778
 20
178.9418222222222
 10
166.3922222222222
 20
179.1765777777778
 10
166.0606666666667
 20
179.3800222222222
 10
165.7097777777777
 20
179.5520444444444
 10
165.3424444444444
 20
179.6929111111111
 10
164.956
 20
179.8025111111111
 10
164.5466666666667
 20
179.8806444444444
 10
164.1231111111111
 20
179.9276666666667
 10
163.6733333333333
 20
179.9432222222222
 10
163.6733333333333
 20
181.5557555555555
 10
164.1231111111111
 20
181.5720888888889
 10
164.5364444444444
 20
181.6211333333333
 10
164.9224444444444
 20
181.7030222222222
 10
165.2864444444444
 20
181.8175777777778
 10
165.6288888888889
 20
181.965
 10
165.9288888888888
 20
182.1449333333333
 10
166.198
 20
182.3578888888889
 10
166.4466666666667
 20
182.6033777777778
 10
166.6662222222222
 20
182.8697111111111
 10
166.8615555555555
 20
183.1446222222222
 10
167.0197777777778
 20
183.4284
 10
167.148
 20
183.7208888888889
 10
167.244
 20
184.0219555555555
 10
167.3224444444444
 20
184.3318666666667
 10
167.372
 20
184.6505333333333
 10
167.376
 20
184.9778888888889
 10
167.372
 20
185.2965333333333
 10
167.3262222222222
 20
185.6013111111111
 10
167.2664444444444
 20
185.8925555555555
 10
167.1664444444444
 20
186.1699555555555
 10
167.0484444444444
 20
186.4336666666667
 10
166.9024444444445
 20
186.6836666666667
 10
166.7284444444444
 20
186.9199555555556
 10
166.5288888888889
 20
187.1425555555555
 10
166.3146666666666
 20
187.3447555555555
 10
166.0933333333333
 20
187.5200444444444
 10
165.8688888888889
 20
187.6684
 10
165.6375555555555
 20
187.7896444444444
 10
165.4055555555555
 20
187.8841333333334
 10
165.1593333333333
 20
187.9515333333333
 10
164.91
 20
187.9920222222222
 10
164.6513333333333
 20
188.0054
 10
164.3922222222222
 20
187.9935777777777
 10
164.1506666666667
 20
187.9577555555555
 10
163.9102222222222
 20
187.8983111111111
 10
163.6771111111111
 20
187.8148666666667
 10
163.4682222222222
 20
187.7077777777778
 10
163.254
 20
187.5767111111111
 10
163.0544444444444
 20
187.4219777777778
 10
162.868
 20
187.2432666666666
 10
162.6911111111111
 20
187.0348444444445
 10
162.5442222222222
 20
186.7902888888889
 10
162.4171111111111
 20
186.5096222222222
 10
162.3175555555555
 20
186.193
 10
162.2353333333334
 20
185.8404222222222
 10
162.1855555555556
 20
185.4517333333334
 10
162.142
 20
185.0270666666667
 10
162.1357777777778
 20
184.5664666666667
 10
160.1655555555555
 20
184.5664666666667
 10
160.1877777777778
 20
185.2285111111111
 10
160.2491111111111
 20
185.8499111111111
 10
160.3424444444445
 20
186.4307111111111
 10
160.4791111111111
 20
186.9708444444444
 10
160.6613333333333
 20
187.4705333333333
 10
160.8717777777777
 20
187.9294444444445
 10
161.1342222222222
 20
188.3478666666667
 10
161.4317777777778
 20
188.7255111111111
 10
161.762
 20
189.0606444444444
 10
162.1133333333333
 20
189.3511333333333
 10
162.4782222222222
 20
189.5969111111111
 10
162.8728888888889
 20
189.7978888888889
 10
163.2911111111111
 20
189.9543111111111
 10
163.7235555555555
 20
190.0659333333334
 10
164.178
 20
190.1330222222223
 10
164.6575555555555
 20
190.1552888888889
  0
LWPOLYLINE
  5
BC
100
AcDbEntity
  8
0
  6
ByLayer
 62
  256
370
   -1
100
AcDbPolyline
 90
  194
 70
    0
 43
0
 10
116.48
 20
221.1862
 10
116.9531111111111
 20
220.9583111111111
 10
117.4313333333333
 20
220.7229555555556
 10
117.9095555555556
 20
220.4802666666666
 10
118.3846666666667
 20
220.2301111111111
 10
118.846
 20
219.9724888888889
 10
119.3193333333333
 20
219.7075555555556
 10
119.7775555555556
 20
219.4351333333333
 10
120.206
 20
219.1333111111111
 10
120.5813333333333
 20
218.7796444444444
 10
120.8933333333333
 20
218.3742888888889
 10
121.1593333333333
 20
217.9172444444444
 10
121.3573333333333
 20
217.4085333333334
 10
121.5073333333333
 20
216.848
 10
121.5882222222222
 20
216.2359111111111
 10
121.6151111111111
 20
215.5721555555556
 10
121.5882222222222
 20
214.9454666666667
 10
121.5111111111111
 20
214.3522222222222
 10
121.3791111111111
 20
213.7927555555555
 10
121.1873333333334
 20
213.2667777777777
 10
120.9382222222223
 20
212.7745555555555
 10
120.6517777777778
 20
212.3156666666666
 10
120.3006666666667
 20
211.8905466666666
 10
119.8971111111111
 20
211.4990444444444
 10
119.4462222222222
 20
211.1477155555555
 10
118.9731111111111
 20
210.8432288888889
 10
118.4686666666667
 20
210.5856088888889
 10
117.9395555555556
 20
210.3746844444445
 10
117.3815555555556
 20
210.2107688888889
 10
116.7993333333333
 20
210.0937111111111
 10
116.1773333333333
 20
210.0233488888889
 10
115.5384444444445
 20
210
 10
114.9151111111111
 20
210.0235044444445
 10
114.3106666666667
 20
210.0941711111111
 10
113.7204444444445
 20
210.2120155555556
 10
113.16
 20
210.3768577777778
 10
112.6244444444444
 20
210.58888
 10
112.1088888888889
 20
210.8479044444444
 10
111.6195555555556
 20
211.1540955555555
 10
111.14
 20
211.5074511111111
 10
110.7104444444444
 20
211.9009711111111
 10
110.3368888888889
 20
212.3278
 10
110.0131111111111
 20
212.7879555555556
 10
109.7577777777778
 20
213.2815555555555
 10
109.5535555555556
 20
213.8083333333333
 10
109.404
 20
214.3685777777778
 10
109.3168888888889
 20
214.9621111111111
 10
109.2906666666667
 20
215.5888222222222
 10
111.3915555555556
 20
215.5888222222222
 10
111.414
 20
215.1691555555556
 10
111.47
 20
214.7768888888889
 10
111.5697777777778
 20
214.4123111111111
 10
111.7004444444444
 20
214.0751333333333
 10
111.8773333333333
 20
213.7655333333333
 10
112.0964444444445
 20
213.4836222222222
 10
112.3504444444444
 20
213.2291111111111
 10
112.6368888888889
 20
213.0023111111111
 10
112.9557777777778
 20
212.8024222222222
 10
113.2875555555556
 20
212.6293333333333
 10
113.6331111111111
 20
212.4828444444444
 10
113.9855555555556
 20
212.3629777777778
 10
114.3424444444445
 20
212.2697333333333
 10
114.7291111111111
 20
212.20312
 10
115.12
 20
212.1631133333333
 10
115.5211111111111
 20
212.1498822222222
 10
115.9717777777778
 20
212.1645111111111
 10
116.4026666666667
 20
212.2081022222222
 10
116.808
 20
212.2809555555556
 10
117.1946666666667
 20
212.3829111111111
 10
117.5484444444445
 20
212.5139777777778
 10
117.8771111111111
 20
212.6741555555556
 10
118.1822222222222
 20
212.8636
 10
118.46
 20
213.082
 10
118.7091111111111
 20
213.3251555555555
 10
118.9182222222222
 20
213.5885333333333
 10
119.1
 20
213.8721555555555
 10
119.254
 20
214.1758444444445
 10
119.3691111111111
 20
214.4999555555555
 10
119.452
 20
214.8441333333333
 10
119.5024444444445
 20
215.2085333333333
 10
119.5235555555556
 20
215.5930222222222
 10
119.4962222222222
 20
215.9692666666667
 10
119.4306666666667
 20
216.3227777777778
 10
119.3193333333333
 20
216.6538888888889
 10
119.1724444444445
 20
216.9625555555556
 10
118.9675555555556
 20
217.2485111111111
 10
118.7264444444445
 20
217.5122222222222
 10
118.4395555555556
 20
217.7533333333333
 10
118.1137777777778
 20
217.9718888888889
 10
117.7464444444445
 20
218.1815777777778
 10
117.3728888888889
 20
218.3962444444444
 10
116.9631111111111
 20
218.6157111111111
 10
116.5397777777778
 20
218.8400222222222
 10
116.0988888888889
 20
219.0691777777778
 10
115.6431111111111
 20
219.3031333333333
 10
115.1524444444445
 20
219.5420888888889
 10
114.658
 20
219.7858444444444
 10
114.1562222222222
 20
220.0367777777778
 10
113.6828888888889
 20
220.2972
 10
113.2322222222222
 20
220.5671333333333
 10
112.8024444444445
 20
220.8465555555556
 10
112.4002222222222
 20
221.1356222222222
 10
112.0193333333333
 20
221.4340222222222
 10
111.6693333333333
 20
221.7420888888889
 10
111.3417777777778
 20
222.0596444444444
 10
111.0404444444444
 20
222.3901111111111
 10
110.7864444444445
 20
222.7369333333333
 10
110.5671111111111
 20
223.1002666666666
 10
110.3904444444444
 20
223.4799333333333
 10
110.2584444444445
 20
223.8759333333333
 10
110.1586666666667
 20
224.2884444444445
 10
110.094
 20
224.7174666666667
 10
110.0815555555556
 20
225.1626666666666
 10
110.104
 20
225.7011111111111
 10
110.1804444444444
 20
226.2143333333333
 10
110.3026666666667
 20
226.7020222222222
 10
110.49
 20
227.1645111111111
 10
110.7166666666667
 20
227.6017555555556
 10
110.9968888888889
 20
228.0134888888889
 10
111.3368888888889
 20
228.4000222222222
 10
111.7128888888889
 20
228.7613111111111
 10
112.1313333333333
 20
229.0880444444444
 10
112.5697777777778
 20
229.3712
 10
113.0097777777778
 20
229.6107555555556
 10
113.4751111111111
 20
229.8067555555556
 10
113.942
 20
229.9593111111111
 10
114.4375555555556
 20
230.0682666666667
 10
114.9382222222222
 20
230.1334888888889
 10
115.4513333333333
 20
230.1552888888889
 10
115.9842222222222
 20
230.1342666666667
 10
116.5024444444444
 20
230.0709111111111
 10
116.9993333333333
 20
229.9655333333333
 10
117.4637777777778
 20
229.8178
 10
117.9171111111111
 20
229.6280444444444
 10
118.358
 20
229.3959555555556
 10
118.7588888888889
 20
229.1218222222222
 10
119.1655555555556
 20
228.8053555555556
 10
119.5235555555556
 20
228.4528
 10
119.8386666666667
 20
228.0703111111111
 10
120.1006666666667
 20
227.6579555555555
 10
120.3117777777778
 20
227.2155555555556
 10
120.4824444444445
 20
226.7431333333334
 10
120.602
 20
226.2406444444445
 10
120.6784444444445
 20
225.7082666666667
 10
120.6977777777778
 20
225.1458444444444
 10
118.6057777777778
 20
225.1458444444444
 10
118.5944444444444
 20
225.5126
 10
118.5435555555556
 20
225.8527111111111
 10
118.4775555555556
 20
226.1663777777778
 10
118.3895555555556
 20
226.4534222222222
 10
118.2633333333333
 20
226.7138444444444
 10
118.1137777777778
 20
226.9476666666667
 10
117.9395555555556
 20
227.155
 10
117.7395555555556
 20
227.3357333333334
 10
117.5135555555556
 20
227.4926444444444
 10
117.2764444444445
 20
227.6286888888889
 10
117.018
 20
227.7438888888889
 10
116.7388888888889
 20
227.8380666666667
 10
116.4451111111111
 20
227.9112222222222
 10
116.1275555555556
 20
227.9635333333333
 10
115.7975555555555
 20
227.9949777777778
 10
115.4513333333333
 20
228.0054
 10
115.0971111111111
 20
227.9942
 10
114.7664444444444
 20
227.9602444444444
 10
114.4468888888889
 20
227.9039111111111
 10
114.1475555555556
 20
227.8248222222223
 10
113.8611111111111
 20
227.7233333333334
 10
113.5884444444445
 20
227.5991111111111
 10
113.338
 20
227.4524666666667
 10
113.1013333333334
 20
227.2831333333334
 10
112.8784444444445
 20
227.0918222222222
 10
112.6966666666667
 20
226.8785333333333
 10
112.5322222222222
 20
226.6434888888889
 10
112.4053333333333
 20
226.3866444444444
 10
112.3006666666667
 20
226.1081555555556
 10
112.2297777777778
 20
225.8077333333333
 10
112.1924444444444
 20
225.4856666666666
 10
112.1735555555556
 20
225.1416444444444
 10
112.1955555555556
 20
224.8033777777778
 10
112.2422222222222
 20
224.4856666666667
 10
112.3051111111111
 20
224.1885111111111
 10
112.4053333333333
 20
223.9118888888889
 10
112.5415555555556
 20
223.6558222222222
 10
112.7028888888889
 20
223.4201555555556
 10
112.896
 20
223.2051777777778
 10
113.1102222222222
 20
223.0107555555555
 10
113.3591111111111
 20
222.8244222222222
 10
113.6382222222222
 20
222.6340444444444
 10
113.9568888888889
 20
222.4396222222222
 10
114.2931111111111
 20
222.2411555555556
 10
114.6742222222222
 20
222.0386222222222
 10
115.0815555555556
 20
221.8320666666667
 10
115.5211111111111
 20
221.6214444444444
 10
116.48
 20
221.1852666666666
  0
LWPOLYLINE
  5
BD
100
AcDbEntity
  8
0
  6
ByLayer
 62
  256
370
   -1
100
AcDbPolyline
 90
   11
 70
    1
 43
0
 10
135.8417777777778
 20
209.9495644444445
 10
135.8417777777778
 20
214.5684444444445
 10
128.2815555555556
 20
214.5684444444445
 10
128.2815555555556
 20
215.8030222222222
 10
136.0646666666667
 20
230.2896222222222
 10
137.8144444444445
 20
230.2896222222222
 10
137.8144444444445
 20
216.9871555555555
 10
140.1864444444445
 20
216.9871555555555
 10
140.1864444444445
 20
214.5684444444445
 10
137.8144444444445
 20
214.5684444444445
 10
137.8144444444445
 20
209.9495644444445
  0
LWPOLYLINE
  5
BE
100
AcDbEntity
  8
0
  6
ByLayer
 62
  256
370
   -1
100
AcDbPolyline
 90
    3
 70
    1
 43
0
 10
131.0473333333333
 20
216.9871555555555
 10
135.8417777777778
 20
216.9871555555555
 10
135.8417777777778
 20
225.5658222222222
  0
LWPOLYLINE
  5
BF
100
AcDbEntity
  8
0
  6
ByLayer
 62
  256
370
   -1
100
AcDbPolyline
 90
   22
 70
    1
 43
0
 10
149.458
 20
209.9537688888889
 10
149.458
 20
226.0150666666667
 10
149.4455555555555
 20
226.2060666666667
 10
149.4182222222222
 20
226.3715555555555
 10
149.3684444444444
 20
226.5114888888889
 10
149.2933333333333
 20
226.6260666666667
 10
149.1991111111111
 20
226.7151111111111
 10
149.094
 20
226.7787555555556
 10
148.9624444444444
 20
226.8169111111111
 10
148.808
 20
226.8296666666667
 10
146.8528888888889
 20
226.8296666666667
 10
146.8528888888889
 20
228.3245111111111
 10
147.5353333333333
 20
228.3948888888889
 10
148.1404444444444
 20
228.5134888888889
 10
148.6706666666667
 20
228.6803555555556
 10
149.1215555555556
 20
228.8956444444444
 10
149.4951111111111
 20
229.1592
 10
149.8002222222222
 20
229.4708222222222
 10
150.0184444444444
 20
229.8310444444444
 10
150.158
 20
230.2393333333333
 10
151.4282222222222
 20
230.2393333333333
 10
151.4282222222222
 20
209.9537688888889
  0
LWPOLYLINE
  5
C0
100
AcDbEntity
  8
0
  6
ByLayer
 62
  256
370
   -1
100
AcDbPolyline
 90
   11
 70
    1
 43
0
 10
165.6548888888888
 20
209.9495644444445
 10
165.6548888888888
 20
214.5684444444445
 10
158.0946666666667
 20
214.5684444444445
 10
158.0946666666667
 20
215.8030222222222
 10
165.8777777777777
 20
230.2896222222222
 10
167.6275555555556
 20
230.2896222222222
 10
167.6275555555556
 20
216.9871555555555
 10
169.9995555555556
 20
216.9871555555555
 10
169.9995555555556
 20
214.5684444444445
 10
167.6275555555556
 20
214.5684444444445
 10
167.6275555555556
 20
209.9495644444445
  0
LWPOLYLINE
  5
C1
100
AcDbEntity
  8
0
  6
ByLayer
 62
  256
370
   -1
100
AcDbPolyline
 90
    3
 70
    1
 43
0
 10
160.8604444444444
 20
216.9871555555555
 10
165.6548888888888
 20
216.9871555555555
 10
165.6548888888888
 20
225.5658222222222
  0
LWPOLYLINE
  5
C2
100
AcDbEntity
  8
0
  6
ByLayer
 62
  256
370
   -1
100
AcDbPolyline
 90
  194
 70
    0
 43
0
 10
117.6382222222222
 20
261.1862
 10
118.1113333333333
 20
260.9583111111111
 10
118.5895555555555
 20
260.7229555555556
 10
119.0677777777778
 20
260.4802666666666
 10
119.5428888888889
 20
260.2301111111111
 10
120.0042222222222
 20
259.9724888888888
 10
120.4775555555555
 20
259.7075555555556
 10
120.9357777777778
 20
259.4351333333333
 10
121.3642222222222
 20
259.1333111111111
 10
121.7395555555556
 20
258.7796444444444
 10
122.0515555555556
 20
258.3742888888889
 10
122.3175555555555
 20
257.9172444444445
 10
122.5155555555556
 20
257.4085333333334
 10
122.6655555555555
 20
256.848
 10
122.7464444444444
 20
256.2359111111111
 10
122.7733333333333
 20
255.5721555555556
 10
122.7464444444444
 20
254.9454666666667
 10
122.6693333333333
 20
254.3522222222222
 10
122.5373333333333
 20
253.7927555555555
 10
122.3455555555556
 20
253.2667777777777
 10
122.0964444444445
 20
252.7745555555555
 10
121.81
 20
252.3156666666666
 10
121.4588888888889
 20
251.8905466666666
 10
121.0553333333333
 20
251.4990444444444
 10
120.6044444444444
 20
251.1477155555555
 10
120.1313333333333
 20
250.8432288888889
 10
119.6268888888889
 20
250.5856088888889
 10
119.0977777777778
 20
250.3746844444445
 10
118.5397777777778
 20
250.2107688888889
 10
117.9575555555555
 20
250.0937111111111
 10
117.3355555555555
 20
250.0233488888889
 10
116.6966666666667
 20
250
 10
116.0733333333333
 20
250.0235044444445
 10
115.4688888888889
 20
250.0941711111111
 10
114.8786666666667
 20
250.2120155555556
 10
114.3182222222222
 20
250.3768577777778
 10
113.7826666666667
 20
250.58888
 10
113.2671111111111
 20
250.8479044444444
 10
112.7777777777778
 20
251.1540955555555
 10
112.2982222222222
 20
251.5074511111111
 10
111.8686666666667
 20
251.9009711111111
 10
111.4951111111111
 20
252.3278
 10
111.1713333333333
 20
252.7879555555556
 10
110.916
 20
253.2815555555555
 10
110.7117777777778
 20
253.8083333333333
 10
110.5622222222222
 20
254.3685777777778
 10
110.4751111111111
 20
254.9621111111111
 10
110.4488888888889
 20
255.5888222222222
 10
112.5497777777778
 20
255.5888222222222
 10
112.5722222222222
 20
255.1691555555556
 10
112.6282222222222
 20
254.7768888888889
 10
112.728
 20
254.4123111111111
 10
112.8586666666667
 20
254.0751333333333
 10
113.0355555555555
 20
253.7655333333333
 10
113.2546666666667
 20
253.4836222222222
 10
113.5086666666667
 20
253.2291111111111
 10
113.7951111111111
 20
253.0023111111111
 10
114.114
 20
252.8024222222222
 10
114.4457777777778
 20
252.6293333333333
 10
114.7913333333333
 20
252.4828444444444
 10
115.1437777777778
 20
252.3629777777778
 10
115.5006666666667
 20
252.2697333333333
 10
115.8873333333333
 20
252.20312
 10
116.2782222222222
 20
252.1631133333333
 10
116.6793333333333
 20
252.1498822222222
 10
117.13
 20
252.1645111111111
 10
117.5608888888889
 20
252.2081022222222
 10
117.9662222222222
 20
252.2809555555556
 10
118.3528888888889
 20
252.3829111111111
 10
118.7066666666667
 20
252.5139777777778
 10
119.0353333333333
 20
252.6741555555556
 10
119.3404444444444
 20
252.8636
 10
119.6182222222222
 20
253.082
 10
119.8673333333333
 20
253.3251555555555
 10
120.0764444444444
 20
253.5885333333333
 10
120.2582222222222
 20
253.8721555555555
 10
120.4122222222222
 20
254.1758444444445
 10
120.5273333333333
 20
254.4999555555555
 10
120.6102222222222
 20
254.8441333333333
 10
120.6606666666667
 20
255.2085333333333
 10
120.6817777777778
 20
255.5930222222222
 10
120.6544444444444
 20
255.9692666666667
 10
120.5888888888889
 20
256.3227777777778
 10
120.4775555555555
 20
256.6538888888889
 10
120.3306666666667
 20
256.9625555555556
 10
120.1257777777778
 20
257.2485111111111
 10
119.8846666666667
 20
257.5122222222222
 10
119.5977777777778
 20
257.7533333333333
 10
119.272
 20
257.9718888888889
 10
118.9046666666667
 20
258.1815777777778
 10
118.5311111111111
 20
258.3962444444444
 10
118.1213333333333
 20
258.6157111111111
 10
117.698
 20
258.8400222222223
 10
117.2571111111111
 20
259.0691777777778
 10
116.8013333333333
 20
259.3031333333333
 10
116.3106666666667
 20
259.5420888888889
 10
115.8162222222222
 20
259.7858444444444
 10
115.3144444444444
 20
260.0367777777778
 10
114.8411111111111
 20
260.2972
 10
114.3904444444444
 20
260.5671333333333
 10
113.9606666666667
 20
260.8465555555556
 10
113.5584444444444
 20
261.1356222222223
 10
113.1775555555555
 20
261.4340222222222
 10
112.8275555555555
 20
261.7420888888889
 10
112.5
 20
262.0596444444444
 10
112.1986666666667
 20
262.3901111111111
 10
111.9446666666667
 20
262.7369333333333
 10
111.7253333333333
 20
263.1002666666666
 10
111.5486666666666
 20
263.4799333333333
 10
111.4166666666667
 20
263.8759333333333
 10
111.3168888888889
 20
264.2884444444445
 10
111.2522222222222
 20
264.7174666666667
 10
111.2397777777778
 20
265.1626666666666
 10
111.2622222222222
 20
265.7011111111111
 10
111.3386666666667
 20
266.2143333333333
 10
111.4608888888889
 20
266.7020222222222
 10
111.6482222222222
 20
267.1645111111112
 10
111.8748888888889
 20
267.6017555555556
 10
112.1551111111111
 20
268.0134888888888
 10
112.4951111111111
 20
268.4000222222222
 10
112.8711111111111
 20
268.7613111111111
 10
113.2895555555555
 20
269.0880444444445
 10
113.728
 20
269.3712
 10
114.168
 20
269.6107555555556
 10
114.6333333333333
 20
269.8067555555556
 10
115.1002222222222
 20
269.9593111111112
 10
115.5957777777778
 20
270.0682666666666
 10
116.0964444444444
 20
270.1334888888889
 10
116.6095555555555
 20
270.1552888888889
 10
117.1424444444444
 20
270.1342666666667
 10
117.6606666666666
 20
270.0709111111111
 10
118.1575555555555
 20
269.9655333333333
 10
118.622
 20
269.8178
 10
119.0753333333333
 20
269.6280444444445
 10
119.5162222222222
 20
269.3959555555556
 10
119.9171111111111
 20
269.1218222222222
 10
120.3237777777778
 20
268.8053555555555
 10
120.6817777777778
 20
268.4528
 10
120.9968888888889
 20
268.0703111111111
 10
121.2588888888889
 20
267.6579555555555
 10
121.47
 20
267.2155555555556
 10
121.6406666666667
 20
266.7431333333333
 10
121.7602222222222
 20
266.2406444444445
 10
121.8366666666667
 20
265.7082666666666
 10
121.856
 20
265.1458444444444
 10
119.764
 20
265.1458444444444
 10
119.7526666666667
 20
265.5126
 10
119.7017777777778
 20
265.8527111111111
 10
119.6357777777778
 20
266.1663777777778
 10
119.5477777777778
 20
266.4534222222222
 10
119.4215555555555
 20
266.7138444444445
 10
119.272
 20
266.9476666666666
 10
119.0977777777778
 20
267.155
 10
118.8977777777778
 20
267.3357333333333
 10
118.6717777777778
 20
267.4926444444445
 10
118.4346666666667
 20
267.6286888888889
 10
118.1762222222222
 20
267.7438888888889
 10
117.8971111111111
 20
267.8380666666667
 10
117.6033333333333
 20
267.9112222222222
 10
117.2857777777778
 20
267.9635333333334
 10
116.9557777777778
 20
267.9949777777778
 10
116.6095555555555
 20
268.0054000000001
 10
116.2553333333333
 20
267.9942
 10
115.9246666666667
 20
267.9602444444445
 10
115.6051111111111
 20
267.9039111111111
 10
115.3057777777778
 20
267.8248222222222
 10
115.0193333333333
 20
267.7233333333334
 10
114.7466666666667
 20
267.5991111111111
 10
114.4962222222222
 20
267.4524666666667
 10
114.2595555555556
 20
267.2831333333333
 10
114.0366666666667
 20
267.0918222222223
 10
113.8548888888889
 20
266.8785333333334
 10
113.6904444444444
 20
266.6434888888889
 10
113.5635555555555
 20
266.3866444444444
 10
113.4588888888889
 20
266.1081555555556
 10
113.388
 20
265.8077333333333
 10
113.3506666666667
 20
265.4856666666666
 10
113.3317777777778
 20
265.1416444444444
 10
113.3537777777778
 20
264.8033777777778
 10
113.4004444444444
 20
264.4856666666667
 10
113.4633333333333
 20
264.1885111111112
 10
113.5635555555555
 20
263.9118888888889
 10
113.6997777777778
 20
263.6558222222222
 10
113.8611111111111
 20
263.4201555555555
 10
114.0542222222222
 20
263.2051777777777
 10
114.2684444444444
 20
263.0107555555555
 10
114.5173333333333
 20
262.8244222222223
 10
114.7964444444444
 20
262.6340444444444
 10
115.1151111111111
 20
262.4396222222222
 10
115.4513333333333
 20
262.2411555555556
 10
115.8324444444444
 20
262.0386222222222
 10
116.2397777777778
 20
261.8320666666667
 10
116.6793333333333
 20
261.6214444444444
 10
117.6382222222222
 20
261.1852666666666
  0
LWPOLYLINE
  5
C3
100
AcDbEntity
  8
0
  6
ByLayer
 62
  256
370
   -1
100
AcDbPolyline
 90
   11
 70
    1
 43
0
 10
137
 20
249.9495644444445
 10
137
 20
254.5684444444445
 10
129.4397777777778
 20
254.5684444444445
 10
129.4397777777778
 20
255.8030222222222
 10
137.2228888888889
 20
270.2896222222222
 10
138.9726666666667
 20
270.2896222222222
 10
138.9726666666667
 20
256.9871555555555
 10
141.3446666666667
 20
256.9871555555555
 10
141.3446666666667
 20
254.5684444444445
 10
138.9726666666667
 20
254.5684444444445
 10
138.9726666666667
 20
249.9495644444445
  0
LWPOLYLINE
  5
C4
100
AcDbEntity
  8
0
  6
ByLayer
 62
  256
370
   -1
100
AcDbPolyline
 90
    3
 70
    1
 43
0
 10
132.2055555555555
 20
256.9871555555555
 10
137
 20
256.9871555555555
 10
137
 20
265.5658222222222
  0
LWPOLYLINE
  5
C5
100
AcDbEntity
  8
0
  6
ByLayer
 62
  256
370
   -1
100
AcDbPolyline
 90
   22
 70
    1
 43
0
 10
150.6162222222222
 20
249.9537688888889
 10
150.6162222222222
 20
266.0150666666666
 10
150.6037777777778
 20
266.2060666666667
 10
150.5764444444445
 20
266.3715555555556
 10
150.5266666666667
 20
266.5114888888888
 10
150.4515555555555
 20
266.6260666666667
 10
150.3573333333333
 20
266.7151111111111
 10
150.2522222222222
 20
266.7787555555555
 10
150.1206666666667
 20
266.8169111111111
 10
149.9662222222223
 20
266.8296666666667
 10
148.0111111111111
 20
266.8296666666667
 10
148.0111111111111
 20
268.3245111111112
 10
148.6935555555555
 20
268.3948888888888
 10
149.2986666666667
 20
268.5134888888889
 10
149.8288888888889
 20
268.6803555555555
 10
150.2797777777778
 20
268.8956444444444
 10
150.6533333333333
 20
269.1592000000001
 10
150.9584444444444
 20
269.4708222222222
 10
151.1766666666666
 20
269.8310444444444
 10
151.3162222222222
 20
270.2393333333334
 10
152.5864444444444
 20
270.2393333333334
 10
152.5864444444444
 20
249.9537688888889
  0
LWPOLYLINE
  5
C6
100
AcDbEntity
  8
0
  6
ByLayer
 62
  256
370
   -1
100
AcDbPolyline
 90
  127
 70
    1
 43
0
 10
165.518
 20
262.8731333333333
 10
165.9788888888889
 20
262.7942222222222
 10
166.4322222222222
 20
262.6626888888889
 10
166.8704444444444
 20
262.4783777777778
 10
167.3013333333333
 20
262.2416222222222
 10
167.7086666666667
 20
261.9522222222222
 10
168.1108888888889
 20
261.6102444444444
 10
168.4891111111111
 20
261.2156222222222
 10
168.8431111111111
 20
260.779
 10
169.1491111111111
 20
260.3112222222222
 10
169.416
 20
259.8121555555555
 10
169.6173333333334
 20
259.2819555555556
 10
169.7844444444445
 20
258.7204888888889
 10
169.9128888888889
 20
258.1277111111111
 10
169.9762222222222
 20
257.5038
 10
169.9995555555556
 20
256.8486222222223
 10
169.9713333333334
 20
256.1531111111111
 10
169.9002222222222
 20
255.4881111111111
 10
169.772
 20
254.8534666666666
 10
169.5977777777778
 20
254.2493333333334
 10
169.3711111111111
 20
253.6757111111111
 10
169.0946666666667
 20
253.1324444444445
 10
168.7708888888889
 20
252.6196666666667
 10
168.3973333333333
 20
252.1372733333333
 10
167.9837777777778
 20
251.6993888888889
 10
167.534
 20
251.3197244444444
 10
167.0611111111111
 20
250.9985866666667
 10
166.5517777777778
 20
250.7358222222222
 10
166.0235555555555
 20
250.5314333333334
 10
165.4504444444445
 20
250.3854244444444
 10
164.8631111111111
 20
250.2979377777778
 10
164.2351111111111
 20
250.2686777777778
 10
163.7235555555555
 20
250.2938933333333
 10
163.2537777777778
 20
250.3695422222222
 10
162.7808888888889
 20
250.49548
 10
162.3346666666666
 20
250.6718488888889
 10
161.8988888888889
 20
250.8984955555556
 10
161.4942222222222
 20
251.1757333333333
 10
161.1022222222222
 20
251.5032533333334
 10
160.7162222222222
 20
251.8812
 10
160.3746666666667
 20
252.2860888888889
 10
160.0784444444444
 20
252.6950222222222
 10
159.8257777777778
 20
253.1075333333334
 10
159.6224444444445
 20
253.5239333333333
 10
159.4522222222222
 20
253.9442222222222
 10
159.3413333333334
 20
254.3682666666667
 10
159.2737777777778
 20
254.7961777777778
 10
159.2528888888889
 20
255.2278444444445
 10
161.2115555555556
 20
255.2278444444445
 10
161.2342222222222
 20
254.9499777777777
 10
161.2791111111111
 20
254.6811333333334
 10
161.3451111111111
 20
254.4213333333333
 10
161.4533333333333
 20
254.1707111111111
 10
161.5877777777778
 20
253.9289777777778
 10
161.7397777777778
 20
253.6964
 10
161.9391111111111
 20
253.4728666666667
 10
162.158
 20
253.2583777777778
 10
162.3973333333333
 20
253.0616
 10
162.6311111111112
 20
252.891
 10
162.8855555555556
 20
252.7467111111111
 10
163.1442222222222
 20
252.6285555555556
 10
163.4035555555556
 20
252.5367111111111
 10
163.6775555555556
 20
252.4711777777778
 10
163.954
 20
252.4318
 10
164.228
 20
252.4185555555555
 10
164.5915555555555
 20
252.4372444444444
 10
164.9448888888889
 20
252.4931111111111
 10
165.2924444444445
 20
252.5863555555555
 10
165.6164444444444
 20
252.7168222222222
 10
165.9291111111111
 20
252.8844666666667
 10
166.2326666666667
 20
253.0894666666667
 10
166.5255555555556
 20
253.3316888888889
 10
166.8057777777778
 20
253.6111111111111
 10
167.0693333333333
 20
253.9225777777778
 10
167.2848888888888
 20
254.2603777777778
 10
167.4782222222222
 20
254.6248
 10
167.6302222222222
 20
255.0156666666666
 10
167.7522222222222
 20
255.4331555555555
 10
167.8344444444445
 20
255.8771111111111
 10
167.8842222222222
 20
256.3475333333333
 10
167.9077777777778
 20
256.8444222222222
 10
167.8842222222222
 20
257.3381777777778
 10
167.8468888888889
 20
257.7972444444445
 10
167.7746666666667
 20
258.2212666666667
 10
167.68
 20
258.6105777777778
 10
167.5551111111111
 20
258.9650222222222
 10
167.406
 20
259.2847555555556
 10
167.2291111111111
 20
259.5694666666667
 10
167.0248888888889
 20
259.8194666666666
 10
166.8004444444444
 20
260.0374
 10
166.5642222222222
 20
260.2263777777778
 10
166.3275555555556
 20
260.3862444444445
 10
166.0784444444445
 20
260.517
 10
165.8364444444445
 20
260.6186444444444
 10
165.5728888888889
 20
260.6913555555556
 10
165.3088888888889
 20
260.7349333333333
 10
165.0373333333334
 20
260.7495777777778
 10
164.782
 20
260.7434888888889
 10
164.5542222222223
 20
260.7257555555556
 10
164.3175555555555
 20
260.6960222222222
 10
164.1095555555555
 20
260.6544444444444
 10
163.8988888888889
 20
260.6010666666667
 10
163.7
 20
260.5356888888889
 10
163.5028888888889
 20
260.4586222222222
 10
163.326
 20
260.3694444444444
 10
163.1506666666666
 20
260.2693333333333
 10
162.9851111111111
 20
260.1588222222222
 10
162.8304444444445
 20
260.0381777777778
 10
162.69
 20
259.9071111111111
 10
162.5564444444445
 20
259.7657555555555
 10
162.4297777777778
 20
259.614
 10
162.3126666666667
 20
259.4521111111111
 10
162.204
 20
259.2797777777778
 10
160.3575555555556
 20
259.2797777777778
 10
160.8553333333333
 20
269.8866222222222
 10
168.4471111111111
 20
269.8866222222222
 10
168.0606666666667
 20
267.4678888888889
 10
162.5713333333333
 20
267.4678888888889
 10
162.3251111111111
 20
261.9545777777778
 10
162.69
 20
262.1760888888889
 10
163.0395555555556
 20
262.3680222222222
 10
163.3808888888888
 20
262.5303777777777
 10
163.7235555555555
 20
262.6631555555555
 10
164.0595555555556
 20
262.7665111111111
 10
164.3873333333333
 20
262.8402888888889
 10
164.7133333333333
 20
262.8846666666667
 10
165.0373333333334
 20
262.8994444444445
  0
LWPOLYLINE
  5
C7
100
AcDbEntity
  8
0
  6
ByLayer
 62
    6
370
   -1
100
AcDbPolyline
 90
    3
 70
    0
 43
0
 10
0
 20
120
 10
90
 20
120
 10
180
 20
120
  0
LWPOLYLINE
  5
C8
100
AcDbEntity
  8
0
  6
ByLayer
 62
    6
370
   -1
100
AcDbPolyline
 90
    3
 70
    0
 43
0
 10
0
 20
160
 10
90
 20
160
 10
180
 20
160
  0
LWPOLYLINE
  5
C9
100
AcDbEntity
  8
0
  6
ByLayer
 62
    6
370
   -1
100
AcDbPolyline
 90
    3
 70
    0
 43
0
 10
0
 20
200
 10
90
 20
200
 10
180
 20
200
  0
LWPOLYLINE
  5
CA
100
AcDbEntity
  8
0
  6
ByLayer
 62
    6
370
   -1
100
AcDbPolyline
 90
    4
 70
    1
 43
0
 10
90
 20
320
 10
0
 20
320
 10
0
 20
0
 10
90
 20
0
  0
LWPOLYLINE
  5
CB
100
AcDbEntity
  8
0
  6
ByLayer
 62
    6
370
   -1
100
AcDbPolyline
 90
    5
 70
    0
 43
0
 10
0
 20
280
 10
90
 20
280
 10
180
 20
280
 10
180
 20
0
 10
90
 20
0
  0
LWPOLYLINE
  5
CC
100
AcDbEntity
  8
0
  6
ByLayer
 62
    6
370
   -1
100
AcDbPolyline
 90
    3
 70
    0
 43
0
 10
0
 20
80
 10
90
 20
80
 10
180
 20
80
  0
LWPOLYLINE
  5
CD
100
AcDbEntity
  8
0
  6
ByLayer
 62
    6
370
   -1
100
AcDbPolyline
 90
    3
 70
    0
 43
0
 10
0
 20
240
 10
90
 20
240
 10
180
 20
240
  0
ENDSEC
  0
SECTION
  2
OBJECTS
  0
DICTIONARY
  5
C
330
0
100
AcDbDictionary
281
    1
  3
ACAD_GROUP
350
D
  0
DICTIONARY
  5
D
330
C
100
AcDbDictionary
281
    1
  0
PLOTSETTINGS
  5
CE
100
AcDbPlotSettings
  6
1x1
 40
0
 41
0
 42
0
 43
0
  0
ENDSEC
  0
EOF
