999
dxfrw 0.6.3
  0
SECTION
  2
HEADER
  9
$ACADVER
  1
AC1021
  9
$DWGCODEPAGE
  3
ANSI_1252
  9
$INSBASE
 10
0
 20
0
 30
0
  9
$EXTMIN
 10
1.577375
 20
79.94823
 30
0
  9
$EXTMAX
 10
201.57738
 20
149.94823
 30
0
  9
$LIMMIN
 10
0
 20
0
  9
$LIMMAX
 10
420
 20
297
  9
$ORTHOMODE
 70
    0
  9
$REGENMODE
 70
    1
  9
$FILLMODE
 70
    1
  9
$QTEXTMODE
 70
    0
  9
$MIRRTEXT
 70
    0
  9
$LTSCALE
 40
1
  9
$ATTMODE
 70
    0
  9
$TEXTSIZE
 40
2.5
  9
$TRACEWID
 40
15.68
  9
$TEXTSTYLE
  7
STANDARD
  9
$CLAYER
  8
Layer 1
  9
$CELTYPE
  6
BYLAYER
  9
$CECOLOR
 62
  256
  9
$CELTSCALE
 40
1
  9
$DISPSILH
 70
    0
  9
$DIMSCALE
 40
1
  9
$DIMASZ
 40
2.5
  9
$DIMEXO
 40
0.625
  9
$DIMDLI
 40
3.75
  9
$DIMRND
 40
0
  9
$DIMDLE
 40
0
  9
$DIMEXE
 40
1.25
  9
$DIMTP
 40
0
  9
$DIMTM
 40
0
  9
$DIMTXT
 40
2.5
  9
$DIMCEN
 40
2.5
  9
$DIMTSZ
 40
0
  9
$DIMTOL
 70
    0
  9
$DIMLIM
 70
    0
  9
$DIMTIH
 70
    0
  9
$DIMTOH
 70
    0
  9
$DIMSE1
 70
    0
  9
$DIMSE2
 70
    0
  9
$DIMTAD
 70
    1
  9
$DIMZIN
 70
    8
  9
$DIMBLK
  1

  9
$DIMASO
 70
    1
  9
$DIMSHO
 70
    1
  9
$DIMPOST
  1

  9
$DIMAPOST
  1

  9
$DIMALT
 70
    0
  9
$DIMALTD
 70
    3
  9
$DIMALTF
 40
0.03937
  9
$DIMLFAC
 40
1
  9
$DIMTOFL
 70
    1
  9
$DIMTVP
 40
0
  9
$DIMTIX
 70
    0
  9
$DIMSOXD
 70
    0
  9
$DIMSAH
 70
    0
  9
$DIMBLK1
  1

  9
$DIMBLK2
  1

  9
$DIMSTYLE
  2
Standard
  9
$DIMCLRD
 70
    0
  9
$DIMCLRE
 70
    0
  9
$DIMCLRT
 70
    0
  9
$DIMTFAC
 40
1
  9
$DIMGAP
 40
0.625
  9
$DIMJUST
 70
    0
  9
$DIMSD1
 70
    0
  9
$DIMSD2
 70
    0
  9
$DIMTOLJ
 70
    0
  9
$DIMTZIN
 70
    8
  9
$DIMALTZ
 70
    0
  9
$DIMALTTZ
 70
    0
  9
$DIMUPT
 70
    0
  9
$DIMDEC
 70
    2
  9
$DIMTDEC
 70
    2
  9
$DIMALTU
 70
    2
  9
$DIMALTTD
 70
    3
  9
$DIMTXSTY
  7
STANDARD
  9
$DIMAUNIT
 70
    0
  9
$DIMADEC
 70
    0
  9
$DIMALTRND
 40
0
  9
$DIMAZIN
 70
    0
  9
$DIMDSEP
 70
   44
  9
$DIMATFIT
 70
    3
  9
$DIMFRAC
 70
    0
  9
$DIMLDRBLK
  1
STANDARD
  9
$DIMLUNIT
 70
    2
  9
$DIMLWD
 70
   -2
  9
$DIMLWE
 70
   -2
  9
$DIMTMOVE
 70
    0
  9
$DIMFXL
 40
1
  9
$DIMFXLON
 70
    0
  9
$DIMJOGANG
 40
0.7854
  9
$DIMTFILL
 70
    0
  9
$DIMTFILLCLR
 70
    0
  9
$DIMARCSYM
 70
    0
  9
$DIMLTYPE
  6

  9
$DIMLTEX1
  6

  9
$DIMLTEX2
  6

  9
$LUNITS
 70
    2
  9
$LUPREC
 70
    4
  9
$SKETCHINC
 40
1
  9
$FILLETRAD
 40
0
  9
$AUNITS
 70
    0
  9
$AUPREC
 70
    2
  9
$MENU
  1
.
  9
$ELEVATION
 40
0
  9
$PELEVATION
 40
0
  9
$THICKNESS
 40
0
  9
$LIMCHECK
 70
    0
  9
$CHAMFERA
 40
0
  9
$CHAMFERB
 40
0
  9
$CHAMFERC
 40
0
  9
$CHAMFERD
 40
0
  9
$SKPOLY
 70
    0
  9
$USRTIMER
 70
    1
  9
$ANGBASE
 50
0
  9
$ANGDIR
 70
    0
  9
$PDMODE
 70
   96
  9
$PDSIZE
 40
-2
  9
$PLINEWID
 40
0
  9
$SPLFRAME
 70
    0
  9
$SPLINETYPE
 70
    2
  9
$SPLINESEGS
 70
    8
  9
$HANDSEED
  5
20000
  9
$SURFTAB1
 70
    6
  9
$SURFTAB2
 70
    6
  9
$SURFTYPE
 70
    6
  9
$SURFU
 70
    6
  9
$SURFV
 70
    6
  9
$UCSBASE
  2

  9
$UCSNAME
  2

  9
$UCSORG
 10
0
 20
0
 30
0
  9
$UCSXDIR
 10
1
 20
0
 30
0
  9
$UCSYDIR
 10
0
 20
1
 30
0
  9
$UCSORTHOREF
  2

  9
$UCSORTHOVIEW
 70
    0
  9
$UCSORGTOP
 10
0
 20
0
 30
0
  9
$UCSORGBOTTOM
 10
0
 20
0
 30
0
  9
$UCSORGLEFT
 10
0
 20
0
 30
0
  9
$UCSORGRIGHT
 10
0
 20
0
 30
0
  9
$UCSORGFRONT
 10
0
 20
0
 30
0
  9
$UCSORGBACK
 10
0
 20
0
 30
0
  9
$PUCSBASE
  2

  9
$PUCSNAME
  2

  9
$PUCSORG
 10
0
 20
0
 30
0
  9
$PUCSXDIR
 10
1
 20
0
 30
0
  9
$PUCSYDIR
 10
0
 20
1
 30
0
  9
$PUCSORTHOREF
  2

  9
$PUCSORTHOVIEW
 70
    0
  9
$PUCSORGTOP
 10
0
 20
0
 30
0
  9
$PUCSORGBOTTOM
 10
0
 20
0
 30
0
  9
$PUCSORGLEFT
 10
0
 20
0
 30
0
  9
$PUCSORGRIGHT
 10
0
 20
0
 30
0
  9
$PUCSORGFRONT
 10
0
 20
0
 30
0
  9
$PUCSORGBACK
 10
0
 20
0
 30
0
  9
$USERI1
 70
    0
  9
$USERI2
 70
    0
  9
$USERI3
 70
    0
  9
$USERI4
 70
    0
  9
$USERI5
 70
    0
  9
$USERR1
 40
0
  9
$USERR2
 40
0
  9
$USERR3
 40
0
  9
$USERR4
 40
0
  9
$USERR5
 40
0
  9
$WORLDVIEW
 70
    1
  9
$SHADEDGE
 70
    3
  9
$SHADEDIF
 70
   70
  9
$TILEMODE
 70
    1
  9
$MAXACTVP
 70
   64
  9
$PINSBASE
 10
0
 20
0
 30
0
  9
$PLIMCHECK
 70
    0
  9
$PEXTMIN
 10
0
 20
0
 30
0
  9
$PEXTMAX
 10
0
 20
0
 30
0
  9
$GRIDMODE
 70
    1
  9
$SNAPSTYLE
 70
    0
  9
$PLIMMIN
 10
0
 20
0
  9
$PLIMMAX
 10
210
 20
297
  9
$UNITMODE
 70
    0
  9
$VISRETAIN
 70
    1
  9
$PLINEGEN
 70
    0
  9
$PSLTSCALE
 70
    1
  9
$TREEDEPTH
 70
 3020
  9
$CMLSTYLE
  2
Standard
  9
$CMLJUST
 70
    0
  9
$CMLSCALE
 40
20
  9
$PROXYGRAPHICS
 70
    1
  9
$MEASUREMENT
 70
    1
  9
$CELWEIGHT
370
   -1
  9
$ENDCAPS
280
    0
  9
$JOINSTYLE
280
    0
  9
$LWDISPLAY
290
    0
  9
$INSUNITS
 70
    4
  9
$HYPERLINKBASE
  1

  9
$STYLESHEET
  1

  9
$XEDIT
290
    1
  9
$CEPSNTYPE
380
    0
  9
$PSTYLEMODE
290
    1
  9
$EXTNAMES
290
    1
  9
$PSVPSCALE
 40
1
  9
$OLESTARTUP
290
    0
  9
$SORTENTS
280
  127
  9
$INDEXCTL
280
    0
  9
$HIDETEXT
280
    1
  9
$XCLIPFRAME
290
    0
  9
$HALOGAP
280
    0
  9
$OBSCOLOR
 70
  257
  9
$OBSLTYPE
280
    0
  9
$INTERSECTIONDISPLAY
280
    0
  9
$INTERSECTIONCOLOR
 70
  257
  9
$DIMASSOC
280
    1
  9
$PROJECTNAME
  1

  9
$CAMERADISPLAY
290
    0
  9
$LENSLENGTH
 40
50
  9
$CAMERAHEIGHT
 40
0
  9
$STEPSPERSEC
 40
2
  9
$STEPSIZE
 40
50
  9
$3DDWFPREC
 40
2
  9
$PSOLWIDTH
 40
5
  9
$PSOLHEIGHT
 40
80
  9
$LOFTANG1
 40
1.570796326794897
  9
$LOFTANG2
 40
1.570796326794897
  9
$LOFTMAG1
 40
0
  9
$LOFTMAG2
 40
0
  9
$LOFTPARAM
 70
    7
  9
$LOFTNORMALS
280
    1
  9
$LATITUDE
 40
1
  9
$LONGITUDE
 40
1
  9
$NORTHDIRECTION
 40
0
  9
$TIMEZONE
 70
-8000
  9
$LIGHTGLYPHDISPLAY
280
    1
  9
$TILEMODELIGHTSYNCH
280
    1
  9
$SOLIDHIST
280
    1
  9
$SHOWHIST
280
    1
  9
$DWFFRAME
280
    2
  9
$DGNFRAME
280
    0
  9
$REALWORLDSCALE
290
    1
  9
$INTERFERECOLOR
 62
    1
  9
$CSHADOW
280
    0
  9
$SHADOWPLANELOCATION
 40
0
  0
ENDSEC
  0
SECTION
  2
CLASSES
  0
ENDSEC
  0
SECTION
  2
TABLES
  0
TABLE
  2
VPORT
  5
8
330
0
100
AcDbSymbolTable
 70
    1
  0
VPORT
  5
31
330
2
100
AcDbSymbolTableRecord
100
AcDbViewportTableRecord
  2
*ACTIVE
 70
    0
 10
0
 20
0
 11
1
 21
1
 12
107.7470116332163
 22
95.84126449142444
 13
0
 23
0
 14
10
 24
10
 15
10
 25
10
 16
0
 26
0
 36
1
 17
0
 27
0
 37
0
 40
134.0246963961712
 41
1.722081218274112
 42
50
 43
0
 44
0
 50
0
 51
0
 71
    0
 72
  100
 73
    1
 74
    3
 75
    0
 76
    1
 77
    0
 78
    0
281
    0
 65
    1
110
0
120
0
130
0
111
1
121
0
131
0
112
0
122
1
132
0
 79
    0
146
0
348
10020
 60
    7
 61
    5
292
1
282
    1
141
0
142
0
 63
  250
421
3358443
  0
ENDTAB
  0
TABLE
  2
LTYPE
  5
5
330
0
100
AcDbSymbolTable
 70
    4
  0
LTYPE
  5
14
330
5
100
AcDbSymbolTableRecord
100
AcDbLinetypeTableRecord
  2
ByBlock
 70
    0
  3

 72
   65
 73
    0
 40
0
  0
LTYPE
  5
15
330
5
100
AcDbSymbolTableRecord
100
AcDbLinetypeTableRecord
  2
ByLayer
 70
    0
  3

 72
   65
 73
    0
 40
0
  0
LTYPE
  5
16
330
5
100
AcDbSymbolTableRecord
100
AcDbLinetypeTableRecord
  2
Continuous
 70
    0
  3
Solid line
 72
   65
 73
    0
 40
0
  0
LTYPE
  5
32
330
5
100
AcDbSymbolTableRecord
100
AcDbLinetypeTableRecord
  2
DOT
 70
    0
  3
Dot . . . . . . . . . . . . . . . . . . . . . .
 72
   65
 73
    2
 40
6.35
 49
0
 74
    0
 49
-6.35
 74
    0
  0
LTYPE
  5
33
330
5
100
AcDbSymbolTableRecord
100
AcDbLinetypeTableRecord
  2
DOTTINY
 70
    0
  3
Dot (.15x) .....................................
 72
   65
 73
    2
 40
0.9525
 49
0
 74
    0
 49
-0.9525
 74
    0
  0
LTYPE
  5
34
330
5
100
AcDbSymbolTableRecord
100
AcDbLinetypeTableRecord
  2
DOT2
 70
    0
  3
Dot (.5x) .....................................
 72
   65
 73
    2
 40
3.175
 49
0
 74
    0
 49
-3.175
 74
    0
  0
LTYPE
  5
35
330
5
100
AcDbSymbolTableRecord
100
AcDbLinetypeTableRecord
  2
DOTX2
 70
    0
  3
Dot (2x) .  .  .  .  .  .  .  .  .  .  .  .  .
 72
   65
 73
    2
 40
12.7
 49
0
 74
    0
 49
-12.7
 74
    0
  0
LTYPE
  5
36
330
5
100
AcDbSymbolTableRecord
100
AcDbLinetypeTableRecord
  2
DASHED
 70
    0
  3
Dashed _ _ _ _ _ _ _ _ _ _ _ _ _ _ _ _ _
 72
   65
 73
    2
 40
19.05
 49
12.7
 74
    0
 49
-6.35
 74
    0
  0
LTYPE
  5
37
330
5
100
AcDbSymbolTableRecord
100
AcDbLinetypeTableRecord
  2
DASHEDTINY
 70
    0
  3
Dashed (.15x) _ _ _ _ _ _ _ _ _ _ _ _ _ _ _ _ _
 72
   65
 73
    2
 40
2.8575
 49
1.905
 74
    0
 49
-0.9525
 74
    0
  0
LTYPE
  5
38
330
5
100
AcDbSymbolTableRecord
100
AcDbLinetypeTableRecord
  2
DASHED2
 70
    0
  3
Dashed (.5x) _ _ _ _ _ _ _ _ _ _ _ _ _ _ _ _ _
 72
   65
 73
    2
 40
9.524999999999999
 49
6.35
 74
    0
 49
-3.175
 74
    0
  0
LTYPE
  5
39
330
5
100
AcDbSymbolTableRecord
100
AcDbLinetypeTableRecord
  2
DASHEDX2
 70
    0
  3
Dashed (2x) ____  ____  ____  ____  ____  ___
 72
   65
 73
    2
 40
38.09999999999999
 49
25.4
 74
    0
 49
-12.7
 74
    0
  0
LTYPE
  5
3A
330
5
100
AcDbSymbolTableRecord
100
AcDbLinetypeTableRecord
  2
DASHDOT
 70
    0
  3
Dash dot __ . __ . __ . __ . __ . __ . __ . __
 72
   65
 73
    4
 40
25.4
 49
12.7
 74
    0
 49
-6.35
 74
    0
 49
0
 74
    0
 49
-6.35
 74
    0
  0
LTYPE
  5
3B
330
5
100
AcDbSymbolTableRecord
100
AcDbLinetypeTableRecord
  2
DASHDOTTINY
 70
    0
  3
Dash dot (.15x) _._._._._._._._._._._._._._._.
 72
   65
 73
    4
 40
3.81
 49
1.905
 74
    0
 49
-0.9525
 74
    0
 49
0
 74
    0
 49
-0.9525
 74
    0
  0
LTYPE
  5
3C
330
5
100
AcDbSymbolTableRecord
100
AcDbLinetypeTableRecord
  2
DASHDOT2
 70
    0
  3
Dash dot (.5x) _._._._._._._._._._._._._._._.
 72
   65
 73
    4
 40
12.7
 49
6.35
 74
    0
 49
-3.175
 74
    0
 49
0
 74
    0
 49
-3.175
 74
    0
  0
LTYPE
  5
3D
330
5
100
AcDbSymbolTableRecord
100
AcDbLinetypeTableRecord
  2
DASHDOTX2
 70
    0
  3
Dash dot (2x) ____  .  ____  .  ____  .  ___
 72
   65
 73
    4
 40
50.8
 49
25.4
 74
    0
 49
-12.7
 74
    0
 49
0
 74
    0
 49
-12.7
 74
    0
  0
LTYPE
  5
3E
330
5
100
AcDbSymbolTableRecord
100
AcDbLinetypeTableRecord
  2
DIVIDE
 70
    0
  3
Divide ____ . . ____ . . ____ . . ____ . . ____
 72
   65
 73
    6
 40
31.75
 49
12.7
 74
    0
 49
-6.35
 74
    0
 49
0
 74
    0
 49
-6.35
 74
    0
 49
0
 74
    0
 49
-6.35
 74
    0
  0
LTYPE
  5
3F
330
5
100
AcDbSymbolTableRecord
100
AcDbLinetypeTableRecord
  2
DIVIDETINY
 70
    0
  3
Divide (.15x) __..__..__..__..__..__..__..__.._
 72
   65
 73
    6
 40
4.7625
 49
1.905
 74
    0
 49
-0.9525
 74
    0
 49
0
 74
    0
 49
-0.9525
 74
    0
 49
0
 74
    0
 49
-0.9525
 74
    0
  0
LTYPE
  5
40
330
5
100
AcDbSymbolTableRecord
100
AcDbLinetypeTableRecord
  2
DIVIDE2
 70
    0
  3
Divide (.5x) __..__..__..__..__..__..__..__.._
 72
   65
 73
    6
 40
15.875
 49
6.35
 74
    0
 49
-3.175
 74
    0
 49
0
 74
    0
 49
-3.175
 74
    0
 49
0
 74
    0
 49
-3.175
 74
    0
  0
LTYPE
  5
41
330
5
100
AcDbSymbolTableRecord
100
AcDbLinetypeTableRecord
  2
DIVIDEX2
 70
    0
  3
Divide (2x) ________  .  .  ________  .  .  _
 72
   65
 73
    6
 40
63.5
 49
25.4
 74
    0
 49
-12.7
 74
    0
 49
0
 74
    0
 49
-12.7
 74
    0
 49
0
 74
    0
 49
-12.7
 74
    0
  0
LTYPE
  5
42
330
5
100
AcDbSymbolTableRecord
100
AcDbLinetypeTableRecord
  2
BORDER
 70
    0
  3
Border __ __ . __ __ . __ __ . __ __ . __ __ .
 72
   65
 73
    6
 40
44.45
 49
12.7
 74
    0
 49
-6.35
 74
    0
 49
12.7
 74
    0
 49
-6.35
 74
    0
 49
0
 74
    0
 49
-6.35
 74
    0
  0
LTYPE
  5
43
330
5
100
AcDbSymbolTableRecord
100
AcDbLinetypeTableRecord
  2
BORDERTINY
 70
    0
  3
Border (.15x) __.__.__.__.__.__.__.__.__.__.__.
 72
   65
 73
    6
 40
6.6675
 49
1.905
 74
    0
 49
-0.9525
 74
    0
 49
1.905
 74
    0
 49
-0.9525
 74
    0
 49
0
 74
    0
 49
-0.9525
 74
    0
  0
LTYPE
  5
44
330
5
100
AcDbSymbolTableRecord
100
AcDbLinetypeTableRecord
  2
BORDER2
 70
    0
  3
Border (.5x) __.__.__.__.__.__.__.__.__.__.__.
 72
   65
 73
    6
 40
22.225
 49
6.35
 74
    0
 49
-3.175
 74
    0
 49
6.35
 74
    0
 49
-3.175
 74
    0
 49
0
 74
    0
 49
-3.175
 74
    0
  0
LTYPE
  5
45
330
5
100
AcDbSymbolTableRecord
100
AcDbLinetypeTableRecord
  2
BORDERX2
 70
    0
  3
Border (2x) ____  ____  .  ____  ____  .  ___
 72
   65
 73
    6
 40
88.89999999999999
 49
25.4
 74
    0
 49
-12.7
 74
    0
 49
25.4
 74
    0
 49
-12.7
 74
    0
 49
0
 74
    0
 49
-12.7
 74
    0
  0
LTYPE
  5
46
330
5
100
AcDbSymbolTableRecord
100
AcDbLinetypeTableRecord
  2
CENTER
 70
    0
  3
Center ____ _ ____ _ ____ _ ____ _ ____ _ ____
 72
   65
 73
    4
 40
50.8
 49
31.75
 74
    0
 49
-6.35
 74
    0
 49
6.35
 74
    0
 49
-6.35
 74
    0
  0
LTYPE
  5
47
330
5
100
AcDbSymbolTableRecord
100
AcDbLinetypeTableRecord
  2
CENTERTINY
 70
    0
  3
Center (.15x) ___ _ ___ _ ___ _ ___ _ ___ _ ___
 72
   65
 73
    4
 40
7.619999999999999
 49
4.7625
 74
    0
 49
-0.9525
 74
    0
 49
0.9525
 74
    0
 49
-0.9525
 74
    0
  0
LTYPE
  5
48
330
5
100
AcDbSymbolTableRecord
100
AcDbLinetypeTableRecord
  2
CENTER2
 70
    0
  3
Center (.5x) ___ _ ___ _ ___ _ ___ _ ___ _ ___
 72
   65
 73
    4
 40
28.575
 49
19.05
 74
    0
 49
-3.175
 74
    0
 49
3.175
 74
    0
 49
-3.175
 74
    0
  0
LTYPE
  5
49
330
5
100
AcDbSymbolTableRecord
100
AcDbLinetypeTableRecord
  2
CENTERX2
 70
    0
  3
Center (2x) ________  __  ________  __  _____
 72
   65
 73
    4
 40
101.6
 49
63.5
 74
    0
 49
-12.7
 74
    0
 49
12.7
 74
    0
 49
-12.7
 74
    0
  0
ENDTAB
  0
TABLE
  2
LAYER
  5
2
330
0
100
AcDbSymbolTable
 70
    1
  0
LAYER
  5
10
330
2
100
AcDbSymbolTableRecord
100
AcDbLayerTableRecord
  2
0
 70
    0
 62
    7
  6
CONTINUOUS
370
   25
390
F
  0
LAYER
  5
4A
330
2
100
AcDbSymbolTableRecord
100
AcDbLayerTableRecord
  2
Corte
 70
    0
 62
    7
  6
CONTINUOUS
370
    0
390
F
  0
LAYER
  5
4B
330
2
100
AcDbSymbolTableRecord
100
AcDbLayerTableRecord
  2
Layer 1
 70
    0
 62
    7
  6
CONTINUOUS
370
   -3
390
F
  0
ENDTAB
  0
TABLE
  2
STYLE
  5
3
330
0
100
AcDbSymbolTable
 70
    3
  0
STYLE
  5
4C
330
2
100
AcDbSymbolTableRecord
100
AcDbTextStyleTableRecord
  2
Standard
 70
    0
 40
0
 41
1
 50
0
 71
    0
 42
1
  3
txt
  4

  0
ENDTAB
  0
TABLE
  2
VIEW
  5
6
330
0
100
AcDbSymbolTable
 70
    0
  0
ENDTAB
  0
TABLE
  2
UCS
  5
7
330
0
100
AcDbSymbolTable
 70
    0
  0
ENDTAB
  0
TABLE
  2
APPID
  5
9
330
0
100
AcDbSymbolTable
 70
    1
  0
APPID
  5
12
330
9
100
AcDbSymbolTableRecord
100
AcDbRegAppTableRecord
  2
ACAD
 70
    0
  0
APPID
  5
4D
330
9
100
AcDbSymbolTableRecord
100
AcDbRegAppTableRecord
  2
LibreCad
 70
    0
  0
ENDTAB
  0
TABLE
  2
DIMSTYLE
  5
A
330
0
100
AcDbSymbolTable
 70
    1
100
AcDbDimStyleTable
 71
    1
  0
DIMSTYLE
105
4E
330
A
100
AcDbSymbolTableRecord
100
AcDbDimStyleTableRecord
  2
Standard
 70
    0
 40
1
 41
2.5
 42
0.625
 43
0.38
 44
1.25
 45
0
 46
0
 47
0
 48
0
 49
1
140
2.5
141
0.09
142
0
143
25.4
144
1
145
0
146
1
147
0.625
148
0
 71
    0
 72
    0
 73
    0
 74
    1
 75
    0
 76
    0
 77
    0
 78
    8
 79
    0
170
    0
171
    2
172
    0
173
    0
174
    0
175
    0
176
    0
177
    0
178
    0
179
    0
271
    2
272
    4
273
    2
274
    2
275
    0
276
    0
277
    2
278
   44
279
    0
280
    0
281
    0
282
    0
283
    1
284
    0
285
    0
286
    0
288
    0
289
    3
340
4C
  0
ENDTAB
  0
TABLE
  2
BLOCK_RECORD
  5
1
330
0
100
AcDbSymbolTable
 70
    2
  0
BLOCK_RECORD
  5
1F
330
1
100
AcDbSymbolTableRecord
100
AcDbBlockTableRecord
  2
*Model_Space
 70
    0
280
    1
281
    0
  0
BLOCK_RECORD
  5
1E
330
1
100
AcDbSymbolTableRecord
100
AcDbBlockTableRecord
  2
*Paper_Space
 70
    0
280
    1
281
    0
  0
BLOCK_RECORD
  5
4F
330
1
100
AcDbSymbolTableRecord
100
AcDbBlockTableRecord
  2
chaveiro2
 70
    0
280
    1
281
    0
  0
BLOCK_RECORD
  5
52
330
1
100
AcDbSymbolTableRecord
100
AcDbBlockTableRecord
  2
texto
 70
    0
280
    1
281
    0
  0
BLOCK_RECORD
  5
55
330
1
100
AcDbSymbolTableRecord
100
AcDbBlockTableRecord
  2
chaveiro
 70
    0
280
    1
281
    0
  0
ENDTAB
  0
ENDSEC
  0
SECTION
  2
BLOCKS
  0
BLOCK
  5
20
330
1F
100
AcDbEntity
  8
0
100
AcDbBlockBegin
  2
*Model_Space
 70
    0
 10
0
 20
0
 30
0
  3
*Model_Space
  1

  0
ENDBLK
  5
21
330
1F
100
AcDbEntity
  8
0
100
AcDbBlockEnd
  0
BLOCK
  5
1C
330
1B
100
AcDbEntity
  8
0
100
AcDbBlockBegin
  2
*Paper_Space
 70
    0
 10
0
 20
0
 30
0
  3
*Paper_Space
  1

  0
ENDBLK
  5
1D
330
1F
100
AcDbEntity
  8
0
100
AcDbBlockEnd
  0
BLOCK
  5
50
330
4F
100
AcDbEntity
  8
0
100
AcDbBlockBegin
  2
chaveiro2
 70
    0
 10
0
 20
0
  3
chaveiro2
  1

  0
LWPOLYLINE
  5
58
100
AcDbEntity
  8
0
  6
ByLayer
 62
  256
370
   -1
100
AcDbPolyline
 90
   21
 70
    1
 43
0
 10
-13.441376
 20
-6.44242899999999
 10
-13.221578
 20
-7.261019999999988
 10
-12.776049
 20
-7.982063999999994
 10
-12.12698
 20
-8.554204999999996
 10
-11.338791
 20
-8.911128999999988
 10
-10.498399
 20
-9.021322999999995
 10
-9.661745
 20
-8.885639999999995
 10
-8.884767
 20
-8.504926999999995
 10
-8.253386000000003
 20
-7.913323999999989
 10
-7.829975000000001
 20
-7.179072999999988
 10
-7.635157
 20
-6.354180999999997
 10
-7.689552000000003
 20
-5.49065499999999
 10
-7.994503000000002
 20
-4.680937999999998
 10
-8.510831
 20
-4.008771999999993
 10
-9.198378000000002
 20
-3.513110999999995
 10
-10.016988
 20
-3.232908999999992
 10
-11.175633
 20
-3.25383699999999
 10
-12.20073
 20
-3.701889999999992
 10
-12.983021
 20
-4.501636999999988
 10
-13.413248
 20
-5.577648999999994
 10
-13.413248
 20
-5.577648999999994
  0
LWPOLYLINE
  5
59
100
AcDbEntity
  8
0
  6
ByLayer
 62
  256
370
   -1
100
AcDbPolyline
 90
   57
 70
    1
 43
0
 10
-1.547971
 20
-7.045265999999998
 10
-1.479705000000003
 20
-6.844248999999991
 10
-1.507411000000001
 20
-6.481230999999994
 10
-1.716972999999999
 20
-6.185389000000001
 10
-2.090158000000002
 20
-5.960032999999996
 10
-2.585536000000001
 20
-5.819012999999998
 10
-3.40212
 20
-5.820160999999999
 10
-4.092563000000002
 20
-6.126999999999995
 10
-4.606577000000001
 20
-6.704788999999991
 10
-4.909312
 20
-7.534780999999995
 10
-4.915024000000003
 20
-8.525936000000002
 10
-4.575760000000002
 20
-9.347916999999995
 10
-3.925144
 20
-9.94433699999999
 10
-3.007366000000001
 20
-10.28198999999999
 10
-2.074233
 20
-10.295914
 10
-1.307525999999999
 20
-9.984203999999991
 10
-0.7465350000000015
 20
-9.389905999999996
 10
-0.4283199999999994
 20
-8.543909999999997
 10
-0.3841859999999997
 20
-8.131256999999991
 10
-0.3903660000000002
 20
-7.822408999999993
 10
-0.1875450000000001
 20
-7.777969999999996
 10
-0.00219900000000095
 20
-8.000309999999999
 10
-0.04011000000000209
 20
-8.652737000000002
 10
-0.4160240000000002
 20
-9.676555999999991
 10
-1.081607999999999
 20
-10.396136
 10
-1.986516000000002
 20
-10.77672899999999
 10
-3.095335000000002
 20
-10.76203
 10
-4.177681
 20
-10.362832
 10
-4.930886000000001
 20
-9.640861000000001
 10
-5.322438000000002
 20
-8.658588999999992
 10
-5.305415
 20
-7.468564999999998
 10
-4.939431000000003
 20
-6.430361999999988
 10
-4.318614
 20
-5.715147999999999
 10
-3.48387
 20
-5.340541999999999
 10
-2.491614999999999
 20
-5.340166999999994
 10
-1.80611
 20
-5.548930999999996
 10
-1.329343000000001
 20
-5.885877999999991
 10
-1.083523
 20
-6.343795999999998
 10
-1.078739000000002
 20
-6.917689999999993
 10
-1.208449000000002
 20
-7.283279999999991
 10
-1.443637000000003
 20
-7.573033999999993
 10
-1.347384999999999
 20
-7.904638999999989
 10
-1.369489000000002
 20
-8.333891999999992
 10
-1.537458000000001
 20
-8.805509000000001
 10
-1.842301000000003
 20
-9.13273199999999
 10
-2.268484000000001
 20
-9.299582000000001
 10
-2.800519000000001
 20
-9.290099999999995
 10
-3.366007
 20
-9.08609899999999
 10
-3.751169000000001
 20
-8.720416
 10
-3.944458000000001
 20
-8.232872999999998
 10
-3.935902000000002
 20
-7.637861999999998
 10
-3.811572000000002
 20
-7.23360799999999
 10
-3.627688000000003
 20
-6.915633999999997
 10
-3.284331000000002
 20
-6.721048999999994
 10
-3.194245000000002
 20
-6.743482999999998
 10
-3.104158000000002
 20
-6.765917000000002
 10
-1.654731000000002
 20
-7.182699999999997
  0
LWPOLYLINE
  5
5A
100
AcDbEntity
  8
0
  6
ByLayer
 62
  256
370
   -1
100
AcDbPolyline
 90
   10
 70
    1
 43
0
 10
-2.066103000000002
 20
-8.708682999999994
 10
-1.758259000000002
 20
-8.193618000000001
 10
-1.844829000000001
 20
-7.637699999999995
 10
-3.323820000000001
 20
-7.209820999999991
 10
-3.446160000000003
 20
-7.432321999999999
 10
-3.540483000000002
 20
-7.741586999999996
 10
-3.539714
 20
-8.105949999999993
 10
-3.394963000000001
 20
-8.421335999999997
 10
-2.709257000000001
 20
-8.791838999999996
 10
-2.709300000000002
 20
-8.791831000000002
  0
LWPOLYLINE
  5
5B
100
AcDbEntity
  8
0
  6
ByLayer
 62
  256
370
   -1
100
AcDbPolyline
 90
   10
 70
    1
 43
0
 10
-0.6273420000000023
 20
-4.350335000000001
 10
-0.6335890000000006
 20
-4.487294999999989
 10
-0.7241610000000023
 20
-4.673222999999993
 10
-0.9001730000000023
 20
-4.708490999999995
 10
-4.649003
 20
-4.021856
 10
-4.656566000000002
 20
-3.92627499999999
 10
-4.650319
 20
-3.789314999999988
 10
-4.559747000000002
 20
-3.603386999999998
 10
-4.383735000000001
 20
-3.568118999999996
 10
-0.6349049999999998
 20
-4.254753999999991
  0
LWPOLYLINE
  5
5C
100
AcDbEntity
  8
0
  6
ByLayer
 62
  256
370
   -1
100
AcDbPolyline
 90
    9
 70
    1
 43
0
 10
-0.5511180000000024
 20
-1.808443999999994
 10
-0.6099430000000012
 20
-1.546486000000002
 10
-1.490942
 20
-1.385121999999996
 10
-1.549997000000001
 20
-2.152985999999999
 10
-1.489867
 20
-2.647543999999996
 10
-1.189589000000002
 20
-2.859529999999992
 10
-0.7988500000000016
 20
-2.748995999999991
 10
-0.5793510000000026
 20
-2.23657399999999
 10
-0.5792500000000018
 20
-2.236592000000002
  0
LWPOLYLINE
  5
5D
100
AcDbEntity
  8
0
  6
ByLayer
 62
  256
370
   -1
100
AcDbPolyline
 90
   27
 70
    1
 43
0
 10
-2.759869999999999
 20
-0.9765230000000003
 10
-2.411989000000002
 20
-0.8000409999999931
 10
-1.955779
 20
-0.8035339999999991
 10
-0.5157930000000022
 20
-1.067280999999994
 10
-0.3192330000000005
 20
-1.159801000000002
 10
-0.2194630000000011
 20
-1.335076999999998
 10
-0.1448630000000009
 20
-1.750637999999995
 10
-0.1781380000000006
 20
-2.309719000000001
 10
-0.5654190000000021
 20
-3.15562899999999
 10
-0.8829160000000016
 20
-3.337676000000002
 10
-1.272286000000001
 20
-3.346424999999996
 10
-1.611205000000002
 20
-3.216838999999993
 10
-1.825945000000001
 20
-2.97497899999999
 10
-1.946491000000002
 20
-2.193057999999994
 10
-1.873577000000001
 20
-1.314697999999993
 10
-2.043711000000002
 20
-1.283535999999998
 10
-2.520632000000003
 20
-1.384574999999998
 10
-2.750567
 20
-1.851118
 10
-2.765572000000002
 20
-2.34446299999999
 10
-2.674970999999999
 20
-2.775518999999989
 10
-2.788830000000001
 20
-2.848860000000002
 10
-2.917073000000002
 20
-2.863050000000001
 10
-3.049085000000002
 20
-2.794961999999998
 10
-3.127949000000001
 20
-2.642411999999993
 10
-3.186545000000002
 20
-2.24233199999999
 10
-3.150623
 20
-1.771657999999988
 10
-3.150404000000002
 20
-1.771593999999993
  0
LWPOLYLINE
  5
5E
100
AcDbEntity
  8
0
  6
ByLayer
 62
  256
370
   -1
100
AcDbPolyline
 90
   21
 70
    1
 43
0
 10
-2.361503000000003
 20
2.021297000000004
 10
-2.011301
 20
2.390455000000003
 10
-1.498333000000002
 20
2.585362000000003
 10
-0.8232090000000021
 20
2.568511000000001
 10
-0.1798690000000001
 20
2.343873000000002
 10
0.2284760000000006
 20
1.96765400000001
 10
0.420653999999999
 20
1.474040000000002
 10
0.4011539999999982
 20
0.887307000000007
 10
0.2291999999999987
 20
0.35991700000001
 10
0
 20
0
 10
-0.1841660000000012
 20
-0.1483849999999904
 10
-0.3996530000000007
 20
-0.1592039999999884
 10
-3.826456
 20
0.4684480000000093
 10
-3.834019000000001
 20
0.5640300000000025
 10
-3.826642
 20
0.7071609999999993
 10
-3.736904000000003
 20
0.888536000000002
 10
-3.561170000000001
 20
0.9222859999999997
 10
-2.473580999999999
 20
0.7230830000000026
 10
-2.561534000000002
 20
1.065734000000006
 10
-2.548291000000003
 20
1.515448000000006
 10
-2.548348000000001
 20
1.515459000000007
  0
LWPOLYLINE
  5
5F
100
AcDbEntity
  8
0
  6
ByLayer
 62
  256
370
   -1
100
AcDbPolyline
 90
   14
 70
    1
 43
0
 10
-2.152977
 20
0.9657880000000034
 10
-2.030189
 20
0.6418720000000064
 10
-0.3107159999999993
 20
0.3269340000000085
 10
-0.135270000000002
 20
0.5648220000000066
 10
9.999999974752427e-07
 20
0.9607820000000089
 10
0.007175999999997629
 20
1.342541000000011
 10
-0.1399110000000015
 20
1.670908000000011
 10
-0.4395820000000015
 20
1.920462999999998
 10
-0.9134080000000004
 20
2.076374999999999
 10
-1.411735
 20
2.098522000000003
 10
-1.780402000000002
 20
1.971380000000011
 10
-2.028252000000002
 20
1.715350000000001
 10
-2.160793999999999
 20
1.369118
 10
-2.160693999999999
 20
1.369099000000006
  0
LWPOLYLINE
  5
60
100
AcDbEntity
  8
0
  6
ByLayer
 62
  256
370
   -1
100
AcDbPolyline
 90
   38
 70
    1
 43
0
 10
-1.004905000000001
 20
6.890787000000003
 10
-1.228162000000001
 20
6.460699000000005
 10
-1.077769
 20
5.704701
 10
-0.8098330000000011
 20
5.693304000000012
 10
1.122301
 20
5.339415000000002
 10
1.128759000000002
 20
5.237806000000006
 10
1.123616999999996
 20
5.106873000000007
 10
1.033045000000001
 20
4.920945000000003
 10
0.8570330000000013
 20
4.885677999999999
 10
-0.8624399999999994
 20
5.200616000000011
 10
-1.331066
 20
5.110607000000002
 10
-1.555434999999999
 20
4.67444900000001
 10
-1.562608000000001
 20
4.292704000000001
 10
-1.476232
 20
3.975457000000006
 10
0.7961570000000009
 20
3.559246999999999
 10
0.8037199999999984
 20
3.463666000000003
 10
0.7974729999999965
 20
3.326706000000001
 10
0.706901000000002
 20
3.140777
 10
0.5308890000000019
 20
3.10551000000001
 10
-1.540995000000002
 20
3.48499600000001
 10
-1.732588
 20
3.570374999999999
 10
-1.869322
 20
3.783811
 10
-1.969855000000003
 20
4.229236
 10
-1.955314000000001
 20
4.754069000000001
 10
-1.767357000000001
 20
5.265979000000002
 10
-1.465849000000002
 20
5.574989000000002
 10
-1.624404000000002
 20
6.012201000000005
 10
-1.622525
 20
6.570758000000012
 10
-1.242007000000001
 20
7.311146000000008
 10
-0.9072580000000023
 20
7.475904
 10
-0.4716249999999995
 20
7.471470000000011
 10
1.448352
 20
7.119807000000009
 10
1.454810999999999
 20
7.018197999999998
 10
1.449669
 20
6.887266000000011
 10
1.359094999999996
 20
6.701327000000006
 10
1.183081999999999
 20
6.666056000000012
 10
-0.5363900000000008
 20
6.98099400000001
 10
-0.5362810000000025
 20
6.980781000000007
  0
LWPOLYLINE
  5
61
100
AcDbEntity
  8
0
  6
ByLayer
 62
  256
370
   -1
100
AcDbPolyline
 90
    9
 70
    1
 43
0
 10
1.523310000000002
 20
9.517343000000011
 10
1.464484999999996
 20
9.779301000000004
 10
0.5834860000000006
 20
9.94066500000001
 10
0.5244309999999999
 20
9.172801000000007
 10
0.5845619999999982
 20
8.678244000000007
 10
0.8848389999999995
 20
8.466256999999999
 10
1.275581000000003
 20
8.576806000000005
 10
1.495077000000002
 20
9.089213000000001
 10
1.495177999999996
 20
9.089195000000004
  0
LWPOLYLINE
  5
62
100
AcDbEntity
  8
0
  6
ByLayer
 62
  256
370
   -1
100
AcDbPolyline
 90
   27
 70
    1
 43
0
 10
-0.6854420000000019
 20
10.349265
 10
-0.3375610000000009
 20
10.52574700000001
 10
0.1186489999999978
 20
10.522254
 10
1.558635000000002
 20
10.25850600000001
 10
1.755195000000001
 20
10.165987
 10
1.854968
 20
9.990724
 10
1.929566999999999
 20
9.575163000000003
 10
1.896293
 20
9.016083000000009
 10
1.509011000000001
 20
8.170173000000005
 10
1.191511999999996
 20
7.988127000000006
 10
0.8021299999999982
 20
7.979379000000009
 10
0.4632109999999976
 20
8.108965000000012
 10
0.2484719999999996
 20
8.350825
 10
0.1279389999999978
 20
9.132743000000005
 10
0.2008539999999996
 20
10.011104
 10
0.03073399999999893
 20
10.04226300000001
 10
-0.4461870000000019
 20
9.941224000000005
 10
-0.6761219999999994
 20
9.474681000000004
 10
-0.6911260000000006
 20
8.981335999999999
 10
-0.6005260000000021
 20
8.550280000000001
 10
-0.714385
 20
8.476939000000002
 10
-0.8426280000000013
 20
8.46275
 10
-0.9746400000000008
 20
8.530838000000003
 10
-1.053504
 20
8.68338700000001
 10
-1.112102
 20
9.083452000000008
 10
-1.076181000000002
 20
9.554127000000008
 10
-1.075976000000001
 20
9.554193000000012
  0
LWPOLYLINE
  5
63
100
AcDbEntity
  8
0
  6
ByLayer
 62
  256
370
   -1
100
AcDbPolyline
 90
   24
 70
    1
 43
0
 10
2.269553000000002
 20
11.46589
 10
2.263306999999998
 20
11.32893
 10
2.172734999999996
 20
11.14300200000001
 10
1.996722999999996
 20
11.10773400000001
 10
-1.752107000000002
 20
11.794369
 10
-1.75967
 20
11.88995
 10
-1.752293000000002
 20
12.03308200000001
 10
-1.662555000000001
 20
12.21445700000001
 10
-1.486821000000003
 20
12.24820700000001
 10
0.7004999999999981
 20
11.847577
 10
-0.3438639999999999
 20
13.41412200000001
 10
-0.2297779999999996
 20
13.62557100000001
 10
-0.05014000000000252
 20
13.68063400000001
 10
0.0917369999999984
 20
13.59813000000001
 10
0.2108489999999996
 20
13.4256
 10
0.8883790000000005
 20
12.290464
 10
2.351714000000001
 20
13.422813
 10
2.548786999999997
 20
13.29875200000001
 10
2.594340000000003
 20
13.102017
 10
2.520693999999999
 20
12.93966300000001
 10
2.359251999999998
 20
12.812245
 10
0.9010449999999963
 20
11.81083100000001
 10
2.262048999999998
 20
11.56155000000001
 10
2.261989999999997
 20
11.56147100000001
  0
LWPOLYLINE
  5
64
100
AcDbEntity
  8
0
  6
ByLayer
 62
  256
370
   -1
100
AcDbPolyline
 90
   24
 70
    1
 43
0
 10
2.319020000000002
 20
14.74425400000001
 10
2.646540999999999
 20
15.409569
 10
2.646006999999997
 20
15.886921
 10
2.523825000000002
 20
16.24840500000001
 10
2.781407999999999
 20
16.351939
 10
2.930998000000002
 20
16.24295400000001
 10
3.032955000000001
 20
16.01077400000001
 10
3.074477999999999
 20
15.689177
 10
3.043050000000001
 20
15.311875
 10
2.831617000000001
 20
14.69750900000001
 10
2.455503
 20
14.264026
 10
1.928700999999997
 20
14.04495200000001
 10
1.262980999999996
 20
14.06169700000001
 10
0.6671079999999989
 20
14.271263
 10
0.2565360000000005
 20
14.63532600000001
 10
0.04999199999999959
 20
15.119021
 10
0.04569700000000054
 20
15.67869400000001
 10
0.2292029999999983
 20
16.16630400000001
 10
0.5627959999999987
 20
16.51337600000001
 10
1.005587999999996
 20
16.70231200000001
 10
1.521603999999996
 20
16.708225
 10
1.704903000000002
 20
16.61190400000001
 10
1.740623999999997
 20
16.429519
 10
1.659183999999996
 20
14.510306
  0
LWPOLYLINE
  5
65
100
AcDbEntity
  8
0
  6
ByLayer
 62
  256
370
   -1
100
AcDbPolyline
 90
    6
 70
    1
 43
0
 10
0.5884700000000009
 20
14.93876200000001
 10
1.276907999999999
 20
14.54892000000001
 10
1.352071000000002
 20
16.26208200000001
 10
0.7618390000000019
 20
16.12527900000001
 10
0.4396109999999993
 20
15.600284
 10
0.4396109999999993
 20
15.600284
  0
LWPOLYLINE
  5
66
100
AcDbEntity
  8
0
  6
ByLayer
 62
  256
370
   -1
100
AcDbPolyline
 90
   18
 70
    1
 43
0
 10
3.375731000000002
 20
17.505308
 10
3.369484999999997
 20
17.36834700000001
 10
3.278911000000001
 20
17.182408
 10
3.102897999999996
 20
17.147137
 10
1.043171000000001
 20
17.52439600000001
 10
0.8333499999999958
 20
17.61311400000001
 10
0.7015749999999983
 20
17.81936700000001
 10
0.6032679999999999
 20
18.27694800000002
 10
0.6367290000000025
 20
18.90507699999999
 10
0.7642570000000006
 20
19.258495
 10
0.968786999999999
 20
19.346625
 10
1.080843000000002
 20
19.30726199999999
 10
1.157041
 20
19.24301799999999
 10
1.103850000000001
 20
19.08948300000002
 10
1.056756
 20
18.89715199999999
 10
1.027326000000002
 20
18.393885
 10
1.096401999999998
 20
18.017014
 10
3.368167999999997
 20
17.60088900000001
  0
LWPOLYLINE
  5
67
100
AcDbEntity
  8
0
  6
ByLayer
 62
  256
370
   -1
100
AcDbPolyline
 90
    9
 70
    1
 43
0
 10
3.112462000000001
 20
18.947671
 10
3.060923000000003
 20
19.21458400000002
 10
3.202602999999996
 20
19.43981800000002
 10
3.461222999999997
 20
19.48041500000001
 10
3.682594000000002
 20
19.35190300000001
 10
3.735247000000001
 20
19.091075
 10
3.592452000000002
 20
18.85975600000002
 10
3.339903999999997
 20
18.81804699999999
 10
3.339903999999997
 20
18.81804699999999
  0
LWPOLYLINE
  5
68
100
AcDbEntity
  8
0
  6
ByLayer
 62
  256
370
   -1
100
AcDbPolyline
 90
   17
 70
    1
 43
0
 10
4.560235999999996
 20
19.61813600000001
 10
4.459350999999998
 20
19.78732700000002
 10
4.287695999999997
 20
19.912964
 10
4.008800999999998
 20
20.00172400000001
 10
1.031618999999999
 20
20.54702400000001
 10
1.024056000000002
 20
20.64260500000002
 10
1.031433
 20
20.785737
 10
1.122689000000001
 20
20.96683399999999
 10
1.302976999999998
 20
20.99974999999999
 10
4.189019999999999
 20
20.471143
 10
4.613129999999998
 20
20.31810600000001
 10
4.859245000000001
 20
20.084636
 10
4.971074999999999
 20
19.838083
 10
4.976833999999997
 20
19.62979800000001
 10
4.846744000000001
 20
19.43383000000001
 10
4.627918999999999
 20
19.40478299999999
 10
4.627961999999997
 20
19.40477500000001
  0
LWPOLYLINE
  5
69
100
AcDbEntity
  8
0
  6
ByLayer
 62
  256
370
   -1
100
AcDbPolyline
 90
    9
 70
    1
 43
0
 10
-0.07799100000000081
 20
20.76286900000001
 10
-0.1268430000000009
 20
21.01043600000001
 10
0.005472999999998507
 20
21.21856100000001
 10
0.2337229999999977
 20
21.26472
 10
0.4368659999999984
 20
21.13954700000001
 10
0.4807989999999975
 20
20.899141
 10
0.3534019999999991
 20
20.68385500000001
 10
0.1190809999999978
 20
20.638808
 10
0.1190809999999978
 20
20.638808
  0
LWPOLYLINE
  5
6A
100
AcDbEntity
  8
0
  6
ByLayer
 62
  256
370
   -1
100
AcDbPolyline
 90
    9
 70
    1
 43
0
 10
3.983900999999996
 20
22.95147000000001
 10
3.925078999999997
 20
23.213442
 10
3.044080000000001
 20
23.37480599999999
 10
2.985022000000001
 20
22.606928
 10
3.045155000000001
 20
22.112385
 10
3.34543
 20
21.90038400000002
 10
3.736171999999996
 20
22.01093200000001
 10
3.955667999999996
 20
22.52334
 10
3.955768999999997
 20
22.52332199999999
  0
LWPOLYLINE
  5
6B
100
AcDbEntity
  8
0
  6
ByLayer
 62
  256
370
   -1
100
AcDbPolyline
 90
   27
 70
    1
 43
0
 10
1.775148999999999
 20
23.78339100000001
 10
2.12303
 20
23.959873
 10
2.579239999999999
 20
23.95638000000001
 10
4.019225999999996
 20
23.69263300000001
 10
4.215786000000001
 20
23.60011300000001
 10
4.315559
 20
23.424851
 10
4.390155999999998
 20
23.00927600000001
 10
4.356881000000001
 20
22.45019499999999
 10
3.969602000000002
 20
21.60429900000001
 10
3.652102999999997
 20
21.422253
 10
3.262720999999999
 20
21.413506
 10
2.923802000000002
 20
21.543088
 10
2.709060000000001
 20
21.784937
 10
2.588527999999997
 20
22.56685600000002
 10
2.661445000000001
 20
23.44523
 10
2.491324999999996
 20
23.47638999999999
 10
2.014403999999999
 20
23.37535100000001
 10
1.784469000000001
 20
22.90880800000001
 10
1.769461999999997
 20
22.41544900000001
 10
1.860061999999999
 20
21.984393
 10
1.746203000000001
 20
21.911051
 10
1.617959999999997
 20
21.89686200000001
 10
1.485948
 20
21.96495
 10
1.407083999999998
 20
22.117499
 10
1.348489000000001
 20
22.517579
 10
1.384410000000003
 20
22.988254
 10
1.384614999999997
 20
22.98832
  0
LWPOLYLINE
  5
6C
100
AcDbEntity
  8
0
  6
ByLayer
 62
  256
370
   -1
100
AcDbPolyline
 90
   24
 70
    1
 43
0
 10
4.583064999999998
 20
24.78250300000001
 10
4.296548999999999
 20
24.63246300000002
 10
3.909401000000003
 20
24.635868
 10
1.023356999999997
 20
25.164475
 10
1.015794999999997
 20
25.26005600000001
 10
1.023170999999998
 20
25.40318700000002
 10
1.112909000000002
 20
25.58456199999999
 10
1.288643999999998
 20
25.61831200000002
 10
1.987366000000002
 20
25.490334
 10
2.169873000000003
 20
26.48677100000002
 10
2.261660999999997
 20
26.507637
 10
2.374366000000002
 20
26.50583400000001
 10
2.54757
 20
26.28571800000002
 10
2.388379999999998
 20
25.416588
 10
3.968102000000002
 20
25.127246
 10
4.338901999999997
 20
25.197435
 10
4.507291000000002
 20
25.56849100000001
 10
4.513125000000002
 20
25.806056
 10
4.466965000000002
 20
26.034306
 10
4.570354000000002
 20
26.08449600000002
 10
4.703521000000002
 20
26.09155300000002
 10
4.893318000000001
 20
25.893512
 10
4.898302000000001
 20
25.44045900000002
 10
4.898293000000002
 20
25.44065400000001
  0
LWPOLYLINE
  5
6D
100
AcDbEntity
  8
0
  6
ByLayer
 62
  256
370
   -1
100
AcDbPolyline
 90
    9
 70
    1
 43
0
 10
4.959939999999996
 20
28.280366
 10
4.901116000000002
 20
28.54232499999999
 10
4.020116000000002
 20
28.70368800000001
 10
3.961061000000001
 20
27.93582400000001
 10
4.021191999999999
 20
27.441267
 10
4.321469
 20
27.22928
 10
4.712209000000001
 20
27.339815
 10
4.931708
 20
27.85223700000002
 10
4.931807999999997
 20
27.85221800000001
  0
LWPOLYLINE
  5
6E
100
AcDbEntity
  8
0
  6
ByLayer
 62
  256
370
   -1
100
AcDbPolyline
 90
   27
 70
    1
 43
0
 10
2.751188999999997
 20
29.11228799999999
 10
3.099069
 20
29.28877000000001
 10
3.555278999999999
 20
29.28527699999999
 10
4.995264999999996
 20
29.021529
 10
5.191825000000001
 20
28.92900999999999
 10
5.291598
 20
28.75374800000002
 10
5.366197999999997
 20
28.33818700000002
 10
5.332923000000001
 20
27.779106
 10
4.945641999999999
 20
26.933196
 10
4.628141999999997
 20
26.75115000000001
 10
4.238760999999997
 20
26.74240200000001
 10
3.899841000000002
 20
26.87198500000001
 10
3.685099000000001
 20
27.11383400000001
 10
3.564569999999996
 20
27.89576699999999
 10
3.637484000000001
 20
28.77412700000001
 10
3.467363999999996
 20
28.80528600000001
 10
2.990442999999999
 20
28.704247
 10
2.760508000000002
 20
28.23770499999999
 10
2.745503999999997
 20
27.74436000000001
 10
2.836103999999999
 20
27.313304
 10
2.722245000000001
 20
27.23996200000001
 10
2.594001999999996
 20
27.22577300000002
 10
2.46199
 20
27.29386100000001
 10
2.383125999999997
 20
27.44641
 10
2.324531
 20
27.84649
 10
2.360452000000002
 20
28.317165
 10
2.360653999999997
 20
28.31721700000001
  0
LWPOLYLINE
  5
6F
100
AcDbEntity
  8
0
  6
ByLayer
 62
  256
370
   -1
100
AcDbPolyline
 90
   10
 70
    1
 43
0
 10
5.709519
 20
30.24712699999999
 10
5.703272999999996
 20
30.110167
 10
5.612701000000001
 20
29.92423800000002
 10
5.436689000000001
 20
29.88897100000001
 10
2.830131000000002
 20
30.36638700000002
 10
2.822567999999997
 20
30.461968
 10
2.829945000000002
 20
30.60510000000001
 10
2.921200999999996
 20
30.786197
 10
3.101487999999996
 20
30.819113
 10
5.701955999999996
 20
30.342708
  0
LWPOLYLINE
  5
70
100
AcDbEntity
  8
0
  6
ByLayer
 62
  256
370
   -1
100
AcDbPolyline
 90
    9
 70
    1
 43
0
 10
1.720512999999997
 20
30.58218900000001
 10
1.671664
 20
30.82977100000001
 10
1.803976999999996
 20
31.03788100000001
 10
2.032226999999999
 20
31.08404
 10
2.235369999999996
 20
30.95886700000001
 10
2.279305999999998
 20
30.718475
 10
2.151905999999997
 20
30.50317500000001
 10
1.917585000000003
 20
30.458128
 10
1.917585000000003
 20
30.458128
  0
LWPOLYLINE
  5
71
100
AcDbEntity
  8
0
  6
ByLayer
 62
  256
370
   -1
100
AcDbPolyline
 90
   21
 70
    1
 43
0
 10
-7.917037000000001
 20
31.168009
 10
-7.486810000000002
 20
32.24401999999999
 10
-6.704519000000001
 20
33.04376700000002
 10
-5.679422000000002
 20
33.49182
 10
-4.520777000000002
 20
33.512749
 10
5.525973
 20
31.672589
 10
6.584443999999998
 20
31.252886
 10
7.401730999999998
 20
30.46007100000001
 10
7.853408000000002
 20
29.414843
 10
7.870713000000002
 20
28.27632900000002
 10
0.9043929999999989
 20
-9.757795999999999
 10
0.4741649999999993
 20
-10.83380699999999
 10
-0.3081260000000015
 20
-11.63355399999999
 10
-1.333223
 20
-12.08160699999999
 10
-2.491866999999999
 20
-12.102536
 10
-12.538617
 20
-10.26237599999999
 10
-13.614629
 20
-9.832147999999989
 10
-14.414376
 20
-9.049858
 10
-14.862429
 20
-8.024760999999998
 10
-14.883357
 20
-6.866115999999991
 10
-14.883357
 20
-6.866115999999991
  0
ENDBLK
  5
51
330
4F
100
AcDbEntity
  8
0
100
AcDbBlockEnd
  0
BLOCK
  5
53
330
52
100
AcDbEntity
  8
0
100
AcDbBlockBegin
  2
texto
 70
    0
 10
0
 20
0
  3
texto
  1

  0
LWPOLYLINE
  5
72
100
AcDbEntity
  8
0
  6
ByLayer
 62
  256
370
   -1
100
AcDbPolyline
 90
    9
 70
    1
 43
0
 10
-7.703134349725561
 20
-1.663146275597001
 10
-7.112276349725562
 20
1.892543724402998
 10
-5.702161349725561
 20
1.892543724402998
 10
-5.861047349725562
 20
0.9453767244030047
 10
-6.347636349725562
 20
0.9453767244030047
 10
-6.407220349725561
 20
0.9302267244029991
 10
-6.44197234972556
 20
0.8694237244030063
 10
-5.87594034972556
 20
0.8694237244030063
 10
-6.297984349725562
 20
-1.663146275597001
  0
LWPOLYLINE
  5
73
100
AcDbEntity
  8
0
  6
ByLayer
 62
  256
370
   -1
100
AcDbPolyline
 90
    9
 70
    1
 43
0
 10
-5.503549349725562
 20
-1.663146275597001
 10
-4.912691349725561
 20
1.892543724402998
 10
-3.502577349725561
 20
1.892543724402998
 10
-3.661463349725562
 20
0.9453767244030047
 10
-4.148051349725561
 20
0.9453767244030047
 10
-4.20763534972556
 20
0.9302267244029991
 10
-4.242387349725561
 20
0.8694237244030063
 10
-3.676356349725561
 20
0.8694237244030063
 10
-4.098399349725561
 20
-1.663146275597001
  0
LWPOLYLINE
  5
74
100
AcDbEntity
  8
0
  6
ByLayer
 62
  256
370
   -1
100
AcDbPolyline
 90
    9
 70
    1
 43
0
 10
-3.30396534972556
 20
-1.663146275597001
 10
-2.713107349725561
 20
1.892543724402998
 10
-1.30299234972556
 20
1.892543724402998
 10
-1.46187934972556
 20
0.9453767244030047
 10
-1.948467349725561
 20
0.9453767244030047
 10
-2.008051349725561
 20
0.9302267244029991
 10
-2.042803349725562
 20
0.8694237244030063
 10
-1.476771349725562
 20
0.8694237244030063
 10
-1.898815349725561
 20
-1.663146275597001
  0
LWPOLYLINE
  5
75
100
AcDbEntity
  8
0
  6
ByLayer
 62
  256
370
   -1
100
AcDbPolyline
 90
   30
 70
    1
 43
0
 10
-0.1609913497255597
 20
-0.9641282755970053
 10
-0.1510603497255616
 20
-0.9083752755969954
 10
0.2262946502744398
 20
1.360783724403007
 10
0.3206306502744383
 20
1.614043724403004
 10
0.4795156502744398
 20
1.776119724403003
 10
0.6632286502744407
 20
1.862273724402996
 10
0.8320446502744403
 20
1.892674724402994
 10
3.994872650274438
 20
1.892674724402994
 10
3.835986650274439
 20
0.9455077244030008
 10
1.020721650274439
 20
0.9455077244030008
 10
0.9561776502744372
 20
0.9303577244029952
 10
0.9263866502744378
 20
0.8695547244030024
 10
1.49738365027444
 20
0.8695547244030024
 10
1.229262650274439
 20
-0.7158172755970043
 10
2.207406650274439
 20
-0.7158172755970043
 10
2.29181165027444
 20
-0.3004812755969937
 10
1.71088365027444
 20
-0.3004812755969937
 10
1.87970065027444
 20
0.646686724402997
 10
3.796264650274438
 20
0.646686724402997
 10
3.488423650274438
 20
-1.131163275597004
 10
3.394087650274439
 20
-1.384413275596998
 10
3.235200650274439
 20
-1.546500275596998
 10
3.05148865027444
 20
-1.637704275597002
 10
2.88267265027444
 20
-1.663055275597003
 10
0.4546936502744394
 20
-1.663055275597003
 10
0.2759466502744381
 20
-1.632654275597005
 10
0.07237365027443943
 20
-1.526289275596994
 10
-0.09147734972556165
 20
-1.328752275596997
 10
-0.1609923497255608
 20
-1.019779275597003
 10
-0.1609913497255597
 20
-1.019880275597004
  0
LWPOLYLINE
  5
76
100
AcDbEntity
  8
0
  6
ByLayer
 62
  256
370
   -1
100
AcDbPolyline
 90
    4
 70
    1
 43
0
 10
5.548982650274439
 20
-1.663146275597001
 10
4.143833650274438
 20
-1.663146275597001
 10
4.734691650274439
 20
1.892543724402998
 10
6.144805650274439
 20
1.892543724402998
  0
LWPOLYLINE
  5
77
100
AcDbEntity
  8
0
  6
ByLayer
 62
  256
370
   -1
100
AcDbPolyline
 90
   24
 70
    1
 43
0
 10
10.00276465027444
 20
1.892543724402998
 10
10.18151165027444
 20
1.857092724403003
 10
10.38508465027444
 20
1.750727724403006
 10
10.54893665027444
 20
1.553190724402995
 10
10.61845065027444
 20
1.249278724402998
 10
10.61349965027444
 20
1.193525724403003
 10
10.60854965027444
 20
1.137773724403004
 10
10.14182265027444
 20
-1.663227275596995
 10
8.791288650274439
 20
-1.663227275596995
 10
8.80618965027444
 20
-1.566973275596993
 10
8.835981650274437
 20
-1.404886275596994
 10
8.890594650274441
 20
-1.106044275597
 10
8.955138650274439
 20
-0.7160292755969948
 10
9.024653650274438
 20
-0.2804322755969935
 10
9.09912765027444
 20
0.1500947244030044
 10
9.158711650274437
 20
0.5147787244030013
 10
9.203393650274439
 20
0.773098724402999
 10
9.218294650274441
 20
0.8794737244029989
 10
9.18354265027444
 20
0.9250247244030021
 10
9.12395965027444
 20
0.9453257244030056
 10
8.081268650274438
 20
0.9453257244030056
 10
7.644331650274438
 20
-1.663196275597002
 10
6.29379965027444
 20
-1.663196275597002
 10
6.884623650274438
 20
1.892543724402998
  0
LWPOLYLINE
  5
78
100
AcDbEntity
  8
0
  6
ByLayer
 62
  256
370
   -1
100
AcDbPolyline
 90
   29
 70
    1
 43
0
 10
11.33343865027444
 20
-1.663146275597001
 10
11.15469265027444
 20
-1.632744275597005
 10
10.95111965027444
 20
-1.526380275597006
 10
10.78726765027444
 20
-1.328842275596998
 10
10.71775365027444
 20
-1.019870275597
 10
10.71775365027444
 20
-0.9641182755970021
 10
10.72768465027444
 20
-0.9083652755970064
 10
11.10503865027444
 20
1.360793724402996
 10
11.19937365027444
 20
1.614053724403007
 10
11.35826065027444
 20
1.776129724403006
 10
11.54197265027444
 20
1.862283724402999
 10
11.71078865027444
 20
1.892684724402997
 10
14.58563565027444
 20
1.892684724402997
 10
14.43171465027444
 20
0.945517724403004
 10
12.47046365027444
 20
0.945517724403004
 10
12.40591965027444
 20
0.9252167244030005
 10
12.37612765027444
 20
0.8847157244029944
 10
12.35626665027444
 20
0.7783507244029977
 10
12.32647465027444
 20
0.5909437244030045
 10
12.28179165027444
 20
0.3427537244029963
 10
12.23710865027444
 20
0.07430372440299493
 10
12.19242665027444
 20
-0.1992172755969932
 10
12.15270365027444
 20
-0.4271462755969964
 10
12.12788265027444
 20
-0.5841622755969951
 10
12.11795165027444
 20
-0.6500152755969992
 10
12.15270365027444
 20
-0.7007172755970004
 10
12.21228765027444
 20
-0.7158672755970059
 10
14.15367765027444
 20
-0.7158672755970059
 10
13.99478265027444
 20
-1.663146275597001
  0
LWPOLYLINE
  5
79
100
AcDbEntity
  8
0
  6
ByLayer
 62
  256
370
   -1
100
AcDbPolyline
 90
   12
 70
    1
 43
0
 10
15.43964565027444
 20
1.892543724402998
 10
17.34131365027444
 20
1.892543724402998
 10
17.51509565027444
 20
1.862142724403
 10
17.70873865027444
 20
1.765888724402998
 10
17.87258965027444
 20
1.588611724402995
 10
17.95699465027444
 20
1.320160724402996
 10
18.25490665027444
 20
-1.663176275596996
 10
16.96395565027444
 20
-1.663176275596996
 10
16.91430265027444
 20
-1.151596275597001
 10
15.92623365027444
 20
-1.151596275597001
 10
15.78720865027444
 20
-1.663176275596996
 10
14.49129365027444
 20
-1.663146275597001
  0
LWPOLYLINE
  5
7A
100
AcDbEntity
  8
0
  6
ByLayer
 62
  256
370
   -1
100
AcDbPolyline
 90
    6
 70
    1
 43
0
 10
16.71073465027444
 20
0.884593724403004
 10
16.68094265027444
 20
0.9250957244030076
 10
16.61639865027444
 20
0.9453967244029968
 10
16.48730065027444
 20
0.9453967244029968
 10
16.17945965027444
 20
-0.2043982755970006
 10
16.81996865027444
 20
-0.2043982755970006
  0
LWPOLYLINE
  5
7B
100
AcDbEntity
  8
0
  6
ByLayer
 62
  256
370
   -1
100
AcDbPolyline
 90
   24
 70
    1
 43
0
 10
22.26182365027444
 20
1.892543724402998
 10
22.44057065027444
 20
1.857092724403003
 10
22.64414365027444
 20
1.750727724403006
 10
22.80799465027444
 20
1.553190724402995
 10
22.87750965027444
 20
1.249278724402998
 10
22.87255865027444
 20
1.193525724403003
 10
22.86760865027444
 20
1.137773724403004
 10
22.40087965027444
 20
-1.663227275596995
 10
21.05034765027444
 20
-1.663227275596995
 10
21.06524865027444
 20
-1.566973275596993
 10
21.09504065027444
 20
-1.404886275596994
 10
21.14965365027444
 20
-1.106044275597
 10
21.21419765027444
 20
-0.7160292755969948
 10
21.28371165027444
 20
-0.2804322755969935
 10
21.35818665027444
 20
0.1500947244030044
 10
21.41776965027444
 20
0.5147787244030013
 10
21.46245265027444
 20
0.773098724402999
 10
21.47734365027444
 20
0.8794737244029989
 10
21.44259165027444
 20
0.9250247244030021
 10
21.38300765027444
 20
0.9453257244030056
 10
20.34031765027444
 20
0.9453257244030056
 10
19.90337965027444
 20
-1.663196275597002
 10
18.55284765027444
 20
-1.663196275597002
 10
19.14368265027444
 20
1.892543724402998
  0
LWPOLYLINE
  5
7C
100
AcDbEntity
  8
0
  6
ByLayer
 62
  256
370
   -1
100
AcDbPolyline
 90
   12
 70
    1
 43
0
 10
23.92516665027444
 20
1.892543724402998
 10
25.82683565027444
 20
1.892543724402998
 10
26.00061865027444
 20
1.862142724403
 10
26.19426065027444
 20
1.765888724402998
 10
26.35811265027444
 20
1.588611724402995
 10
26.44251765027444
 20
1.320160724402996
 10
26.74042865027444
 20
-1.663176275596996
 10
25.44947865027444
 20
-1.663176275596996
 10
25.39982565027444
 20
-1.151596275597001
 10
24.41175265027444
 20
-1.151596275597001
 10
24.27272765027444
 20
-1.663176275596996
 10
22.97681565027444
 20
-1.663146275597001
  0
LWPOLYLINE
  5
7D
100
AcDbEntity
  8
0
  6
ByLayer
 62
  256
370
   -1
100
AcDbPolyline
 90
    6
 70
    1
 43
0
 10
25.19625665027444
 20
0.884593724403004
 10
25.16646465027444
 20
0.9250957244030076
 10
25.10192065027444
 20
0.9453967244029968
 10
24.97282565027444
 20
0.9453967244029968
 10
24.66498365027444
 20
-0.2043782755969943
 10
25.30549065027444
 20
-0.2043982755970006
  0
LWPOLYLINE
  5
7E
100
AcDbEntity
  8
0
  6
ByLayer
 62
  256
370
   -1
100
AcDbPolyline
 90
    9
 70
    1
 43
0
 10
-12.01539334972556
 20
-7.994504275596995
 10
-11.42453534972556
 20
-4.438815275596994
 10
-10.01442034972556
 20
-4.438815275596994
 10
-10.17330634972556
 20
-5.385982275597001
 10
-10.65989534972556
 20
-5.385982275597001
 10
-10.71947834972556
 20
-5.401233275596994
 10
-10.75423434972556
 20
-5.462036275597001
 10
-10.18820234972556
 20
-5.462036275597001
 10
-10.61024334972556
 20
-7.994504275596995
  0
LWPOLYLINE
  5
7F
100
AcDbEntity
  8
0
  6
ByLayer
 62
  256
370
   -1
100
AcDbPolyline
 90
   24
 70
    1
 43
0
 10
-6.156462349725562
 20
-4.438815275596994
 10
-5.97771534972556
 20
-4.474266275597003
 10
-5.774142349725562
 20
-4.580640275597005
 10
-5.610291349725561
 20
-4.778178275597
 10
-5.540776349725562
 20
-5.082080275596994
 10
-5.545727349725562
 20
-5.137833275597004
 10
-5.550677349725561
 20
-5.193585275597002
 10
-6.017406349725562
 20
-7.994575275597001
 10
-7.367968349725562
 20
-7.994575275597001
 10
-7.353073349725561
 20
-7.898321275596999
 10
-7.323282349725561
 20
-7.736235275596997
 10
-7.268664349725562
 20
-7.437393275597003
 10
-7.204117349725561
 20
-7.047388275597001
 10
-7.134605349725561
 20
-6.611791275597
 10
-7.060131349725561
 20
-6.181254275596999
 10
-7.000547349725561
 20
-5.816569275597004
 10
-6.955864349725561
 20
-5.558249275597007
 10
-6.940963349725561
 20
-5.451885275596993
 10
-6.975716349725561
 20
-5.406334275597004
 10
-7.035299349725561
 20
-5.386032275597003
 10
-8.077991349725561
 20
-5.386032275597003
 10
-8.514928349725562
 20
-7.994504275596995
 10
-9.865460349725561
 20
-7.994504275596995
 10
-9.274602349725562
 20
-4.438815275596994
  0
LWPOLYLINE
  5
80
100
AcDbEntity
  8
0
  6
ByLayer
 62
  256
370
   -1
100
AcDbPolyline
 90
    8
 70
    1
 43
0
 10
-5.183278349725562
 20
-4.438815275596994
 10
-1.583512349725561
 20
-4.438815275596994
 10
-1.742399349725561
 20
-5.385982275597001
 10
-2.849636349725561
 20
-5.385982275597001
 10
-3.281609349725562
 20
-7.994504275596995
 10
-4.632141349725561
 20
-7.994504275596995
 10
-4.195204349725561
 20
-5.385982275597001
 10
-5.342163349725562
 20
-5.385982275597001
  0
LWPOLYLINE
  5
81
100
AcDbEntity
  8
0
  6
ByLayer
 62
  256
370
   -1
100
AcDbPolyline
 90
   31
 70
    1
 43
0
 10
-0.2379533497255615
 20
-6.713004275597001
 10
-0.2528443497255601
 20
-6.794007275596996
 10
-0.2627753497255618
 20
-6.864909275597
 10
-0.2727053497255625
 20
-6.920662275596996
 10
-0.2776563497255609
 20
-6.956113275597005
 10
-0.2826063497255618
 20
-6.981464275597006
 10
-0.2478543497255608
 20
-7.032167275597004
 10
-0.1882713497255608
 20
-7.047418275596996
 10
1.638920650274439
 20
-7.047418275596996
 10
1.480033650274439
 20
-7.994585275597004
 10
-1.067109349725561
 20
-7.994585275597004
 10
-1.24585634972556
 20
-7.964184275597006
 10
-1.449429349725561
 20
-7.857820275596993
 10
-1.613280349725562
 20
-7.660282275596998
 10
-1.682795349725561
 20
-7.351310275597001
 10
-1.682795349725561
 20
-7.295557275597005
 10
-1.672864349725561
 20
-7.239805275596993
 10
-1.295509349725561
 20
-4.970646275597005
 10
-1.201173349725561
 20
-4.717396275596997
 10
-1.04228834972556
 20
-4.555309275596997
 10
-0.8585753497255624
 20
-4.469155275597004
 10
-0.6897593497255627
 20
-4.438754275597006
 10
2.075852650274438
 20
-4.438754275597006
 10
1.91696765027444
 20
-5.385921275596999
 10
0.06991465027443766
 20
-5.385921275596999
 10
0.005370650274439726
 20
-5.406223275597
 10
-0.02442134972556076
 20
-5.446724275597006
 10
-0.0641433497255619
 20
-5.684783275596999
 10
1.534648650274438
 20
-5.684783275596999
 10
1.365832650274438
 20
-6.631961275596993
 10
-0.2230523497255597
 20
-6.632001275597005
  0
LWPOLYLINE
  5
82
100
AcDbEntity
  8
0
  6
ByLayer
 62
  256
370
   -1
100
AcDbPolyline
 90
   26
 70
    1
 43
0
 10
3.565391650274439
 20
-7.047337275597002
 10
4.543534650274438
 20
-7.047337275597002
 10
4.627939650274438
 20
-6.632001275597005
 10
4.047015650274439
 20
-6.632001275597005
 10
4.215831650274438
 20
-5.684824275596995
 10
6.13239665027444
 20
-5.684824275596995
 10
5.82455465027444
 20
-7.462674275596996
 10
5.730218650274438
 20
-7.715924275597004
 10
5.571331650274438
 20
-7.878010275597006
 10
5.387619650274438
 20
-7.969214275596997
 10
5.218803650274438
 20
-7.994565275596997
 10
2.790824650274438
 20
-7.994565275596997
 10
2.61207765027444
 20
-7.964164275597
 10
2.408504650274438
 20
-7.857800275597
 10
2.24465365027444
 20
-7.660262275597006
 10
2.175139650274438
 20
-7.351290275596995
 10
2.175139650274438
 20
-7.295537275596999
 10
2.185069650274439
 20
-7.239785275597001
 10
2.562424650274441
 20
-4.970625275597001
 10
2.656760650274439
 20
-4.717376275597005
 10
2.815646650274438
 20
-4.555289275597005
 10
2.999358650274438
 20
-4.469135275596997
 10
3.168174650274437
 20
-4.438734275597
 10
6.331002650274439
 20
-4.438734275597
 10
6.17211665027444
 20
-5.385901275596993
 10
3.843441650274439
 20
-5.385982275597001
  0
LWPOLYLINE
  5
83
100
AcDbEntity
  8
0
  6
ByLayer
 62
  256
370
   -1
100
AcDbPolyline
 90
   19
 70
    1
 43
0
 10
7.021166650274438
 20
-4.438815275596994
 10
9.91090865027444
 20
-4.438815275596994
 10
10.08965565027444
 20
-4.474266275597003
 10
10.29322865027444
 20
-4.580640275597005
 10
10.45707965027444
 20
-4.778178275597
 10
10.52659365027444
 20
-5.082080275596994
 10
10.52659365027444
 20
-5.137833275597004
 10
10.51666365027444
 20
-5.193585275597002
 10
10.29819465027444
 20
-6.500376275597006
 10
10.21875065027444
 20
-6.733366275596993
 10
10.07972565027444
 20
-6.890392275596994
 10
9.91090865027444
 20
-6.986646275596996
 10
9.752022650274441
 20
-7.027147275597002
 10
9.945664650274438
 20
-7.994575275597001
 10
8.70933265027444
 20
-7.994575275597001
 10
8.515689650274439
 20
-7.032207275597003
 10
7.939727650274438
 20
-7.032207275597003
 10
7.780840650274438
 20
-7.994575275597001
 10
6.430308650274441
 20
-7.994504275596995
  0
LWPOLYLINE
  5
84
100
AcDbEntity
  8
0
  6
ByLayer
 62
  256
370
   -1
100
AcDbPolyline
 90
   14
 70
    1
 43
0
 10
9.00227465027444
 20
-6.064668275597001
 10
9.032066650274437
 20
-6.024167275596994
 10
9.05192765027444
 20
-5.907672275596994
 10
9.08171965027444
 20
-5.715195275596997
 10
9.111511650274441
 20
-5.532848275597004
 10
9.116462650274439
 20
-5.497396275596998
 10
9.12141265027444
 20
-5.466995275597
 10
9.126362650274437
 20
-5.456895275597006
 10
9.126362650274437
 20
-5.451845275596995
 10
9.09161065027444
 20
-5.406293275596994
 10
9.03202765027444
 20
-5.385992275597005
 10
8.217735650274438
 20
-5.385992275597005
 10
8.098570650274439
 20
-6.084980275597005
 10
8.93773165027444
 20
-6.084969275597004
  0
LWPOLYLINE
  5
85
100
AcDbEntity
  8
0
  6
ByLayer
 62
  256
370
   -1
100
AcDbPolyline
 90
   12
 70
    1
 43
0
 10
11.47493965027444
 20
-4.438815275596994
 10
13.37660865027444
 20
-4.438815275596994
 10
13.55039065027444
 20
-4.469216275597006
 10
13.74403265027444
 20
-4.565470275596994
 10
13.90788365027444
 20
-4.742747275596997
 10
13.99228865027444
 20
-5.011198275596996
 10
14.29020165027444
 20
-7.994535275597002
 10
12.99925065027444
 20
-7.994535275597002
 10
12.94959765027444
 20
-7.482965275596996
 10
11.96152465027444
 20
-7.482965275596996
 10
11.82249865027444
 20
-7.994535275597002
 10
10.52658765027444
 20
-7.994504275596995
  0
LWPOLYLINE
  5
86
100
AcDbEntity
  8
0
  6
ByLayer
 62
  256
370
   -1
100
AcDbPolyline
 90
    6
 70
    1
 43
0
 10
12.74602965027444
 20
-5.446764275597005
 10
12.71623765027444
 20
-5.406263275596999
 10
12.65169365027444
 20
-5.385962275596995
 10
12.52259865027444
 20
-5.385962275596995
 10
12.21475565027444
 20
-6.535737275597
 10
12.85526265027444
 20
-6.535757275596993
  0
LWPOLYLINE
  5
87
100
AcDbEntity
  8
0
  6
ByLayer
 62
  256
370
   -1
100
AcDbPolyline
 90
   17
 70
    1
 43
0
 10
17.22464065027444
 20
-5.391012275597006
 10
17.18988865027444
 20
-5.385962275596995
 10
16.37559665027444
 20
-5.385962275596995
 10
16.09754665027444
 20
-7.047317275596996
 10
16.93666365027444
 20
-7.047317275596996
 10
16.99624665027444
 20
-7.032066275597003
 10
17.02603865027444
 20
-6.986515275597
 10
17.04589965027444
 20
-6.885211275597001
 10
17.07569165027444
 20
-6.692733275596993
 10
17.12037465027444
 20
-6.449613275597002
 10
17.16505765027444
 20
-6.176103275597001
 10
17.20973965027444
 20
-5.907652275597002
 10
17.24946265027444
 20
-5.679723275596999
 10
17.27429365027444
 20
-5.517637275596996
 10
17.28422465027444
 20
-5.451784275597007
 10
17.25940265027444
 20
-5.411283275597
 10
17.25939265027444
 20
-5.411313275596996
  0
LWPOLYLINE
  5
88
100
AcDbEntity
  8
0
  6
ByLayer
 62
  256
370
   -1
100
AcDbPolyline
 90
   15
 70
    1
 43
0
 10
18.68440265027444
 20
-5.137833275597004
 10
18.67447265027444
 20
-5.193585275597002
 10
18.29711765027444
 20
-7.462744275597004
 10
18.20278165027444
 20
-7.715994275596998
 10
18.04389565027444
 20
-7.878081275596998
 10
17.86018365027444
 20
-7.969285275597002
 10
17.69136665027444
 20
-7.994636275597003
 10
14.58812165027444
 20
-7.994636275597003
 10
15.17897965027444
 20
-4.438946275597004
 10
18.06872165027444
 20
-4.438946275597004
 10
18.24746865027444
 20
-4.474397275596999
 10
18.45104165027444
 20
-4.580772275596999
 10
18.61489265027444
 20
-4.778309275596996
 10
18.68440665027444
 20
-5.082211275597004
 10
18.68440265027444
 20
-5.082080275596994
  0
LWPOLYLINE
  5
89
100
AcDbEntity
  8
0
  6
ByLayer
 62
  256
370
   -1
100
AcDbPolyline
 90
   30
 70
    1
 43
0
 10
20.48180165027444
 20
-5.553129275597001
 10
20.45200965027444
 20
-5.740546275596998
 10
20.41228665027444
 20
-5.988726275597003
 10
20.36760465027444
 20
-6.257176275597004
 10
20.32292165027444
 20
-6.530697275597007
 10
20.28816965027444
 20
-6.758626275596995
 10
20.26334765027444
 20
-6.915642275596994
 10
20.25341765027444
 20
-6.981495275596998
 10
20.25341765027444
 20
-7.001796275597002
 10
20.27823865027444
 20
-7.022097275597005
 10
20.31300065027444
 20
-7.042398275596994
 10
20.34279265027444
 20
-7.047448275597006
 10
21.37555265027444
 20
-7.047448275597006
 10
21.44009665027444
 20
-7.032197275596999
 10
21.46988865027444
 20
-6.986646275596996
 10
21.48478965027444
 20
-6.885342275596997
 10
21.51954165027444
 20
-6.692864275597003
 10
21.55926365027444
 20
-6.449745275596996
 10
21.60394665027444
 20
-6.176234275596997
 10
21.64862965027444
 20
-5.907783275596998
 10
21.68835165027444
 20
-5.679854275596995
 10
21.71317365027444
 20
-5.517768275596993
 10
21.72310365027444
 20
-5.451915275597003
 10
21.69828265027444
 20
-5.411414275596997
 10
21.66353065027444
 20
-5.391113275596993
 10
21.62877765027444
 20
-5.386063275596996
 10
20.59601765027444
 20
-5.386063275596996
 10
20.53147365027444
 20
-5.406364275596999
 10
20.50168165027444
 20
-5.446865275597006
 10
20.50166265027444
 20
-5.446764275597005
  0
LWPOLYLINE
  5
8A
100
AcDbEntity
  8
0
  6
ByLayer
 62
  256
370
   -1
100
AcDbPolyline
 90
   24
 70
    1
 43
0
 10
22.65159165027444
 20
-4.474266275597003
 10
22.85516365027444
 20
-4.580640275597005
 10
23.01901565027444
 20
-4.778178275597
 10
23.08852965027444
 20
-5.082080275596994
 10
23.08852965027444
 20
-5.137833275597004
 10
23.08357965027444
 20
-5.193585275597002
 10
22.70126065027444
 20
-7.462744275597004
 10
22.60692465027444
 20
-7.715994275596998
 10
22.44803765027444
 20
-7.878081275596998
 10
22.26432565027444
 20
-7.969285275597002
 10
22.09550965027444
 20
-7.994636275597003
 10
19.49871465027444
 20
-7.994636275597003
 10
19.31996765027444
 20
-7.964234275596993
 10
19.11639365027444
 20
-7.857870275596994
 10
18.95254265027444
 20
-7.660333275596997
 10
18.88302865027444
 20
-7.351360275597003
 10
18.88302865027444
 20
-7.295608275597004
 10
18.89295965027444
 20
-7.239855275596994
 10
19.27031465027444
 20
-4.970696275596993
 10
19.36464965027444
 20
-4.717446275596998
 10
19.52353565027444
 20
-4.555360275596996
 10
19.70724765027444
 20
-4.469206275597003
 10
19.87606465027444
 20
-4.438805275597005
 10
22.47284465027444
 20
-4.438815275596994
  0
LWPOLYLINE
  5
8B
100
AcDbEntity
  8
0
  6
ByLayer
 62
  256
370
   -1
100
AcDbPolyline
 90
   19
 70
    1
 43
0
 10
23.78365565027444
 20
-4.438815275596994
 10
26.67339765027444
 20
-4.438815275596994
 10
26.85214465027444
 20
-4.474266275597003
 10
27.05571665027444
 20
-4.580640275597005
 10
27.21956865027444
 20
-4.778178275597
 10
27.28908265027444
 20
-5.082080275596994
 10
27.28908265027444
 20
-5.137833275597004
 10
27.27915265027444
 20
-5.193585275597002
 10
27.06068365027444
 20
-6.500376275597006
 10
26.98123965027444
 20
-6.733366275596993
 10
26.84221365027444
 20
-6.890392275596994
 10
26.67339765027444
 20
-6.986646275596996
 10
26.51451065027444
 20
-7.027147275597002
 10
26.70815365027444
 20
-7.994575275597001
 10
25.47182065027444
 20
-7.994575275597001
 10
25.27817765027444
 20
-7.032207275597003
 10
24.70221565027444
 20
-7.032207275597003
 10
24.54332965027444
 20
-7.994575275597001
 10
23.19279765027444
 20
-7.994504275596995
  0
LWPOLYLINE
  5
8C
100
AcDbEntity
  8
0
  6
ByLayer
 62
  256
370
   -1
100
AcDbPolyline
 90
   14
 70
    1
 43
0
 10
25.76476365027444
 20
-6.064668275597001
 10
25.79455465027444
 20
-6.024167275596994
 10
25.81441665027444
 20
-5.907672275596994
 10
25.84420765027444
 20
-5.715195275596997
 10
25.87399965027444
 20
-5.532848275597004
 10
25.87895065027444
 20
-5.497396275596998
 10
25.88390065027444
 20
-5.466995275597
 10
25.88885165027444
 20
-5.456895275597006
 10
25.88885165027444
 20
-5.451845275596995
 10
25.85409865027444
 20
-5.406293275596994
 10
25.79451565027444
 20
-5.385992275597005
 10
24.98022365027444
 20
-5.385992275597005
 10
24.86105965027444
 20
-6.084980275597005
 10
25.70021965027444
 20
-6.084969275597004
  0
LWPOLYLINE
  5
8D
100
AcDbEntity
  8
0
  6
ByLayer
 62
  256
370
   -1
100
AcDbPolyline
 90
   12
 70
    1
 43
0
 10
28.23742765027444
 20
-4.438815275596994
 10
30.13909665027444
 20
-4.438815275596994
 10
30.31287865027444
 20
-4.469216275597006
 10
30.50652065027444
 20
-4.565470275596994
 10
30.67037165027444
 20
-4.742747275596997
 10
30.75477765027444
 20
-5.011198275596996
 10
31.05268965027444
 20
-7.994535275597002
 10
29.76174165027444
 20
-7.994535275597002
 10
29.71208865027444
 20
-7.482965275596996
 10
28.72401565027444
 20
-7.482965275596996
 10
28.58498965027444
 20
-7.994535275597002
 10
27.28907565027444
 20
-7.994504275596995
  0
LWPOLYLINE
  5
8E
100
AcDbEntity
  8
0
  6
ByLayer
 62
  256
370
   -1
100
AcDbPolyline
 90
    6
 70
    1
 43
0
 10
29.50851765027444
 20
-5.446764275597005
 10
29.47872565027444
 20
-5.406263275596999
 10
29.41418165027444
 20
-5.385962275596995
 10
29.28508665027444
 20
-5.385962275596995
 10
28.97724465027444
 20
-6.535737275597
 10
29.61775165027444
 20
-6.535757275596993
  0
LWPOLYLINE
  5
8F
100
AcDbEntity
  8
0
  6
ByLayer
 62
  256
370
   -1
100
AcDbPolyline
 90
   17
 70
    1
 43
0
 10
-7.901745349725561
 20
-11.722371275597
 10
-7.93650134972556
 20
-11.717321275597
 10
-8.75079334972556
 20
-11.717321275597
 10
-9.028844349725562
 20
-13.378666275597
 10
-8.189726349725561
 20
-13.378666275597
 10
-8.130144349725562
 20
-13.36351627559699
 10
-8.100353349725561
 20
-13.31796427559701
 10
-8.080492349725562
 20
-13.21666027559699
 10
-8.050701349725561
 20
-13.024193275597
 10
-8.006014349725561
 20
-12.78106327559701
 10
-7.96132834972556
 20
-12.50755227559699
 10
-7.916641349725561
 20
-12.23910227559701
 10
-7.876919349725561
 20
-12.011173275597
 10
-7.852094349725562
 20
-11.849086275597
 10
-7.842163349725562
 20
-11.783234275597
 10
-7.866989349725561
 20
-11.74273227559699
 10
-7.866989349725561
 20
-11.742672275597
  0
LWPOLYLINE
  5
90
100
AcDbEntity
  8
0
  6
ByLayer
 62
  256
370
   -1
100
AcDbPolyline
 90
   15
 70
    1
 43
0
 10
-6.44197934972556
 20
-11.469191275597
 10
-6.45191034972556
 20
-11.52494427559699
 10
-6.829265349725562
 20
-13.794103275597
 10
-6.923600349725561
 20
-14.04736327559699
 10
-7.082487349725561
 20
-14.20943927559701
 10
-7.266199349725561
 20
-14.300643275597
 10
-7.43501534972556
 20
-14.32599527559699
 10
-10.53826334972556
 20
-14.32599527559699
 10
-9.94740534972556
 20
-10.770305275597
 10
-7.05766334972556
 20
-10.770305275597
 10
-6.878916349725561
 20
-10.80575627559701
 10
-6.67534334972556
 20
-10.912120275597
 10
-6.511491349725562
 20
-11.109658275597
 10
-6.441977349725562
 20
-11.41356027559699
 10
-6.44197934972556
 20
-11.413439275597
  0
LWPOLYLINE
  5
91
100
AcDbEntity
  8
0
  6
ByLayer
 62
  256
370
   -1
100
AcDbPolyline
 90
   30
 70
    1
 43
0
 10
-4.644581349725561
 20
-11.884497275597
 10
-4.67437234972556
 20
-12.071905275597
 10
-4.714095349725561
 20
-12.320095275597
 10
-4.758778349725562
 20
-12.588545275597
 10
-4.803460349725562
 20
-12.862056275597
 10
-4.838212349725561
 20
-13.089985275597
 10
-4.863034349725561
 20
-13.247001275597
 10
-4.872965349725561
 20
-13.312854275597
 10
-4.872965349725561
 20
-13.33315527559699
 10
-4.848133349725561
 20
-13.353456275597
 10
-4.81338134972556
 20
-13.373656275597
 10
-4.783589349725561
 20
-13.378706275597
 10
-3.750829349725562
 20
-13.378706275597
 10
-3.68628534972556
 20
-13.36355627559701
 10
-3.656493349725562
 20
-13.318005275597
 10
-3.641593349725561
 20
-13.216701275597
 10
-3.606840349725561
 20
-13.024233275597
 10
-3.567118349725561
 20
-12.781103275597
 10
-3.52243534972556
 20
-12.507593275597
 10
-3.47775334972556
 20
-12.239142275597
 10
-3.438030349725562
 20
-12.011213275597
 10
-3.413209349725561
 20
-11.849127275597
 10
-3.403278349725561
 20
-11.78327427559699
 10
-3.428100349725561
 20
-11.742773275597
 10
-3.46285234972556
 20
-11.722472275597
 10
-3.497604349725561
 20
-11.717422275597
 10
-4.530364349725561
 20
-11.717422275597
 10
-4.594908349725561
 20
-11.73772327559701
 10
-4.624700349725561
 20
-11.778224275597
 10
-4.624719349725561
 20
-11.778123275597
  0
LWPOLYLINE
  5
92
100
AcDbEntity
  8
0
  6
ByLayer
 62
  256
370
   -1
100
AcDbPolyline
 90
   24
 70
    1
 43
0
 10
-2.47479134972556
 20
-10.805625275597
 10
-2.271218349725562
 20
-10.91198927559699
 10
-2.107367349725561
 20
-11.109527275597
 10
-2.037853349725561
 20
-11.413429275597
 10
-2.037853349725561
 20
-11.46918127559699
 10
-2.042803349725562
 20
-11.524934275597
 10
-2.425123349725562
 20
-13.79409327559699
 10
-2.519459349725562
 20
-14.047353275597
 10
-2.678345349725561
 20
-14.209429275597
 10
-2.862057349725561
 20
-14.30063327559699
 10
-3.03087334972556
 20
-14.32598427559699
 10
-5.627688349725561
 20
-14.32598427559699
 10
-5.806435349725561
 20
-14.295583275597
 10
-6.010009349725561
 20
-14.189219275597
 10
-6.173860349725562
 20
-13.991681275597
 10
-6.243374349725562
 20
-13.68270927559701
 10
-6.243374349725562
 20
-13.62695727559699
 10
-6.233443349725562
 20
-13.571204275597
 10
-5.85608834972556
 20
-11.30203527559699
 10
-5.761753349725561
 20
-11.048785275597
 10
-5.60286734972556
 20
-10.886698275597
 10
-5.41915534972556
 20
-10.800545275597
 10
-5.250337349725561
 20
-10.77014327559699
 10
-2.653538349725562
 20
-10.770174275597
  0
LWPOLYLINE
  5
93
100
AcDbEntity
  8
0
  6
ByLayer
 62
  256
370
   -1
100
AcDbPolyline
 90
    9
 70
    1
 43
0
 10
-0.8908913497255604
 20
-14.325863275597
 10
-0.3000333497255596
 20
-10.770174275597
 10
1.110081650274438
 20
-10.770174275597
 10
0.951195650274439
 20
-11.717351275597
 10
0.4646076502744378
 20
-11.717351275597
 10
0.4050236502744404
 20
-11.732501275597
 10
0.3702716502744394
 20
-11.793304275597
 10
0.9363026502744383
 20
-11.793304275597
 10
0.5142586502744386
 20
-14.325863275597
  0
LWPOLYLINE
  5
94
100
AcDbEntity
  8
0
  6
ByLayer
 62
  256
370
   -1
100
AcDbPolyline
 90
   17
 70
    1
 43
0
 10
2.495377650274438
 20
-11.732501275597
 10
2.465585650274438
 20
-11.793304275597
 10
3.031618650274439
 20
-11.793304275597
 10
2.92734965027444
 20
-12.416308275597
 10
4.511245650274439
 20
-12.416308275597
 10
4.33746365027444
 20
-13.363485275597
 10
2.768463650274438
 20
-13.363485275597
 10
2.609576650274438
 20
-14.32584327559699
 10
1.25904465027444
 20
-14.32584327559699
 10
1.765494650274437
 20
-11.30198427559699
 10
1.859830650274439
 20
-11.048734275597
 10
2.018715650274437
 20
-10.886648275597
 10
2.202427650274441
 20
-10.800494275597
 10
2.371245650274439
 20
-10.77009327559701
 10
5.017692650274437
 20
-10.77009327559701
 10
4.858806650274438
 20
-11.717270275597
 10
2.55992165027444
 20
-11.717351275597
  0
LWPOLYLINE
  5
95
100
AcDbEntity
  8
0
  6
ByLayer
 62
  256
370
   -1
100
AcDbPolyline
 90
   30
 70
    1
 43
0
 10
5.116997650274438
 20
-13.62684527559701
 10
5.12692865027444
 20
-13.57109327559699
 10
5.504283650274438
 20
-11.301924275597
 10
5.598618650274439
 20
-11.04867427559699
 10
5.757504650274438
 20
-10.88658727559699
 10
5.941216650274438
 20
-10.800433275597
 10
6.110032650274437
 20
-10.770032275597
 10
9.272860650274438
 20
-10.770032275597
 10
9.113974650274439
 20
-11.717209275597
 10
6.29871065027444
 20
-11.717209275597
 10
6.234166650274439
 20
-11.732360275597
 10
6.204374650274438
 20
-11.793162275597
 10
6.775372650274438
 20
-11.793162275597
 10
6.507252650274438
 20
-13.378534275597
 10
7.48539465027444
 20
-13.378534275597
 10
7.56979965027444
 20
-12.96319827559699
 10
6.988872650274438
 20
-12.96319827559699
 10
7.157688650274437
 20
-12.016021275597
 10
9.074253650274439
 20
-12.016021275597
 10
8.766411650274438
 20
-13.793871275597
 10
8.672076650274438
 20
-14.047131275597
 10
8.513189650274438
 20
-14.209207275597
 10
8.329477650274438
 20
-14.300411275597
 10
8.160660650274441
 20
-14.325762275597
 10
5.73268165027444
 20
-14.325762275597
 10
5.55393565027444
 20
-14.295361275597
 10
5.35036165027444
 20
-14.188997275597
 10
5.186510650274439
 20
-13.99145927559699
 10
5.116996650274437
 20
-13.682487275597
 10
5.116997650274438
 20
-13.682598275597
  0
LWPOLYLINE
  5
96
100
AcDbEntity
  8
0
  6
ByLayer
 62
  256
370
   -1
100
AcDbPolyline
 90
    4
 70
    1
 43
0
 10
12.71871265027444
 20
-13.019072275597
 10
10.36521165027444
 20
-13.019072275597
 10
10.52409765027444
 20
-12.076965275597
 10
12.87759965027444
 20
-12.076965275597
  0
LWPOLYLINE
  5
97
100
AcDbEntity
  8
0
  6
ByLayer
 62
  256
370
   -1
100
AcDbPolyline
 90
   37
 70
    1
 43
0
 10
14.26786165027444
 20
-12.548023275597
 10
14.36219765027444
 20
-12.29476327559701
 10
14.52108465027444
 20
-12.13268727559699
 10
14.70479665027444
 20
-12.046533275597
 10
14.87361265027444
 20
-12.016132275597
 10
16.20428365027444
 20
-12.016132275597
 10
16.26386765027444
 20
-12.000982275597
 10
16.29365965027444
 20
-11.955430275597
 10
16.30358965027444
 20
-11.90987927559699
 10
16.31352065027444
 20
-11.85917627559699
 10
16.32345065027444
 20
-11.813625275597
 10
16.32345065027444
 20
-11.78322427559699
 10
16.31850065027444
 20
-11.76292227559701
 10
16.29863965027444
 20
-11.742621275597
 10
16.26388765027444
 20
-11.722320275597
 10
16.22913465027444
 20
-11.717270275597
 10
14.40690865027444
 20
-11.717270275597
 10
14.56083065027444
 20
-10.77009327559701
 10
17.10797365027444
 20
-10.77009327559701
 10
17.28672165027444
 20
-10.805544275597
 10
17.49029365027444
 20
-10.911908275597
 10
17.65911065027444
 20
-11.10944627559699
 10
17.72862465027444
 20
-11.413348275597
 10
17.72367365027444
 20
-11.469100275597
 10
17.71872365027444
 20
-11.524853275597
 10
17.56480265027444
 20
-12.43150927559699
 10
17.47046665027444
 20
-12.684759275597
 10
17.31158065027444
 20
-12.846845275597
 10
17.12786865027444
 20
-12.938049275597
 10
16.95905265027444
 20
-12.963400275597
 10
15.62838065027444
 20
-12.963400275597
 10
15.56383665027444
 20
-12.983701275597
 10
15.53900465027444
 20
-13.024203275597
 10
15.47942065027444
 20
-13.378757275597
 10
17.40591665027444
 20
-13.378757275597
 10
17.25199465027444
 20
-14.325924275597
 10
13.96995065027444
 20
-14.325863275597
  0
LWPOLYLINE
  5
98
100
AcDbEntity
  8
0
  6
ByLayer
 62
  256
370
   -1
100
AcDbPolyline
 90
   24
 70
    1
 43
0
 10
18.26484465027444
 20
-14.295462275597
 10
18.06127165027444
 20
-14.189098275597
 10
17.89741965027444
 20
-13.991560275597
 10
17.82790565027444
 20
-13.682588275597
 10
17.82790565027444
 20
-13.626835275597
 10
17.83783665027444
 20
-13.571083275597
 10
18.21519065027444
 20
-11.301914275597
 10
18.30952565027444
 20
-11.04866427559701
 10
18.46841265027444
 20
-10.88657727559701
 10
18.65212465027444
 20
-10.800423275597
 10
18.82094165027444
 20
-10.770022275597
 10
21.19430365027444
 20
-10.770022275597
 10
21.37305065027444
 20
-10.805473275597
 10
21.57662265027444
 20
-10.91183827559701
 10
21.74047365027444
 20
-11.109375275597
 10
21.80998865027444
 20
-11.413277275597
 10
21.80503765027444
 20
-11.46903027559699
 10
21.80008765027444
 20
-11.524782275597
 10
21.42273265027444
 20
-13.793942275597
 10
21.32342965027444
 20
-14.047202275597
 10
21.16454265027444
 20
-14.209278275597
 10
20.98083065027444
 20
-14.30048227559701
 10
20.81201465027444
 20
-14.32583327559701
 10
18.44359165027444
 20
-14.325863275597
  0
LWPOLYLINE
  5
99
100
AcDbEntity
  8
0
  6
ByLayer
 62
  256
370
   -1
100
AcDbPolyline
 90
    5
 70
    1
 43
0
 10
20.10196665027444
 20
-13.37869627559699
 10
20.16154965027444
 20
-13.363546275597
 10
20.19134165027444
 20
-13.317994275597
 10
20.40980965027444
 20
-12.284714275597
 10
19.40683865027444
 20
-13.37869627559699
  0
LWPOLYLINE
  5
9A
100
AcDbEntity
  8
0
  6
ByLayer
 62
  256
370
   -1
100
AcDbPolyline
 90
    5
 70
    1
 43
0
 10
19.53593365027444
 20
-11.717351275597
 10
19.47634965027444
 20
-11.737652275597
 10
19.44655865027444
 20
-11.77815327559701
 10
19.22808965027444
 20
-12.872216275597
 10
20.29064365027444
 20
-11.717351275597
  0
LWPOLYLINE
  5
9B
100
AcDbEntity
  8
0
  6
ByLayer
 62
  256
370
   -1
100
AcDbPolyline
 90
   37
 70
    1
 43
0
 10
22.20720965027444
 20
-12.548023275597
 10
22.30154565027444
 20
-12.29476327559701
 10
22.46043165027444
 20
-12.13268727559699
 10
22.64414365027444
 20
-12.046533275597
 10
22.81296065027444
 20
-12.016132275597
 10
24.14363265027444
 20
-12.016132275597
 10
24.20321565027444
 20
-12.000982275597
 10
24.23300765027444
 20
-11.955430275597
 10
24.24293865027444
 20
-11.90987927559699
 10
24.25286865027444
 20
-11.85917627559699
 10
24.26279965027444
 20
-11.813625275597
 10
24.26279965027444
 20
-11.78322427559699
 10
24.25784965027444
 20
-11.76292227559701
 10
24.23798765027444
 20
-11.742621275597
 10
24.20323565027444
 20
-11.722320275597
 10
24.16848365027444
 20
-11.717270275597
 10
22.34623465027444
 20
-11.717270275597
 10
22.50015665027444
 20
-10.77009327559701
 10
25.04730065027444
 20
-10.77009327559701
 10
25.22604765027444
 20
-10.805544275597
 10
25.42961965027444
 20
-10.911908275597
 10
25.59843565027444
 20
-11.10944627559699
 10
25.66795065027444
 20
-11.413348275597
 10
25.66299965027444
 20
-11.469100275597
 10
25.65804965027444
 20
-11.524853275597
 10
25.50412765027444
 20
-12.43150927559699
 10
25.40979265027444
 20
-12.684759275597
 10
25.25090565027444
 20
-12.846845275597
 10
25.06719365027444
 20
-12.938049275597
 10
24.89837665027444
 20
-12.963400275597
 10
23.56770465027444
 20
-12.963400275597
 10
23.50316065027444
 20
-12.983701275597
 10
23.47832965027444
 20
-13.024203275597
 10
23.41874565027444
 20
-13.378757275597
 10
25.34524065027444
 20
-13.378757275597
 10
25.19131865027444
 20
-14.325924275597
 10
21.90929865027444
 20
-14.325863275597
  0
LWPOLYLINE
  5
9C
100
AcDbEntity
  8
0
  6
ByLayer
 62
  256
370
   -1
100
AcDbPolyline
 90
   30
 70
    1
 43
0
 10
26.20419165027444
 20
-14.295462275597
 10
26.00061965027444
 20
-14.189098275597
 10
25.83676865027444
 20
-13.991560275597
 10
25.76725465027444
 20
-13.682588275597
 10
25.76725465027444
 20
-13.626835275597
 10
25.77718465027444
 20
-13.571083275597
 10
26.15453965027444
 20
-11.301914275597
 10
26.24887565027444
 20
-11.04866427559701
 10
26.40776265027444
 20
-10.88657727559701
 10
26.59147465027444
 20
-10.800423275597
 10
26.76029065027444
 20
-10.770022275597
 10
29.52590365027444
 20
-10.770022275597
 10
29.36701665027444
 20
-11.717199275597
 10
27.51996465027444
 20
-11.717199275597
 10
27.45542065027444
 20
-11.737501275597
 10
27.42562965027444
 20
-11.778002275597
 10
27.38590665027444
 20
-12.016061275597
 10
28.67685765027444
 20
-12.016061275597
 10
28.85560465027444
 20
-12.051513275597
 10
29.05917665027444
 20
-12.157877275597
 10
29.22302865027444
 20
-12.355415275597
 10
29.29254265027444
 20
-12.65932727559699
 10
29.29254265027444
 20
-12.720129275597
 10
29.28261265027444
 20
-12.770832275597
 10
29.11379565027444
 20
-13.793982275597
 10
29.01946065027444
 20
-14.047242275597
 10
28.86057465027444
 20
-14.209318275597
 10
28.67686265027444
 20
-14.300522275597
 10
28.50804565027444
 20
-14.325873275597
 10
26.38293865027444
 20
-14.325863275597
  0
LWPOLYLINE
  5
9D
100
AcDbEntity
  8
0
  6
ByLayer
 62
  256
370
   -1
100
AcDbPolyline
 90
   10
 70
    1
 43
0
 10
27.15750765027444
 20
-13.37869627559699
 10
27.75333165027444
 20
-13.37869627559699
 10
27.81291465027444
 20
-13.363546275597
 10
27.84270665027444
 20
-13.317994275597
 10
27.88738965027444
 20
-13.07487527559699
 10
27.89233965027444
 20
-13.02932427559701
 10
27.88738965027444
 20
-13.009022275597
 10
27.86752865027444
 20
-12.988721275597
 10
27.79801365027444
 20
-12.963370275597
 10
27.22702265027444
 20
-12.963360275597
  0
ENDBLK
  5
54
330
52
100
AcDbEntity
  8
0
100
AcDbBlockEnd
  0
BLOCK
  5
56
330
55
100
AcDbEntity
  8
0
100
AcDbBlockBegin
  2
chaveiro
 70
    0
 10
0
 20
0
  3
chaveiro
  1

  0
LWPOLYLINE
  5
9E
100
AcDbEntity
  8
0
  6
ByLayer
 62
  256
370
   -1
100
AcDbPolyline
 90
   21
 70
    1
 43
0
 10
2.533319000000006
 20
8.785717000000005
 10
3.263895999999988
 20
8.640395999999996
 10
3.883250000000004
 20
8.226557999999997
 10
4.297088000000002
 20
7.607203999999996
 10
4.442408999999998
 20
6.876626999999999
 10
4.442408999999998
 20
0.1948119999999989
 10
4.297088000000002
 20
-0.5357649999999978
 10
3.883250000000004
 20
-1.155118000000002
 10
3.263895999999988
 20
-1.568956999999997
 10
2.533319000000006
 20
-1.714277999999993
 10
-22.762123
 20
-1.714277999999993
 10
-23.4927
 20
-1.568956999999997
 10
-24.112054
 20
-1.155118000000002
 10
-24.525892
 20
-0.5357649999999978
 10
-24.67121299999999
 20
0.1948119999999989
 10
-24.67121299999999
 20
6.876626999999999
 10
-24.525892
 20
7.607203999999996
 10
-24.112054
 20
8.226557999999997
 10
-23.4927
 20
8.640395999999996
 10
-22.762123
 20
8.785717000000005
 10
-22.762123
 20
8.785717000000005
  0
LWPOLYLINE
  5
9F
100
AcDbEntity
  8
0
  6
ByLayer
 62
  256
370
   -1
100
AcDbPolyline
 90
   56
 70
    1
 43
0
 10
-21.305688
 20
0.1834819999999979
 10
-21.168291
 20
0.1632450000000034
 10
-20.93795900000001
 20
0.2238590000000045
 10
-20.772288
 20
0.3935769999999934
 10
-20.67125900000001
 20
0.6602769999999936
 10
-20.63890000000001
 20
0.9956659999999999
 10
-20.735882
 20
1.520989999999998
 10
-21.01470500000001
 20
1.929115999999993
 10
-21.447085
 20
2.191777999999999
 10
-22.016853
 20
2.288758999999999
 10
-22.65531900000001
 20
2.175617000000003
 10
-23.144266
 20
1.860426000000004
 10
-23.45137200000001
 20
1.371470000000002
 10
-23.56047599999999
 20
0.7410979999999938
 10
-23.459457
 20
0.1389999999999958
 10
-23.168511
 20
-0.3176260000000042
 10
-22.719971
 20
-0.6085709999999978
 10
-22.13808
 20
-0.7136279999999999
 10
-21.86734199999999
 20
-0.6933920000000029
 10
-21.669331
 20
-0.6530149999999963
 10
-21.616832
 20
-0.7782890000000009
 10
-21.73805900000001
 20
-0.9237619999999964
 10
-22.16235399999999
 20
-0.9762620000000055
 10
-22.865472
 20
-0.8550340000000034
 10
-23.40695700000001
 20
-0.5115509999999972
 10
-23.758515
 20
0.02588599999999985
 10
-23.879743
 20
0.7411270000000059
 10
-23.75043100000001
 20
1.484650999999999
 10
-23.37462600000001
 20
2.054418999999996
 10
-22.788698
 20
2.422148000000007
 10
-22.020929
 20
2.551450000000003
 10
-21.309726
 20
2.438308000000006
 10
-20.776326
 20
2.123116999999993
 10
-20.43689000000001
 20
1.630122999999998
 10
-20.3197
 20
0.9916659999999951
 10
-20.533872
 20
0.1794440000000037
 10
-20.79956199999999
 20
-0.03270799999999952
 10
-21.168291
 20
-0.1034259999999989
 10
-21.41883
 20
-0.06304799999999489
 10
-21.633002
 20
0.05414100000000133
 10
-21.835041
 20
-0.04687900000000411
 10
-22.11386299999999
 20
-0.08324700000000007
 10
-22.437139
 20
-0.03074700000000519
 10
-22.68363100000001
 20
0.1268490000000071
 10
-22.84122600000001
 20
0.3814260000000047
 10
-22.897831
 20
0.7249000000000052
 10
-22.833208
 20
1.112826999999996
 10
-22.643292
 20
1.403772000000004
 10
-22.35234699999999
 20
1.585612999999995
 10
-21.968457
 20
1.650236000000007
 10
-21.69367200000001
 20
1.617876999999993
 10
-21.467388
 20
1.537026999999995
 10
-21.301708
 20
1.339016000000001
 10
-21.305526
 20
1.278402
 10
-21.309344
 20
1.217788999999996
 10
-21.40670799999999
 20
0.235982000000007
  0
LWPOLYLINE
  5
A0
100
AcDbEntity
  8
0
  6
ByLayer
 62
  256
370
   -1
100
AcDbPolyline
 90
    9
 70
    1
 43
0
 10
-22.437139
 20
0.3208410000000015
 10
-22.069419
 20
0.1834530000000001
 10
-21.721898
 20
0.3046800000000047
 10
-21.620879
 20
1.306819000000004
 10
-21.778474
 20
1.359318999999999
 10
-21.988598
 20
1.383564000000007
 10
-22.408856
 20
1.209809000000007
 10
-22.566451
 20
0.7249000000000052
 10
-22.566451
 20
0.7249280000000056
  0
LWPOLYLINE
  5
A1
100
AcDbEntity
  8
0
  6
ByLayer
 62
  256
370
   -1
100
AcDbPolyline
 90
    8
 70
    1
 43
0
 10
-19.46303399999999
 20
-0.09130299999999636
 10
-19.551903
 20
-0.1034259999999989
 10
-19.725658
 20
0.04204699999999661
 10
-19.725658
 20
2.535290000000003
 10
-19.66504500000001
 20
2.551422000000002
 10
-19.576177
 20
2.563543999999993
 10
-19.402421
 20
2.418071999999995
 10
-19.402421
 20
-0.07517099999999743
  0
LWPOLYLINE
  5
A2
100
AcDbEntity
  8
0
  6
ByLayer
 62
  256
370
   -1
100
AcDbPolyline
 90
    9
 70
    1
 43
0
 10
-17.818382
 20
0.159236000000007
 10
-17.656749
 20
0.2279640000000001
 10
-17.656749
 20
0.8138919999999956
 10
-18.15781800000001
 20
0.7613920000000007
 10
-18.468971
 20
0.6644100000000037
 10
-18.569991
 20
0.4462010000000021
 10
-18.452811
 20
0.2077940000000069
 10
-18.097205
 20
0.1269439999999946
 10
-18.097205
 20
0.1268769999999932
  0
LWPOLYLINE
  5
A3
100
AcDbEntity
  8
0
  6
ByLayer
 62
  256
370
   -1
100
AcDbPolyline
 90
   24
 70
    1
 43
0
 10
-17.543378
 20
1.678585999999996
 10
-17.33729099999999
 20
1.181554000000006
 10
-17.33729099999999
 20
0.2238590000000045
 10
-17.373659
 20
0.08647100000000307
 10
-17.474688
 20
0.001611999999994396
 10
-17.73330300000001
 20
-0.09536900000000514
 10
-18.096985
 20
-0.1398509999999931
 10
-18.686961
 20
0.009658999999999196
 10
-18.893047
 20
0.4420300000000026
 10
-18.71928200000001
 20
0.8420799999999957
 10
-18.230335
 20
1.011807000000005
 10
-17.65652900000001
 20
1.068411999999995
 10
-17.65652900000001
 20
1.181563999999995
 10
-17.77775699999999
 20
1.476546999999997
 10
-18.10507
 20
1.569519
 10
-18.42429799999999
 20
1.521028000000001
 10
-18.69099799999999
 20
1.411923999999999
 10
-18.75161199999999
 20
1.476546999999997
 10
-18.775857
 20
1.557396999999995
 10
-18.747603
 20
1.650368999999998
 10
-18.65873499999999
 20
1.719097000000005
 10
-18.40819500000001
 20
1.803955999999999
 10
-18.10109
 20
1.836314999999999
 10
-18.101023
 20
1.836180999999996
  0
LWPOLYLINE
  5
A4
100
AcDbEntity
  8
0
  6
ByLayer
 62
  256
370
   -1
100
AcDbPolyline
 90
   20
 70
    1
 43
0
 10
-15.567374
 20
1.775566999999995
 10
-15.288551
 20
1.593727000000001
 10
-15.102673
 20
1.286610999999994
 10
-15.033946
 20
0.8501930000000044
 10
-15.102673
 20
0.4097380000000044
 10
-15.29663600000001
 20
0.1026319999999998
 10
-15.59161899999999
 20
-0.07920900000000586
 10
-15.97147099999999
 20
-0.1358129999999989
 10
-16.33110499999999
 20
-0.08732299999999782
 10
-16.58972
 20
0.01774399999999332
 10
-16.70690999999999
 20
0.1187639999999988
 10
-16.73926899999999
 20
0.2561510000000027
 10
-16.73926899999999
 20
2.535223000000002
 10
-16.67865500000001
 20
2.551355000000001
 10
-16.585683
 20
2.563478000000003
 10
-16.415964
 20
2.418004999999994
 10
-16.415964
 20
1.694678999999994
 10
-16.20583999999999
 20
1.791661000000005
 10
-15.914895
 20
1.836143000000007
 10
-15.914895
 20
1.836180999999996
  0
LWPOLYLINE
  5
A5
100
AcDbEntity
  8
0
  6
ByLayer
 62
  256
370
   -1
100
AcDbPolyline
 90
   14
 70
    1
 43
0
 10
-16.22200100000001
 20
1.516981000000001
 10
-16.415964
 20
1.399792000000005
 10
-16.415964
 20
0.2562180000000041
 10
-16.242209
 20
0.1713589999999954
 10
-15.97147099999999
 20
0.130982000000003
 10
-15.724969
 20
0.1713589999999954
 10
-15.531006
 20
0.3047090000000026
 10
-15.40574100000001
 20
0.5269559999999984
 10
-15.361259
 20
0.8502320000000054
 10
-15.40574100000001
 20
1.173507000000001
 10
-15.531006
 20
1.395753999999997
 10
-15.724969
 20
1.525065999999995
 10
-15.963386
 20
1.569547999999998
 10
-15.963386
 20
1.569480999999996
  0
LWPOLYLINE
  5
A6
100
AcDbEntity
  8
0
  6
ByLayer
 62
  256
370
   -1
100
AcDbPolyline
 90
   34
 70
    1
 43
0
 10
-12.274041
 20
1.476536999999993
 10
-12.57710899999999
 20
1.569509999999994
 10
-13.045857
 20
1.383630999999994
 10
-13.021612
 20
1.209874999999997
 10
-13.021612
 20
-0.0751329999999939
 10
-13.086235
 20
-0.09126500000000703
 10
-13.171094
 20
-0.1033879999999954
 10
-13.34484999999999
 20
0.04208500000000015
 10
-13.34484999999999
 20
1.185659000000001
 10
-13.458001
 20
1.476603999999995
 10
-13.765107
 20
1.569576999999995
 10
-14.011599
 20
1.529199000000006
 10
-14.205563
 20
1.436227000000002
 10
-14.205563
 20
-0.0750759999999957
 10
-14.266176
 20
-0.09120799999999463
 10
-14.355045
 20
-0.1033299999999997
 10
-14.5288
 20
0.04214199999999835
 10
-14.5288
 20
1.420095000000003
 10
-14.496441
 20
1.553444999999996
 10
-14.375214
 20
1.666587000000007
 10
-14.10043899999999
 20
1.783777000000001
 10
-13.761003
 20
1.836276999999995
 10
-13.40944399999999
 20
1.775662999999994
 10
-13.175065
 20
1.618067999999994
 10
-12.912412
 20
1.771625
 10
-12.552768
 20
1.836247999999998
 10
-12.031491
 20
1.678652
 10
-11.83752800000001
 20
1.201819
 10
-11.83752800000001
 20
-0.07510399999999606
 10
-11.90215000000001
 20
-0.09123599999999499
 10
-11.987009
 20
-0.1033589999999975
 10
-12.160775
 20
0.04211399999999799
 10
-12.160775
 20
1.185687000000001
 10
-12.160899
 20
1.185592
  0
LWPOLYLINE
  5
A7
100
AcDbEntity
  8
0
  6
ByLayer
 62
  256
370
   -1
100
AcDbPolyline
 90
    9
 70
    1
 43
0
 10
-10.28591499999999
 20
0.159236000000007
 10
-10.12428199999999
 20
0.2279640000000001
 10
-10.12428199999999
 20
0.8138919999999956
 10
-10.62535099999999
 20
0.7613920000000007
 10
-10.93650400000001
 20
0.6644100000000037
 10
-11.03752299999999
 20
0.4462010000000021
 10
-10.920334
 20
0.2077940000000069
 10
-10.56473700000001
 20
0.1269439999999946
 10
-10.56473700000001
 20
0.1268769999999932
  0
LWPOLYLINE
  5
A8
100
AcDbEntity
  8
0
  6
ByLayer
 62
  256
370
   -1
100
AcDbPolyline
 90
   24
 70
    1
 43
0
 10
-10.01091
 20
1.678585999999996
 10
-9.804823999999996
 20
1.181554000000006
 10
-9.804823999999996
 20
0.2238590000000045
 10
-9.841192000000007
 20
0.08647100000000307
 10
-9.942212000000012
 20
0.001611999999994396
 10
-10.200827
 20
-0.09536900000000514
 10
-10.56450799999999
 20
-0.1398509999999931
 10
-11.154484
 20
0.009658999999999196
 10
-11.36057
 20
0.4420389999999941
 10
-11.18680500000001
 20
0.8420890000000014
 10
-10.697858
 20
1.011807000000005
 10
-10.12405200000001
 20
1.068411999999995
 10
-10.12405200000001
 20
1.181554000000006
 10
-10.24528000000001
 20
1.476536999999993
 10
-10.57259300000001
 20
1.569509999999994
 10
-10.89182199999999
 20
1.521018999999995
 10
-11.15852099999999
 20
1.411913999999996
 10
-11.21913499999999
 20
1.476536999999993
 10
-11.243381
 20
1.557387000000006
 10
-11.215126
 20
1.650360000000006
 10
-11.12625800000001
 20
1.719087000000002
 10
-10.87572800000001
 20
1.803945999999996
 10
-10.568622
 20
1.836304999999996
 10
-10.568555
 20
1.836180999999996
  0
LWPOLYLINE
  5
A9
100
AcDbEntity
  8
0
  6
ByLayer
 62
  256
370
   -1
100
AcDbPolyline
 90
   22
 70
    1
 43
0
 10
-8.944100999999989
 20
-0.09130299999999636
 10
-9.032969000000008
 20
-0.1034259999999989
 10
-9.206725000000006
 20
0.04204699999999661
 10
-9.206725000000006
 20
2.535290000000003
 10
-9.146111999999988
 20
2.551422000000002
 10
-9.053138999999987
 20
2.563543999999993
 10
-8.883420999999998
 20
2.418071999999995
 10
-8.883420999999998
 20
0.9633450000000039
 10
-7.998461999999989
 20
1.820010999999994
 10
-7.848951999999997
 20
1.771519999999995
 10
-7.792347000000007
 20
1.662415999999993
 10
-7.828714999999988
 20
1.561396000000002
 10
-7.925697000000014
 20
1.464414000000005
 10
-8.57628600000001
 20
0.8946470000000062
 10
-7.675166999999988
 20
0.08647100000000307
 10
-7.731772000000007
 20
-0.05496399999999824
 10
-7.852999000000011
 20
-0.1074629999999956
 10
-7.966150999999996
 20
-0.07920900000000586
 10
-8.067170000000004
 20
0.009658999999999196
 10
-8.883430000000004
 20
0.8299669999999963
 10
-8.883430000000004
 20
-0.07519999999999527
 10
-8.883488
 20
-0.07517099999999743
  0
LWPOLYLINE
  5
AA
100
AcDbEntity
  8
0
  6
ByLayer
 62
  256
370
   -1
100
AcDbPolyline
 90
   24
 70
    1
 43
0
 10
-6.828692999999987
 20
0.2632559999999984
 10
-6.361971000000011
 20
0.1309150000000017
 10
-6.054865000000007
 20
0.1875200000000063
 10
-5.836656000000005
 20
0.3087469999999968
 10
-5.739675000000005
 20
0.1551989999999961
 10
-5.792174999999986
 20
0.04609399999999653
 10
-5.929562000000004
 20
-0.04687900000000411
 10
-6.131610999999992
 20
-0.1115010000000041
 10
-6.37810300000001
 20
-0.135746999999995
 10
-6.798358000000007
 20
-0.072102000000001
 10
-7.121626999999989
 20
0.1188310000000001
 10
-7.324687000000011
 20
0.4320000000000022
 10
-7.39237399999999
 20
0.8623539999999963
 10
-7.327751000000006
 20
1.270488999999998
 10
-7.141873000000004
 20
1.577595000000002
 10
-6.854964999999993
 20
1.767510999999999
 10
-6.495330999999993
 20
1.836237999999994
 10
-6.159931999999998
 20
1.775625000000005
 10
-5.897278999999997
 20
1.601868999999994
 10
-5.723513999999994
 20
1.339207000000002
 10
-5.658891000000011
 20
1.007856000000004
 10
-5.699268999999987
 20
0.8785529999999966
 10
-5.812420000000003
 20
0.8340709999999945
 10
-7.057004000000006
 20
0.6602769999999936
  0
LWPOLYLINE
  5
AB
100
AcDbEntity
  8
0
  6
ByLayer
 62
  256
370
   -1
100
AcDbPolyline
 90
    6
 70
    1
 43
0
 10
-6.907494000000014
 20
1.399762999999993
 10
-7.077212000000003
 20
0.910815999999997
 10
-5.965958999999998
 20
1.064364999999995
 10
-6.123554000000013
 20
1.428045999999995
 10
-6.499358999999998
 20
1.573519000000005
 10
-6.499358999999998
 20
1.573519000000005
  0
LWPOLYLINE
  5
AC
100
AcDbEntity
  8
0
  6
ByLayer
 62
  256
370
   -1
100
AcDbPolyline
 90
   16
 70
    1
 43
0
 10
-4.927451999999988
 20
-0.09130299999999636
 10
-5.016320000000007
 20
-0.1034259999999989
 10
-5.190086000000008
 20
0.04204699999999661
 10
-5.190086000000008
 20
1.411913999999996
 10
-5.157726999999994
 20
1.557387000000006
 10
-5.040537
 20
1.666492000000005
 10
-4.757677000000001
 20
1.783681000000001
 10
-4.349542000000014
 20
1.836180999999996
 10
-4.026275999999996
 20
1.674548000000001
 10
-4.038398999999998
 20
1.597802999999999
 10
-4.070758000000012
 20
1.541197999999994
 10
-4.175824000000006
 20
1.557329999999993
 10
-4.305137000000002
 20
1.564965999999998
 10
-4.632450000000006
 20
1.524589000000006
 10
-4.866818999999992
 20
1.435721000000001
 10
-4.866838999999999
 20
-0.07517099999999743
  0
LWPOLYLINE
  5
AD
100
AcDbEntity
  8
0
  6
ByLayer
 62
  256
370
   -1
100
AcDbPolyline
 90
    9
 70
    1
 43
0
 10
-4.03034199999999
 20
0.2481049999999954
 10
-3.86466200000001
 20
0.3127269999999953
 10
-3.703028999999987
 20
0.2481049999999954
 10
-3.646423999999996
 20
0.08647100000000307
 10
-3.703028999999987
 20
-0.07112399999999752
 10
-3.86466200000001
 20
-0.135746999999995
 10
-4.03034199999999
 20
-0.07112399999999752
 10
-4.086947000000009
 20
0.08647100000000307
 10
-4.086947000000009
 20
0.08647100000000307
  0
LWPOLYLINE
  5
AE
100
AcDbEntity
  8
0
  6
ByLayer
 62
  256
370
   -1
100
AcDbPolyline
 90
   16
 70
    1
 43
0
 10
-3.428271999999993
 20
-0.604495
 10
-3.331290999999993
 20
-0.5196360000000055
 10
-3.270677000000006
 20
-0.3943710000000067
 10
-3.246431999999999
 20
-0.2044450000000069
 10
-3.246431999999999
 20
1.775595999999993
 10
-3.185818000000012
 20
1.791728000000006
 10
-3.092845000000011
 20
1.803850999999995
 10
-2.923126999999994
 20
1.654340000000005
 10
-2.923126999999994
 20
-0.2650869999999941
 10
-2.971618000000007
 20
-0.5560329999999993
 10
-3.092845000000011
 20
-0.7419210000000049
 10
-3.238317999999992
 20
-0.8429399999999987
 10
-3.371668
 20
-0.8711950000000002
 10
-3.513103000000001
 20
-0.8105809999999991
 10
-3.557584999999989
 20
-0.6731939999999952
 10
-3.557584999999989
 20
-0.6732219999999955
  0
LWPOLYLINE
  5
AF
100
AcDbEntity
  8
0
  6
ByLayer
 62
  256
370
   -1
100
AcDbPolyline
 90
    9
 70
    1
 43
0
 10
-3.238317999999992
 20
2.515052999999995
 10
-3.084769999999992
 20
2.575666999999996
 10
-2.935249999999996
 20
2.515052999999995
 10
-2.878645000000006
 20
2.373619000000005
 10
-2.935249999999996
 20
2.228145999999995
 10
-3.084769999999992
 20
2.171541000000005
 10
-3.238317999999992
 20
2.228145999999995
 10
-3.294923000000011
 20
2.373619000000005
 10
-3.294923000000011
 20
2.373619000000005
  0
LWPOLYLINE
  5
B0
100
AcDbEntity
  8
0
  6
ByLayer
 62
  256
370
   -1
100
AcDbPolyline
 90
    9
 70
    1
 43
0
 10
-1.351248999999996
 20
0.159236000000007
 10
-1.189606999999995
 20
0.2279640000000001
 10
-1.189606999999995
 20
0.8138919999999956
 10
-1.690685999999999
 20
0.7613920000000007
 10
-2.001828999999987
 20
0.6644100000000037
 10
-2.102857999999998
 20
0.4462010000000021
 10
-1.985669000000001
 20
0.2077940000000069
 10
-1.630072000000013
 20
0.1269439999999946
 10
-1.630072000000013
 20
0.1268769999999932
  0
LWPOLYLINE
  5
B1
100
AcDbEntity
  8
0
  6
ByLayer
 62
  256
370
   -1
100
AcDbPolyline
 90
   24
 70
    1
 43
0
 10
-1.076245
 20
1.678585999999996
 10
-0.870159000000001
 20
1.181554000000006
 10
-0.870159000000001
 20
0.2238590000000045
 10
-0.9065270000000112
 20
0.08647100000000307
 10
-1.007545999999991
 20
0.001611999999994396
 10
-1.266171000000014
 20
-0.09536900000000514
 10
-1.629852
 20
-0.1398509999999931
 10
-2.219818000000004
 20
0.009658999999999196
 10
-2.425905
 20
0.4420389999999941
 10
-2.252149000000003
 20
0.8420890000000014
 10
-1.763202000000007
 20
1.011807000000005
 10
-1.189387000000011
 20
1.068411999999995
 10
-1.189387000000011
 20
1.181554000000006
 10
-1.310613999999987
 20
1.476536999999993
 10
-1.637927999999988
 20
1.569509999999994
 10
-1.957166000000001
 20
1.521018999999995
 10
-2.223865999999987
 20
1.411913999999996
 10
-2.284479000000005
 20
1.476536999999993
 10
-2.30872500000001
 20
1.557387000000006
 10
-2.280470000000008
 20
1.650360000000006
 10
-2.191601999999989
 20
1.719087000000002
 10
-1.941063000000014
 20
1.803945999999996
 10
-1.633957000000009
 20
1.836304999999996
 10
-1.633890000000008
 20
1.836180999999996
  0
LWPOLYLINE
  5
B2
100
AcDbEntity
  8
0
  6
ByLayer
 62
  256
370
   -1
100
AcDbPolyline
 90
   22
 70
    1
 43
0
 10
-0.1023889999999881
 20
-0.01050999999999647
 10
-0.2761450000000139
 20
0.405699999999996
 10
-0.2761450000000139
 20
2.325128000000007
 10
-0.2155319999999961
 20
2.341258999999994
 10
-0.1225589999999954
 20
2.353381999999996
 10
0.04715899999999351
 20
2.207909999999998
 10
0.04715899999999351
 20
1.743207999999996
 10
0.7098609999999894
 20
1.743207999999996
 10
0.7341069999999945
 20
1.686604000000003
 10
0.7462299999999971
 20
1.613867999999997
 10
0.625001999999995
 20
1.476470000000006
 10
0.04696799999999257
 20
1.476470000000006
 10
0.04696799999999257
 20
0.4258410000000055
 10
0.1358360000000118
 20
0.1955090000000013
 10
0.3944510000000037
 20
0.1308860000000038
 10
0.5480090000000075
 20
0.1551319999999947
 10
0.6894440000000088
 20
0.2117360000000019
 10
0.7339259999999967
 20
0.1511229999999983
 10
0.754162000000008
 20
0.06626400000000388
 10
0.6490949999999884
 20
-0.07920900000000586
 10
0.3581499999999949
 20
-0.1358129999999989
 10
0.3582739999999944
 20
-0.1357849999999985
  0
LWPOLYLINE
  5
B3
100
AcDbEntity
  8
0
  6
ByLayer
 62
  256
370
   -1
100
AcDbPolyline
 90
    9
 70
    1
 43
0
 10
2.192851999999988
 20
0.159236000000007
 10
2.354485000000011
 20
0.2279640000000001
 10
2.354485000000011
 20
0.8138919999999956
 10
1.85341600000001
 20
0.7613920000000007
 10
1.542262999999991
 20
0.6644100000000037
 10
1.441242999999986
 20
0.4462010000000021
 10
1.558423000000005
 20
0.2077940000000069
 10
1.914029999999997
 20
0.1269439999999946
 10
1.914029999999997
 20
0.1268769999999932
  0
LWPOLYLINE
  5
B4
100
AcDbEntity
  8
0
  6
ByLayer
 62
  256
370
   -1
100
AcDbPolyline
 90
   24
 70
    1
 43
0
 10
2.467857000000009
 20
1.678585999999996
 10
2.673943000000008
 20
1.181554000000006
 10
2.673943000000008
 20
0.2238590000000045
 10
2.637574999999998
 20
0.08647100000000307
 10
2.536554999999993
 20
0.001611999999994396
 10
2.277940000000001
 20
-0.09536900000000514
 10
1.914258999999987
 20
-0.1398509999999931
 10
1.324283000000008
 20
0.009658999999999196
 10
1.118197000000009
 20
0.4420389999999941
 10
1.291953000000007
 20
0.8420890000000014
 10
1.780909000000008
 20
1.011807000000005
 10
2.354714000000001
 20
1.068411999999995
 10
2.354714000000001
 20
1.181554000000006
 10
2.233486999999997
 20
1.476536999999993
 10
1.906173999999993
 20
1.569509999999994
 10
1.586944999999986
 20
1.521018999999995
 10
1.320245
 20
1.411913999999996
 10
1.259632000000011
 20
1.476536999999993
 10
1.235386000000005
 20
1.557387000000006
 10
1.263641000000007
 20
1.650360000000006
 10
1.352508999999998
 20
1.719087000000002
 10
1.603048000000001
 20
1.803945999999996
 10
1.910154000000006
 20
1.836304999999996
 10
1.910211000000004
 20
1.836180999999996
  0
LWPOLYLINE
  5
B5
100
AcDbEntity
  8
0
  6
ByLayer
 62
  256
370
   -1
100
AcDbPolyline
 90
    8
 70
    1
 43
0
 10
3.546778999999987
 20
-0.09130299999999636
 10
3.457910999999996
 20
-0.1034259999999989
 10
3.284154999999998
 20
0.04204699999999661
 10
3.284154999999998
 20
1.775595999999993
 10
3.344767999999988
 20
1.791728000000006
 10
3.437740999999988
 20
1.803850999999995
 10
3.607459000000006
 20
1.654340000000005
 10
3.607392000000004
 20
-0.07517099999999743
  0
LWPOLYLINE
  5
B6
100
AcDbEntity
  8
0
  6
ByLayer
 62
  256
370
   -1
100
AcDbPolyline
 90
    9
 70
    1
 43
0
 10
3.292239999999993
 20
2.515052999999995
 10
3.445796999999999
 20
2.575666999999996
 10
3.595307999999989
 20
2.515052999999995
 10
3.65191200000001
 20
2.373619000000005
 10
3.595307999999989
 20
2.228145999999995
 10
3.445796999999999
 20
2.171541000000005
 10
3.292239999999993
 20
2.228145999999995
 10
3.235635000000002
 20
2.373619000000005
 10
3.235635000000002
 20
2.373619000000005
  0
LWPOLYLINE
  5
B7
100
AcDbEntity
  8
0
  6
ByLayer
 62
  256
370
   -1
100
AcDbPolyline
 90
   21
 70
    1
 43
0
 10
-22.319534
 20
7.907759999999996
 10
-22.82038
 20
7.669843999999998
 10
-23.23184999999999
 20
7.298169999999999
 10
-23.523515
 20
6.813070999999994
 10
-23.66029399999999
 20
6.263816000000006
 10
-23.632153
 20
5.710048999999998
 10
-23.446234
 20
5.187665999999993
 10
-23.10967599999999
 20
4.732562999999999
 10
-22.654574
 20
4.396005000000002
 10
-22.13219100000001
 20
4.210086000000004
 10
-21.578424
 20
4.181945999999996
 10
-21.029169
 20
4.318724000000003
 10
-20.54407
 20
4.610388999999998
 10
-20.17239600000001
 20
5.021860000000004
 10
-19.93447999999999
 20
5.522705000000002
 10
-19.850656
 20
6.082493999999997
 10
-19.995977
 20
6.813070999999994
 10
-20.40981600000001
 20
7.432423999999997
 10
-21.029169
 20
7.846262999999993
 10
-21.75974600000001
 20
7.991584000000003
 10
-21.75974600000001
 20
7.991584000000003
  0
ENDBLK
  5
57
330
55
100
AcDbEntity
  8
0
100
AcDbBlockEnd
  0
ENDSEC
  0
SECTION
  2
ENTITIES
  0
LINE
  5
B8
100
AcDbEntity
  8
Layer 1
  6
ByLayer
 62
  256
370
   -1
100
AcDbLine
 10
51.735992
 20
98.26752399999999
 11
55.673863
 21
121.767558
  0
LINE
  5
B9
100
AcDbEntity
  8
Layer 1
  6
ByLayer
 62
  256
370
   -1
100
AcDbLine
 10
55.673863
 20
121.767558
 11
56.149689
 21
123.608725
  0
LINE
  5
BA
100
AcDbEntity
  8
Layer 1
  6
ByLayer
 62
  256
370
   -1
100
AcDbLine
 10
56.149689
 20
123.608725
 11
56.920855
 21
125.115135
  0
LINE
  5
BB
100
AcDbEntity
  8
Layer 1
  6
ByLayer
 62
  256
370
   -1
100
AcDbLine
 10
56.920855
 20
125.115135
 11
57.905323
 21
126.320263
  0
LINE
  5
BC
100
AcDbEntity
  8
Layer 1
  6
ByLayer
 62
  256
370
   -1
100
AcDbLine
 10
57.905323
 20
126.320263
 11
59.021053
 21
127.257588
  0
LINE
  5
BD
100
AcDbEntity
  8
Layer 1
  6
ByLayer
 62
  256
370
   -1
100
AcDbLine
 10
59.021053
 20
127.257588
 11
60.218822
 21
127.943844
  0
LINE
  5
BE
100
AcDbEntity
  8
Layer 1
  6
ByLayer
 62
  256
370
   -1
100
AcDbLine
 10
60.218822
 20
127.943844
 11
61.449407
 21
128.395768
  0
LINE
  5
BF
100
AcDbEntity
  8
Layer 1
  6
ByLayer
 62
  256
370
   -1
100
AcDbLine
 10
61.449407
 20
128.395768
 11
62.630768
 21
128.697052
  0
LINE
  5
C0
100
AcDbEntity
  8
Layer 1
  6
ByLayer
 62
  256
370
   -1
100
AcDbLine
 10
62.630768
 20
128.697052
 11
63.680867
 21
128.79748
  0
LINE
  5
C1
100
AcDbEntity
  8
Layer 1
  6
ByLayer
 62
  256
370
   -1
100
AcDbLine
 10
63.680867
 20
128.79748
 11
81.270025
 21
128.79748
  0
LINE
  5
C2
100
AcDbEntity
  8
Layer 1
  6
ByLayer
 62
  256
370
   -1
100
AcDbLine
 10
81.270025
 20
128.79748
 11
82.05759999999999
 21
128.99833
  0
LINE
  5
C3
100
AcDbEntity
  8
Layer 1
  6
ByLayer
 62
  256
370
   -1
100
AcDbLine
 10
82.05759999999999
 20
128.99833
 11
82.451386
 21
129.600892
  0
LINE
  5
C4
100
AcDbEntity
  8
Layer 1
  6
ByLayer
 62
  256
370
   -1
100
AcDbLine
 10
82.451386
 20
129.600892
 11
82.58264800000001
 21
130.203464
  0
LINE
  5
C5
100
AcDbEntity
  8
Layer 1
  6
ByLayer
 62
  256
370
   -1
100
AcDbLine
 10
82.58264800000001
 20
130.203464
 11
82.71391199999999
 21
130.872979
  0
LINE
  5
C6
100
AcDbEntity
  8
Layer 1
  6
ByLayer
 62
  256
370
   -1
100
AcDbLine
 10
82.71391199999999
 20
130.872979
 11
82.845174
 21
131.475541
  0
LINE
  5
C7
100
AcDbEntity
  8
Layer 1
  6
ByLayer
 62
  256
370
   -1
100
AcDbLine
 10
82.845174
 20
131.475541
 11
82.845174
 21
131.877253
  0
LINE
  5
C8
100
AcDbEntity
  8
Layer 1
  6
ByLayer
 62
  256
370
   -1
100
AcDbLine
 10
82.845174
 20
131.877253
 11
82.77954099999999
 21
132.145057
  0
LINE
  5
C9
100
AcDbEntity
  8
Layer 1
  6
ByLayer
 62
  256
370
   -1
100
AcDbLine
 10
82.77954099999999
 20
132.145057
 11
82.517015
 21
132.412861
  0
LINE
  5
CA
100
AcDbEntity
  8
Layer 1
  6
ByLayer
 62
  256
370
   -1
100
AcDbLine
 10
82.517015
 20
132.412861
 11
82.057598
 21
132.680675
  0
LINE
  5
CB
100
AcDbEntity
  8
Layer 1
  6
ByLayer
 62
  256
370
   -1
100
AcDbLine
 10
82.057598
 20
132.680675
 11
81.598179
 21
132.747639
  0
LINE
  5
CC
100
AcDbEntity
  8
Layer 1
  6
ByLayer
 62
  256
370
   -1
100
AcDbLine
 10
81.598179
 20
132.747639
 11
57.511536
 21
132.747639
  0
LINE
  5
CD
100
AcDbEntity
  8
Layer 1
  6
ByLayer
 62
  256
370
   -1
100
AcDbLine
 10
57.511536
 20
132.747639
 11
59.546103
 21
145.267602
  0
LINE
  5
CE
100
AcDbEntity
  8
Layer 1
  6
ByLayer
 62
  256
370
   -1
100
AcDbLine
 10
59.546103
 20
145.267602
 11
93.214901
 21
145.267602
  0
LINE
  5
CF
100
AcDbEntity
  8
Layer 1
  6
ByLayer
 62
  256
370
   -1
100
AcDbLine
 10
93.214901
 20
145.267602
 11
94.297815
 21
145.150435
  0
LINE
  5
D0
100
AcDbEntity
  8
Layer 1
  6
ByLayer
 62
  256
370
   -1
100
AcDbLine
 10
94.297815
 20
145.150435
 11
95.577623
 21
144.798937
  0
LINE
  5
D1
100
AcDbEntity
  8
Layer 1
  6
ByLayer
 62
  256
370
   -1
100
AcDbLine
 10
95.577623
 20
144.798937
 11
96.97228699999999
 21
144.246585
  0
LINE
  5
D2
100
AcDbEntity
  8
Layer 1
  6
ByLayer
 62
  256
370
   -1
100
AcDbLine
 10
96.97228699999999
 20
144.246585
 11
98.268503
 21
143.392952
  0
LINE
  5
D3
100
AcDbEntity
  8
Layer 1
  6
ByLayer
 62
  256
370
   -1
100
AcDbLine
 10
98.268503
 20
143.392952
 11
99.482679
 21
142.271516
  0
LINE
  5
D4
100
AcDbEntity
  8
Layer 1
  6
ByLayer
 62
  256
370
   -1
100
AcDbLine
 10
99.482679
 20
142.271516
 11
100.499967
 21
140.781844
  0
LINE
  5
D5
100
AcDbEntity
  8
Layer 1
  6
ByLayer
 62
  256
370
   -1
100
AcDbLine
 10
100.499967
 20
140.781844
 11
101.189092
 21
138.974146
  0
LINE
  5
D6
100
AcDbEntity
  8
Layer 1
  6
ByLayer
 62
  256
370
   -1
100
AcDbLine
 10
101.189092
 20
138.974146
 11
101.4188
 21
136.764742
  0
LINE
  5
D7
100
AcDbEntity
  8
Layer 1
  6
ByLayer
 62
  256
370
   -1
100
AcDbLine
 10
101.4188
 20
136.764742
 11
101.353157
 21
136.028273
  0
LINE
  5
D8
100
AcDbEntity
  8
Layer 1
  6
ByLayer
 62
  256
370
   -1
100
AcDbLine
 10
101.353157
 20
136.028273
 11
101.287514
 21
135.291804
  0
LINE
  5
D9
100
AcDbEntity
  8
Layer 1
  6
ByLayer
 62
  256
370
   -1
100
AcDbLine
 10
101.287514
 20
135.291804
 11
99.252948
 21
123.307459
  0
LINE
  5
DA
100
AcDbEntity
  8
Layer 1
  6
ByLayer
 62
  256
370
   -1
100
AcDbLine
 10
99.252948
 20
123.307459
 11
98.777124
 21
121.466292
  0
LINE
  5
DB
100
AcDbEntity
  8
Layer 1
  6
ByLayer
 62
  256
370
   -1
100
AcDbLine
 10
98.777124
 20
121.466292
 11
98.00595800000001
 21
119.959882
  0
LINE
  5
DC
100
AcDbEntity
  8
Layer 1
  6
ByLayer
 62
  256
370
   -1
100
AcDbLine
 10
98.00595800000001
 20
119.959882
 11
97.02149
 21
118.754748
  0
LINE
  5
DD
100
AcDbEntity
  8
Layer 1
  6
ByLayer
 62
  256
370
   -1
100
AcDbLine
 10
97.02149
 20
118.754748
 11
95.90576
 21
117.817429
  0
LINE
  5
DE
100
AcDbEntity
  8
Layer 1
  6
ByLayer
 62
  256
370
   -1
100
AcDbLine
 10
95.90576
 20
117.817429
 11
94.70799100000001
 21
117.114434
  0
LINE
  5
DF
100
AcDbEntity
  8
Layer 1
  6
ByLayer
 62
  256
370
   -1
100
AcDbLine
 10
94.70799100000001
 20
117.114434
 11
93.477406
 21
116.612295
  0
LINE
  5
E0
100
AcDbEntity
  8
Layer 1
  6
ByLayer
 62
  256
370
   -1
100
AcDbLine
 10
93.477406
 20
116.612295
 11
91.245946
 21
116.277537
  0
LINE
  5
E1
100
AcDbEntity
  8
Layer 1
  6
ByLayer
 62
  256
370
   -1
100
AcDbLine
 10
91.245946
 20
116.277537
 11
73.656808
 21
116.277537
  0
LINE
  5
E2
100
AcDbEntity
  8
Layer 1
  6
ByLayer
 62
  256
370
   -1
100
AcDbLine
 10
73.656808
 20
116.277537
 11
73.180982
 21
116.210586
  0
LINE
  5
E3
100
AcDbEntity
  8
Layer 1
  6
ByLayer
 62
  256
370
   -1
100
AcDbLine
 10
73.180982
 20
116.210586
 11
72.803602
 21
116.009733
  0
LINE
  5
E4
100
AcDbEntity
  8
Layer 1
  6
ByLayer
 62
  256
370
   -1
100
AcDbLine
 10
72.803602
 20
116.009733
 11
72.47544600000001
 21
115.474115
  0
LINE
  5
E5
100
AcDbEntity
  8
Layer 1
  6
ByLayer
 62
  256
370
   -1
100
AcDbLine
 10
72.47544600000001
 20
115.474115
 11
71.687872
 21
110.787486
  0
LINE
  5
E6
100
AcDbEntity
  8
Layer 1
  6
ByLayer
 62
  256
370
   -1
100
AcDbLine
 10
71.687872
 20
110.787486
 11
97.152772
 21
110.787486
  0
LINE
  5
E7
100
AcDbEntity
  8
Layer 1
  6
ByLayer
 62
  256
370
   -1
100
AcDbLine
 10
97.152772
 20
110.787486
 11
95.118206
 21
98.26752399999999
  0
LINE
  5
E8
100
AcDbEntity
  8
Layer 1
  6
ByLayer
 62
  256
370
   -1
100
AcDbLine
 10
95.118206
 20
98.26752399999999
 11
51.735992
 21
98.26752399999999
  0
LINE
  5
E9
100
AcDbEntity
  8
Layer 1
  6
ByLayer
 62
  256
370
   -1
100
AcDbLine
 10
101.703174
 20
98.26752399999999
 11
103.803372
 21
110.787486
  0
LINE
  5
EA
100
AcDbEntity
  8
Layer 1
  6
ByLayer
 62
  256
370
   -1
100
AcDbLine
 10
103.803372
 20
110.787486
 11
129.596435
 21
110.787486
  0
LINE
  5
EB
100
AcDbEntity
  8
Layer 1
  6
ByLayer
 62
  256
370
   -1
100
AcDbLine
 10
129.596435
 20
110.787486
 11
130.449635
 21
110.988337
  0
LINE
  5
EC
100
AcDbEntity
  8
Layer 1
  6
ByLayer
 62
  256
370
   -1
100
AcDbLine
 10
130.449635
 20
110.988337
 11
130.843423
 21
111.590899
  0
LINE
  5
ED
100
AcDbEntity
  8
Layer 1
  6
ByLayer
 62
  256
370
   -1
100
AcDbLine
 10
130.843423
 20
111.590899
 11
130.974689
 21
112.595182
  0
LINE
  5
EE
100
AcDbEntity
  8
Layer 1
  6
ByLayer
 62
  256
370
   -1
100
AcDbLine
 10
130.974689
 20
112.595182
 11
131.237212
 21
114.06811
  0
LINE
  5
EF
100
AcDbEntity
  8
Layer 1
  6
ByLayer
 62
  256
370
   -1
100
AcDbLine
 10
131.237212
 20
114.06811
 11
131.368478
 21
114.737625
  0
LINE
  5
F0
100
AcDbEntity
  8
Layer 1
  6
ByLayer
 62
  256
370
   -1
100
AcDbLine
 10
131.368478
 20
114.737625
 11
131.499734
 21
115.474094
  0
LINE
  5
F1
100
AcDbEntity
  8
Layer 1
  6
ByLayer
 62
  256
370
   -1
100
AcDbLine
 10
131.499734
 20
115.474094
 11
131.499734
 21
115.674955
  0
LINE
  5
F2
100
AcDbEntity
  8
Layer 1
  6
ByLayer
 62
  256
370
   -1
100
AcDbLine
 10
131.499734
 20
115.674955
 11
131.565377
 21
115.942759
  0
LINE
  5
F3
100
AcDbEntity
  8
Layer 1
  6
ByLayer
 62
  256
370
   -1
100
AcDbLine
 10
131.565377
 20
115.942759
 11
131.565377
 21
116.14361
  0
LINE
  5
F4
100
AcDbEntity
  8
Layer 1
  6
ByLayer
 62
  256
370
   -1
100
AcDbLine
 10
131.565377
 20
116.14361
 11
131.499734
 21
116.411424
  0
LINE
  5
F5
100
AcDbEntity
  8
Layer 1
  6
ByLayer
 62
  256
370
   -1
100
AcDbLine
 10
131.499734
 20
116.411424
 11
131.237212
 21
116.679228
  0
LINE
  5
F6
100
AcDbEntity
  8
Layer 1
  6
ByLayer
 62
  256
370
   -1
100
AcDbLine
 10
131.237212
 20
116.679228
 11
130.77779
 21
116.947032
  0
LINE
  5
F7
100
AcDbEntity
  8
Layer 1
  6
ByLayer
 62
  256
370
   -1
100
AcDbLine
 10
130.77779
 20
116.947032
 11
130.318378
 21
117.013996
  0
LINE
  5
F8
100
AcDbEntity
  8
Layer 1
  6
ByLayer
 62
  256
370
   -1
100
AcDbLine
 10
130.318378
 20
117.013996
 11
112.335433
 21
117.013996
  0
LINE
  5
F9
100
AcDbEntity
  8
Layer 1
  6
ByLayer
 62
  256
370
   -1
100
AcDbLine
 10
112.335433
 20
117.013996
 11
114.1731
 21
127.994067
  0
LINE
  5
FA
100
AcDbEntity
  8
Layer 1
  6
ByLayer
 62
  256
370
   -1
100
AcDbLine
 10
114.1731
 20
127.994067
 11
131.105946
 21
127.994067
  0
LINE
  5
FB
100
AcDbEntity
  8
Layer 1
  6
ByLayer
 62
  256
370
   -1
100
AcDbLine
 10
131.105946
 20
127.994067
 11
131.565367
 21
128.061018
  0
LINE
  5
FC
100
AcDbEntity
  8
Layer 1
  6
ByLayer
 62
  256
370
   -1
100
AcDbLine
 10
131.565367
 20
128.061018
 11
131.893523
 21
128.261871
  0
LINE
  5
FD
100
AcDbEntity
  8
Layer 1
  6
ByLayer
 62
  256
370
   -1
100
AcDbLine
 10
131.893523
 20
128.261871
 11
132.352944
 21
128.864433
  0
LINE
  5
FE
100
AcDbEntity
  8
Layer 1
  6
ByLayer
 62
  256
370
   -1
100
AcDbLine
 10
132.352944
 20
128.864433
 11
132.4842
 21
129.600902
  0
LINE
  5
FF
100
AcDbEntity
  8
Layer 1
  6
ByLayer
 62
  256
370
   -1
100
AcDbLine
 10
132.4842
 20
129.600902
 11
132.615466
 21
130.538232
  0
LINE
  5
100
100
AcDbEntity
  8
Layer 1
  6
ByLayer
 62
  256
370
   -1
100
AcDbLine
 10
132.615466
 20
130.538232
 11
132.812356
 21
131.877263
  0
LINE
  5
101
100
AcDbEntity
  8
Layer 1
  6
ByLayer
 62
  256
370
   -1
100
AcDbLine
 10
132.812356
 20
131.877263
 11
132.746713
 21
132.145067
  0
LINE
  5
102
100
AcDbEntity
  8
Layer 1
  6
ByLayer
 62
  256
370
   -1
100
AcDbLine
 10
132.746713
 20
132.145067
 11
132.484181
 21
132.412871
  0
LINE
  5
103
100
AcDbEntity
  8
Layer 1
  6
ByLayer
 62
  256
370
   -1
100
AcDbLine
 10
132.484181
 20
132.412871
 11
132.024769
 21
132.680685
  0
LINE
  5
104
100
AcDbEntity
  8
Layer 1
  6
ByLayer
 62
  256
370
   -1
100
AcDbLine
 10
132.024769
 20
132.680685
 11
131.565347
 21
132.747649
  0
LINE
  5
105
100
AcDbEntity
  8
Layer 1
  6
ByLayer
 62
  256
370
   -1
100
AcDbLine
 10
131.565347
 20
132.747649
 11
107.478725
 21
132.747649
  0
LINE
  5
106
100
AcDbEntity
  8
Layer 1
  6
ByLayer
 62
  256
370
   -1
100
AcDbLine
 10
107.478725
 20
132.747649
 11
109.513291
 21
145.267612
  0
LINE
  5
107
100
AcDbEntity
  8
Layer 1
  6
ByLayer
 62
  256
370
   -1
100
AcDbLine
 10
109.513291
 20
145.267612
 11
143.313349
 21
145.267612
  0
LINE
  5
108
100
AcDbEntity
  8
Layer 1
  6
ByLayer
 62
  256
370
   -1
100
AcDbLine
 10
143.313349
 20
145.267612
 11
144.396263
 21
145.150446
  0
LINE
  5
109
100
AcDbEntity
  8
Layer 1
  6
ByLayer
 62
  256
370
   -1
100
AcDbLine
 10
144.396263
 20
145.150446
 11
145.67607
 21
144.798947
  0
LINE
  5
10A
100
AcDbEntity
  8
Layer 1
  6
ByLayer
 62
  256
370
   -1
100
AcDbLine
 10
145.67607
 20
144.798947
 11
147.070733
 21
144.246595
  0
LINE
  5
10B
100
AcDbEntity
  8
Layer 1
  6
ByLayer
 62
  256
370
   -1
100
AcDbLine
 10
147.070733
 20
144.246595
 11
148.366947
 21
143.392962
  0
LINE
  5
10C
100
AcDbEntity
  8
Layer 1
  6
ByLayer
 62
  256
370
   -1
100
AcDbLine
 10
148.366947
 20
143.392962
 11
149.564721
 21
142.271526
  0
LINE
  5
10D
100
AcDbEntity
  8
Layer 1
  6
ByLayer
 62
  256
370
   -1
100
AcDbLine
 10
149.564721
 20
142.271526
 11
150.532779
 21
140.781854
  0
LINE
  5
10E
100
AcDbEntity
  8
Layer 1
  6
ByLayer
 62
  256
370
   -1
100
AcDbLine
 10
150.532779
 20
140.781854
 11
151.221911
 21
138.974156
  0
LINE
  5
10F
100
AcDbEntity
  8
Layer 1
  6
ByLayer
 62
  256
370
   -1
100
AcDbLine
 10
151.221911
 20
138.974156
 11
151.451622
 21
136.764752
  0
LINE
  5
110
100
AcDbEntity
  8
Layer 1
  6
ByLayer
 62
  256
370
   -1
100
AcDbLine
 10
151.451622
 20
136.764752
 11
151.320356
 21
134.957056
  0
LINE
  5
111
100
AcDbEntity
  8
Layer 1
  6
ByLayer
 62
  256
370
   -1
100
AcDbLine
 10
151.320356
 20
134.957056
 11
151.123456
 21
132.881556
  0
LINE
  5
112
100
AcDbEntity
  8
Layer 1
  6
ByLayer
 62
  256
370
   -1
100
AcDbLine
 10
151.123456
 20
132.881556
 11
150.860934
 21
130.806056
  0
LINE
  5
113
100
AcDbEntity
  8
Layer 1
  6
ByLayer
 62
  256
370
   -1
100
AcDbLine
 10
150.860934
 20
130.806056
 11
150.598412
 21
129.065314
  0
LINE
  5
114
100
AcDbEntity
  8
Layer 1
  6
ByLayer
 62
  256
370
   -1
100
AcDbLine
 10
150.598412
 20
129.065314
 11
150.323581
 21
127.705358
  0
LINE
  5
115
100
AcDbEntity
  8
Layer 1
  6
ByLayer
 62
  256
370
   -1
100
AcDbLine
 10
150.323581
 20
127.705358
 11
149.892876
 21
126.504414
  0
LINE
  5
116
100
AcDbEntity
  8
Layer 1
  6
ByLayer
 62
  256
370
   -1
100
AcDbLine
 10
149.892876
 20
126.504414
 11
149.306298
 21
125.46248
  0
LINE
  5
117
100
AcDbEntity
  8
Layer 1
  6
ByLayer
 62
  256
370
   -1
100
AcDbLine
 10
149.306298
 20
125.46248
 11
148.563846
 21
124.579557
  0
LINE
  5
118
100
AcDbEntity
  8
Layer 1
  6
ByLayer
 62
  256
370
   -1
100
AcDbLine
 10
148.563846
 20
124.579557
 11
146.857436
 21
123.240521
  0
LINE
  5
119
100
AcDbEntity
  8
Layer 1
  6
ByLayer
 62
  256
370
   -1
100
AcDbLine
 10
146.857436
 20
123.240521
 11
145.01976
 21
122.303196
  0
LINE
  5
11A
100
AcDbEntity
  8
Layer 1
  6
ByLayer
 62
  256
370
   -1
100
AcDbLine
 10
145.01976
 20
122.303196
 11
145.479181
 21
121.968438
  0
LINE
  5
11B
100
AcDbEntity
  8
Layer 1
  6
ByLayer
 62
  256
370
   -1
100
AcDbLine
 10
145.479181
 20
121.968438
 11
145.938593
 21
121.633681
  0
LINE
  5
11C
100
AcDbEntity
  8
Layer 1
  6
ByLayer
 62
  256
370
   -1
100
AcDbLine
 10
145.938593
 20
121.633681
 11
146.988695
 21
120.696356
  0
LINE
  5
11D
100
AcDbEntity
  8
Layer 1
  6
ByLayer
 62
  256
370
   -1
100
AcDbLine
 10
146.988695
 20
120.696356
 11
147.907535
 21
119.491227
  0
LINE
  5
11E
100
AcDbEntity
  8
Layer 1
  6
ByLayer
 62
  256
370
   -1
100
AcDbLine
 10
147.907535
 20
119.491227
 11
148.59666
 21
117.968079
  0
LINE
  5
11F
100
AcDbEntity
  8
Layer 1
  6
ByLayer
 62
  256
370
   -1
100
AcDbLine
 10
148.59666
 20
117.968079
 11
148.826368
 21
116.076697
  0
LINE
  5
120
100
AcDbEntity
  8
Layer 1
  6
ByLayer
 62
  256
370
   -1
100
AcDbLine
 10
148.826368
 20
116.076697
 11
148.629479
 21
113.86729
  0
LINE
  5
121
100
AcDbEntity
  8
Layer 1
  6
ByLayer
 62
  256
370
   -1
100
AcDbLine
 10
148.629479
 20
113.86729
 11
148.170058
 21
110.85446
  0
LINE
  5
122
100
AcDbEntity
  8
Layer 1
  6
ByLayer
 62
  256
370
   -1
100
AcDbLine
 10
148.170058
 20
110.85446
 11
147.710636
 21
107.841641
  0
LINE
  5
123
100
AcDbEntity
  8
Layer 1
  6
ByLayer
 62
  256
370
   -1
100
AcDbLine
 10
147.710636
 20
107.841641
 11
147.382481
 21
105.632234
  0
LINE
  5
124
100
AcDbEntity
  8
Layer 1
  6
ByLayer
 62
  256
370
   -1
100
AcDbLine
 10
147.382481
 20
105.632234
 11
146.955881
 21
103.724113
  0
LINE
  5
125
100
AcDbEntity
  8
Layer 1
  6
ByLayer
 62
  256
370
   -1
100
AcDbLine
 10
146.955881
 20
103.724113
 11
146.201125
 21
102.150749
  0
LINE
  5
126
100
AcDbEntity
  8
Layer 1
  6
ByLayer
 62
  256
370
   -1
100
AcDbLine
 10
146.201125
 20
102.150749
 11
145.216654
 21
100.87867
  0
LINE
  5
127
100
AcDbEntity
  8
Layer 1
  6
ByLayer
 62
  256
370
   -1
100
AcDbLine
 10
145.216654
 20
100.87867
 11
144.100926
 21
99.874399
  0
LINE
  5
128
100
AcDbEntity
  8
Layer 1
  6
ByLayer
 62
  256
370
   -1
100
AcDbLine
 10
144.100926
 20
99.874399
 11
142.886747
 21
99.121189
  0
LINE
  5
129
100
AcDbEntity
  8
Layer 1
  6
ByLayer
 62
  256
370
   -1
100
AcDbLine
 10
142.886747
 20
99.121189
 11
141.606939
 21
98.602312
  0
LINE
  5
12A
100
AcDbEntity
  8
Layer 1
  6
ByLayer
 62
  256
370
   -1
100
AcDbLine
 10
141.606939
 20
98.602312
 11
140.409173
 21
98.351243
  0
LINE
  5
12B
100
AcDbEntity
  8
Layer 1
  6
ByLayer
 62
  256
370
   -1
100
AcDbLine
 10
140.409173
 20
98.351243
 11
139.309851
 21
98.267554
  0
LINE
  5
12C
100
AcDbEntity
  8
Layer 1
  6
ByLayer
 62
  256
370
   -1
100
AcDbLine
 10
139.309851
 20
98.267554
 11
101.703174
 21
98.26752399999999
  0
LINE
  5
12D
100
AcDbEntity
  8
Layer 1
  6
ByLayer
 62
  256
370
   -1
100
AcDbLine
 10
113.05924
 20
145.038339
 11
142.19334
 21
145.038339
  0
LINE
  5
12E
100
AcDbEntity
  8
Layer 1
  6
ByLayer
 62
  256
370
   -1
100
AcDbLine
 10
142.19334
 20
145.038339
 11
143.034784
 21
144.870966
  0
LINE
  5
12F
100
AcDbEntity
  8
Layer 1
  6
ByLayer
 62
  256
370
   -1
100
AcDbLine
 10
143.034784
 20
144.870966
 11
143.748126
 21
144.394326
  0
LINE
  5
130
100
AcDbEntity
  8
Layer 1
  6
ByLayer
 62
  256
370
   -1
100
AcDbLine
 10
143.748126
 20
144.394326
 11
144.224766
 21
143.680984
  0
LINE
  5
131
100
AcDbEntity
  8
Layer 1
  6
ByLayer
 62
  256
370
   -1
100
AcDbLine
 10
144.224766
 20
143.680984
 11
144.39214
 21
142.839539
  0
LINE
  5
132
100
AcDbEntity
  8
Layer 1
  6
ByLayer
 62
  256
370
   -1
100
AcDbLine
 10
144.39214
 20
142.839539
 11
144.39214
 21
135.143739
  0
LINE
  5
133
100
AcDbEntity
  8
Layer 1
  6
ByLayer
 62
  256
370
   -1
100
AcDbLine
 10
144.39214
 20
135.143739
 11
144.224766
 21
134.302295
  0
LINE
  5
134
100
AcDbEntity
  8
Layer 1
  6
ByLayer
 62
  256
370
   -1
100
AcDbLine
 10
144.224766
 20
134.302295
 11
143.748126
 21
133.588953
  0
LINE
  5
135
100
AcDbEntity
  8
Layer 1
  6
ByLayer
 62
  256
370
   -1
100
AcDbLine
 10
143.748126
 20
133.588953
 11
143.034784
 21
133.112313
  0
LINE
  5
136
100
AcDbEntity
  8
Layer 1
  6
ByLayer
 62
  256
370
   -1
100
AcDbLine
 10
143.034784
 20
133.112313
 11
142.19334
 21
132.944939
  0
LINE
  5
137
100
AcDbEntity
  8
Layer 1
  6
ByLayer
 62
  256
370
   -1
100
AcDbLine
 10
142.19334
 20
132.944939
 11
113.05924
 21
132.944939
  0
LINE
  5
138
100
AcDbEntity
  8
Layer 1
  6
ByLayer
 62
  256
370
   -1
100
AcDbLine
 10
113.05924
 20
132.944939
 11
112.217796
 21
133.112313
  0
LINE
  5
139
100
AcDbEntity
  8
Layer 1
  6
ByLayer
 62
  256
370
   -1
100
AcDbLine
 10
112.217796
 20
133.112313
 11
111.504454
 21
133.588953
  0
LINE
  5
13A
100
AcDbEntity
  8
Layer 1
  6
ByLayer
 62
  256
370
   -1
100
AcDbLine
 10
111.504454
 20
133.588953
 11
111.027814
 21
134.302295
  0
LINE
  5
13B
100
AcDbEntity
  8
Layer 1
  6
ByLayer
 62
  256
370
   -1
100
AcDbLine
 10
111.027814
 20
134.302295
 11
110.86044
 21
135.143739
  0
LINE
  5
13C
100
AcDbEntity
  8
Layer 1
  6
ByLayer
 62
  256
370
   -1
100
AcDbLine
 10
110.86044
 20
135.143739
 11
110.86044
 21
142.839539
  0
LINE
  5
13D
100
AcDbEntity
  8
Layer 1
  6
ByLayer
 62
  256
370
   -1
100
AcDbLine
 10
110.86044
 20
142.839539
 11
111.027814
 21
143.680984
  0
LINE
  5
13E
100
AcDbEntity
  8
Layer 1
  6
ByLayer
 62
  256
370
   -1
100
AcDbLine
 10
111.027814
 20
143.680984
 11
111.504454
 21
144.394326
  0
LINE
  5
13F
100
AcDbEntity
  8
Layer 1
  6
ByLayer
 62
  256
370
   -1
100
AcDbLine
 10
111.504454
 20
144.394326
 11
112.217796
 21
144.870966
  0
LINE
  5
140
100
AcDbEntity
  8
Layer 1
  6
ByLayer
 62
  256
370
   -1
100
AcDbLine
 10
112.217796
 20
144.870966
 11
113.05924
 21
145.038339
  0
LINE
  5
141
100
AcDbEntity
  8
Layer 1
  6
ByLayer
 62
  256
370
   -1
100
AcDbLine
 10
113.05924
 20
145.038339
 11
113.05924
 21
145.038339
  0
LINE
  5
142
100
AcDbEntity
  8
Layer 1
  6
ByLayer
 62
  256
370
   -1
100
AcDbLine
 10
114.620344
 20
135.191156
 11
114.736693
 21
135.130689
  0
LINE
  5
143
100
AcDbEntity
  8
Layer 1
  6
ByLayer
 62
  256
370
   -1
100
AcDbLine
 10
114.736693
 20
135.130689
 11
114.894941
 21
135.107382
  0
LINE
  5
144
100
AcDbEntity
  8
Layer 1
  6
ByLayer
 62
  256
370
   -1
100
AcDbLine
 10
114.894941
 20
135.107382
 11
115.160226
 21
135.177194
  0
LINE
  5
145
100
AcDbEntity
  8
Layer 1
  6
ByLayer
 62
  256
370
   -1
100
AcDbLine
 10
115.160226
 20
135.177194
 11
115.351038
 21
135.372667
  0
LINE
  5
146
100
AcDbEntity
  8
Layer 1
  6
ByLayer
 62
  256
370
   -1
100
AcDbLine
 10
115.351038
 20
135.372667
 11
115.467399
 21
135.67984
  0
LINE
  5
147
100
AcDbEntity
  8
Layer 1
  6
ByLayer
 62
  256
370
   -1
100
AcDbLine
 10
115.467399
 20
135.67984
 11
115.504668
 21
136.066125
  0
LINE
  5
148
100
AcDbEntity
  8
Layer 1
  6
ByLayer
 62
  256
370
   -1
100
AcDbLine
 10
115.504668
 20
136.066125
 11
115.392969
 21
136.671169
  0
LINE
  5
149
100
AcDbEntity
  8
Layer 1
  6
ByLayer
 62
  256
370
   -1
100
AcDbLine
 10
115.392969
 20
136.671169
 11
115.071835
 21
137.141228
  0
LINE
  5
14A
100
AcDbEntity
  8
Layer 1
  6
ByLayer
 62
  256
370
   -1
100
AcDbLine
 10
115.071835
 20
137.141228
 11
114.573839
 21
137.44375
  0
LINE
  5
14B
100
AcDbEntity
  8
Layer 1
  6
ByLayer
 62
  256
370
   -1
100
AcDbLine
 10
114.573839
 20
137.44375
 11
113.917607
 21
137.555449
  0
LINE
  5
14C
100
AcDbEntity
  8
Layer 1
  6
ByLayer
 62
  256
370
   -1
100
AcDbLine
 10
113.917607
 20
137.555449
 11
113.182252
 21
137.425137
  0
LINE
  5
14D
100
AcDbEntity
  8
Layer 1
  6
ByLayer
 62
  256
370
   -1
100
AcDbLine
 10
113.182252
 20
137.425137
 11
112.619106
 21
137.062115
  0
LINE
  5
14E
100
AcDbEntity
  8
Layer 1
  6
ByLayer
 62
  256
370
   -1
100
AcDbLine
 10
112.619106
 20
137.062115
 11
112.265396
 21
136.498959
  0
LINE
  5
14F
100
AcDbEntity
  8
Layer 1
  6
ByLayer
 62
  256
370
   -1
100
AcDbLine
 10
112.265396
 20
136.498959
 11
112.139735
 21
135.772926
  0
LINE
  5
150
100
AcDbEntity
  8
Layer 1
  6
ByLayer
 62
  256
370
   -1
100
AcDbLine
 10
112.139735
 20
135.772926
 11
112.256084
 21
135.079457
  0
LINE
  5
151
100
AcDbEntity
  8
Layer 1
  6
ByLayer
 62
  256
370
   -1
100
AcDbLine
 10
112.256084
 20
135.079457
 11
112.591181
 21
134.553537
  0
LINE
  5
152
100
AcDbEntity
  8
Layer 1
  6
ByLayer
 62
  256
370
   -1
100
AcDbLine
 10
112.591181
 20
134.553537
 11
113.107789
 21
134.21844
  0
LINE
  5
153
100
AcDbEntity
  8
Layer 1
  6
ByLayer
 62
  256
370
   -1
100
AcDbLine
 10
113.107789
 20
134.21844
 11
113.777984
 21
134.09744
  0
LINE
  5
154
100
AcDbEntity
  8
Layer 1
  6
ByLayer
 62
  256
370
   -1
100
AcDbLine
 10
113.777984
 20
134.09744
 11
114.089807
 21
134.120748
  0
LINE
  5
155
100
AcDbEntity
  8
Layer 1
  6
ByLayer
 62
  256
370
   -1
100
AcDbLine
 10
114.089807
 20
134.120748
 11
114.317866
 21
134.167252
  0
LINE
  5
156
100
AcDbEntity
  8
Layer 1
  6
ByLayer
 62
  256
370
   -1
100
AcDbLine
 10
114.317866
 20
134.167252
 11
114.378333
 21
134.022967
  0
LINE
  5
157
100
AcDbEntity
  8
Layer 1
  6
ByLayer
 62
  256
370
   -1
100
AcDbLine
 10
114.378333
 20
134.022967
 11
114.238709
 21
133.855418
  0
LINE
  5
158
100
AcDbEntity
  8
Layer 1
  6
ByLayer
 62
  256
370
   -1
100
AcDbLine
 10
114.238709
 20
133.855418
 11
113.750026
 21
133.794951
  0
LINE
  5
159
100
AcDbEntity
  8
Layer 1
  6
ByLayer
 62
  256
370
   -1
100
AcDbLine
 10
113.750026
 20
133.794951
 11
112.940208
 21
133.934575
  0
LINE
  5
15A
100
AcDbEntity
  8
Layer 1
  6
ByLayer
 62
  256
370
   -1
100
AcDbLine
 10
112.940208
 20
133.934575
 11
112.316551
 21
134.330183
  0
LINE
  5
15B
100
AcDbEntity
  8
Layer 1
  6
ByLayer
 62
  256
370
   -1
100
AcDbLine
 10
112.316551
 20
134.330183
 11
111.911642
 21
134.949178
  0
LINE
  5
15C
100
AcDbEntity
  8
Layer 1
  6
ByLayer
 62
  256
370
   -1
100
AcDbLine
 10
111.911642
 20
134.949178
 11
111.772018
 21
135.772959
  0
LINE
  5
15D
100
AcDbEntity
  8
Layer 1
  6
ByLayer
 62
  256
370
   -1
100
AcDbLine
 10
111.772018
 20
135.772959
 11
111.920954
 21
136.629314
  0
LINE
  5
15E
100
AcDbEntity
  8
Layer 1
  6
ByLayer
 62
  256
370
   -1
100
AcDbLine
 10
111.920954
 20
136.629314
 11
112.353788
 21
137.285546
  0
LINE
  5
15F
100
AcDbEntity
  8
Layer 1
  6
ByLayer
 62
  256
370
   -1
100
AcDbLine
 10
112.353788
 20
137.285546
 11
113.028633
 21
137.709079
  0
LINE
  5
160
100
AcDbEntity
  8
Layer 1
  6
ByLayer
 62
  256
370
   -1
100
AcDbLine
 10
113.028633
 20
137.709079
 11
113.912913
 21
137.858004
  0
LINE
  5
161
100
AcDbEntity
  8
Layer 1
  6
ByLayer
 62
  256
370
   -1
100
AcDbLine
 10
113.912913
 20
137.858004
 11
114.732043
 21
137.727692
  0
LINE
  5
162
100
AcDbEntity
  8
Layer 1
  6
ByLayer
 62
  256
370
   -1
100
AcDbLine
 10
114.732043
 20
137.727692
 11
115.346388
 21
137.36467
  0
LINE
  5
163
100
AcDbEntity
  8
Layer 1
  6
ByLayer
 62
  256
370
   -1
100
AcDbLine
 10
115.346388
 20
137.36467
 11
115.737334
 21
136.796863
  0
LINE
  5
164
100
AcDbEntity
  8
Layer 1
  6
ByLayer
 62
  256
370
   -1
100
AcDbLine
 10
115.737334
 20
136.796863
 11
115.872308
 21
136.061518
  0
LINE
  5
165
100
AcDbEntity
  8
Layer 1
  6
ByLayer
 62
  256
370
   -1
100
AcDbLine
 10
115.872308
 20
136.061518
 11
115.81064
 21
135.525127
  0
LINE
  5
166
100
AcDbEntity
  8
Layer 1
  6
ByLayer
 62
  256
370
   -1
100
AcDbLine
 10
115.81064
 20
135.525127
 11
115.625635
 21
135.126039
  0
LINE
  5
167
100
AcDbEntity
  8
Layer 1
  6
ByLayer
 62
  256
370
   -1
100
AcDbLine
 10
115.625635
 20
135.126039
 11
115.319626
 21
134.881692
  0
LINE
  5
168
100
AcDbEntity
  8
Layer 1
  6
ByLayer
 62
  256
370
   -1
100
AcDbLine
 10
115.319626
 20
134.881692
 11
114.894941
 21
134.800243
  0
LINE
  5
169
100
AcDbEntity
  8
Layer 1
  6
ByLayer
 62
  256
370
   -1
100
AcDbLine
 10
114.894941
 20
134.800243
 11
114.606382
 21
134.846747
  0
LINE
  5
16A
100
AcDbEntity
  8
Layer 1
  6
ByLayer
 62
  256
370
   -1
100
AcDbLine
 10
114.606382
 20
134.846747
 11
114.359709
 21
134.981721
  0
LINE
  5
16B
100
AcDbEntity
  8
Layer 1
  6
ByLayer
 62
  256
370
   -1
100
AcDbLine
 10
114.359709
 20
134.981721
 11
114.12701
 21
134.865371
  0
LINE
  5
16C
100
AcDbEntity
  8
Layer 1
  6
ByLayer
 62
  256
370
   -1
100
AcDbLine
 10
114.12701
 20
134.865371
 11
113.805875
 21
134.823484
  0
LINE
  5
16D
100
AcDbEntity
  8
Layer 1
  6
ByLayer
 62
  256
370
   -1
100
AcDbLine
 10
113.805875
 20
134.823484
 11
113.433542
 21
134.883951
  0
LINE
  5
16E
100
AcDbEntity
  8
Layer 1
  6
ByLayer
 62
  256
370
   -1
100
AcDbLine
 10
113.433542
 20
134.883951
 11
113.149644
 21
135.065462
  0
LINE
  5
16F
100
AcDbEntity
  8
Layer 1
  6
ByLayer
 62
  256
370
   -1
100
AcDbLine
 10
113.149644
 20
135.065462
 11
112.968133
 21
135.358672
  0
LINE
  5
170
100
AcDbEntity
  8
Layer 1
  6
ByLayer
 62
  256
370
   -1
100
AcDbLine
 10
112.968133
 20
135.358672
 11
112.902938
 21
135.754269
  0
LINE
  5
171
100
AcDbEntity
  8
Layer 1
  6
ByLayer
 62
  256
370
   -1
100
AcDbLine
 10
112.902938
 20
135.754269
 11
112.977368
 21
136.201065
  0
LINE
  5
172
100
AcDbEntity
  8
Layer 1
  6
ByLayer
 62
  256
370
   -1
100
AcDbLine
 10
112.977368
 20
136.201065
 11
113.196104
 21
136.536162
  0
LINE
  5
173
100
AcDbEntity
  8
Layer 1
  6
ByLayer
 62
  256
370
   -1
100
AcDbLine
 10
113.196104
 20
136.536162
 11
113.531201
 21
136.745598
  0
LINE
  5
174
100
AcDbEntity
  8
Layer 1
  6
ByLayer
 62
  256
370
   -1
100
AcDbLine
 10
113.531201
 20
136.745598
 11
113.973347
 21
136.820027
  0
LINE
  5
175
100
AcDbEntity
  8
Layer 1
  6
ByLayer
 62
  256
370
   -1
100
AcDbLine
 10
113.973347
 20
136.820027
 11
114.289831
 21
136.782758
  0
LINE
  5
176
100
AcDbEntity
  8
Layer 1
  6
ByLayer
 62
  256
370
   -1
100
AcDbLine
 10
114.289831
 20
136.782758
 11
114.550455
 21
136.689639
  0
LINE
  5
177
100
AcDbEntity
  8
Layer 1
  6
ByLayer
 62
  256
370
   -1
100
AcDbLine
 10
114.550455
 20
136.689639
 11
114.741278
 21
136.461579
  0
LINE
  5
178
100
AcDbEntity
  8
Layer 1
  6
ByLayer
 62
  256
370
   -1
100
AcDbLine
 10
114.741278
 20
136.461579
 11
114.73688
 21
136.391767
  0
LINE
  5
179
100
AcDbEntity
  8
Layer 1
  6
ByLayer
 62
  256
370
   -1
100
AcDbLine
 10
114.73688
 20
136.391767
 11
114.732483
 21
136.321955
  0
LINE
  5
17A
100
AcDbEntity
  8
Layer 1
  6
ByLayer
 62
  256
370
   -1
100
AcDbLine
 10
114.732483
 20
136.321955
 11
114.620344
 21
135.191156
  0
LINE
  5
17B
100
AcDbEntity
  8
Layer 1
  6
ByLayer
 62
  256
370
   -1
100
AcDbLine
 10
113.284606
 20
135.754302
 11
113.433542
 21
135.288893
  0
LINE
  5
17C
100
AcDbEntity
  8
Layer 1
  6
ByLayer
 62
  256
370
   -1
100
AcDbLine
 10
113.433542
 20
135.288893
 11
113.857064
 21
135.130656
  0
LINE
  5
17D
100
AcDbEntity
  8
Layer 1
  6
ByLayer
 62
  256
370
   -1
100
AcDbLine
 10
113.857064
 20
135.130656
 11
114.257322
 21
135.27028
  0
LINE
  5
17E
100
AcDbEntity
  8
Layer 1
  6
ByLayer
 62
  256
370
   -1
100
AcDbLine
 10
114.257322
 20
135.27028
 11
114.373672
 21
136.424496
  0
LINE
  5
17F
100
AcDbEntity
  8
Layer 1
  6
ByLayer
 62
  256
370
   -1
100
AcDbLine
 10
114.373672
 20
136.424496
 11
114.192161
 21
136.484963
  0
LINE
  5
180
100
AcDbEntity
  8
Layer 1
  6
ByLayer
 62
  256
370
   -1
100
AcDbLine
 10
114.192161
 20
136.484963
 11
113.95015
 21
136.512888
  0
LINE
  5
181
100
AcDbEntity
  8
Layer 1
  6
ByLayer
 62
  256
370
   -1
100
AcDbLine
 10
113.95015
 20
136.512888
 11
113.466117
 21
136.312764
  0
LINE
  5
182
100
AcDbEntity
  8
Layer 1
  6
ByLayer
 62
  256
370
   -1
100
AcDbLine
 10
113.466117
 20
136.312764
 11
113.284606
 21
135.754269
  0
LINE
  5
183
100
AcDbEntity
  8
Layer 1
  6
ByLayer
 62
  256
370
   -1
100
AcDbLine
 10
113.284606
 20
135.754269
 11
113.284606
 21
135.754302
  0
LINE
  5
184
100
AcDbEntity
  8
Layer 1
  6
ByLayer
 62
  256
370
   -1
100
AcDbLine
 10
116.928787
 20
134.832785
 11
116.858975
 21
134.814205
  0
LINE
  5
185
100
AcDbEntity
  8
Layer 1
  6
ByLayer
 62
  256
370
   -1
100
AcDbLine
 10
116.858975
 20
134.814205
 11
116.756621
 21
134.800243
  0
LINE
  5
186
100
AcDbEntity
  8
Layer 1
  6
ByLayer
 62
  256
370
   -1
100
AcDbLine
 10
116.756621
 20
134.800243
 11
116.556497
 21
134.967791
  0
LINE
  5
187
100
AcDbEntity
  8
Layer 1
  6
ByLayer
 62
  256
370
   -1
100
AcDbLine
 10
116.556497
 20
134.967791
 11
116.556497
 21
137.839391
  0
LINE
  5
188
100
AcDbEntity
  8
Layer 1
  6
ByLayer
 62
  256
370
   -1
100
AcDbLine
 10
116.556497
 20
137.839391
 11
116.626309
 21
137.857971
  0
LINE
  5
189
100
AcDbEntity
  8
Layer 1
  6
ByLayer
 62
  256
370
   -1
100
AcDbLine
 10
116.626309
 20
137.857971
 11
116.728663
 21
137.871933
  0
LINE
  5
18A
100
AcDbEntity
  8
Layer 1
  6
ByLayer
 62
  256
370
   -1
100
AcDbLine
 10
116.728663
 20
137.871933
 11
116.928787
 21
137.704385
  0
LINE
  5
18B
100
AcDbEntity
  8
Layer 1
  6
ByLayer
 62
  256
370
   -1
100
AcDbLine
 10
116.928787
 20
137.704385
 11
116.928787
 21
134.832785
  0
LINE
  5
18C
100
AcDbEntity
  8
Layer 1
  6
ByLayer
 62
  256
370
   -1
100
AcDbLine
 10
118.432074
 20
135.065495
 11
118.753208
 21
135.102765
  0
LINE
  5
18D
100
AcDbEntity
  8
Layer 1
  6
ByLayer
 62
  256
370
   -1
100
AcDbLine
 10
118.753208
 20
135.102765
 11
118.93937
 21
135.181921
  0
LINE
  5
18E
100
AcDbEntity
  8
Layer 1
  6
ByLayer
 62
  256
370
   -1
100
AcDbLine
 10
118.93937
 20
135.181921
 11
118.93937
 21
135.856766
  0
LINE
  5
18F
100
AcDbEntity
  8
Layer 1
  6
ByLayer
 62
  256
370
   -1
100
AcDbLine
 10
118.93937
 20
135.856766
 11
118.362262
 21
135.796299
  0
LINE
  5
190
100
AcDbEntity
  8
Layer 1
  6
ByLayer
 62
  256
370
   -1
100
AcDbLine
 10
118.362262
 20
135.796299
 11
118.00389
 21
135.6846
  0
LINE
  5
191
100
AcDbEntity
  8
Layer 1
  6
ByLayer
 62
  256
370
   -1
100
AcDbLine
 10
118.00389
 20
135.6846
 11
117.887541
 21
135.433277
  0
LINE
  5
192
100
AcDbEntity
  8
Layer 1
  6
ByLayer
 62
  256
370
   -1
100
AcDbLine
 10
117.887541
 20
135.433277
 11
118.022503
 21
135.158691
  0
LINE
  5
193
100
AcDbEntity
  8
Layer 1
  6
ByLayer
 62
  256
370
   -1
100
AcDbLine
 10
118.022503
 20
135.158691
 11
118.432074
 21
135.065572
  0
LINE
  5
194
100
AcDbEntity
  8
Layer 1
  6
ByLayer
 62
  256
370
   -1
100
AcDbLine
 10
118.432074
 20
135.065572
 11
118.432074
 21
135.065495
  0
LINE
  5
195
100
AcDbEntity
  8
Layer 1
  6
ByLayer
 62
  256
370
   -1
100
AcDbLine
 10
118.427676
 20
137.034191
 11
119.069946
 21
136.85268
  0
LINE
  5
196
100
AcDbEntity
  8
Layer 1
  6
ByLayer
 62
  256
370
   -1
100
AcDbLine
 10
119.069946
 20
136.85268
 11
119.307306
 21
136.280222
  0
LINE
  5
197
100
AcDbEntity
  8
Layer 1
  6
ByLayer
 62
  256
370
   -1
100
AcDbLine
 10
119.307306
 20
136.280222
 11
119.307306
 21
135.177194
  0
LINE
  5
198
100
AcDbEntity
  8
Layer 1
  6
ByLayer
 62
  256
370
   -1
100
AcDbLine
 10
119.307306
 20
135.177194
 11
119.265419
 21
135.018957
  0
LINE
  5
199
100
AcDbEntity
  8
Layer 1
  6
ByLayer
 62
  256
370
   -1
100
AcDbLine
 10
119.265419
 20
135.018957
 11
119.149058
 21
134.921221
  0
LINE
  5
19A
100
AcDbEntity
  8
Layer 1
  6
ByLayer
 62
  256
370
   -1
100
AcDbLine
 10
119.149058
 20
134.921221
 11
118.851198
 21
134.809522
  0
LINE
  5
19B
100
AcDbEntity
  8
Layer 1
  6
ByLayer
 62
  256
370
   -1
100
AcDbLine
 10
118.851198
 20
134.809522
 11
118.432327
 21
134.75829
  0
LINE
  5
19C
100
AcDbEntity
  8
Layer 1
  6
ByLayer
 62
  256
370
   -1
100
AcDbLine
 10
118.432327
 20
134.75829
 11
117.75282
 21
134.930489
  0
LINE
  5
19D
100
AcDbEntity
  8
Layer 1
  6
ByLayer
 62
  256
370
   -1
100
AcDbLine
 10
117.75282
 20
134.930489
 11
117.51546
 21
135.428473
  0
LINE
  5
19E
100
AcDbEntity
  8
Layer 1
  6
ByLayer
 62
  256
370
   -1
100
AcDbLine
 10
117.51546
 20
135.428473
 11
117.715595
 21
135.889231
  0
LINE
  5
19F
100
AcDbEntity
  8
Layer 1
  6
ByLayer
 62
  256
370
   -1
100
AcDbLine
 10
117.715595
 20
135.889231
 11
118.27874
 21
136.084716
  0
LINE
  5
1A0
100
AcDbEntity
  8
Layer 1
  6
ByLayer
 62
  256
370
   -1
100
AcDbLine
 10
118.27874
 20
136.084716
 11
118.939623
 21
136.14991
  0
LINE
  5
1A1
100
AcDbEntity
  8
Layer 1
  6
ByLayer
 62
  256
370
   -1
100
AcDbLine
 10
118.939623
 20
136.14991
 11
118.939623
 21
136.280233
  0
LINE
  5
1A2
100
AcDbEntity
  8
Layer 1
  6
ByLayer
 62
  256
370
   -1
100
AcDbLine
 10
118.939623
 20
136.280233
 11
118.799999
 21
136.619981
  0
LINE
  5
1A3
100
AcDbEntity
  8
Layer 1
  6
ByLayer
 62
  256
370
   -1
100
AcDbLine
 10
118.799999
 20
136.619981
 11
118.423015
 21
136.727062
  0
LINE
  5
1A4
100
AcDbEntity
  8
Layer 1
  6
ByLayer
 62
  256
370
   -1
100
AcDbLine
 10
118.423015
 20
136.727062
 11
118.055342
 21
136.671213
  0
LINE
  5
1A5
100
AcDbEntity
  8
Layer 1
  6
ByLayer
 62
  256
370
   -1
100
AcDbLine
 10
118.055342
 20
136.671213
 11
117.74817
 21
136.545551
  0
LINE
  5
1A6
100
AcDbEntity
  8
Layer 1
  6
ByLayer
 62
  256
370
   -1
100
AcDbLine
 10
117.74817
 20
136.545551
 11
117.678358
 21
136.619981
  0
LINE
  5
1A7
100
AcDbEntity
  8
Layer 1
  6
ByLayer
 62
  256
370
   -1
100
AcDbLine
 10
117.678358
 20
136.619981
 11
117.650433
 21
136.7131
  0
LINE
  5
1A8
100
AcDbEntity
  8
Layer 1
  6
ByLayer
 62
  256
370
   -1
100
AcDbLine
 10
117.650433
 20
136.7131
 11
117.682976
 21
136.820181
  0
LINE
  5
1A9
100
AcDbEntity
  8
Layer 1
  6
ByLayer
 62
  256
370
   -1
100
AcDbLine
 10
117.682976
 20
136.820181
 11
117.78533
 21
136.899338
  0
LINE
  5
1AA
100
AcDbEntity
  8
Layer 1
  6
ByLayer
 62
  256
370
   -1
100
AcDbLine
 10
117.78533
 20
136.899338
 11
118.073889
 21
136.997075
  0
LINE
  5
1AB
100
AcDbEntity
  8
Layer 1
  6
ByLayer
 62
  256
370
   -1
100
AcDbLine
 10
118.073889
 20
136.997075
 11
118.427599
 21
137.034344
  0
LINE
  5
1AC
100
AcDbEntity
  8
Layer 1
  6
ByLayer
 62
  256
370
   -1
100
AcDbLine
 10
118.427599
 20
137.034344
 11
118.427676
 21
137.034191
  0
LINE
  5
1AD
100
AcDbEntity
  8
Layer 1
  6
ByLayer
 62
  256
370
   -1
100
AcDbLine
 10
120.945555
 20
137.034191
 11
121.345814
 21
136.964379
  0
LINE
  5
1AE
100
AcDbEntity
  8
Layer 1
  6
ByLayer
 62
  256
370
   -1
100
AcDbLine
 10
121.345814
 20
136.964379
 11
121.666948
 21
136.754943
  0
LINE
  5
1AF
100
AcDbEntity
  8
Layer 1
  6
ByLayer
 62
  256
370
   -1
100
AcDbLine
 10
121.666948
 20
136.754943
 11
121.881034
 21
136.401222
  0
LINE
  5
1B0
100
AcDbEntity
  8
Layer 1
  6
ByLayer
 62
  256
370
   -1
100
AcDbLine
 10
121.881034
 20
136.401222
 11
121.960191
 21
135.898576
  0
LINE
  5
1B1
100
AcDbEntity
  8
Layer 1
  6
ByLayer
 62
  256
370
   -1
100
AcDbLine
 10
121.960191
 20
135.898576
 11
121.881034
 21
135.39128
  0
LINE
  5
1B2
100
AcDbEntity
  8
Layer 1
  6
ByLayer
 62
  256
370
   -1
100
AcDbLine
 10
121.881034
 20
135.39128
 11
121.657636
 21
135.03757
  0
LINE
  5
1B3
100
AcDbEntity
  8
Layer 1
  6
ByLayer
 62
  256
370
   -1
100
AcDbLine
 10
121.657636
 20
135.03757
 11
121.317889
 21
134.828134
  0
LINE
  5
1B4
100
AcDbEntity
  8
Layer 1
  6
ByLayer
 62
  256
370
   -1
100
AcDbLine
 10
121.317889
 20
134.828134
 11
120.880394
 21
134.76294
  0
LINE
  5
1B5
100
AcDbEntity
  8
Layer 1
  6
ByLayer
 62
  256
370
   -1
100
AcDbLine
 10
120.880394
 20
134.76294
 11
120.466184
 21
134.81879
  0
LINE
  5
1B6
100
AcDbEntity
  8
Layer 1
  6
ByLayer
 62
  256
370
   -1
100
AcDbLine
 10
120.466184
 20
134.81879
 11
120.168323
 21
134.939801
  0
LINE
  5
1B7
100
AcDbEntity
  8
Layer 1
  6
ByLayer
 62
  256
370
   -1
100
AcDbLine
 10
120.168323
 20
134.939801
 11
120.03335
 21
135.05615
  0
LINE
  5
1B8
100
AcDbEntity
  8
Layer 1
  6
ByLayer
 62
  256
370
   -1
100
AcDbLine
 10
120.03335
 20
135.05615
 11
119.99608
 21
135.214387
  0
LINE
  5
1B9
100
AcDbEntity
  8
Layer 1
  6
ByLayer
 62
  256
370
   -1
100
AcDbLine
 10
119.99608
 20
135.214387
 11
119.99608
 21
137.839314
  0
LINE
  5
1BA
100
AcDbEntity
  8
Layer 1
  6
ByLayer
 62
  256
370
   -1
100
AcDbLine
 10
119.99608
 20
137.839314
 11
120.065892
 21
137.857894
  0
LINE
  5
1BB
100
AcDbEntity
  8
Layer 1
  6
ByLayer
 62
  256
370
   -1
100
AcDbLine
 10
120.065892
 20
137.857894
 11
120.172974
 21
137.871856
  0
LINE
  5
1BC
100
AcDbEntity
  8
Layer 1
  6
ByLayer
 62
  256
370
   -1
100
AcDbLine
 10
120.172974
 20
137.871856
 11
120.368447
 21
137.704308
  0
LINE
  5
1BD
100
AcDbEntity
  8
Layer 1
  6
ByLayer
 62
  256
370
   -1
100
AcDbLine
 10
120.368447
 20
137.704308
 11
120.368447
 21
136.871215
  0
LINE
  5
1BE
100
AcDbEntity
  8
Layer 1
  6
ByLayer
 62
  256
370
   -1
100
AcDbLine
 10
120.368447
 20
136.871215
 11
120.610458
 21
136.982914
  0
LINE
  5
1BF
100
AcDbEntity
  8
Layer 1
  6
ByLayer
 62
  256
370
   -1
100
AcDbLine
 10
120.610458
 20
136.982914
 11
120.945555
 21
137.034147
  0
LINE
  5
1C0
100
AcDbEntity
  8
Layer 1
  6
ByLayer
 62
  256
370
   -1
100
AcDbLine
 10
120.945555
 20
137.034147
 11
120.945555
 21
137.034191
  0
LINE
  5
1C1
100
AcDbEntity
  8
Layer 1
  6
ByLayer
 62
  256
370
   -1
100
AcDbLine
 10
120.889705
 20
136.727018
 11
120.591845
 21
136.666551
  0
LINE
  5
1C2
100
AcDbEntity
  8
Layer 1
  6
ByLayer
 62
  256
370
   -1
100
AcDbLine
 10
120.591845
 20
136.666551
 11
120.368447
 21
136.531578
  0
LINE
  5
1C3
100
AcDbEntity
  8
Layer 1
  6
ByLayer
 62
  256
370
   -1
100
AcDbLine
 10
120.368447
 20
136.531578
 11
120.368447
 21
135.214464
  0
LINE
  5
1C4
100
AcDbEntity
  8
Layer 1
  6
ByLayer
 62
  256
370
   -1
100
AcDbLine
 10
120.368447
 20
135.214464
 11
120.568571
 21
135.116727
  0
LINE
  5
1C5
100
AcDbEntity
  8
Layer 1
  6
ByLayer
 62
  256
370
   -1
100
AcDbLine
 10
120.568571
 20
135.116727
 11
120.880394
 21
135.070222
  0
LINE
  5
1C6
100
AcDbEntity
  8
Layer 1
  6
ByLayer
 62
  256
370
   -1
100
AcDbLine
 10
120.880394
 20
135.070222
 11
121.164303
 21
135.116727
  0
LINE
  5
1C7
100
AcDbEntity
  8
Layer 1
  6
ByLayer
 62
  256
370
   -1
100
AcDbLine
 10
121.164303
 20
135.116727
 11
121.387701
 21
135.270313
  0
LINE
  5
1C8
100
AcDbEntity
  8
Layer 1
  6
ByLayer
 62
  256
370
   -1
100
AcDbLine
 10
121.387701
 20
135.270313
 11
121.531975
 21
135.526286
  0
LINE
  5
1C9
100
AcDbEntity
  8
Layer 1
  6
ByLayer
 62
  256
370
   -1
100
AcDbLine
 10
121.531975
 20
135.526286
 11
121.583207
 21
135.89862
  0
LINE
  5
1CA
100
AcDbEntity
  8
Layer 1
  6
ByLayer
 62
  256
370
   -1
100
AcDbLine
 10
121.583207
 20
135.89862
 11
121.531975
 21
136.270954
  0
LINE
  5
1CB
100
AcDbEntity
  8
Layer 1
  6
ByLayer
 62
  256
370
   -1
100
AcDbLine
 10
121.531975
 20
136.270954
 11
121.387701
 21
136.526927
  0
LINE
  5
1CC
100
AcDbEntity
  8
Layer 1
  6
ByLayer
 62
  256
370
   -1
100
AcDbLine
 10
121.387701
 20
136.526927
 11
121.164303
 21
136.675863
  0
LINE
  5
1CD
100
AcDbEntity
  8
Layer 1
  6
ByLayer
 62
  256
370
   -1
100
AcDbLine
 10
121.164303
 20
136.675863
 11
120.889705
 21
136.727095
  0
LINE
  5
1CE
100
AcDbEntity
  8
Layer 1
  6
ByLayer
 62
  256
370
   -1
100
AcDbLine
 10
120.889705
 20
136.727095
 11
120.889705
 21
136.727018
  0
LINE
  5
1CF
100
AcDbEntity
  8
Layer 1
  6
ByLayer
 62
  256
370
   -1
100
AcDbLine
 10
125.269231
 20
136.284872
 11
125.138919
 21
136.61997
  0
LINE
  5
1D0
100
AcDbEntity
  8
Layer 1
  6
ByLayer
 62
  256
370
   -1
100
AcDbLine
 10
125.138919
 20
136.61997
 11
124.78986
 21
136.727051
  0
LINE
  5
1D1
100
AcDbEntity
  8
Layer 1
  6
ByLayer
 62
  256
370
   -1
100
AcDbLine
 10
124.78986
 20
136.727051
 11
124.249978
 21
136.512965
  0
LINE
  5
1D2
100
AcDbEntity
  8
Layer 1
  6
ByLayer
 62
  256
370
   -1
100
AcDbLine
 10
124.249978
 20
136.512965
 11
124.277902
 21
136.312841
  0
LINE
  5
1D3
100
AcDbEntity
  8
Layer 1
  6
ByLayer
 62
  256
370
   -1
100
AcDbLine
 10
124.277902
 20
136.312841
 11
124.277902
 21
134.832829
  0
LINE
  5
1D4
100
AcDbEntity
  8
Layer 1
  6
ByLayer
 62
  256
370
   -1
100
AcDbLine
 10
124.277902
 20
134.832829
 11
124.203473
 21
134.814249
  0
LINE
  5
1D5
100
AcDbEntity
  8
Layer 1
  6
ByLayer
 62
  256
370
   -1
100
AcDbLine
 10
124.203473
 20
134.814249
 11
124.105736
 21
134.800287
  0
LINE
  5
1D6
100
AcDbEntity
  8
Layer 1
  6
ByLayer
 62
  256
370
   -1
100
AcDbLine
 10
124.105736
 20
134.800287
 11
123.905613
 21
134.967835
  0
LINE
  5
1D7
100
AcDbEntity
  8
Layer 1
  6
ByLayer
 62
  256
370
   -1
100
AcDbLine
 10
123.905613
 20
134.967835
 11
123.905613
 21
136.284949
  0
LINE
  5
1D8
100
AcDbEntity
  8
Layer 1
  6
ByLayer
 62
  256
370
   -1
100
AcDbLine
 10
123.905613
 20
136.284949
 11
123.77529
 21
136.620047
  0
LINE
  5
1D9
100
AcDbEntity
  8
Layer 1
  6
ByLayer
 62
  256
370
   -1
100
AcDbLine
 10
123.77529
 20
136.620047
 11
123.42158
 21
136.727128
  0
LINE
  5
1DA
100
AcDbEntity
  8
Layer 1
  6
ByLayer
 62
  256
370
   -1
100
AcDbLine
 10
123.42158
 20
136.727128
 11
123.137682
 21
136.680623
  0
LINE
  5
1DB
100
AcDbEntity
  8
Layer 1
  6
ByLayer
 62
  256
370
   -1
100
AcDbLine
 10
123.137682
 20
136.680623
 11
122.914284
 21
136.573542
  0
LINE
  5
1DC
100
AcDbEntity
  8
Layer 1
  6
ByLayer
 62
  256
370
   -1
100
AcDbLine
 10
122.914284
 20
136.573542
 11
122.914284
 21
134.832895
  0
LINE
  5
1DD
100
AcDbEntity
  8
Layer 1
  6
ByLayer
 62
  256
370
   -1
100
AcDbLine
 10
122.914284
 20
134.832895
 11
122.844472
 21
134.814315
  0
LINE
  5
1DE
100
AcDbEntity
  8
Layer 1
  6
ByLayer
 62
  256
370
   -1
100
AcDbLine
 10
122.844472
 20
134.814315
 11
122.742117
 21
134.800353
  0
LINE
  5
1DF
100
AcDbEntity
  8
Layer 1
  6
ByLayer
 62
  256
370
   -1
100
AcDbLine
 10
122.742117
 20
134.800353
 11
122.541994
 21
134.967901
  0
LINE
  5
1E0
100
AcDbEntity
  8
Layer 1
  6
ByLayer
 62
  256
370
   -1
100
AcDbLine
 10
122.541994
 20
134.967901
 11
122.541994
 21
136.554962
  0
LINE
  5
1E1
100
AcDbEntity
  8
Layer 1
  6
ByLayer
 62
  256
370
   -1
100
AcDbLine
 10
122.541994
 20
136.554962
 11
122.579263
 21
136.708548
  0
LINE
  5
1E2
100
AcDbEntity
  8
Layer 1
  6
ByLayer
 62
  256
370
   -1
100
AcDbLine
 10
122.579263
 20
136.708548
 11
122.718887
 21
136.83886
  0
LINE
  5
1E3
100
AcDbEntity
  8
Layer 1
  6
ByLayer
 62
  256
370
   -1
100
AcDbLine
 10
122.718887
 20
136.83886
 11
123.03536
 21
136.973833
  0
LINE
  5
1E4
100
AcDbEntity
  8
Layer 1
  6
ByLayer
 62
  256
370
   -1
100
AcDbLine
 10
123.03536
 20
136.973833
 11
123.426307
 21
137.0343
  0
LINE
  5
1E5
100
AcDbEntity
  8
Layer 1
  6
ByLayer
 62
  256
370
   -1
100
AcDbLine
 10
123.426307
 20
137.0343
 11
123.831216
 21
136.964489
  0
LINE
  5
1E6
100
AcDbEntity
  8
Layer 1
  6
ByLayer
 62
  256
370
   -1
100
AcDbLine
 10
123.831216
 20
136.964489
 11
124.101163
 21
136.782978
  0
LINE
  5
1E7
100
AcDbEntity
  8
Layer 1
  6
ByLayer
 62
  256
370
   -1
100
AcDbLine
 10
124.101163
 20
136.782978
 11
124.403674
 21
136.959838
  0
LINE
  5
1E8
100
AcDbEntity
  8
Layer 1
  6
ByLayer
 62
  256
370
   -1
100
AcDbLine
 10
124.403674
 20
136.959838
 11
124.817895
 21
137.034267
  0
LINE
  5
1E9
100
AcDbEntity
  8
Layer 1
  6
ByLayer
 62
  256
370
   -1
100
AcDbLine
 10
124.817895
 20
137.034267
 11
125.418277
 21
136.852757
  0
LINE
  5
1EA
100
AcDbEntity
  8
Layer 1
  6
ByLayer
 62
  256
370
   -1
100
AcDbLine
 10
125.418277
 20
136.852757
 11
125.641675
 21
136.303562
  0
LINE
  5
1EB
100
AcDbEntity
  8
Layer 1
  6
ByLayer
 62
  256
370
   -1
100
AcDbLine
 10
125.641675
 20
136.303562
 11
125.641675
 21
134.832862
  0
LINE
  5
1EC
100
AcDbEntity
  8
Layer 1
  6
ByLayer
 62
  256
370
   -1
100
AcDbLine
 10
125.641675
 20
134.832862
 11
125.567246
 21
134.814282
  0
LINE
  5
1ED
100
AcDbEntity
  8
Layer 1
  6
ByLayer
 62
  256
370
   -1
100
AcDbLine
 10
125.567246
 20
134.814282
 11
125.469509
 21
134.80032
  0
LINE
  5
1EE
100
AcDbEntity
  8
Layer 1
  6
ByLayer
 62
  256
370
   -1
100
AcDbLine
 10
125.469509
 20
134.80032
 11
125.269374
 21
134.967868
  0
LINE
  5
1EF
100
AcDbEntity
  8
Layer 1
  6
ByLayer
 62
  256
370
   -1
100
AcDbLine
 10
125.269374
 20
134.967868
 11
125.269374
 21
136.284982
  0
LINE
  5
1F0
100
AcDbEntity
  8
Layer 1
  6
ByLayer
 62
  256
370
   -1
100
AcDbLine
 10
125.269374
 20
136.284982
 11
125.269231
 21
136.284872
  0
LINE
  5
1F1
100
AcDbEntity
  8
Layer 1
  6
ByLayer
 62
  256
370
   -1
100
AcDbLine
 10
127.107615
 20
135.065495
 11
127.42875
 21
135.102765
  0
LINE
  5
1F2
100
AcDbEntity
  8
Layer 1
  6
ByLayer
 62
  256
370
   -1
100
AcDbLine
 10
127.42875
 20
135.102765
 11
127.614911
 21
135.181921
  0
LINE
  5
1F3
100
AcDbEntity
  8
Layer 1
  6
ByLayer
 62
  256
370
   -1
100
AcDbLine
 10
127.614911
 20
135.181921
 11
127.614911
 21
135.856766
  0
LINE
  5
1F4
100
AcDbEntity
  8
Layer 1
  6
ByLayer
 62
  256
370
   -1
100
AcDbLine
 10
127.614911
 20
135.856766
 11
127.037803
 21
135.796299
  0
LINE
  5
1F5
100
AcDbEntity
  8
Layer 1
  6
ByLayer
 62
  256
370
   -1
100
AcDbLine
 10
127.037803
 20
135.796299
 11
126.679432
 21
135.6846
  0
LINE
  5
1F6
100
AcDbEntity
  8
Layer 1
  6
ByLayer
 62
  256
370
   -1
100
AcDbLine
 10
126.679432
 20
135.6846
 11
126.563082
 21
135.433277
  0
LINE
  5
1F7
100
AcDbEntity
  8
Layer 1
  6
ByLayer
 62
  256
370
   -1
100
AcDbLine
 10
126.563082
 20
135.433277
 11
126.698056
 21
135.158691
  0
LINE
  5
1F8
100
AcDbEntity
  8
Layer 1
  6
ByLayer
 62
  256
370
   -1
100
AcDbLine
 10
126.698056
 20
135.158691
 11
127.107615
 21
135.065572
  0
LINE
  5
1F9
100
AcDbEntity
  8
Layer 1
  6
ByLayer
 62
  256
370
   -1
100
AcDbLine
 10
127.107615
 20
135.065572
 11
127.107615
 21
135.065495
  0
LINE
  5
1FA
100
AcDbEntity
  8
Layer 1
  6
ByLayer
 62
  256
370
   -1
100
AcDbLine
 10
127.103217
 20
137.034191
 11
127.745487
 21
136.85268
  0
LINE
  5
1FB
100
AcDbEntity
  8
Layer 1
  6
ByLayer
 62
  256
370
   -1
100
AcDbLine
 10
127.745487
 20
136.85268
 11
127.982847
 21
136.280222
  0
LINE
  5
1FC
100
AcDbEntity
  8
Layer 1
  6
ByLayer
 62
  256
370
   -1
100
AcDbLine
 10
127.982847
 20
136.280222
 11
127.982847
 21
135.177194
  0
LINE
  5
1FD
100
AcDbEntity
  8
Layer 1
  6
ByLayer
 62
  256
370
   -1
100
AcDbLine
 10
127.982847
 20
135.177194
 11
127.94096
 21
135.018957
  0
LINE
  5
1FE
100
AcDbEntity
  8
Layer 1
  6
ByLayer
 62
  256
370
   -1
100
AcDbLine
 10
127.94096
 20
135.018957
 11
127.824611
 21
134.921221
  0
LINE
  5
1FF
100
AcDbEntity
  8
Layer 1
  6
ByLayer
 62
  256
370
   -1
100
AcDbLine
 10
127.824611
 20
134.921221
 11
127.52675
 21
134.809522
  0
LINE
  5
200
100
AcDbEntity
  8
Layer 1
  6
ByLayer
 62
  256
370
   -1
100
AcDbLine
 10
127.52675
 20
134.809522
 11
127.107879
 21
134.75829
  0
LINE
  5
201
100
AcDbEntity
  8
Layer 1
  6
ByLayer
 62
  256
370
   -1
100
AcDbLine
 10
127.107879
 20
134.75829
 11
126.428373
 21
134.930489
  0
LINE
  5
202
100
AcDbEntity
  8
Layer 1
  6
ByLayer
 62
  256
370
   -1
100
AcDbLine
 10
126.428373
 20
134.930489
 11
126.191012
 21
135.428484
  0
LINE
  5
203
100
AcDbEntity
  8
Layer 1
  6
ByLayer
 62
  256
370
   -1
100
AcDbLine
 10
126.191012
 20
135.428484
 11
126.391147
 21
135.889242
  0
LINE
  5
204
100
AcDbEntity
  8
Layer 1
  6
ByLayer
 62
  256
370
   -1
100
AcDbLine
 10
126.391147
 20
135.889242
 11
126.954293
 21
136.084716
  0
LINE
  5
205
100
AcDbEntity
  8
Layer 1
  6
ByLayer
 62
  256
370
   -1
100
AcDbLine
 10
126.954293
 20
136.084716
 11
127.615175
 21
136.14991
  0
LINE
  5
206
100
AcDbEntity
  8
Layer 1
  6
ByLayer
 62
  256
370
   -1
100
AcDbLine
 10
127.615175
 20
136.14991
 11
127.615175
 21
136.280222
  0
LINE
  5
207
100
AcDbEntity
  8
Layer 1
  6
ByLayer
 62
  256
370
   -1
100
AcDbLine
 10
127.615175
 20
136.280222
 11
127.475551
 21
136.61997
  0
LINE
  5
208
100
AcDbEntity
  8
Layer 1
  6
ByLayer
 62
  256
370
   -1
100
AcDbLine
 10
127.475551
 20
136.61997
 11
127.098567
 21
136.727051
  0
LINE
  5
209
100
AcDbEntity
  8
Layer 1
  6
ByLayer
 62
  256
370
   -1
100
AcDbLine
 10
127.098567
 20
136.727051
 11
126.730895
 21
136.671202
  0
LINE
  5
20A
100
AcDbEntity
  8
Layer 1
  6
ByLayer
 62
  256
370
   -1
100
AcDbLine
 10
126.730895
 20
136.671202
 11
126.423722
 21
136.54554
  0
LINE
  5
20B
100
AcDbEntity
  8
Layer 1
  6
ByLayer
 62
  256
370
   -1
100
AcDbLine
 10
126.423722
 20
136.54554
 11
126.35391
 21
136.61997
  0
LINE
  5
20C
100
AcDbEntity
  8
Layer 1
  6
ByLayer
 62
  256
370
   -1
100
AcDbLine
 10
126.35391
 20
136.61997
 11
126.325986
 21
136.713089
  0
LINE
  5
20D
100
AcDbEntity
  8
Layer 1
  6
ByLayer
 62
  256
370
   -1
100
AcDbLine
 10
126.325986
 20
136.713089
 11
126.358528
 21
136.82017
  0
LINE
  5
20E
100
AcDbEntity
  8
Layer 1
  6
ByLayer
 62
  256
370
   -1
100
AcDbLine
 10
126.358528
 20
136.82017
 11
126.460882
 21
136.899327
  0
LINE
  5
20F
100
AcDbEntity
  8
Layer 1
  6
ByLayer
 62
  256
370
   -1
100
AcDbLine
 10
126.460882
 20
136.899327
 11
126.74943
 21
136.997064
  0
LINE
  5
210
100
AcDbEntity
  8
Layer 1
  6
ByLayer
 62
  256
370
   -1
100
AcDbLine
 10
126.74943
 20
136.997064
 11
127.10314
 21
137.034333
  0
LINE
  5
211
100
AcDbEntity
  8
Layer 1
  6
ByLayer
 62
  256
370
   -1
100
AcDbLine
 10
127.10314
 20
137.034333
 11
127.103217
 21
137.034191
  0
LINE
  5
212
100
AcDbEntity
  8
Layer 1
  6
ByLayer
 62
  256
370
   -1
100
AcDbLine
 10
129.043999
 20
134.832785
 11
128.974187
 21
134.814205
  0
LINE
  5
213
100
AcDbEntity
  8
Layer 1
  6
ByLayer
 62
  256
370
   -1
100
AcDbLine
 10
128.974187
 20
134.814205
 11
128.871833
 21
134.800243
  0
LINE
  5
214
100
AcDbEntity
  8
Layer 1
  6
ByLayer
 62
  256
370
   -1
100
AcDbLine
 10
128.871833
 20
134.800243
 11
128.671709
 21
134.967791
  0
LINE
  5
215
100
AcDbEntity
  8
Layer 1
  6
ByLayer
 62
  256
370
   -1
100
AcDbLine
 10
128.671709
 20
134.967791
 11
128.671709
 21
137.839391
  0
LINE
  5
216
100
AcDbEntity
  8
Layer 1
  6
ByLayer
 62
  256
370
   -1
100
AcDbLine
 10
128.671709
 20
137.839391
 11
128.741521
 21
137.857971
  0
LINE
  5
217
100
AcDbEntity
  8
Layer 1
  6
ByLayer
 62
  256
370
   -1
100
AcDbLine
 10
128.741521
 20
137.857971
 11
128.848603
 21
137.871933
  0
LINE
  5
218
100
AcDbEntity
  8
Layer 1
  6
ByLayer
 62
  256
370
   -1
100
AcDbLine
 10
128.848603
 20
137.871933
 11
129.044076
 21
137.704385
  0
LINE
  5
219
100
AcDbEntity
  8
Layer 1
  6
ByLayer
 62
  256
370
   -1
100
AcDbLine
 10
129.044076
 20
137.704385
 11
129.044076
 21
136.028899
  0
LINE
  5
21A
100
AcDbEntity
  8
Layer 1
  6
ByLayer
 62
  256
370
   -1
100
AcDbLine
 10
129.044076
 20
136.028899
 11
130.06333
 21
137.015567
  0
LINE
  5
21B
100
AcDbEntity
  8
Layer 1
  6
ByLayer
 62
  256
370
   -1
100
AcDbLine
 10
130.06333
 20
137.015567
 11
130.235529
 21
136.959717
  0
LINE
  5
21C
100
AcDbEntity
  8
Layer 1
  6
ByLayer
 62
  256
370
   -1
100
AcDbLine
 10
130.235529
 20
136.959717
 11
130.300723
 21
136.834056
  0
LINE
  5
21D
100
AcDbEntity
  8
Layer 1
  6
ByLayer
 62
  256
370
   -1
100
AcDbLine
 10
130.300723
 20
136.834056
 11
130.258836
 21
136.717706
  0
LINE
  5
21E
100
AcDbEntity
  8
Layer 1
  6
ByLayer
 62
  256
370
   -1
100
AcDbLine
 10
130.258836
 20
136.717706
 11
130.147137
 21
136.606007
  0
LINE
  5
21F
100
AcDbEntity
  8
Layer 1
  6
ByLayer
 62
  256
370
   -1
100
AcDbLine
 10
130.147137
 20
136.606007
 11
129.397819
 21
135.949775
  0
LINE
  5
220
100
AcDbEntity
  8
Layer 1
  6
ByLayer
 62
  256
370
   -1
100
AcDbLine
 10
129.397819
 20
135.949775
 11
130.435686
 21
135.018957
  0
LINE
  5
221
100
AcDbEntity
  8
Layer 1
  6
ByLayer
 62
  256
370
   -1
100
AcDbLine
 10
130.435686
 20
135.018957
 11
130.370491
 21
134.856059
  0
LINE
  5
222
100
AcDbEntity
  8
Layer 1
  6
ByLayer
 62
  256
370
   -1
100
AcDbLine
 10
130.370491
 20
134.856059
 11
130.230867
 21
134.795592
  0
LINE
  5
223
100
AcDbEntity
  8
Layer 1
  6
ByLayer
 62
  256
370
   -1
100
AcDbLine
 10
130.230867
 20
134.795592
 11
130.100545
 21
134.828134
  0
LINE
  5
224
100
AcDbEntity
  8
Layer 1
  6
ByLayer
 62
  256
370
   -1
100
AcDbLine
 10
130.100545
 20
134.828134
 11
129.984195
 21
134.930489
  0
LINE
  5
225
100
AcDbEntity
  8
Layer 1
  6
ByLayer
 62
  256
370
   -1
100
AcDbLine
 10
129.984195
 20
134.930489
 11
129.044065
 21
135.87528
  0
LINE
  5
226
100
AcDbEntity
  8
Layer 1
  6
ByLayer
 62
  256
370
   -1
100
AcDbLine
 10
129.044065
 20
135.87528
 11
129.044065
 21
134.832752
  0
LINE
  5
227
100
AcDbEntity
  8
Layer 1
  6
ByLayer
 62
  256
370
   -1
100
AcDbLine
 10
129.044065
 20
134.832752
 11
129.043999
 21
134.832785
  0
LINE
  5
228
100
AcDbEntity
  8
Layer 1
  6
ByLayer
 62
  256
370
   -1
100
AcDbLine
 10
131.147657
 20
135.67984
 11
131.410614
 21
135.222569
  0
LINE
  5
229
100
AcDbEntity
  8
Layer 1
  6
ByLayer
 62
  256
370
   -1
100
AcDbLine
 10
131.410614
 20
135.222569
 11
131.948163
 21
135.070145
  0
LINE
  5
22A
100
AcDbEntity
  8
Layer 1
  6
ByLayer
 62
  256
370
   -1
100
AcDbLine
 10
131.948163
 20
135.070145
 11
132.301873
 21
135.13534
  0
LINE
  5
22B
100
AcDbEntity
  8
Layer 1
  6
ByLayer
 62
  256
370
   -1
100
AcDbLine
 10
132.301873
 20
135.13534
 11
132.553196
 21
135.274964
  0
LINE
  5
22C
100
AcDbEntity
  8
Layer 1
  6
ByLayer
 62
  256
370
   -1
100
AcDbLine
 10
132.553196
 20
135.274964
 11
132.664895
 21
135.098114
  0
LINE
  5
22D
100
AcDbEntity
  8
Layer 1
  6
ByLayer
 62
  256
370
   -1
100
AcDbLine
 10
132.664895
 20
135.098114
 11
132.604428
 21
134.972453
  0
LINE
  5
22E
100
AcDbEntity
  8
Layer 1
  6
ByLayer
 62
  256
370
   -1
100
AcDbLine
 10
132.604428
 20
134.972453
 11
132.446191
 21
134.865371
  0
LINE
  5
22F
100
AcDbEntity
  8
Layer 1
  6
ByLayer
 62
  256
370
   -1
100
AcDbLine
 10
132.446191
 20
134.865371
 11
132.213481
 21
134.790942
  0
LINE
  5
230
100
AcDbEntity
  8
Layer 1
  6
ByLayer
 62
  256
370
   -1
100
AcDbLine
 10
132.213481
 20
134.790942
 11
131.929583
 21
134.763017
  0
LINE
  5
231
100
AcDbEntity
  8
Layer 1
  6
ByLayer
 62
  256
370
   -1
100
AcDbLine
 10
131.929583
 20
134.763017
 11
131.445553
 21
134.83632
  0
LINE
  5
232
100
AcDbEntity
  8
Layer 1
  6
ByLayer
 62
  256
370
   -1
100
AcDbLine
 10
131.445553
 20
134.83632
 11
131.073228
 21
135.056227
  0
LINE
  5
233
100
AcDbEntity
  8
Layer 1
  6
ByLayer
 62
  256
370
   -1
100
AcDbLine
 10
131.073228
 20
135.056227
 11
130.839352
 21
135.416921
  0
LINE
  5
234
100
AcDbEntity
  8
Layer 1
  6
ByLayer
 62
  256
370
   -1
100
AcDbLine
 10
130.839352
 20
135.416921
 11
130.761394
 21
135.912583
  0
LINE
  5
235
100
AcDbEntity
  8
Layer 1
  6
ByLayer
 62
  256
370
   -1
100
AcDbLine
 10
130.761394
 20
135.912583
 11
130.835823
 21
136.382653
  0
LINE
  5
236
100
AcDbEntity
  8
Layer 1
  6
ByLayer
 62
  256
370
   -1
100
AcDbLine
 10
130.835823
 20
136.382653
 11
131.04991
 21
136.736363
  0
LINE
  5
237
100
AcDbEntity
  8
Layer 1
  6
ByLayer
 62
  256
370
   -1
100
AcDbLine
 10
131.04991
 20
136.736363
 11
131.380356
 21
136.9551
  0
LINE
  5
238
100
AcDbEntity
  8
Layer 1
  6
ByLayer
 62
  256
370
   -1
100
AcDbLine
 10
131.380356
 20
136.9551
 11
131.794566
 21
137.034256
  0
LINE
  5
239
100
AcDbEntity
  8
Layer 1
  6
ByLayer
 62
  256
370
   -1
100
AcDbLine
 10
131.794566
 20
137.034256
 11
132.180862
 21
136.964445
  0
LINE
  5
23A
100
AcDbEntity
  8
Layer 1
  6
ByLayer
 62
  256
370
   -1
100
AcDbLine
 10
132.180862
 20
136.964445
 11
132.483373
 21
136.764321
  0
LINE
  5
23B
100
AcDbEntity
  8
Layer 1
  6
ByLayer
 62
  256
370
   -1
100
AcDbLine
 10
132.483373
 20
136.764321
 11
132.683508
 21
136.461799
  0
LINE
  5
23C
100
AcDbEntity
  8
Layer 1
  6
ByLayer
 62
  256
370
   -1
100
AcDbLine
 10
132.683508
 20
136.461799
 11
132.757937
 21
136.080164
  0
LINE
  5
23D
100
AcDbEntity
  8
Layer 1
  6
ByLayer
 62
  256
370
   -1
100
AcDbLine
 10
132.757937
 20
136.080164
 11
132.711433
 21
135.931239
  0
LINE
  5
23E
100
AcDbEntity
  8
Layer 1
  6
ByLayer
 62
  256
370
   -1
100
AcDbLine
 10
132.711433
 20
135.931239
 11
132.58111
 21
135.880007
  0
LINE
  5
23F
100
AcDbEntity
  8
Layer 1
  6
ByLayer
 62
  256
370
   -1
100
AcDbLine
 10
132.58111
 20
135.880007
 11
131.147657
 21
135.67984
  0
LINE
  5
240
100
AcDbEntity
  8
Layer 1
  6
ByLayer
 62
  256
370
   -1
100
AcDbLine
 10
131.789927
 20
136.731669
 11
131.319856
 21
136.531545
  0
LINE
  5
241
100
AcDbEntity
  8
Layer 1
  6
ByLayer
 62
  256
370
   -1
100
AcDbLine
 10
131.319856
 20
136.531545
 11
131.124383
 21
135.968399
  0
LINE
  5
242
100
AcDbEntity
  8
Layer 1
  6
ByLayer
 62
  256
370
   -1
100
AcDbLine
 10
131.124383
 20
135.968399
 11
132.404271
 21
136.145249
  0
LINE
  5
243
100
AcDbEntity
  8
Layer 1
  6
ByLayer
 62
  256
370
   -1
100
AcDbLine
 10
132.404271
 20
136.145249
 11
132.22276
 21
136.56412
  0
LINE
  5
244
100
AcDbEntity
  8
Layer 1
  6
ByLayer
 62
  256
370
   -1
100
AcDbLine
 10
132.22276
 20
136.56412
 11
131.789927
 21
136.731669
  0
LINE
  5
245
100
AcDbEntity
  8
Layer 1
  6
ByLayer
 62
  256
370
   -1
100
AcDbLine
 10
131.789927
 20
136.731669
 11
131.789927
 21
136.731669
  0
LINE
  5
246
100
AcDbEntity
  8
Layer 1
  6
ByLayer
 62
  256
370
   -1
100
AcDbLine
 10
133.670186
 20
134.832785
 11
133.600375
 21
134.814205
  0
LINE
  5
247
100
AcDbEntity
  8
Layer 1
  6
ByLayer
 62
  256
370
   -1
100
AcDbLine
 10
133.600375
 20
134.814205
 11
133.49802
 21
134.800243
  0
LINE
  5
248
100
AcDbEntity
  8
Layer 1
  6
ByLayer
 62
  256
370
   -1
100
AcDbLine
 10
133.49802
 20
134.800243
 11
133.297886
 21
134.967791
  0
LINE
  5
249
100
AcDbEntity
  8
Layer 1
  6
ByLayer
 62
  256
370
   -1
100
AcDbLine
 10
133.297886
 20
134.967791
 11
133.297886
 21
136.54554
  0
LINE
  5
24A
100
AcDbEntity
  8
Layer 1
  6
ByLayer
 62
  256
370
   -1
100
AcDbLine
 10
133.297886
 20
136.54554
 11
133.335155
 21
136.713089
  0
LINE
  5
24B
100
AcDbEntity
  8
Layer 1
  6
ByLayer
 62
  256
370
   -1
100
AcDbLine
 10
133.335155
 20
136.713089
 11
133.470129
 21
136.83875
  0
LINE
  5
24C
100
AcDbEntity
  8
Layer 1
  6
ByLayer
 62
  256
370
   -1
100
AcDbLine
 10
133.470129
 20
136.83875
 11
133.795914
 21
136.973724
  0
LINE
  5
24D
100
AcDbEntity
  8
Layer 1
  6
ByLayer
 62
  256
370
   -1
100
AcDbLine
 10
133.795914
 20
136.973724
 11
134.265984
 21
137.034191
  0
LINE
  5
24E
100
AcDbEntity
  8
Layer 1
  6
ByLayer
 62
  256
370
   -1
100
AcDbLine
 10
134.265984
 20
137.034191
 11
134.545226
 21
136.98765
  0
LINE
  5
24F
100
AcDbEntity
  8
Layer 1
  6
ByLayer
 62
  256
370
   -1
100
AcDbLine
 10
134.545226
 20
136.98765
 11
134.638307
 21
136.848029
  0
LINE
  5
250
100
AcDbEntity
  8
Layer 1
  6
ByLayer
 62
  256
370
   -1
100
AcDbLine
 10
134.638307
 20
136.848029
 11
134.624345
 21
136.759637
  0
LINE
  5
251
100
AcDbEntity
  8
Layer 1
  6
ByLayer
 62
  256
370
   -1
100
AcDbLine
 10
134.624345
 20
136.759637
 11
134.587075
 21
136.694443
  0
LINE
  5
252
100
AcDbEntity
  8
Layer 1
  6
ByLayer
 62
  256
370
   -1
100
AcDbLine
 10
134.587075
 20
136.694443
 11
134.466064
 21
136.713023
  0
LINE
  5
253
100
AcDbEntity
  8
Layer 1
  6
ByLayer
 62
  256
370
   -1
100
AcDbLine
 10
134.466064
 20
136.713023
 11
134.317128
 21
136.721818
  0
LINE
  5
254
100
AcDbEntity
  8
Layer 1
  6
ByLayer
 62
  256
370
   -1
100
AcDbLine
 10
134.317128
 20
136.721818
 11
133.940144
 21
136.675313
  0
LINE
  5
255
100
AcDbEntity
  8
Layer 1
  6
ByLayer
 62
  256
370
   -1
100
AcDbLine
 10
133.940144
 20
136.675313
 11
133.670208
 21
136.572959
  0
LINE
  5
256
100
AcDbEntity
  8
Layer 1
  6
ByLayer
 62
  256
370
   -1
100
AcDbLine
 10
133.670208
 20
136.572959
 11
133.670186
 21
134.832785
  0
LINE
  5
257
100
AcDbEntity
  8
Layer 1
  6
ByLayer
 62
  256
370
   -1
100
AcDbLine
 10
134.568429
 20
135.018957
 11
134.633624
 21
135.205119
  0
LINE
  5
258
100
AcDbEntity
  8
Layer 1
  6
ByLayer
 62
  256
370
   -1
100
AcDbLine
 10
134.633624
 20
135.205119
 11
134.824447
 21
135.279548
  0
LINE
  5
259
100
AcDbEntity
  8
Layer 1
  6
ByLayer
 62
  256
370
   -1
100
AcDbLine
 10
134.824447
 20
135.279548
 11
135.010608
 21
135.205119
  0
LINE
  5
25A
100
AcDbEntity
  8
Layer 1
  6
ByLayer
 62
  256
370
   -1
100
AcDbLine
 10
135.010608
 20
135.205119
 11
135.075802
 21
135.018957
  0
LINE
  5
25B
100
AcDbEntity
  8
Layer 1
  6
ByLayer
 62
  256
370
   -1
100
AcDbLine
 10
135.075802
 20
135.018957
 11
135.010608
 21
134.837446
  0
LINE
  5
25C
100
AcDbEntity
  8
Layer 1
  6
ByLayer
 62
  256
370
   -1
100
AcDbLine
 10
135.010608
 20
134.837446
 11
134.824447
 21
134.763017
  0
LINE
  5
25D
100
AcDbEntity
  8
Layer 1
  6
ByLayer
 62
  256
370
   -1
100
AcDbLine
 10
134.824447
 20
134.763017
 11
134.633624
 21
134.837446
  0
LINE
  5
25E
100
AcDbEntity
  8
Layer 1
  6
ByLayer
 62
  256
370
   -1
100
AcDbLine
 10
134.633624
 20
134.837446
 11
134.568429
 21
135.018957
  0
LINE
  5
25F
100
AcDbEntity
  8
Layer 1
  6
ByLayer
 62
  256
370
   -1
100
AcDbLine
 10
134.568429
 20
135.018957
 11
134.568429
 21
135.018957
  0
LINE
  5
260
100
AcDbEntity
  8
Layer 1
  6
ByLayer
 62
  256
370
   -1
100
AcDbLine
 10
135.178124
 20
134.143978
 11
135.327059
 21
134.223135
  0
LINE
  5
261
100
AcDbEntity
  8
Layer 1
  6
ByLayer
 62
  256
370
   -1
100
AcDbLine
 10
135.327059
 20
134.223135
 11
135.438758
 21
134.320871
  0
LINE
  5
262
100
AcDbEntity
  8
Layer 1
  6
ByLayer
 62
  256
370
   -1
100
AcDbLine
 10
135.438758
 20
134.320871
 11
135.50857
 21
134.465146
  0
LINE
  5
263
100
AcDbEntity
  8
Layer 1
  6
ByLayer
 62
  256
370
   -1
100
AcDbLine
 10
135.50857
 20
134.465146
 11
135.536495
 21
134.683893
  0
LINE
  5
264
100
AcDbEntity
  8
Layer 1
  6
ByLayer
 62
  256
370
   -1
100
AcDbLine
 10
135.536495
 20
134.683893
 11
135.536495
 21
136.964412
  0
LINE
  5
265
100
AcDbEntity
  8
Layer 1
  6
ByLayer
 62
  256
370
   -1
100
AcDbLine
 10
135.536495
 20
136.964412
 11
135.606307
 21
136.982991
  0
LINE
  5
266
100
AcDbEntity
  8
Layer 1
  6
ByLayer
 62
  256
370
   -1
100
AcDbLine
 10
135.606307
 20
136.982991
 11
135.713388
 21
136.996954
  0
LINE
  5
267
100
AcDbEntity
  8
Layer 1
  6
ByLayer
 62
  256
370
   -1
100
AcDbLine
 10
135.713388
 20
136.996954
 11
135.908862
 21
136.824755
  0
LINE
  5
268
100
AcDbEntity
  8
Layer 1
  6
ByLayer
 62
  256
370
   -1
100
AcDbLine
 10
135.908862
 20
136.824755
 11
135.908862
 21
134.614048
  0
LINE
  5
269
100
AcDbEntity
  8
Layer 1
  6
ByLayer
 62
  256
370
   -1
100
AcDbLine
 10
135.908862
 20
134.614048
 11
135.853012
 21
134.278951
  0
LINE
  5
26A
100
AcDbEntity
  8
Layer 1
  6
ByLayer
 62
  256
370
   -1
100
AcDbLine
 10
135.853012
 20
134.278951
 11
135.713388
 21
134.064854
  0
LINE
  5
26B
100
AcDbEntity
  8
Layer 1
  6
ByLayer
 62
  256
370
   -1
100
AcDbLine
 10
135.713388
 20
134.064854
 11
135.54584
 21
133.948505
  0
LINE
  5
26C
100
AcDbEntity
  8
Layer 1
  6
ByLayer
 62
  256
370
   -1
100
AcDbLine
 10
135.54584
 20
133.948505
 11
135.392254
 21
133.915962
  0
LINE
  5
26D
100
AcDbEntity
  8
Layer 1
  6
ByLayer
 62
  256
370
   -1
100
AcDbLine
 10
135.392254
 20
133.915962
 11
135.229356
 21
133.985774
  0
LINE
  5
26E
100
AcDbEntity
  8
Layer 1
  6
ByLayer
 62
  256
370
   -1
100
AcDbLine
 10
135.229356
 20
133.985774
 11
135.178124
 21
134.144011
  0
LINE
  5
26F
100
AcDbEntity
  8
Layer 1
  6
ByLayer
 62
  256
370
   -1
100
AcDbLine
 10
135.178124
 20
134.144011
 11
135.178124
 21
134.143978
  0
LINE
  5
270
100
AcDbEntity
  8
Layer 1
  6
ByLayer
 62
  256
370
   -1
100
AcDbLine
 10
135.480645
 20
137.653186
 11
135.54584
 21
137.816084
  0
LINE
  5
271
100
AcDbEntity
  8
Layer 1
  6
ByLayer
 62
  256
370
   -1
100
AcDbLine
 10
135.54584
 20
137.816084
 11
135.722689
 21
137.885896
  0
LINE
  5
272
100
AcDbEntity
  8
Layer 1
  6
ByLayer
 62
  256
370
   -1
100
AcDbLine
 10
135.722689
 20
137.885896
 11
135.894899
 21
137.816084
  0
LINE
  5
273
100
AcDbEntity
  8
Layer 1
  6
ByLayer
 62
  256
370
   -1
100
AcDbLine
 10
135.894899
 20
137.816084
 11
135.960094
 21
137.653186
  0
LINE
  5
274
100
AcDbEntity
  8
Layer 1
  6
ByLayer
 62
  256
370
   -1
100
AcDbLine
 10
135.960094
 20
137.653186
 11
135.894899
 21
137.485637
  0
LINE
  5
275
100
AcDbEntity
  8
Layer 1
  6
ByLayer
 62
  256
370
   -1
100
AcDbLine
 10
135.894899
 20
137.485637
 11
135.722689
 21
137.420443
  0
LINE
  5
276
100
AcDbEntity
  8
Layer 1
  6
ByLayer
 62
  256
370
   -1
100
AcDbLine
 10
135.722689
 20
137.420443
 11
135.54584
 21
137.485637
  0
LINE
  5
277
100
AcDbEntity
  8
Layer 1
  6
ByLayer
 62
  256
370
   -1
100
AcDbLine
 10
135.54584
 20
137.485637
 11
135.480645
 21
137.653186
  0
LINE
  5
278
100
AcDbEntity
  8
Layer 1
  6
ByLayer
 62
  256
370
   -1
100
AcDbLine
 10
135.480645
 20
137.653186
 11
135.480645
 21
137.653186
  0
LINE
  5
279
100
AcDbEntity
  8
Layer 1
  6
ByLayer
 62
  256
370
   -1
100
AcDbLine
 10
137.398142
 20
135.065495
 11
137.719277
 21
135.102765
  0
LINE
  5
27A
100
AcDbEntity
  8
Layer 1
  6
ByLayer
 62
  256
370
   -1
100
AcDbLine
 10
137.719277
 20
135.102765
 11
137.905449
 21
135.181921
  0
LINE
  5
27B
100
AcDbEntity
  8
Layer 1
  6
ByLayer
 62
  256
370
   -1
100
AcDbLine
 10
137.905449
 20
135.181921
 11
137.905449
 21
135.856766
  0
LINE
  5
27C
100
AcDbEntity
  8
Layer 1
  6
ByLayer
 62
  256
370
   -1
100
AcDbLine
 10
137.905449
 20
135.856766
 11
137.32833
 21
135.796299
  0
LINE
  5
27D
100
AcDbEntity
  8
Layer 1
  6
ByLayer
 62
  256
370
   -1
100
AcDbLine
 10
137.32833
 20
135.796299
 11
136.96997
 21
135.6846
  0
LINE
  5
27E
100
AcDbEntity
  8
Layer 1
  6
ByLayer
 62
  256
370
   -1
100
AcDbLine
 10
136.96997
 20
135.6846
 11
136.853609
 21
135.433277
  0
LINE
  5
27F
100
AcDbEntity
  8
Layer 1
  6
ByLayer
 62
  256
370
   -1
100
AcDbLine
 10
136.853609
 20
135.433277
 11
136.988582
 21
135.158691
  0
LINE
  5
280
100
AcDbEntity
  8
Layer 1
  6
ByLayer
 62
  256
370
   -1
100
AcDbLine
 10
136.988582
 20
135.158691
 11
137.398142
 21
135.065572
  0
LINE
  5
281
100
AcDbEntity
  8
Layer 1
  6
ByLayer
 62
  256
370
   -1
100
AcDbLine
 10
137.398142
 20
135.065572
 11
137.398142
 21
135.065495
  0
LINE
  5
282
100
AcDbEntity
  8
Layer 1
  6
ByLayer
 62
  256
370
   -1
100
AcDbLine
 10
137.393744
 20
137.034191
 11
138.036014
 21
136.85268
  0
LINE
  5
283
100
AcDbEntity
  8
Layer 1
  6
ByLayer
 62
  256
370
   -1
100
AcDbLine
 10
138.036014
 20
136.85268
 11
138.273374
 21
136.280222
  0
LINE
  5
284
100
AcDbEntity
  8
Layer 1
  6
ByLayer
 62
  256
370
   -1
100
AcDbLine
 10
138.273374
 20
136.280222
 11
138.273374
 21
135.177194
  0
LINE
  5
285
100
AcDbEntity
  8
Layer 1
  6
ByLayer
 62
  256
370
   -1
100
AcDbLine
 10
138.273374
 20
135.177194
 11
138.231487
 21
135.018957
  0
LINE
  5
286
100
AcDbEntity
  8
Layer 1
  6
ByLayer
 62
  256
370
   -1
100
AcDbLine
 10
138.231487
 20
135.018957
 11
138.115138
 21
134.921221
  0
LINE
  5
287
100
AcDbEntity
  8
Layer 1
  6
ByLayer
 62
  256
370
   -1
100
AcDbLine
 10
138.115138
 20
134.921221
 11
137.817266
 21
134.809522
  0
LINE
  5
288
100
AcDbEntity
  8
Layer 1
  6
ByLayer
 62
  256
370
   -1
100
AcDbLine
 10
137.817266
 20
134.809522
 11
137.398395
 21
134.75829
  0
LINE
  5
289
100
AcDbEntity
  8
Layer 1
  6
ByLayer
 62
  256
370
   -1
100
AcDbLine
 10
137.398395
 20
134.75829
 11
136.7189
 21
134.930489
  0
LINE
  5
28A
100
AcDbEntity
  8
Layer 1
  6
ByLayer
 62
  256
370
   -1
100
AcDbLine
 10
136.7189
 20
134.930489
 11
136.481539
 21
135.428484
  0
LINE
  5
28B
100
AcDbEntity
  8
Layer 1
  6
ByLayer
 62
  256
370
   -1
100
AcDbLine
 10
136.481539
 20
135.428484
 11
136.681663
 21
135.889242
  0
LINE
  5
28C
100
AcDbEntity
  8
Layer 1
  6
ByLayer
 62
  256
370
   -1
100
AcDbLine
 10
136.681663
 20
135.889242
 11
137.244809
 21
136.084716
  0
LINE
  5
28D
100
AcDbEntity
  8
Layer 1
  6
ByLayer
 62
  256
370
   -1
100
AcDbLine
 10
137.244809
 20
136.084716
 11
137.905702
 21
136.14991
  0
LINE
  5
28E
100
AcDbEntity
  8
Layer 1
  6
ByLayer
 62
  256
370
   -1
100
AcDbLine
 10
137.905702
 20
136.14991
 11
137.905702
 21
136.280222
  0
LINE
  5
28F
100
AcDbEntity
  8
Layer 1
  6
ByLayer
 62
  256
370
   -1
100
AcDbLine
 10
137.905702
 20
136.280222
 11
137.766078
 21
136.61997
  0
LINE
  5
290
100
AcDbEntity
  8
Layer 1
  6
ByLayer
 62
  256
370
   -1
100
AcDbLine
 10
137.766078
 20
136.61997
 11
137.389094
 21
136.727051
  0
LINE
  5
291
100
AcDbEntity
  8
Layer 1
  6
ByLayer
 62
  256
370
   -1
100
AcDbLine
 10
137.389094
 20
136.727051
 11
137.021411
 21
136.671202
  0
LINE
  5
292
100
AcDbEntity
  8
Layer 1
  6
ByLayer
 62
  256
370
   -1
100
AcDbLine
 10
137.021411
 20
136.671202
 11
136.714238
 21
136.54554
  0
LINE
  5
293
100
AcDbEntity
  8
Layer 1
  6
ByLayer
 62
  256
370
   -1
100
AcDbLine
 10
136.714238
 20
136.54554
 11
136.644426
 21
136.61997
  0
LINE
  5
294
100
AcDbEntity
  8
Layer 1
  6
ByLayer
 62
  256
370
   -1
100
AcDbLine
 10
136.644426
 20
136.61997
 11
136.616502
 21
136.713089
  0
LINE
  5
295
100
AcDbEntity
  8
Layer 1
  6
ByLayer
 62
  256
370
   -1
100
AcDbLine
 10
136.616502
 20
136.713089
 11
136.649044
 21
136.82017
  0
LINE
  5
296
100
AcDbEntity
  8
Layer 1
  6
ByLayer
 62
  256
370
   -1
100
AcDbLine
 10
136.649044
 20
136.82017
 11
136.751398
 21
136.899327
  0
LINE
  5
297
100
AcDbEntity
  8
Layer 1
  6
ByLayer
 62
  256
370
   -1
100
AcDbLine
 10
136.751398
 20
136.899327
 11
137.039957
 21
136.997064
  0
LINE
  5
298
100
AcDbEntity
  8
Layer 1
  6
ByLayer
 62
  256
370
   -1
100
AcDbLine
 10
137.039957
 20
136.997064
 11
137.393667
 21
137.034333
  0
LINE
  5
299
100
AcDbEntity
  8
Layer 1
  6
ByLayer
 62
  256
370
   -1
100
AcDbLine
 10
137.393667
 20
137.034333
 11
137.393744
 21
137.034191
  0
LINE
  5
29A
100
AcDbEntity
  8
Layer 1
  6
ByLayer
 62
  256
370
   -1
100
AcDbLine
 10
139.688225
 20
134.762973
 11
139.157655
 21
134.907258
  0
LINE
  5
29B
100
AcDbEntity
  8
Layer 1
  6
ByLayer
 62
  256
370
   -1
100
AcDbLine
 10
139.157655
 20
134.907258
 11
138.957531
 21
135.38663
  0
LINE
  5
29C
100
AcDbEntity
  8
Layer 1
  6
ByLayer
 62
  256
370
   -1
100
AcDbLine
 10
138.957531
 20
135.38663
 11
138.957531
 21
137.597336
  0
LINE
  5
29D
100
AcDbEntity
  8
Layer 1
  6
ByLayer
 62
  256
370
   -1
100
AcDbLine
 10
138.957531
 20
137.597336
 11
139.027343
 21
137.615916
  0
LINE
  5
29E
100
AcDbEntity
  8
Layer 1
  6
ByLayer
 62
  256
370
   -1
100
AcDbLine
 10
139.027343
 20
137.615916
 11
139.134424
 21
137.629878
  0
LINE
  5
29F
100
AcDbEntity
  8
Layer 1
  6
ByLayer
 62
  256
370
   -1
100
AcDbLine
 10
139.134424
 20
137.629878
 11
139.329898
 21
137.46233
  0
LINE
  5
2A0
100
AcDbEntity
  8
Layer 1
  6
ByLayer
 62
  256
370
   -1
100
AcDbLine
 10
139.329898
 20
137.46233
 11
139.329898
 21
136.927109
  0
LINE
  5
2A1
100
AcDbEntity
  8
Layer 1
  6
ByLayer
 62
  256
370
   -1
100
AcDbLine
 10
139.329898
 20
136.927109
 11
140.093167
 21
136.927109
  0
LINE
  5
2A2
100
AcDbEntity
  8
Layer 1
  6
ByLayer
 62
  256
370
   -1
100
AcDbLine
 10
140.093167
 20
136.927109
 11
140.121092
 21
136.861915
  0
LINE
  5
2A3
100
AcDbEntity
  8
Layer 1
  6
ByLayer
 62
  256
370
   -1
100
AcDbLine
 10
140.121092
 20
136.861915
 11
140.135054
 21
136.77814
  0
LINE
  5
2A4
100
AcDbEntity
  8
Layer 1
  6
ByLayer
 62
  256
370
   -1
100
AcDbLine
 10
140.135054
 20
136.77814
 11
139.99543
 21
136.619893
  0
LINE
  5
2A5
100
AcDbEntity
  8
Layer 1
  6
ByLayer
 62
  256
370
   -1
100
AcDbLine
 10
139.99543
 20
136.619893
 11
139.329678
 21
136.619893
  0
LINE
  5
2A6
100
AcDbEntity
  8
Layer 1
  6
ByLayer
 62
  256
370
   -1
100
AcDbLine
 10
139.329678
 20
136.619893
 11
139.329678
 21
135.409827
  0
LINE
  5
2A7
100
AcDbEntity
  8
Layer 1
  6
ByLayer
 62
  256
370
   -1
100
AcDbLine
 10
139.329678
 20
135.409827
 11
139.432032
 21
135.144542
  0
LINE
  5
2A8
100
AcDbEntity
  8
Layer 1
  6
ByLayer
 62
  256
370
   -1
100
AcDbLine
 10
139.432032
 20
135.144542
 11
139.729892
 21
135.070112
  0
LINE
  5
2A9
100
AcDbEntity
  8
Layer 1
  6
ByLayer
 62
  256
370
   -1
100
AcDbLine
 10
139.729892
 20
135.070112
 11
139.906753
 21
135.098037
  0
LINE
  5
2AA
100
AcDbEntity
  8
Layer 1
  6
ByLayer
 62
  256
370
   -1
100
AcDbLine
 10
139.906753
 20
135.098037
 11
140.069651
 21
135.163232
  0
LINE
  5
2AB
100
AcDbEntity
  8
Layer 1
  6
ByLayer
 62
  256
370
   -1
100
AcDbLine
 10
140.069651
 20
135.163232
 11
140.120883
 21
135.09342
  0
LINE
  5
2AC
100
AcDbEntity
  8
Layer 1
  6
ByLayer
 62
  256
370
   -1
100
AcDbLine
 10
140.120883
 20
135.09342
 11
140.14419
 21
134.995683
  0
LINE
  5
2AD
100
AcDbEntity
  8
Layer 1
  6
ByLayer
 62
  256
370
   -1
100
AcDbLine
 10
140.14419
 20
134.995683
 11
140.023179
 21
134.828134
  0
LINE
  5
2AE
100
AcDbEntity
  8
Layer 1
  6
ByLayer
 62
  256
370
   -1
100
AcDbLine
 10
140.023179
 20
134.828134
 11
139.688082
 21
134.76294
  0
LINE
  5
2AF
100
AcDbEntity
  8
Layer 1
  6
ByLayer
 62
  256
370
   -1
100
AcDbLine
 10
139.688082
 20
134.76294
 11
139.688225
 21
134.762973
  0
LINE
  5
2B0
100
AcDbEntity
  8
Layer 1
  6
ByLayer
 62
  256
370
   -1
100
AcDbLine
 10
141.480071
 20
135.065495
 11
141.801206
 21
135.102765
  0
LINE
  5
2B1
100
AcDbEntity
  8
Layer 1
  6
ByLayer
 62
  256
370
   -1
100
AcDbLine
 10
141.801206
 20
135.102765
 11
141.987367
 21
135.181921
  0
LINE
  5
2B2
100
AcDbEntity
  8
Layer 1
  6
ByLayer
 62
  256
370
   -1
100
AcDbLine
 10
141.987367
 20
135.181921
 11
141.987367
 21
135.856766
  0
LINE
  5
2B3
100
AcDbEntity
  8
Layer 1
  6
ByLayer
 62
  256
370
   -1
100
AcDbLine
 10
141.987367
 20
135.856766
 11
141.410259
 21
135.796299
  0
LINE
  5
2B4
100
AcDbEntity
  8
Layer 1
  6
ByLayer
 62
  256
370
   -1
100
AcDbLine
 10
141.410259
 20
135.796299
 11
141.051888
 21
135.6846
  0
LINE
  5
2B5
100
AcDbEntity
  8
Layer 1
  6
ByLayer
 62
  256
370
   -1
100
AcDbLine
 10
141.051888
 20
135.6846
 11
140.935538
 21
135.433277
  0
LINE
  5
2B6
100
AcDbEntity
  8
Layer 1
  6
ByLayer
 62
  256
370
   -1
100
AcDbLine
 10
140.935538
 20
135.433277
 11
141.070501
 21
135.158691
  0
LINE
  5
2B7
100
AcDbEntity
  8
Layer 1
  6
ByLayer
 62
  256
370
   -1
100
AcDbLine
 10
141.070501
 20
135.158691
 11
141.480071
 21
135.065572
  0
LINE
  5
2B8
100
AcDbEntity
  8
Layer 1
  6
ByLayer
 62
  256
370
   -1
100
AcDbLine
 10
141.480071
 20
135.065572
 11
141.480071
 21
135.065495
  0
LINE
  5
2B9
100
AcDbEntity
  8
Layer 1
  6
ByLayer
 62
  256
370
   -1
100
AcDbLine
 10
141.475674
 20
137.034191
 11
142.117943
 21
136.85268
  0
LINE
  5
2BA
100
AcDbEntity
  8
Layer 1
  6
ByLayer
 62
  256
370
   -1
100
AcDbLine
 10
142.117943
 20
136.85268
 11
142.355304
 21
136.280222
  0
LINE
  5
2BB
100
AcDbEntity
  8
Layer 1
  6
ByLayer
 62
  256
370
   -1
100
AcDbLine
 10
142.355304
 20
136.280222
 11
142.355304
 21
135.177194
  0
LINE
  5
2BC
100
AcDbEntity
  8
Layer 1
  6
ByLayer
 62
  256
370
   -1
100
AcDbLine
 10
142.355304
 20
135.177194
 11
142.313416
 21
135.018957
  0
LINE
  5
2BD
100
AcDbEntity
  8
Layer 1
  6
ByLayer
 62
  256
370
   -1
100
AcDbLine
 10
142.313416
 20
135.018957
 11
142.197067
 21
134.921221
  0
LINE
  5
2BE
100
AcDbEntity
  8
Layer 1
  6
ByLayer
 62
  256
370
   -1
100
AcDbLine
 10
142.197067
 20
134.921221
 11
141.899206
 21
134.809522
  0
LINE
  5
2BF
100
AcDbEntity
  8
Layer 1
  6
ByLayer
 62
  256
370
   -1
100
AcDbLine
 10
141.899206
 20
134.809522
 11
141.480335
 21
134.75829
  0
LINE
  5
2C0
100
AcDbEntity
  8
Layer 1
  6
ByLayer
 62
  256
370
   -1
100
AcDbLine
 10
141.480335
 20
134.75829
 11
140.800829
 21
134.930489
  0
LINE
  5
2C1
100
AcDbEntity
  8
Layer 1
  6
ByLayer
 62
  256
370
   -1
100
AcDbLine
 10
140.800829
 20
134.930489
 11
140.563468
 21
135.428484
  0
LINE
  5
2C2
100
AcDbEntity
  8
Layer 1
  6
ByLayer
 62
  256
370
   -1
100
AcDbLine
 10
140.563468
 20
135.428484
 11
140.763592
 21
135.889242
  0
LINE
  5
2C3
100
AcDbEntity
  8
Layer 1
  6
ByLayer
 62
  256
370
   -1
100
AcDbLine
 10
140.763592
 20
135.889242
 11
141.326749
 21
136.084716
  0
LINE
  5
2C4
100
AcDbEntity
  8
Layer 1
  6
ByLayer
 62
  256
370
   -1
100
AcDbLine
 10
141.326749
 20
136.084716
 11
141.987631
 21
136.14991
  0
LINE
  5
2C5
100
AcDbEntity
  8
Layer 1
  6
ByLayer
 62
  256
370
   -1
100
AcDbLine
 10
141.987631
 20
136.14991
 11
141.987631
 21
136.280222
  0
LINE
  5
2C6
100
AcDbEntity
  8
Layer 1
  6
ByLayer
 62
  256
370
   -1
100
AcDbLine
 10
141.987631
 20
136.280222
 11
141.848007
 21
136.61997
  0
LINE
  5
2C7
100
AcDbEntity
  8
Layer 1
  6
ByLayer
 62
  256
370
   -1
100
AcDbLine
 10
141.848007
 20
136.61997
 11
141.471023
 21
136.727051
  0
LINE
  5
2C8
100
AcDbEntity
  8
Layer 1
  6
ByLayer
 62
  256
370
   -1
100
AcDbLine
 10
141.471023
 20
136.727051
 11
141.103351
 21
136.671202
  0
LINE
  5
2C9
100
AcDbEntity
  8
Layer 1
  6
ByLayer
 62
  256
370
   -1
100
AcDbLine
 10
141.103351
 20
136.671202
 11
140.796178
 21
136.54554
  0
LINE
  5
2CA
100
AcDbEntity
  8
Layer 1
  6
ByLayer
 62
  256
370
   -1
100
AcDbLine
 10
140.796178
 20
136.54554
 11
140.726367
 21
136.61997
  0
LINE
  5
2CB
100
AcDbEntity
  8
Layer 1
  6
ByLayer
 62
  256
370
   -1
100
AcDbLine
 10
140.726367
 20
136.61997
 11
140.698442
 21
136.713089
  0
LINE
  5
2CC
100
AcDbEntity
  8
Layer 1
  6
ByLayer
 62
  256
370
   -1
100
AcDbLine
 10
140.698442
 20
136.713089
 11
140.730984
 21
136.82017
  0
LINE
  5
2CD
100
AcDbEntity
  8
Layer 1
  6
ByLayer
 62
  256
370
   -1
100
AcDbLine
 10
140.730984
 20
136.82017
 11
140.833338
 21
136.899327
  0
LINE
  5
2CE
100
AcDbEntity
  8
Layer 1
  6
ByLayer
 62
  256
370
   -1
100
AcDbLine
 10
140.833338
 20
136.899327
 11
141.121898
 21
136.997064
  0
LINE
  5
2CF
100
AcDbEntity
  8
Layer 1
  6
ByLayer
 62
  256
370
   -1
100
AcDbLine
 10
141.121898
 20
136.997064
 11
141.475608
 21
137.034333
  0
LINE
  5
2D0
100
AcDbEntity
  8
Layer 1
  6
ByLayer
 62
  256
370
   -1
100
AcDbLine
 10
141.475608
 20
137.034333
 11
141.475674
 21
137.034191
  0
LINE
  5
2D1
100
AcDbEntity
  8
Layer 1
  6
ByLayer
 62
  256
370
   -1
100
AcDbLine
 10
143.430407
 20
134.832785
 11
143.360595
 21
134.814205
  0
LINE
  5
2D2
100
AcDbEntity
  8
Layer 1
  6
ByLayer
 62
  256
370
   -1
100
AcDbLine
 10
143.360595
 20
134.814205
 11
143.258241
 21
134.800243
  0
LINE
  5
2D3
100
AcDbEntity
  8
Layer 1
  6
ByLayer
 62
  256
370
   -1
100
AcDbLine
 10
143.258241
 20
134.800243
 11
143.058117
 21
134.967791
  0
LINE
  5
2D4
100
AcDbEntity
  8
Layer 1
  6
ByLayer
 62
  256
370
   -1
100
AcDbLine
 10
143.058117
 20
134.967791
 11
143.058117
 21
136.964412
  0
LINE
  5
2D5
100
AcDbEntity
  8
Layer 1
  6
ByLayer
 62
  256
370
   -1
100
AcDbLine
 10
143.058117
 20
136.964412
 11
143.127929
 21
136.982991
  0
LINE
  5
2D6
100
AcDbEntity
  8
Layer 1
  6
ByLayer
 62
  256
370
   -1
100
AcDbLine
 10
143.127929
 20
136.982991
 11
143.23501
 21
136.996954
  0
LINE
  5
2D7
100
AcDbEntity
  8
Layer 1
  6
ByLayer
 62
  256
370
   -1
100
AcDbLine
 10
143.23501
 20
136.996954
 11
143.430484
 21
136.824755
  0
LINE
  5
2D8
100
AcDbEntity
  8
Layer 1
  6
ByLayer
 62
  256
370
   -1
100
AcDbLine
 10
143.430484
 20
136.824755
 11
143.430407
 21
134.832785
  0
LINE
  5
2D9
100
AcDbEntity
  8
Layer 1
  6
ByLayer
 62
  256
370
   -1
100
AcDbLine
 10
143.002234
 20
137.653186
 11
143.067429
 21
137.816084
  0
LINE
  5
2DA
100
AcDbEntity
  8
Layer 1
  6
ByLayer
 62
  256
370
   -1
100
AcDbLine
 10
143.067429
 20
137.816084
 11
143.244289
 21
137.885896
  0
LINE
  5
2DB
100
AcDbEntity
  8
Layer 1
  6
ByLayer
 62
  256
370
   -1
100
AcDbLine
 10
143.244289
 20
137.885896
 11
143.416488
 21
137.816084
  0
LINE
  5
2DC
100
AcDbEntity
  8
Layer 1
  6
ByLayer
 62
  256
370
   -1
100
AcDbLine
 10
143.416488
 20
137.816084
 11
143.481683
 21
137.653186
  0
LINE
  5
2DD
100
AcDbEntity
  8
Layer 1
  6
ByLayer
 62
  256
370
   -1
100
AcDbLine
 10
143.481683
 20
137.653186
 11
143.416488
 21
137.485637
  0
LINE
  5
2DE
100
AcDbEntity
  8
Layer 1
  6
ByLayer
 62
  256
370
   -1
100
AcDbLine
 10
143.416488
 20
137.485637
 11
143.244289
 21
137.420443
  0
LINE
  5
2DF
100
AcDbEntity
  8
Layer 1
  6
ByLayer
 62
  256
370
   -1
100
AcDbLine
 10
143.244289
 20
137.420443
 11
143.067429
 21
137.485637
  0
LINE
  5
2E0
100
AcDbEntity
  8
Layer 1
  6
ByLayer
 62
  256
370
   -1
100
AcDbLine
 10
143.067429
 20
137.485637
 11
143.002234
 21
137.653186
  0
LINE
  5
2E1
100
AcDbEntity
  8
Layer 1
  6
ByLayer
 62
  256
370
   -1
100
AcDbLine
 10
143.002234
 20
137.653186
 11
143.002234
 21
137.653186
  0
LINE
  5
2E2
100
AcDbEntity
  8
Layer 1
  6
ByLayer
 62
  256
370
   -1
100
AcDbLine
 10
114.213731
 20
144.123693
 11
113.568993
 21
144.027149
  0
LINE
  5
2E3
100
AcDbEntity
  8
Layer 1
  6
ByLayer
 62
  256
370
   -1
100
AcDbLine
 10
113.568993
 20
144.027149
 11
112.992143
 21
143.753129
  0
LINE
  5
2E4
100
AcDbEntity
  8
Layer 1
  6
ByLayer
 62
  256
370
   -1
100
AcDbLine
 10
112.992143
 20
143.753129
 11
112.51823
 21
143.325052
  0
LINE
  5
2E5
100
AcDbEntity
  8
Layer 1
  6
ByLayer
 62
  256
370
   -1
100
AcDbLine
 10
112.51823
 20
143.325052
 11
112.182305
 21
142.766338
  0
LINE
  5
2E6
100
AcDbEntity
  8
Layer 1
  6
ByLayer
 62
  256
370
   -1
100
AcDbLine
 10
112.182305
 20
142.766338
 11
112.024769
 21
142.133732
  0
LINE
  5
2E7
100
AcDbEntity
  8
Layer 1
  6
ByLayer
 62
  256
370
   -1
100
AcDbLine
 10
112.024769
 20
142.133732
 11
112.05718
 21
141.495929
  0
LINE
  5
2E8
100
AcDbEntity
  8
Layer 1
  6
ByLayer
 62
  256
370
   -1
100
AcDbLine
 10
112.05718
 20
141.495929
 11
112.271313
 21
140.894273
  0
LINE
  5
2E9
100
AcDbEntity
  8
Layer 1
  6
ByLayer
 62
  256
370
   -1
100
AcDbLine
 10
112.271313
 20
140.894273
 11
112.658944
 21
140.370107
  0
LINE
  5
2EA
100
AcDbEntity
  8
Layer 1
  6
ByLayer
 62
  256
370
   -1
100
AcDbLine
 10
112.658944
 20
140.370107
 11
113.18311
 21
139.982476
  0
LINE
  5
2EB
100
AcDbEntity
  8
Layer 1
  6
ByLayer
 62
  256
370
   -1
100
AcDbLine
 10
113.18311
 20
139.982476
 11
113.784766
 21
139.768343
  0
LINE
  5
2EC
100
AcDbEntity
  8
Layer 1
  6
ByLayer
 62
  256
370
   -1
100
AcDbLine
 10
113.784766
 20
139.768343
 11
114.422569
 21
139.735932
  0
LINE
  5
2ED
100
AcDbEntity
  8
Layer 1
  6
ByLayer
 62
  256
370
   -1
100
AcDbLine
 10
114.422569
 20
139.735932
 11
115.055175
 21
139.893467
  0
LINE
  5
2EE
100
AcDbEntity
  8
Layer 1
  6
ByLayer
 62
  256
370
   -1
100
AcDbLine
 10
115.055175
 20
139.893467
 11
115.613889
 21
140.229393
  0
LINE
  5
2EF
100
AcDbEntity
  8
Layer 1
  6
ByLayer
 62
  256
370
   -1
100
AcDbLine
 10
115.613889
 20
140.229393
 11
116.041966
 21
140.703306
  0
LINE
  5
2F0
100
AcDbEntity
  8
Layer 1
  6
ByLayer
 62
  256
370
   -1
100
AcDbLine
 10
116.041966
 20
140.703306
 11
116.315987
 21
141.280156
  0
LINE
  5
2F1
100
AcDbEntity
  8
Layer 1
  6
ByLayer
 62
  256
370
   -1
100
AcDbLine
 10
116.315987
 20
141.280156
 11
116.412531
 21
141.924893
  0
LINE
  5
2F2
100
AcDbEntity
  8
Layer 1
  6
ByLayer
 62
  256
370
   -1
100
AcDbLine
 10
116.412531
 20
141.924893
 11
116.245157
 21
142.766338
  0
LINE
  5
2F3
100
AcDbEntity
  8
Layer 1
  6
ByLayer
 62
  256
370
   -1
100
AcDbLine
 10
116.245157
 20
142.766338
 11
115.768517
 21
143.47968
  0
LINE
  5
2F4
100
AcDbEntity
  8
Layer 1
  6
ByLayer
 62
  256
370
   -1
100
AcDbLine
 10
115.768517
 20
143.47968
 11
115.055175
 21
143.95632
  0
LINE
  5
2F5
100
AcDbEntity
  8
Layer 1
  6
ByLayer
 62
  256
370
   -1
100
AcDbLine
 10
115.055175
 20
143.95632
 11
114.213731
 21
144.123693
  0
LINE
  5
2F6
100
AcDbEntity
  8
Layer 1
  6
ByLayer
 62
  256
370
   -1
100
AcDbLine
 10
114.213731
 20
144.123693
 11
114.213731
 21
144.123693
  0
LINE
  5
2F7
100
AcDbEntity
  8
Layer 1
  6
ByLayer
 62
  256
370
   -1
100
AcDbLine
 10
108.836431
 20
110.715125
 11
138.107271
 21
110.715125
  0
LINE
  5
2F8
100
AcDbEntity
  8
Layer 1
  6
ByLayer
 62
  256
370
   -1
100
AcDbLine
 10
138.107271
 20
110.715125
 11
138.967161
 21
110.541522
  0
LINE
  5
2F9
100
AcDbEntity
  8
Layer 1
  6
ByLayer
 62
  256
370
   -1
100
AcDbLine
 10
138.967161
 20
110.541522
 11
139.669355
 21
110.068089
  0
LINE
  5
2FA
100
AcDbEntity
  8
Layer 1
  6
ByLayer
 62
  256
370
   -1
100
AcDbLine
 10
139.669355
 20
110.068089
 11
140.142788
 21
109.365894
  0
LINE
  5
2FB
100
AcDbEntity
  8
Layer 1
  6
ByLayer
 62
  256
370
   -1
100
AcDbLine
 10
140.142788
 20
109.365894
 11
140.316391
 21
108.506005
  0
LINE
  5
2FC
100
AcDbEntity
  8
Layer 1
  6
ByLayer
 62
  256
370
   -1
100
AcDbLine
 10
140.316391
 20
108.506005
 11
140.316391
 21
100.774085
  0
LINE
  5
2FD
100
AcDbEntity
  8
Layer 1
  6
ByLayer
 62
  256
370
   -1
100
AcDbLine
 10
140.316391
 20
100.774085
 11
140.142788
 21
99.914196
  0
LINE
  5
2FE
100
AcDbEntity
  8
Layer 1
  6
ByLayer
 62
  256
370
   -1
100
AcDbLine
 10
140.142788
 20
99.914196
 11
139.669355
 21
99.212002
  0
LINE
  5
2FF
100
AcDbEntity
  8
Layer 1
  6
ByLayer
 62
  256
370
   -1
100
AcDbLine
 10
139.669355
 20
99.212002
 11
138.967161
 21
98.738569
  0
LINE
  5
300
100
AcDbEntity
  8
Layer 1
  6
ByLayer
 62
  256
370
   -1
100
AcDbLine
 10
138.967161
 20
98.738569
 11
138.107271
 21
98.564965
  0
LINE
  5
301
100
AcDbEntity
  8
Layer 1
  6
ByLayer
 62
  256
370
   -1
100
AcDbLine
 10
138.107271
 20
98.564965
 11
108.836431
 21
98.564965
  0
LINE
  5
302
100
AcDbEntity
  8
Layer 1
  6
ByLayer
 62
  256
370
   -1
100
AcDbLine
 10
108.836431
 20
98.564965
 11
107.991038
 21
98.733125
  0
LINE
  5
303
100
AcDbEntity
  8
Layer 1
  6
ByLayer
 62
  256
370
   -1
100
AcDbLine
 10
107.991038
 20
98.733125
 11
107.274348
 21
99.212002
  0
LINE
  5
304
100
AcDbEntity
  8
Layer 1
  6
ByLayer
 62
  256
370
   -1
100
AcDbLine
 10
107.274348
 20
99.212002
 11
106.795471
 21
99.928692
  0
LINE
  5
305
100
AcDbEntity
  8
Layer 1
  6
ByLayer
 62
  256
370
   -1
100
AcDbLine
 10
106.795471
 20
99.928692
 11
106.627311
 21
100.774085
  0
LINE
  5
306
100
AcDbEntity
  8
Layer 1
  6
ByLayer
 62
  256
370
   -1
100
AcDbLine
 10
106.627311
 20
100.774085
 11
106.627311
 21
108.506005
  0
LINE
  5
307
100
AcDbEntity
  8
Layer 1
  6
ByLayer
 62
  256
370
   -1
100
AcDbLine
 10
106.627311
 20
108.506005
 11
106.795471
 21
109.351399
  0
LINE
  5
308
100
AcDbEntity
  8
Layer 1
  6
ByLayer
 62
  256
370
   -1
100
AcDbLine
 10
106.795471
 20
109.351399
 11
107.274348
 21
110.068089
  0
LINE
  5
309
100
AcDbEntity
  8
Layer 1
  6
ByLayer
 62
  256
370
   -1
100
AcDbLine
 10
107.274348
 20
110.068089
 11
107.991038
 21
110.546966
  0
LINE
  5
30A
100
AcDbEntity
  8
Layer 1
  6
ByLayer
 62
  256
370
   -1
100
AcDbLine
 10
107.991038
 20
110.546966
 11
108.836431
 21
110.715125
  0
LINE
  5
30B
100
AcDbEntity
  8
Layer 1
  6
ByLayer
 62
  256
370
   -1
100
AcDbLine
 10
108.836431
 20
110.715125
 11
108.836431
 21
110.715125
  0
LINE
  5
30C
100
AcDbEntity
  8
Layer 1
  6
ByLayer
 62
  256
370
   -1
100
AcDbLine
 10
110.404862
 20
100.821725
 11
110.521758
 21
100.760974
  0
LINE
  5
30D
100
AcDbEntity
  8
Layer 1
  6
ByLayer
 62
  256
370
   -1
100
AcDbLine
 10
110.521758
 20
100.760974
 11
110.680748
 21
100.737557
  0
LINE
  5
30E
100
AcDbEntity
  8
Layer 1
  6
ByLayer
 62
  256
370
   -1
100
AcDbLine
 10
110.680748
 20
100.737557
 11
110.947279
 21
100.807697
  0
LINE
  5
30F
100
AcDbEntity
  8
Layer 1
  6
ByLayer
 62
  256
370
   -1
100
AcDbLine
 10
110.947279
 20
100.807697
 11
111.138986
 21
101.004088
  0
LINE
  5
310
100
AcDbEntity
  8
Layer 1
  6
ByLayer
 62
  256
370
   -1
100
AcDbLine
 10
111.138986
 20
101.004088
 11
111.255893
 21
101.312702
  0
LINE
  5
311
100
AcDbEntity
  8
Layer 1
  6
ByLayer
 62
  256
370
   -1
100
AcDbLine
 10
111.255893
 20
101.312702
 11
111.293337
 21
101.7008
  0
LINE
  5
312
100
AcDbEntity
  8
Layer 1
  6
ByLayer
 62
  256
370
   -1
100
AcDbLine
 10
111.293337
 20
101.7008
 11
111.181114
 21
102.308684
  0
LINE
  5
313
100
AcDbEntity
  8
Layer 1
  6
ByLayer
 62
  256
370
   -1
100
AcDbLine
 10
111.181114
 20
102.308684
 11
110.858472
 21
102.780949
  0
LINE
  5
314
100
AcDbEntity
  8
Layer 1
  6
ByLayer
 62
  256
370
   -1
100
AcDbLine
 10
110.858472
 20
102.780949
 11
110.35814
 21
103.084891
  0
LINE
  5
315
100
AcDbEntity
  8
Layer 1
  6
ByLayer
 62
  256
370
   -1
100
AcDbLine
 10
110.35814
 20
103.084891
 11
109.698828
 21
103.197114
  0
LINE
  5
316
100
AcDbEntity
  8
Layer 1
  6
ByLayer
 62
  256
370
   -1
100
AcDbLine
 10
109.698828
 20
103.197114
 11
108.960021
 21
103.066191
  0
LINE
  5
317
100
AcDbEntity
  8
Layer 1
  6
ByLayer
 62
  256
370
   -1
100
AcDbLine
 10
108.960021
 20
103.066191
 11
108.394232
 21
102.701465
  0
LINE
  5
318
100
AcDbEntity
  8
Layer 1
  6
ByLayer
 62
  256
370
   -1
100
AcDbLine
 10
108.394232
 20
102.701465
 11
108.038862
 21
102.135665
  0
LINE
  5
319
100
AcDbEntity
  8
Layer 1
  6
ByLayer
 62
  256
370
   -1
100
AcDbLine
 10
108.038862
 20
102.135665
 11
107.912611
 21
101.406225
  0
LINE
  5
31A
100
AcDbEntity
  8
Layer 1
  6
ByLayer
 62
  256
370
   -1
100
AcDbLine
 10
107.912611
 20
101.406225
 11
108.029506
 21
100.709502
  0
LINE
  5
31B
100
AcDbEntity
  8
Layer 1
  6
ByLayer
 62
  256
370
   -1
100
AcDbLine
 10
108.029506
 20
100.709502
 11
108.366176
 21
100.181113
  0
LINE
  5
31C
100
AcDbEntity
  8
Layer 1
  6
ByLayer
 62
  256
370
   -1
100
AcDbLine
 10
108.366176
 20
100.181113
 11
108.885209
 21
99.844443
  0
LINE
  5
31D
100
AcDbEntity
  8
Layer 1
  6
ByLayer
 62
  256
370
   -1
100
AcDbLine
 10
108.885209
 20
99.844443
 11
109.558549
 21
99.722876
  0
LINE
  5
31E
100
AcDbEntity
  8
Layer 1
  6
ByLayer
 62
  256
370
   -1
100
AcDbLine
 10
109.558549
 20
99.722876
 11
109.871835
 21
99.746292
  0
LINE
  5
31F
100
AcDbEntity
  8
Layer 1
  6
ByLayer
 62
  256
370
   -1
100
AcDbLine
 10
109.871835
 20
99.746292
 11
110.100965
 21
99.793015
  0
LINE
  5
320
100
AcDbEntity
  8
Layer 1
  6
ByLayer
 62
  256
370
   -1
100
AcDbLine
 10
110.100965
 20
99.793015
 11
110.161716
 21
99.648053
  0
LINE
  5
321
100
AcDbEntity
  8
Layer 1
  6
ByLayer
 62
  256
370
   -1
100
AcDbLine
 10
110.161716
 20
99.648053
 11
110.021436
 21
99.47971800000001
  0
LINE
  5
322
100
AcDbEntity
  8
Layer 1
  6
ByLayer
 62
  256
370
   -1
100
AcDbLine
 10
110.021436
 20
99.47971800000001
 11
109.53046
 21
99.41896699999999
  0
LINE
  5
323
100
AcDbEntity
  8
Layer 1
  6
ByLayer
 62
  256
370
   -1
100
AcDbLine
 10
109.53046
 20
99.41896699999999
 11
108.716841
 21
99.559246
  0
LINE
  5
324
100
AcDbEntity
  8
Layer 1
  6
ByLayer
 62
  256
370
   -1
100
AcDbLine
 10
108.716841
 20
99.559246
 11
108.090257
 21
99.956711
  0
LINE
  5
325
100
AcDbEntity
  8
Layer 1
  6
ByLayer
 62
  256
370
   -1
100
AcDbLine
 10
108.090257
 20
99.956711
 11
107.683447
 21
100.578611
  0
LINE
  5
326
100
AcDbEntity
  8
Layer 1
  6
ByLayer
 62
  256
370
   -1
100
AcDbLine
 10
107.683447
 20
100.578611
 11
107.543168
 21
101.406258
  0
LINE
  5
327
100
AcDbEntity
  8
Layer 1
  6
ByLayer
 62
  256
370
   -1
100
AcDbLine
 10
107.543168
 20
101.406258
 11
107.692803
 21
102.266633
  0
LINE
  5
328
100
AcDbEntity
  8
Layer 1
  6
ByLayer
 62
  256
370
   -1
100
AcDbLine
 10
107.692803
 20
102.266633
 11
108.127668
 21
102.925945
  0
LINE
  5
329
100
AcDbEntity
  8
Layer 1
  6
ByLayer
 62
  256
370
   -1
100
AcDbLine
 10
108.127668
 20
102.925945
 11
108.80568
 21
103.351466
  0
LINE
  5
32A
100
AcDbEntity
  8
Layer 1
  6
ByLayer
 62
  256
370
   -1
100
AcDbLine
 10
108.80568
 20
103.351466
 11
109.694111
 21
103.501089
  0
LINE
  5
32B
100
AcDbEntity
  8
Layer 1
  6
ByLayer
 62
  256
370
   -1
100
AcDbLine
 10
109.694111
 20
103.501089
 11
110.517086
 21
103.370166
  0
LINE
  5
32C
100
AcDbEntity
  8
Layer 1
  6
ByLayer
 62
  256
370
   -1
100
AcDbLine
 10
110.517086
 20
103.370166
 11
111.134314
 21
103.00544
  0
LINE
  5
32D
100
AcDbEntity
  8
Layer 1
  6
ByLayer
 62
  256
370
   -1
100
AcDbLine
 10
111.134314
 20
103.00544
 11
111.527095
 21
102.434968
  0
LINE
  5
32E
100
AcDbEntity
  8
Layer 1
  6
ByLayer
 62
  256
370
   -1
100
AcDbLine
 10
111.527095
 20
102.434968
 11
111.662702
 21
101.696172
  0
LINE
  5
32F
100
AcDbEntity
  8
Layer 1
  6
ByLayer
 62
  256
370
   -1
100
AcDbLine
 10
111.662702
 20
101.696172
 11
111.600745
 21
101.157263
  0
LINE
  5
330
100
AcDbEntity
  8
Layer 1
  6
ByLayer
 62
  256
370
   -1
100
AcDbLine
 10
111.600745
 20
101.157263
 11
111.414872
 21
100.756302
  0
LINE
  5
331
100
AcDbEntity
  8
Layer 1
  6
ByLayer
 62
  256
370
   -1
100
AcDbLine
 10
111.414872
 20
100.756302
 11
111.107426
 21
100.510808
  0
LINE
  5
332
100
AcDbEntity
  8
Layer 1
  6
ByLayer
 62
  256
370
   -1
100
AcDbLine
 10
111.107426
 20
100.510808
 11
110.680748
 21
100.428977
  0
LINE
  5
333
100
AcDbEntity
  8
Layer 1
  6
ByLayer
 62
  256
370
   -1
100
AcDbLine
 10
110.680748
 20
100.428977
 11
110.390834
 21
100.475699
  0
LINE
  5
334
100
AcDbEntity
  8
Layer 1
  6
ByLayer
 62
  256
370
   -1
100
AcDbLine
 10
110.390834
 20
100.475699
 11
110.143004
 21
100.611306
  0
LINE
  5
335
100
AcDbEntity
  8
Layer 1
  6
ByLayer
 62
  256
370
   -1
100
AcDbLine
 10
110.143004
 20
100.611306
 11
109.909213
 21
100.494411
  0
LINE
  5
336
100
AcDbEntity
  8
Layer 1
  6
ByLayer
 62
  256
370
   -1
100
AcDbLine
 10
109.909213
 20
100.494411
 11
109.586571
 21
100.452327
  0
LINE
  5
337
100
AcDbEntity
  8
Layer 1
  6
ByLayer
 62
  256
370
   -1
100
AcDbLine
 10
109.586571
 20
100.452327
 11
109.21249
 21
100.513078
  0
LINE
  5
338
100
AcDbEntity
  8
Layer 1
  6
ByLayer
 62
  256
370
   -1
100
AcDbLine
 10
109.21249
 20
100.513078
 11
108.927259
 21
100.695441
  0
LINE
  5
339
100
AcDbEntity
  8
Layer 1
  6
ByLayer
 62
  256
370
   -1
100
AcDbLine
 10
108.927259
 20
100.695441
 11
108.744896
 21
100.990027
  0
LINE
  5
33A
100
AcDbEntity
  8
Layer 1
  6
ByLayer
 62
  256
370
   -1
100
AcDbLine
 10
108.744896
 20
100.990027
 11
108.679396
 21
101.387481
  0
LINE
  5
33B
100
AcDbEntity
  8
Layer 1
  6
ByLayer
 62
  256
370
   -1
100
AcDbLine
 10
108.679396
 20
101.387481
 11
108.754175
 21
101.836374
  0
LINE
  5
33C
100
AcDbEntity
  8
Layer 1
  6
ByLayer
 62
  256
370
   -1
100
AcDbLine
 10
108.754175
 20
101.836374
 11
108.973938
 21
102.173044
  0
LINE
  5
33D
100
AcDbEntity
  8
Layer 1
  6
ByLayer
 62
  256
370
   -1
100
AcDbLine
 10
108.973938
 20
102.173044
 11
109.310608
 21
102.383462
  0
LINE
  5
33E
100
AcDbEntity
  8
Layer 1
  6
ByLayer
 62
  256
370
   -1
100
AcDbLine
 10
109.310608
 20
102.383462
 11
109.754829
 21
102.458241
  0
LINE
  5
33F
100
AcDbEntity
  8
Layer 1
  6
ByLayer
 62
  256
370
   -1
100
AcDbLine
 10
109.754829
 20
102.458241
 11
110.072799
 21
102.420796
  0
LINE
  5
340
100
AcDbEntity
  8
Layer 1
  6
ByLayer
 62
  256
370
   -1
100
AcDbLine
 10
110.072799
 20
102.420796
 11
110.334646
 21
102.32724
  0
LINE
  5
341
100
AcDbEntity
  8
Layer 1
  6
ByLayer
 62
  256
370
   -1
100
AcDbLine
 10
110.334646
 20
102.32724
 11
110.526364
 21
102.09811
  0
LINE
  5
342
100
AcDbEntity
  8
Layer 1
  6
ByLayer
 62
  256
370
   -1
100
AcDbLine
 10
110.526364
 20
102.09811
 11
110.521946
 21
102.027971
  0
LINE
  5
343
100
AcDbEntity
  8
Layer 1
  6
ByLayer
 62
  256
370
   -1
100
AcDbLine
 10
110.521946
 20
102.027971
 11
110.517528
 21
101.957831
  0
LINE
  5
344
100
AcDbEntity
  8
Layer 1
  6
ByLayer
 62
  256
370
   -1
100
AcDbLine
 10
110.517528
 20
101.957831
 11
110.404862
 21
100.821725
  0
LINE
  5
345
100
AcDbEntity
  8
Layer 1
  6
ByLayer
 62
  256
370
   -1
100
AcDbLine
 10
109.062855
 20
101.387514
 11
109.21249
 21
100.91992
  0
LINE
  5
346
100
AcDbEntity
  8
Layer 1
  6
ByLayer
 62
  256
370
   -1
100
AcDbLine
 10
109.21249
 20
100.91992
 11
109.638
 21
100.760941
  0
LINE
  5
347
100
AcDbEntity
  8
Layer 1
  6
ByLayer
 62
  256
370
   -1
100
AcDbLine
 10
109.638
 20
100.760941
 11
110.040137
 21
100.90122
  0
LINE
  5
348
100
AcDbEntity
  8
Layer 1
  6
ByLayer
 62
  256
370
   -1
100
AcDbLine
 10
110.040137
 20
100.90122
 11
110.157032
 21
102.060854
  0
LINE
  5
349
100
AcDbEntity
  8
Layer 1
  6
ByLayer
 62
  256
370
   -1
100
AcDbLine
 10
110.157032
 20
102.060854
 11
109.974669
 21
102.121604
  0
LINE
  5
34A
100
AcDbEntity
  8
Layer 1
  6
ByLayer
 62
  256
370
   -1
100
AcDbLine
 10
109.974669
 20
102.121604
 11
109.731523
 21
102.14966
  0
LINE
  5
34B
100
AcDbEntity
  8
Layer 1
  6
ByLayer
 62
  256
370
   -1
100
AcDbLine
 10
109.731523
 20
102.14966
 11
109.245218
 21
101.948597
  0
LINE
  5
34C
100
AcDbEntity
  8
Layer 1
  6
ByLayer
 62
  256
370
   -1
100
AcDbLine
 10
109.245218
 20
101.948597
 11
109.062855
 21
101.387481
  0
LINE
  5
34D
100
AcDbEntity
  8
Layer 1
  6
ByLayer
 62
  256
370
   -1
100
AcDbLine
 10
109.062855
 20
101.387481
 11
109.062855
 21
101.387514
  0
LINE
  5
34E
100
AcDbEntity
  8
Layer 1
  6
ByLayer
 62
  256
370
   -1
100
AcDbLine
 10
112.72414
 20
100.461672
 11
112.654001
 21
100.443004
  0
LINE
  5
34F
100
AcDbEntity
  8
Layer 1
  6
ByLayer
 62
  256
370
   -1
100
AcDbLine
 10
112.654001
 20
100.443004
 11
112.551166
 21
100.428977
  0
LINE
  5
350
100
AcDbEntity
  8
Layer 1
  6
ByLayer
 62
  256
370
   -1
100
AcDbLine
 10
112.551166
 20
100.428977
 11
112.350103
 21
100.597312
  0
LINE
  5
351
100
AcDbEntity
  8
Layer 1
  6
ByLayer
 62
  256
370
   -1
100
AcDbLine
 10
112.350103
 20
100.597312
 11
112.350103
 21
103.482389
  0
LINE
  5
352
100
AcDbEntity
  8
Layer 1
  6
ByLayer
 62
  256
370
   -1
100
AcDbLine
 10
112.350103
 20
103.482389
 11
112.420243
 21
103.501056
  0
LINE
  5
353
100
AcDbEntity
  8
Layer 1
  6
ByLayer
 62
  256
370
   -1
100
AcDbLine
 10
112.420243
 20
103.501056
 11
112.523077
 21
103.515084
  0
LINE
  5
354
100
AcDbEntity
  8
Layer 1
  6
ByLayer
 62
  256
370
   -1
100
AcDbLine
 10
112.523077
 20
103.515084
 11
112.72414
 21
103.346749
  0
LINE
  5
355
100
AcDbEntity
  8
Layer 1
  6
ByLayer
 62
  256
370
   -1
100
AcDbLine
 10
112.72414
 20
103.346749
 11
112.72414
 21
100.461672
  0
LINE
  5
356
100
AcDbEntity
  8
Layer 1
  6
ByLayer
 62
  256
370
   -1
100
AcDbLine
 10
114.234482
 20
100.695474
 11
114.557124
 21
100.732918
  0
LINE
  5
357
100
AcDbEntity
  8
Layer 1
  6
ByLayer
 62
  256
370
   -1
100
AcDbLine
 10
114.557124
 20
100.732918
 11
114.744159
 21
100.812447
  0
LINE
  5
358
100
AcDbEntity
  8
Layer 1
  6
ByLayer
 62
  256
370
   -1
100
AcDbLine
 10
114.744159
 20
100.812447
 11
114.744159
 21
101.490459
  0
LINE
  5
359
100
AcDbEntity
  8
Layer 1
  6
ByLayer
 62
  256
370
   -1
100
AcDbLine
 10
114.744159
 20
101.490459
 11
114.164343
 21
101.429708
  0
LINE
  5
35A
100
AcDbEntity
  8
Layer 1
  6
ByLayer
 62
  256
370
   -1
100
AcDbLine
 10
114.164343
 20
101.429708
 11
113.804289
 21
101.317485
  0
LINE
  5
35B
100
AcDbEntity
  8
Layer 1
  6
ByLayer
 62
  256
370
   -1
100
AcDbLine
 10
113.804289
 20
101.317485
 11
113.687394
 21
101.064982
  0
LINE
  5
35C
100
AcDbEntity
  8
Layer 1
  6
ByLayer
 62
  256
370
   -1
100
AcDbLine
 10
113.687394
 20
101.064982
 11
113.82299
 21
100.789107
  0
LINE
  5
35D
100
AcDbEntity
  8
Layer 1
  6
ByLayer
 62
  256
370
   -1
100
AcDbLine
 10
113.82299
 20
100.789107
 11
114.234482
 21
100.695551
  0
LINE
  5
35E
100
AcDbEntity
  8
Layer 1
  6
ByLayer
 62
  256
370
   -1
100
AcDbLine
 10
114.234482
 20
100.695551
 11
114.234482
 21
100.695474
  0
LINE
  5
35F
100
AcDbEntity
  8
Layer 1
  6
ByLayer
 62
  256
370
   -1
100
AcDbLine
 10
114.230064
 20
102.673409
 11
114.875348
 21
102.491046
  0
LINE
  5
360
100
AcDbEntity
  8
Layer 1
  6
ByLayer
 62
  256
370
   -1
100
AcDbLine
 10
114.875348
 20
102.491046
 11
115.054204
 21
102.256079
  0
LINE
  5
361
100
AcDbEntity
  8
Layer 1
  6
ByLayer
 62
  256
370
   -1
100
AcDbLine
 10
115.054204
 20
102.256079
 11
115.113823
 21
101.915902
  0
LINE
  5
362
100
AcDbEntity
  8
Layer 1
  6
ByLayer
 62
  256
370
   -1
100
AcDbLine
 10
115.113823
 20
101.915902
 11
115.113823
 21
100.807697
  0
LINE
  5
363
100
AcDbEntity
  8
Layer 1
  6
ByLayer
 62
  256
370
   -1
100
AcDbLine
 10
115.113823
 20
100.807697
 11
115.071739
 21
100.648718
  0
LINE
  5
364
100
AcDbEntity
  8
Layer 1
  6
ByLayer
 62
  256
370
   -1
100
AcDbLine
 10
115.071739
 20
100.648718
 11
114.954832
 21
100.550522
  0
LINE
  5
365
100
AcDbEntity
  8
Layer 1
  6
ByLayer
 62
  256
370
   -1
100
AcDbLine
 10
114.954832
 20
100.550522
 11
114.655574
 21
100.438299
  0
LINE
  5
366
100
AcDbEntity
  8
Layer 1
  6
ByLayer
 62
  256
370
   -1
100
AcDbLine
 10
114.655574
 20
100.438299
 11
114.234736
 21
100.386827
  0
LINE
  5
367
100
AcDbEntity
  8
Layer 1
  6
ByLayer
 62
  256
370
   -1
100
AcDbLine
 10
114.234736
 20
100.386827
 11
113.552041
 21
100.559834
  0
LINE
  5
368
100
AcDbEntity
  8
Layer 1
  6
ByLayer
 62
  256
370
   -1
100
AcDbLine
 10
113.552041
 20
100.559834
 11
113.313567
 21
101.060155
  0
LINE
  5
369
100
AcDbEntity
  8
Layer 1
  6
ByLayer
 62
  256
370
   -1
100
AcDbLine
 10
113.313567
 20
101.060155
 11
113.514641
 21
101.523076
  0
LINE
  5
36A
100
AcDbEntity
  8
Layer 1
  6
ByLayer
 62
  256
370
   -1
100
AcDbLine
 10
113.514641
 20
101.523076
 11
114.080429
 21
101.719478
  0
LINE
  5
36B
100
AcDbEntity
  8
Layer 1
  6
ByLayer
 62
  256
370
   -1
100
AcDbLine
 10
114.080429
 20
101.719478
 11
114.744414
 21
101.784979
  0
LINE
  5
36C
100
AcDbEntity
  8
Layer 1
  6
ByLayer
 62
  256
370
   -1
100
AcDbLine
 10
114.744414
 20
101.784979
 11
114.744414
 21
101.915913
  0
LINE
  5
36D
100
AcDbEntity
  8
Layer 1
  6
ByLayer
 62
  256
370
   -1
100
AcDbLine
 10
114.744414
 20
101.915913
 11
114.604134
 21
102.257255
  0
LINE
  5
36E
100
AcDbEntity
  8
Layer 1
  6
ByLayer
 62
  256
370
   -1
100
AcDbLine
 10
114.604134
 20
102.257255
 11
114.225381
 21
102.364839
  0
LINE
  5
36F
100
AcDbEntity
  8
Layer 1
  6
ByLayer
 62
  256
370
   -1
100
AcDbLine
 10
114.225381
 20
102.364839
 11
113.855983
 21
102.308728
  0
LINE
  5
370
100
AcDbEntity
  8
Layer 1
  6
ByLayer
 62
  256
370
   -1
100
AcDbLine
 10
113.855983
 20
102.308728
 11
113.547369
 21
102.182477
  0
LINE
  5
371
100
AcDbEntity
  8
Layer 1
  6
ByLayer
 62
  256
370
   -1
100
AcDbLine
 10
113.547369
 20
102.182477
 11
113.477229
 21
102.257255
  0
LINE
  5
372
100
AcDbEntity
  8
Layer 1
  6
ByLayer
 62
  256
370
   -1
100
AcDbLine
 10
113.477229
 20
102.257255
 11
113.449173
 21
102.350812
  0
LINE
  5
373
100
AcDbEntity
  8
Layer 1
  6
ByLayer
 62
  256
370
   -1
100
AcDbLine
 10
113.449173
 20
102.350812
 11
113.481868
 21
102.458396
  0
LINE
  5
374
100
AcDbEntity
  8
Layer 1
  6
ByLayer
 62
  256
370
   -1
100
AcDbLine
 10
113.481868
 20
102.458396
 11
113.584703
 21
102.537924
  0
LINE
  5
375
100
AcDbEntity
  8
Layer 1
  6
ByLayer
 62
  256
370
   -1
100
AcDbLine
 10
113.584703
 20
102.537924
 11
113.874617
 21
102.636119
  0
LINE
  5
376
100
AcDbEntity
  8
Layer 1
  6
ByLayer
 62
  256
370
   -1
100
AcDbLine
 10
113.874617
 20
102.636119
 11
114.229987
 21
102.673564
  0
LINE
  5
377
100
AcDbEntity
  8
Layer 1
  6
ByLayer
 62
  256
370
   -1
100
AcDbLine
 10
114.229987
 20
102.673564
 11
114.230064
 21
102.673409
  0
LINE
  5
378
100
AcDbEntity
  8
Layer 1
  6
ByLayer
 62
  256
370
   -1
100
AcDbLine
 10
116.759761
 20
102.673409
 11
117.161898
 21
102.60327
  0
LINE
  5
379
100
AcDbEntity
  8
Layer 1
  6
ByLayer
 62
  256
370
   -1
100
AcDbLine
 10
117.161898
 20
102.60327
 11
117.48454
 21
102.392851
  0
LINE
  5
37A
100
AcDbEntity
  8
Layer 1
  6
ByLayer
 62
  256
370
   -1
100
AcDbLine
 10
117.48454
 20
102.392851
 11
117.699631
 21
102.03747
  0
LINE
  5
37B
100
AcDbEntity
  8
Layer 1
  6
ByLayer
 62
  256
370
   -1
100
AcDbLine
 10
117.699631
 20
102.03747
 11
117.779159
 21
101.532465
  0
LINE
  5
37C
100
AcDbEntity
  8
Layer 1
  6
ByLayer
 62
  256
370
   -1
100
AcDbLine
 10
117.779159
 20
101.532465
 11
117.699631
 21
101.022788
  0
LINE
  5
37D
100
AcDbEntity
  8
Layer 1
  6
ByLayer
 62
  256
370
   -1
100
AcDbLine
 10
117.699631
 20
101.022788
 11
117.475184
 21
100.667418
  0
LINE
  5
37E
100
AcDbEntity
  8
Layer 1
  6
ByLayer
 62
  256
370
   -1
100
AcDbLine
 10
117.475184
 20
100.667418
 11
117.133842
 21
100.456999
  0
LINE
  5
37F
100
AcDbEntity
  8
Layer 1
  6
ByLayer
 62
  256
370
   -1
100
AcDbLine
 10
117.133842
 20
100.456999
 11
116.694293
 21
100.391499
  0
LINE
  5
380
100
AcDbEntity
  8
Layer 1
  6
ByLayer
 62
  256
370
   -1
100
AcDbLine
 10
116.694293
 20
100.391499
 11
116.278139
 21
100.44761
  0
LINE
  5
381
100
AcDbEntity
  8
Layer 1
  6
ByLayer
 62
  256
370
   -1
100
AcDbLine
 10
116.278139
 20
100.44761
 11
115.978881
 21
100.569189
  0
LINE
  5
382
100
AcDbEntity
  8
Layer 1
  6
ByLayer
 62
  256
370
   -1
100
AcDbLine
 10
115.978881
 20
100.569189
 11
115.843274
 21
100.686085
  0
LINE
  5
383
100
AcDbEntity
  8
Layer 1
  6
ByLayer
 62
  256
370
   -1
100
AcDbLine
 10
115.843274
 20
100.686085
 11
115.805829
 21
100.845064
  0
LINE
  5
384
100
AcDbEntity
  8
Layer 1
  6
ByLayer
 62
  256
370
   -1
100
AcDbLine
 10
115.805829
 20
100.845064
 11
115.805829
 21
103.482312
  0
LINE
  5
385
100
AcDbEntity
  8
Layer 1
  6
ByLayer
 62
  256
370
   -1
100
AcDbLine
 10
115.805829
 20
103.482312
 11
115.875969
 21
103.500979
  0
LINE
  5
386
100
AcDbEntity
  8
Layer 1
  6
ByLayer
 62
  256
370
   -1
100
AcDbLine
 10
115.875969
 20
103.500979
 11
115.983553
 21
103.515007
  0
LINE
  5
387
100
AcDbEntity
  8
Layer 1
  6
ByLayer
 62
  256
370
   -1
100
AcDbLine
 10
115.983553
 20
103.515007
 11
116.179944
 21
103.346672
  0
LINE
  5
388
100
AcDbEntity
  8
Layer 1
  6
ByLayer
 62
  256
370
   -1
100
AcDbLine
 10
116.179944
 20
103.346672
 11
116.179944
 21
102.509669
  0
LINE
  5
389
100
AcDbEntity
  8
Layer 1
  6
ByLayer
 62
  256
370
   -1
100
AcDbLine
 10
116.179944
 20
102.509669
 11
116.423091
 21
102.621893
  0
LINE
  5
38A
100
AcDbEntity
  8
Layer 1
  6
ByLayer
 62
  256
370
   -1
100
AcDbLine
 10
116.423091
 20
102.621893
 11
116.759761
 21
102.673365
  0
LINE
  5
38B
100
AcDbEntity
  8
Layer 1
  6
ByLayer
 62
  256
370
   -1
100
AcDbLine
 10
116.759761
 20
102.673365
 11
116.759761
 21
102.673409
  0
LINE
  5
38C
100
AcDbEntity
  8
Layer 1
  6
ByLayer
 62
  256
370
   -1
100
AcDbLine
 10
116.703649
 20
102.364795
 11
116.40439
 21
102.304044
  0
LINE
  5
38D
100
AcDbEntity
  8
Layer 1
  6
ByLayer
 62
  256
370
   -1
100
AcDbLine
 10
116.40439
 20
102.304044
 11
116.179944
 21
102.168438
  0
LINE
  5
38E
100
AcDbEntity
  8
Layer 1
  6
ByLayer
 62
  256
370
   -1
100
AcDbLine
 10
116.179944
 20
102.168438
 11
116.179944
 21
100.845142
  0
LINE
  5
38F
100
AcDbEntity
  8
Layer 1
  6
ByLayer
 62
  256
370
   -1
100
AcDbLine
 10
116.179944
 20
100.845142
 11
116.381007
 21
100.746946
  0
LINE
  5
390
100
AcDbEntity
  8
Layer 1
  6
ByLayer
 62
  256
370
   -1
100
AcDbLine
 10
116.381007
 20
100.746946
 11
116.694293
 21
100.700223
  0
LINE
  5
391
100
AcDbEntity
  8
Layer 1
  6
ByLayer
 62
  256
370
   -1
100
AcDbLine
 10
116.694293
 20
100.700223
 11
116.979535
 21
100.746946
  0
LINE
  5
392
100
AcDbEntity
  8
Layer 1
  6
ByLayer
 62
  256
370
   -1
100
AcDbLine
 10
116.979535
 20
100.746946
 11
117.203981
 21
100.901253
  0
LINE
  5
393
100
AcDbEntity
  8
Layer 1
  6
ByLayer
 62
  256
370
   -1
100
AcDbLine
 10
117.203981
 20
100.901253
 11
117.348933
 21
101.158428
  0
LINE
  5
394
100
AcDbEntity
  8
Layer 1
  6
ByLayer
 62
  256
370
   -1
100
AcDbLine
 10
117.348933
 20
101.158428
 11
117.400405
 21
101.532509
  0
LINE
  5
395
100
AcDbEntity
  8
Layer 1
  6
ByLayer
 62
  256
370
   -1
100
AcDbLine
 10
117.400405
 20
101.532509
 11
117.348933
 21
101.906591
  0
LINE
  5
396
100
AcDbEntity
  8
Layer 1
  6
ByLayer
 62
  256
370
   -1
100
AcDbLine
 10
117.348933
 20
101.906591
 11
117.203981
 21
102.163765
  0
LINE
  5
397
100
AcDbEntity
  8
Layer 1
  6
ByLayer
 62
  256
370
   -1
100
AcDbLine
 10
117.203981
 20
102.163765
 11
116.979535
 21
102.3134
  0
LINE
  5
398
100
AcDbEntity
  8
Layer 1
  6
ByLayer
 62
  256
370
   -1
100
AcDbLine
 10
116.979535
 20
102.3134
 11
116.703649
 21
102.364873
  0
LINE
  5
399
100
AcDbEntity
  8
Layer 1
  6
ByLayer
 62
  256
370
   -1
100
AcDbLine
 10
116.703649
 20
102.364873
 11
116.703649
 21
102.364795
  0
LINE
  5
39A
100
AcDbEntity
  8
Layer 1
  6
ByLayer
 62
  256
370
   -1
100
AcDbLine
 10
121.10373
 20
101.920574
 11
120.972806
 21
102.257244
  0
LINE
  5
39B
100
AcDbEntity
  8
Layer 1
  6
ByLayer
 62
  256
370
   -1
100
AcDbLine
 10
120.972806
 20
102.257244
 11
120.622109
 21
102.364828
  0
LINE
  5
39C
100
AcDbEntity
  8
Layer 1
  6
ByLayer
 62
  256
370
   -1
100
AcDbLine
 10
120.622109
 20
102.364828
 11
120.079692
 21
102.149737
  0
LINE
  5
39D
100
AcDbEntity
  8
Layer 1
  6
ByLayer
 62
  256
370
   -1
100
AcDbLine
 10
120.079692
 20
102.149737
 11
120.107748
 21
101.948674
  0
LINE
  5
39E
100
AcDbEntity
  8
Layer 1
  6
ByLayer
 62
  256
370
   -1
100
AcDbLine
 10
120.107748
 20
101.948674
 11
120.107748
 21
100.461716
  0
LINE
  5
39F
100
AcDbEntity
  8
Layer 1
  6
ByLayer
 62
  256
370
   -1
100
AcDbLine
 10
120.107748
 20
100.461716
 11
120.03297
 21
100.443049
  0
LINE
  5
3A0
100
AcDbEntity
  8
Layer 1
  6
ByLayer
 62
  256
370
   -1
100
AcDbLine
 10
120.03297
 20
100.443049
 11
119.934774
 21
100.429021
  0
LINE
  5
3A1
100
AcDbEntity
  8
Layer 1
  6
ByLayer
 62
  256
370
   -1
100
AcDbLine
 10
119.934774
 20
100.429021
 11
119.733711
 21
100.597356
  0
LINE
  5
3A2
100
AcDbEntity
  8
Layer 1
  6
ByLayer
 62
  256
370
   -1
100
AcDbLine
 10
119.733711
 20
100.597356
 11
119.733711
 21
101.920652
  0
LINE
  5
3A3
100
AcDbEntity
  8
Layer 1
  6
ByLayer
 62
  256
370
   -1
100
AcDbLine
 10
119.733711
 20
101.920652
 11
119.602777
 21
102.257322
  0
LINE
  5
3A4
100
AcDbEntity
  8
Layer 1
  6
ByLayer
 62
  256
370
   -1
100
AcDbLine
 10
119.602777
 20
102.257322
 11
119.247406
 21
102.364906
  0
LINE
  5
3A5
100
AcDbEntity
  8
Layer 1
  6
ByLayer
 62
  256
370
   -1
100
AcDbLine
 10
119.247406
 20
102.364906
 11
118.962176
 21
102.318183
  0
LINE
  5
3A6
100
AcDbEntity
  8
Layer 1
  6
ByLayer
 62
  256
370
   -1
100
AcDbLine
 10
118.962176
 20
102.318183
 11
118.737729
 21
102.210599
  0
LINE
  5
3A7
100
AcDbEntity
  8
Layer 1
  6
ByLayer
 62
  256
370
   -1
100
AcDbLine
 10
118.737729
 20
102.210599
 11
118.737729
 21
100.461782
  0
LINE
  5
3A8
100
AcDbEntity
  8
Layer 1
  6
ByLayer
 62
  256
370
   -1
100
AcDbLine
 10
118.737729
 20
100.461782
 11
118.66759
 21
100.443115
  0
LINE
  5
3A9
100
AcDbEntity
  8
Layer 1
  6
ByLayer
 62
  256
370
   -1
100
AcDbLine
 10
118.66759
 20
100.443115
 11
118.564755
 21
100.429087
  0
LINE
  5
3AA
100
AcDbEntity
  8
Layer 1
  6
ByLayer
 62
  256
370
   -1
100
AcDbLine
 10
118.564755
 20
100.429087
 11
118.363692
 21
100.597422
  0
LINE
  5
3AB
100
AcDbEntity
  8
Layer 1
  6
ByLayer
 62
  256
370
   -1
100
AcDbLine
 10
118.363692
 20
100.597422
 11
118.363692
 21
102.191932
  0
LINE
  5
3AC
100
AcDbEntity
  8
Layer 1
  6
ByLayer
 62
  256
370
   -1
100
AcDbLine
 10
118.363692
 20
102.191932
 11
118.401137
 21
102.346239
  0
LINE
  5
3AD
100
AcDbEntity
  8
Layer 1
  6
ByLayer
 62
  256
370
   -1
100
AcDbLine
 10
118.401137
 20
102.346239
 11
118.541416
 21
102.477162
  0
LINE
  5
3AE
100
AcDbEntity
  8
Layer 1
  6
ByLayer
 62
  256
370
   -1
100
AcDbLine
 10
118.541416
 20
102.477162
 11
118.859375
 21
102.612769
  0
LINE
  5
3AF
100
AcDbEntity
  8
Layer 1
  6
ByLayer
 62
  256
370
   -1
100
AcDbLine
 10
118.859375
 20
102.612769
 11
119.252156
 21
102.67352
  0
LINE
  5
3B0
100
AcDbEntity
  8
Layer 1
  6
ByLayer
 62
  256
370
   -1
100
AcDbLine
 10
119.252156
 20
102.67352
 11
119.658965
 21
102.60338
  0
LINE
  5
3B1
100
AcDbEntity
  8
Layer 1
  6
ByLayer
 62
  256
370
   -1
100
AcDbLine
 10
119.658965
 20
102.60338
 11
119.930179
 21
102.421017
  0
LINE
  5
3B2
100
AcDbEntity
  8
Layer 1
  6
ByLayer
 62
  256
370
   -1
100
AcDbLine
 10
119.930179
 20
102.421017
 11
120.23411
 21
102.598708
  0
LINE
  5
3B3
100
AcDbEntity
  8
Layer 1
  6
ByLayer
 62
  256
370
   -1
100
AcDbLine
 10
120.23411
 20
102.598708
 11
120.650275
 21
102.673487
  0
LINE
  5
3B4
100
AcDbEntity
  8
Layer 1
  6
ByLayer
 62
  256
370
   -1
100
AcDbLine
 10
120.650275
 20
102.673487
 11
121.253475
 21
102.491124
  0
LINE
  5
3B5
100
AcDbEntity
  8
Layer 1
  6
ByLayer
 62
  256
370
   -1
100
AcDbLine
 10
121.253475
 20
102.491124
 11
121.477922
 21
101.939352
  0
LINE
  5
3B6
100
AcDbEntity
  8
Layer 1
  6
ByLayer
 62
  256
370
   -1
100
AcDbLine
 10
121.477922
 20
101.939352
 11
121.477922
 21
100.461749
  0
LINE
  5
3B7
100
AcDbEntity
  8
Layer 1
  6
ByLayer
 62
  256
370
   -1
100
AcDbLine
 10
121.477922
 20
100.461749
 11
121.403143
 21
100.443082
  0
LINE
  5
3B8
100
AcDbEntity
  8
Layer 1
  6
ByLayer
 62
  256
370
   -1
100
AcDbLine
 10
121.403143
 20
100.443082
 11
121.304948
 21
100.429054
  0
LINE
  5
3B9
100
AcDbEntity
  8
Layer 1
  6
ByLayer
 62
  256
370
   -1
100
AcDbLine
 10
121.304948
 20
100.429054
 11
121.103874
 21
100.597389
  0
LINE
  5
3BA
100
AcDbEntity
  8
Layer 1
  6
ByLayer
 62
  256
370
   -1
100
AcDbLine
 10
121.103874
 20
100.597389
 11
121.103874
 21
101.920685
  0
LINE
  5
3BB
100
AcDbEntity
  8
Layer 1
  6
ByLayer
 62
  256
370
   -1
100
AcDbLine
 10
121.103874
 20
101.920685
 11
121.10373
 21
101.920574
  0
LINE
  5
3BC
100
AcDbEntity
  8
Layer 1
  6
ByLayer
 62
  256
370
   -1
100
AcDbLine
 10
122.950742
 20
100.695474
 11
123.273384
 21
100.732918
  0
LINE
  5
3BD
100
AcDbEntity
  8
Layer 1
  6
ByLayer
 62
  256
370
   -1
100
AcDbLine
 10
123.273384
 20
100.732918
 11
123.460419
 21
100.812447
  0
LINE
  5
3BE
100
AcDbEntity
  8
Layer 1
  6
ByLayer
 62
  256
370
   -1
100
AcDbLine
 10
123.460419
 20
100.812447
 11
123.460419
 21
101.490459
  0
LINE
  5
3BF
100
AcDbEntity
  8
Layer 1
  6
ByLayer
 62
  256
370
   -1
100
AcDbLine
 10
123.460419
 20
101.490459
 11
122.880603
 21
101.429708
  0
LINE
  5
3C0
100
AcDbEntity
  8
Layer 1
  6
ByLayer
 62
  256
370
   -1
100
AcDbLine
 10
122.880603
 20
101.429708
 11
122.520549
 21
101.317485
  0
LINE
  5
3C1
100
AcDbEntity
  8
Layer 1
  6
ByLayer
 62
  256
370
   -1
100
AcDbLine
 10
122.520549
 20
101.317485
 11
122.403653
 21
101.064982
  0
LINE
  5
3C2
100
AcDbEntity
  8
Layer 1
  6
ByLayer
 62
  256
370
   -1
100
AcDbLine
 10
122.403653
 20
101.064982
 11
122.53926
 21
100.789107
  0
LINE
  5
3C3
100
AcDbEntity
  8
Layer 1
  6
ByLayer
 62
  256
370
   -1
100
AcDbLine
 10
122.53926
 20
100.789107
 11
122.950742
 21
100.695551
  0
LINE
  5
3C4
100
AcDbEntity
  8
Layer 1
  6
ByLayer
 62
  256
370
   -1
100
AcDbLine
 10
122.950742
 20
100.695551
 11
122.950742
 21
100.695474
  0
LINE
  5
3C5
100
AcDbEntity
  8
Layer 1
  6
ByLayer
 62
  256
370
   -1
100
AcDbLine
 10
122.946324
 20
102.673409
 11
123.591608
 21
102.491046
  0
LINE
  5
3C6
100
AcDbEntity
  8
Layer 1
  6
ByLayer
 62
  256
370
   -1
100
AcDbLine
 10
123.591608
 20
102.491046
 11
123.770464
 21
102.256079
  0
LINE
  5
3C7
100
AcDbEntity
  8
Layer 1
  6
ByLayer
 62
  256
370
   -1
100
AcDbLine
 10
123.770464
 20
102.256079
 11
123.830082
 21
101.915902
  0
LINE
  5
3C8
100
AcDbEntity
  8
Layer 1
  6
ByLayer
 62
  256
370
   -1
100
AcDbLine
 10
123.830082
 20
101.915902
 11
123.830082
 21
100.807697
  0
LINE
  5
3C9
100
AcDbEntity
  8
Layer 1
  6
ByLayer
 62
  256
370
   -1
100
AcDbLine
 10
123.830082
 20
100.807697
 11
123.787999
 21
100.648718
  0
LINE
  5
3CA
100
AcDbEntity
  8
Layer 1
  6
ByLayer
 62
  256
370
   -1
100
AcDbLine
 10
123.787999
 20
100.648718
 11
123.671103
 21
100.550522
  0
LINE
  5
3CB
100
AcDbEntity
  8
Layer 1
  6
ByLayer
 62
  256
370
   -1
100
AcDbLine
 10
123.671103
 20
100.550522
 11
123.371845
 21
100.438299
  0
LINE
  5
3CC
100
AcDbEntity
  8
Layer 1
  6
ByLayer
 62
  256
370
   -1
100
AcDbLine
 10
123.371845
 20
100.438299
 11
122.951007
 21
100.386827
  0
LINE
  5
3CD
100
AcDbEntity
  8
Layer 1
  6
ByLayer
 62
  256
370
   -1
100
AcDbLine
 10
122.951007
 20
100.386827
 11
122.268312
 21
100.559834
  0
LINE
  5
3CE
100
AcDbEntity
  8
Layer 1
  6
ByLayer
 62
  256
370
   -1
100
AcDbLine
 10
122.268312
 20
100.559834
 11
122.029837
 21
101.060166
  0
LINE
  5
3CF
100
AcDbEntity
  8
Layer 1
  6
ByLayer
 62
  256
370
   -1
100
AcDbLine
 10
122.029837
 20
101.060166
 11
122.230911
 21
101.523087
  0
LINE
  5
3D0
100
AcDbEntity
  8
Layer 1
  6
ByLayer
 62
  256
370
   -1
100
AcDbLine
 10
122.230911
 20
101.523087
 11
122.7967
 21
101.719478
  0
LINE
  5
3D1
100
AcDbEntity
  8
Layer 1
  6
ByLayer
 62
  256
370
   -1
100
AcDbLine
 10
122.7967
 20
101.719478
 11
123.460684
 21
101.784979
  0
LINE
  5
3D2
100
AcDbEntity
  8
Layer 1
  6
ByLayer
 62
  256
370
   -1
100
AcDbLine
 10
123.460684
 20
101.784979
 11
123.460684
 21
101.915902
  0
LINE
  5
3D3
100
AcDbEntity
  8
Layer 1
  6
ByLayer
 62
  256
370
   -1
100
AcDbLine
 10
123.460684
 20
101.915902
 11
123.320405
 21
102.257244
  0
LINE
  5
3D4
100
AcDbEntity
  8
Layer 1
  6
ByLayer
 62
  256
370
   -1
100
AcDbLine
 10
123.320405
 20
102.257244
 11
122.941652
 21
102.364828
  0
LINE
  5
3D5
100
AcDbEntity
  8
Layer 1
  6
ByLayer
 62
  256
370
   -1
100
AcDbLine
 10
122.941652
 20
102.364828
 11
122.572254
 21
102.308717
  0
LINE
  5
3D6
100
AcDbEntity
  8
Layer 1
  6
ByLayer
 62
  256
370
   -1
100
AcDbLine
 10
122.572254
 20
102.308717
 11
122.263639
 21
102.182466
  0
LINE
  5
3D7
100
AcDbEntity
  8
Layer 1
  6
ByLayer
 62
  256
370
   -1
100
AcDbLine
 10
122.263639
 20
102.182466
 11
122.1935
 21
102.257244
  0
LINE
  5
3D8
100
AcDbEntity
  8
Layer 1
  6
ByLayer
 62
  256
370
   -1
100
AcDbLine
 10
122.1935
 20
102.257244
 11
122.165444
 21
102.3508
  0
LINE
  5
3D9
100
AcDbEntity
  8
Layer 1
  6
ByLayer
 62
  256
370
   -1
100
AcDbLine
 10
122.165444
 20
102.3508
 11
122.198139
 21
102.458385
  0
LINE
  5
3DA
100
AcDbEntity
  8
Layer 1
  6
ByLayer
 62
  256
370
   -1
100
AcDbLine
 10
122.198139
 20
102.458385
 11
122.300974
 21
102.537913
  0
LINE
  5
3DB
100
AcDbEntity
  8
Layer 1
  6
ByLayer
 62
  256
370
   -1
100
AcDbLine
 10
122.300974
 20
102.537913
 11
122.590876
 21
102.636108
  0
LINE
  5
3DC
100
AcDbEntity
  8
Layer 1
  6
ByLayer
 62
  256
370
   -1
100
AcDbLine
 10
122.590876
 20
102.636108
 11
122.946247
 21
102.673553
  0
LINE
  5
3DD
100
AcDbEntity
  8
Layer 1
  6
ByLayer
 62
  256
370
   -1
100
AcDbLine
 10
122.946247
 20
102.673553
 11
122.946324
 21
102.673409
  0
LINE
  5
3DE
100
AcDbEntity
  8
Layer 1
  6
ByLayer
 62
  256
370
   -1
100
AcDbLine
 10
124.896215
 20
100.461672
 11
124.826075
 21
100.443004
  0
LINE
  5
3DF
100
AcDbEntity
  8
Layer 1
  6
ByLayer
 62
  256
370
   -1
100
AcDbLine
 10
124.826075
 20
100.443004
 11
124.723241
 21
100.428977
  0
LINE
  5
3E0
100
AcDbEntity
  8
Layer 1
  6
ByLayer
 62
  256
370
   -1
100
AcDbLine
 10
124.723241
 20
100.428977
 11
124.522177
 21
100.597311
  0
LINE
  5
3E1
100
AcDbEntity
  8
Layer 1
  6
ByLayer
 62
  256
370
   -1
100
AcDbLine
 10
124.522177
 20
100.597311
 11
124.522177
 21
103.482389
  0
LINE
  5
3E2
100
AcDbEntity
  8
Layer 1
  6
ByLayer
 62
  256
370
   -1
100
AcDbLine
 10
124.522177
 20
103.482389
 11
124.592317
 21
103.501056
  0
LINE
  5
3E3
100
AcDbEntity
  8
Layer 1
  6
ByLayer
 62
  256
370
   -1
100
AcDbLine
 10
124.592317
 20
103.501056
 11
124.699901
 21
103.515084
  0
LINE
  5
3E4
100
AcDbEntity
  8
Layer 1
  6
ByLayer
 62
  256
370
   -1
100
AcDbLine
 10
124.699901
 20
103.515084
 11
124.896292
 21
103.346749
  0
LINE
  5
3E5
100
AcDbEntity
  8
Layer 1
  6
ByLayer
 62
  256
370
   -1
100
AcDbLine
 10
124.896292
 20
103.346749
 11
124.896292
 21
101.6634
  0
LINE
  5
3E6
100
AcDbEntity
  8
Layer 1
  6
ByLayer
 62
  256
370
   -1
100
AcDbLine
 10
124.896292
 20
101.6634
 11
125.92033
 21
102.654698
  0
LINE
  5
3E7
100
AcDbEntity
  8
Layer 1
  6
ByLayer
 62
  256
370
   -1
100
AcDbLine
 10
125.92033
 20
102.654698
 11
126.093337
 21
102.598586
  0
LINE
  5
3E8
100
AcDbEntity
  8
Layer 1
  6
ByLayer
 62
  256
370
   -1
100
AcDbLine
 10
126.093337
 20
102.598586
 11
126.158837
 21
102.472335
  0
LINE
  5
3E9
100
AcDbEntity
  8
Layer 1
  6
ByLayer
 62
  256
370
   -1
100
AcDbLine
 10
126.158837
 20
102.472335
 11
126.116753
 21
102.35544
  0
LINE
  5
3EA
100
AcDbEntity
  8
Layer 1
  6
ByLayer
 62
  256
370
   -1
100
AcDbLine
 10
126.116753
 20
102.35544
 11
126.00453
 21
102.243216
  0
LINE
  5
3EB
100
AcDbEntity
  8
Layer 1
  6
ByLayer
 62
  256
370
   -1
100
AcDbLine
 10
126.00453
 20
102.243216
 11
125.251695
 21
101.583904
  0
LINE
  5
3EC
100
AcDbEntity
  8
Layer 1
  6
ByLayer
 62
  256
370
   -1
100
AcDbLine
 10
125.251695
 20
101.583904
 11
126.294433
 21
100.648718
  0
LINE
  5
3ED
100
AcDbEntity
  8
Layer 1
  6
ByLayer
 62
  256
370
   -1
100
AcDbLine
 10
126.294433
 20
100.648718
 11
126.228933
 21
100.485055
  0
LINE
  5
3EE
100
AcDbEntity
  8
Layer 1
  6
ByLayer
 62
  256
370
   -1
100
AcDbLine
 10
126.228933
 20
100.485055
 11
126.088653
 21
100.424304
  0
LINE
  5
3EF
100
AcDbEntity
  8
Layer 1
  6
ByLayer
 62
  256
370
   -1
100
AcDbLine
 10
126.088653
 20
100.424304
 11
125.957719
 21
100.456999
  0
LINE
  5
3F0
100
AcDbEntity
  8
Layer 1
  6
ByLayer
 62
  256
370
   -1
100
AcDbLine
 10
125.957719
 20
100.456999
 11
125.840823
 21
100.559834
  0
LINE
  5
3F1
100
AcDbEntity
  8
Layer 1
  6
ByLayer
 62
  256
370
   -1
100
AcDbLine
 10
125.840823
 20
100.559834
 11
124.896281
 21
101.50906
  0
LINE
  5
3F2
100
AcDbEntity
  8
Layer 1
  6
ByLayer
 62
  256
370
   -1
100
AcDbLine
 10
124.896281
 20
101.50906
 11
124.896281
 21
100.461638
  0
LINE
  5
3F3
100
AcDbEntity
  8
Layer 1
  6
ByLayer
 62
  256
370
   -1
100
AcDbLine
 10
124.896281
 20
100.461638
 11
124.896215
 21
100.461672
  0
LINE
  5
3F4
100
AcDbEntity
  8
Layer 1
  6
ByLayer
 62
  256
370
   -1
100
AcDbLine
 10
127.009746
 20
101.312702
 11
127.273937
 21
100.853285
  0
LINE
  5
3F5
100
AcDbEntity
  8
Layer 1
  6
ByLayer
 62
  256
370
   -1
100
AcDbLine
 10
127.273937
 20
100.853285
 11
127.814009
 21
100.700146
  0
LINE
  5
3F6
100
AcDbEntity
  8
Layer 1
  6
ByLayer
 62
  256
370
   -1
100
AcDbLine
 10
127.814009
 20
100.700146
 11
128.169379
 21
100.765646
  0
LINE
  5
3F7
100
AcDbEntity
  8
Layer 1
  6
ByLayer
 62
  256
370
   -1
100
AcDbLine
 10
128.169379
 20
100.765646
 11
128.421882
 21
100.905926
  0
LINE
  5
3F8
100
AcDbEntity
  8
Layer 1
  6
ByLayer
 62
  256
370
   -1
100
AcDbLine
 10
128.421882
 20
100.905926
 11
128.534105
 21
100.728246
  0
LINE
  5
3F9
100
AcDbEntity
  8
Layer 1
  6
ByLayer
 62
  256
370
   -1
100
AcDbLine
 10
128.534105
 20
100.728246
 11
128.473354
 21
100.601995
  0
LINE
  5
3FA
100
AcDbEntity
  8
Layer 1
  6
ByLayer
 62
  256
370
   -1
100
AcDbLine
 10
128.473354
 20
100.601995
 11
128.314375
 21
100.494411
  0
LINE
  5
3FB
100
AcDbEntity
  8
Layer 1
  6
ByLayer
 62
  256
370
   -1
100
AcDbLine
 10
128.314375
 20
100.494411
 11
128.080573
 21
100.419632
  0
LINE
  5
3FC
100
AcDbEntity
  8
Layer 1
  6
ByLayer
 62
  256
370
   -1
100
AcDbLine
 10
128.080573
 20
100.419632
 11
127.795342
 21
100.391576
  0
LINE
  5
3FD
100
AcDbEntity
  8
Layer 1
  6
ByLayer
 62
  256
370
   -1
100
AcDbLine
 10
127.795342
 20
100.391576
 11
127.30904
 21
100.465223
  0
LINE
  5
3FE
100
AcDbEntity
  8
Layer 1
  6
ByLayer
 62
  256
370
   -1
100
AcDbLine
 10
127.30904
 20
100.465223
 11
126.934967
 21
100.686162
  0
LINE
  5
3FF
100
AcDbEntity
  8
Layer 1
  6
ByLayer
 62
  256
370
   -1
100
AcDbLine
 10
126.934967
 20
100.686162
 11
126.699994
 21
101.048549
  0
LINE
  5
400
100
AcDbEntity
  8
Layer 1
  6
ByLayer
 62
  256
370
   -1
100
AcDbLine
 10
126.699994
 20
101.048549
 11
126.62167
 21
101.546537
  0
LINE
  5
401
100
AcDbEntity
  8
Layer 1
  6
ByLayer
 62
  256
370
   -1
100
AcDbLine
 10
126.62167
 20
101.546537
 11
126.696449
 21
102.018814
  0
LINE
  5
402
100
AcDbEntity
  8
Layer 1
  6
ByLayer
 62
  256
370
   -1
100
AcDbLine
 10
126.696449
 20
102.018814
 11
126.91154
 21
102.374184
  0
LINE
  5
403
100
AcDbEntity
  8
Layer 1
  6
ByLayer
 62
  256
370
   -1
100
AcDbLine
 10
126.91154
 20
102.374184
 11
127.243537
 21
102.593947
  0
LINE
  5
404
100
AcDbEntity
  8
Layer 1
  6
ByLayer
 62
  256
370
   -1
100
AcDbLine
 10
127.243537
 20
102.593947
 11
127.659691
 21
102.673476
  0
LINE
  5
405
100
AcDbEntity
  8
Layer 1
  6
ByLayer
 62
  256
370
   -1
100
AcDbLine
 10
127.659691
 20
102.673476
 11
128.0478
 21
102.603336
  0
LINE
  5
406
100
AcDbEntity
  8
Layer 1
  6
ByLayer
 62
  256
370
   -1
100
AcDbLine
 10
128.0478
 20
102.603336
 11
128.351731
 21
102.402273
  0
LINE
  5
407
100
AcDbEntity
  8
Layer 1
  6
ByLayer
 62
  256
370
   -1
100
AcDbLine
 10
128.351731
 20
102.402273
 11
128.552805
 21
102.098331
  0
LINE
  5
408
100
AcDbEntity
  8
Layer 1
  6
ByLayer
 62
  256
370
   -1
100
AcDbLine
 10
128.552805
 20
102.098331
 11
128.627584
 21
101.714905
  0
LINE
  5
409
100
AcDbEntity
  8
Layer 1
  6
ByLayer
 62
  256
370
   -1
100
AcDbLine
 10
128.627584
 20
101.714905
 11
128.580861
 21
101.565282
  0
LINE
  5
40A
100
AcDbEntity
  8
Layer 1
  6
ByLayer
 62
  256
370
   -1
100
AcDbLine
 10
128.580861
 20
101.565282
 11
128.449927
 21
101.513809
  0
LINE
  5
40B
100
AcDbEntity
  8
Layer 1
  6
ByLayer
 62
  256
370
   -1
100
AcDbLine
 10
128.449927
 20
101.513809
 11
127.009746
 21
101.312702
  0
LINE
  5
40C
100
AcDbEntity
  8
Layer 1
  6
ByLayer
 62
  256
370
   -1
100
AcDbLine
 10
127.65503
 20
102.369468
 11
127.182753
 21
102.168405
  0
LINE
  5
40D
100
AcDbEntity
  8
Layer 1
  6
ByLayer
 62
  256
370
   -1
100
AcDbLine
 10
127.182753
 20
102.168405
 11
126.986362
 21
101.602616
  0
LINE
  5
40E
100
AcDbEntity
  8
Layer 1
  6
ByLayer
 62
  256
370
   -1
100
AcDbLine
 10
126.986362
 20
101.602616
 11
128.272258
 21
101.780295
  0
LINE
  5
40F
100
AcDbEntity
  8
Layer 1
  6
ByLayer
 62
  256
370
   -1
100
AcDbLine
 10
128.272258
 20
101.780295
 11
128.089895
 21
102.201133
  0
LINE
  5
410
100
AcDbEntity
  8
Layer 1
  6
ByLayer
 62
  256
370
   -1
100
AcDbLine
 10
128.089895
 20
102.201133
 11
127.65503
 21
102.369468
  0
LINE
  5
411
100
AcDbEntity
  8
Layer 1
  6
ByLayer
 62
  256
370
   -1
100
AcDbLine
 10
127.65503
 20
102.369468
 11
127.65503
 21
102.369468
  0
LINE
  5
412
100
AcDbEntity
  8
Layer 1
  6
ByLayer
 62
  256
370
   -1
100
AcDbLine
 10
129.544115
 20
100.461672
 11
129.473975
 21
100.443004
  0
LINE
  5
413
100
AcDbEntity
  8
Layer 1
  6
ByLayer
 62
  256
370
   -1
100
AcDbLine
 10
129.473975
 20
100.443004
 11
129.371141
 21
100.428977
  0
LINE
  5
414
100
AcDbEntity
  8
Layer 1
  6
ByLayer
 62
  256
370
   -1
100
AcDbLine
 10
129.371141
 20
100.428977
 11
129.170067
 21
100.597311
  0
LINE
  5
415
100
AcDbEntity
  8
Layer 1
  6
ByLayer
 62
  256
370
   -1
100
AcDbLine
 10
129.170067
 20
100.597311
 11
129.170067
 21
102.182466
  0
LINE
  5
416
100
AcDbEntity
  8
Layer 1
  6
ByLayer
 62
  256
370
   -1
100
AcDbLine
 10
129.170067
 20
102.182466
 11
129.207511
 21
102.3508
  0
LINE
  5
417
100
AcDbEntity
  8
Layer 1
  6
ByLayer
 62
  256
370
   -1
100
AcDbLine
 10
129.207511
 20
102.3508
 11
129.343118
 21
102.477052
  0
LINE
  5
418
100
AcDbEntity
  8
Layer 1
  6
ByLayer
 62
  256
370
   -1
100
AcDbLine
 10
129.343118
 20
102.477052
 11
129.670432
 21
102.612659
  0
LINE
  5
419
100
AcDbEntity
  8
Layer 1
  6
ByLayer
 62
  256
370
   -1
100
AcDbLine
 10
129.670432
 20
102.612659
 11
130.142709
 21
102.673409
  0
LINE
  5
41A
100
AcDbEntity
  8
Layer 1
  6
ByLayer
 62
  256
370
   -1
100
AcDbLine
 10
130.142709
 20
102.673409
 11
130.423262
 21
102.626651
  0
LINE
  5
41B
100
AcDbEntity
  8
Layer 1
  6
ByLayer
 62
  256
370
   -1
100
AcDbLine
 10
130.423262
 20
102.626651
 11
130.516779
 21
102.486374
  0
LINE
  5
41C
100
AcDbEntity
  8
Layer 1
  6
ByLayer
 62
  256
370
   -1
100
AcDbLine
 10
130.516779
 20
102.486374
 11
130.502751
 21
102.397568
  0
LINE
  5
41D
100
AcDbEntity
  8
Layer 1
  6
ByLayer
 62
  256
370
   -1
100
AcDbLine
 10
130.502751
 20
102.397568
 11
130.465307
 21
102.332067
  0
LINE
  5
41E
100
AcDbEntity
  8
Layer 1
  6
ByLayer
 62
  256
370
   -1
100
AcDbLine
 10
130.465307
 20
102.332067
 11
130.343728
 21
102.350734
  0
LINE
  5
41F
100
AcDbEntity
  8
Layer 1
  6
ByLayer
 62
  256
370
   -1
100
AcDbLine
 10
130.343728
 20
102.350734
 11
130.194093
 21
102.359571
  0
LINE
  5
420
100
AcDbEntity
  8
Layer 1
  6
ByLayer
 62
  256
370
   -1
100
AcDbLine
 10
130.194093
 20
102.359571
 11
129.815339
 21
102.312848
  0
LINE
  5
421
100
AcDbEntity
  8
Layer 1
  6
ByLayer
 62
  256
370
   -1
100
AcDbLine
 10
129.815339
 20
102.312848
 11
129.544137
 21
102.210013
  0
LINE
  5
422
100
AcDbEntity
  8
Layer 1
  6
ByLayer
 62
  256
370
   -1
100
AcDbLine
 10
129.544137
 20
102.210013
 11
129.544115
 21
100.461672
  0
LINE
  5
423
100
AcDbEntity
  8
Layer 1
  6
ByLayer
 62
  256
370
   -1
100
AcDbLine
 10
130.446573
 20
100.648718
 11
130.512074
 21
100.835753
  0
LINE
  5
424
100
AcDbEntity
  8
Layer 1
  6
ByLayer
 62
  256
370
   -1
100
AcDbLine
 10
130.512074
 20
100.835753
 11
130.703792
 21
100.910532
  0
LINE
  5
425
100
AcDbEntity
  8
Layer 1
  6
ByLayer
 62
  256
370
   -1
100
AcDbLine
 10
130.703792
 20
100.910532
 11
130.890827
 21
100.835753
  0
LINE
  5
426
100
AcDbEntity
  8
Layer 1
  6
ByLayer
 62
  256
370
   -1
100
AcDbLine
 10
130.890827
 20
100.835753
 11
130.956328
 21
100.648718
  0
LINE
  5
427
100
AcDbEntity
  8
Layer 1
  6
ByLayer
 62
  256
370
   -1
100
AcDbLine
 10
130.956328
 20
100.648718
 11
130.890827
 21
100.466355
  0
LINE
  5
428
100
AcDbEntity
  8
Layer 1
  6
ByLayer
 62
  256
370
   -1
100
AcDbLine
 10
130.890827
 20
100.466355
 11
130.703792
 21
100.391576
  0
LINE
  5
429
100
AcDbEntity
  8
Layer 1
  6
ByLayer
 62
  256
370
   -1
100
AcDbLine
 10
130.703792
 20
100.391576
 11
130.512074
 21
100.466355
  0
LINE
  5
42A
100
AcDbEntity
  8
Layer 1
  6
ByLayer
 62
  256
370
   -1
100
AcDbLine
 10
130.512074
 20
100.466355
 11
130.446573
 21
100.648718
  0
LINE
  5
42B
100
AcDbEntity
  8
Layer 1
  6
ByLayer
 62
  256
370
   -1
100
AcDbLine
 10
130.446573
 20
100.648718
 11
130.446573
 21
100.648718
  0
LINE
  5
42C
100
AcDbEntity
  8
Layer 1
  6
ByLayer
 62
  256
370
   -1
100
AcDbLine
 10
131.059129
 20
99.769632
 11
131.208764
 21
99.84916
  0
LINE
  5
42D
100
AcDbEntity
  8
Layer 1
  6
ByLayer
 62
  256
370
   -1
100
AcDbLine
 10
131.208764
 20
99.84916
 11
131.320987
 21
99.947355
  0
LINE
  5
42E
100
AcDbEntity
  8
Layer 1
  6
ByLayer
 62
  256
370
   -1
100
AcDbLine
 10
131.320987
 20
99.947355
 11
131.391127
 21
100.092307
  0
LINE
  5
42F
100
AcDbEntity
  8
Layer 1
  6
ByLayer
 62
  256
370
   -1
100
AcDbLine
 10
131.391127
 20
100.092307
 11
131.419183
 21
100.312081
  0
LINE
  5
430
100
AcDbEntity
  8
Layer 1
  6
ByLayer
 62
  256
370
   -1
100
AcDbLine
 10
131.419183
 20
100.312081
 11
131.419183
 21
102.603303
  0
LINE
  5
431
100
AcDbEntity
  8
Layer 1
  6
ByLayer
 62
  256
370
   -1
100
AcDbLine
 10
131.419183
 20
102.603303
 11
131.489322
 21
102.62197
  0
LINE
  5
432
100
AcDbEntity
  8
Layer 1
  6
ByLayer
 62
  256
370
   -1
100
AcDbLine
 10
131.489322
 20
102.62197
 11
131.596906
 21
102.635998
  0
LINE
  5
433
100
AcDbEntity
  8
Layer 1
  6
ByLayer
 62
  256
370
   -1
100
AcDbLine
 10
131.596906
 20
102.635998
 11
131.793297
 21
102.462991
  0
LINE
  5
434
100
AcDbEntity
  8
Layer 1
  6
ByLayer
 62
  256
370
   -1
100
AcDbLine
 10
131.793297
 20
102.462991
 11
131.793297
 21
100.241908
  0
LINE
  5
435
100
AcDbEntity
  8
Layer 1
  6
ByLayer
 62
  256
370
   -1
100
AcDbLine
 10
131.793297
 20
100.241908
 11
131.737185
 21
99.905238
  0
LINE
  5
436
100
AcDbEntity
  8
Layer 1
  6
ByLayer
 62
  256
370
   -1
100
AcDbLine
 10
131.737185
 20
99.905238
 11
131.596906
 21
99.690136
  0
LINE
  5
437
100
AcDbEntity
  8
Layer 1
  6
ByLayer
 62
  256
370
   -1
100
AcDbLine
 10
131.596906
 20
99.690136
 11
131.428571
 21
99.573241
  0
LINE
  5
438
100
AcDbEntity
  8
Layer 1
  6
ByLayer
 62
  256
370
   -1
100
AcDbLine
 10
131.428571
 20
99.573241
 11
131.274264
 21
99.54054600000001
  0
LINE
  5
439
100
AcDbEntity
  8
Layer 1
  6
ByLayer
 62
  256
370
   -1
100
AcDbLine
 10
131.274264
 20
99.54054600000001
 11
131.110602
 21
99.610685
  0
LINE
  5
43A
100
AcDbEntity
  8
Layer 1
  6
ByLayer
 62
  256
370
   -1
100
AcDbLine
 10
131.110602
 20
99.610685
 11
131.059129
 21
99.769665
  0
LINE
  5
43B
100
AcDbEntity
  8
Layer 1
  6
ByLayer
 62
  256
370
   -1
100
AcDbLine
 10
131.059129
 20
99.769665
 11
131.059129
 21
99.769632
  0
LINE
  5
43C
100
AcDbEntity
  8
Layer 1
  6
ByLayer
 62
  256
370
   -1
100
AcDbLine
 10
131.363071
 20
103.29531
 11
131.428571
 21
103.458972
  0
LINE
  5
43D
100
AcDbEntity
  8
Layer 1
  6
ByLayer
 62
  256
370
   -1
100
AcDbLine
 10
131.428571
 20
103.458972
 11
131.606251
 21
103.529112
  0
LINE
  5
43E
100
AcDbEntity
  8
Layer 1
  6
ByLayer
 62
  256
370
   -1
100
AcDbLine
 10
131.606251
 20
103.529112
 11
131.779269
 21
103.458972
  0
LINE
  5
43F
100
AcDbEntity
  8
Layer 1
  6
ByLayer
 62
  256
370
   -1
100
AcDbLine
 10
131.779269
 20
103.458972
 11
131.84477
 21
103.29531
  0
LINE
  5
440
100
AcDbEntity
  8
Layer 1
  6
ByLayer
 62
  256
370
   -1
100
AcDbLine
 10
131.84477
 20
103.29531
 11
131.779269
 21
103.126975
  0
LINE
  5
441
100
AcDbEntity
  8
Layer 1
  6
ByLayer
 62
  256
370
   -1
100
AcDbLine
 10
131.779269
 20
103.126975
 11
131.606251
 21
103.061474
  0
LINE
  5
442
100
AcDbEntity
  8
Layer 1
  6
ByLayer
 62
  256
370
   -1
100
AcDbLine
 10
131.606251
 20
103.061474
 11
131.428571
 21
103.126975
  0
LINE
  5
443
100
AcDbEntity
  8
Layer 1
  6
ByLayer
 62
  256
370
   -1
100
AcDbLine
 10
131.428571
 20
103.126975
 11
131.363071
 21
103.29531
  0
LINE
  5
444
100
AcDbEntity
  8
Layer 1
  6
ByLayer
 62
  256
370
   -1
100
AcDbLine
 10
131.363071
 20
103.29531
 11
131.363071
 21
103.29531
  0
LINE
  5
445
100
AcDbEntity
  8
Layer 1
  6
ByLayer
 62
  256
370
   -1
100
AcDbLine
 10
133.289567
 20
100.695474
 11
133.612209
 21
100.732918
  0
LINE
  5
446
100
AcDbEntity
  8
Layer 1
  6
ByLayer
 62
  256
370
   -1
100
AcDbLine
 10
133.612209
 20
100.732918
 11
133.799255
 21
100.812447
  0
LINE
  5
447
100
AcDbEntity
  8
Layer 1
  6
ByLayer
 62
  256
370
   -1
100
AcDbLine
 10
133.799255
 20
100.812447
 11
133.799255
 21
101.490459
  0
LINE
  5
448
100
AcDbEntity
  8
Layer 1
  6
ByLayer
 62
  256
370
   -1
100
AcDbLine
 10
133.799255
 20
101.490459
 11
133.219428
 21
101.429708
  0
LINE
  5
449
100
AcDbEntity
  8
Layer 1
  6
ByLayer
 62
  256
370
   -1
100
AcDbLine
 10
133.219428
 20
101.429708
 11
132.859385
 21
101.317485
  0
LINE
  5
44A
100
AcDbEntity
  8
Layer 1
  6
ByLayer
 62
  256
370
   -1
100
AcDbLine
 10
132.859385
 20
101.317485
 11
132.742479
 21
101.064982
  0
LINE
  5
44B
100
AcDbEntity
  8
Layer 1
  6
ByLayer
 62
  256
370
   -1
100
AcDbLine
 10
132.742479
 20
101.064982
 11
132.878086
 21
100.789107
  0
LINE
  5
44C
100
AcDbEntity
  8
Layer 1
  6
ByLayer
 62
  256
370
   -1
100
AcDbLine
 10
132.878086
 20
100.789107
 11
133.289567
 21
100.695551
  0
LINE
  5
44D
100
AcDbEntity
  8
Layer 1
  6
ByLayer
 62
  256
370
   -1
100
AcDbLine
 10
133.289567
 20
100.695551
 11
133.289567
 21
100.695474
  0
LINE
  5
44E
100
AcDbEntity
  8
Layer 1
  6
ByLayer
 62
  256
370
   -1
100
AcDbLine
 10
133.285149
 20
102.673409
 11
133.930433
 21
102.491046
  0
LINE
  5
44F
100
AcDbEntity
  8
Layer 1
  6
ByLayer
 62
  256
370
   -1
100
AcDbLine
 10
133.930433
 20
102.491046
 11
134.109289
 21
102.256079
  0
LINE
  5
450
100
AcDbEntity
  8
Layer 1
  6
ByLayer
 62
  256
370
   -1
100
AcDbLine
 10
134.109289
 20
102.256079
 11
134.168907
 21
101.915902
  0
LINE
  5
451
100
AcDbEntity
  8
Layer 1
  6
ByLayer
 62
  256
370
   -1
100
AcDbLine
 10
134.168907
 20
101.915902
 11
134.168907
 21
100.807697
  0
LINE
  5
452
100
AcDbEntity
  8
Layer 1
  6
ByLayer
 62
  256
370
   -1
100
AcDbLine
 10
134.168907
 20
100.807697
 11
134.126824
 21
100.648718
  0
LINE
  5
453
100
AcDbEntity
  8
Layer 1
  6
ByLayer
 62
  256
370
   -1
100
AcDbLine
 10
134.126824
 20
100.648718
 11
134.009928
 21
100.550522
  0
LINE
  5
454
100
AcDbEntity
  8
Layer 1
  6
ByLayer
 62
  256
370
   -1
100
AcDbLine
 10
134.009928
 20
100.550522
 11
133.710659
 21
100.438299
  0
LINE
  5
455
100
AcDbEntity
  8
Layer 1
  6
ByLayer
 62
  256
370
   -1
100
AcDbLine
 10
133.710659
 20
100.438299
 11
133.289821
 21
100.386827
  0
LINE
  5
456
100
AcDbEntity
  8
Layer 1
  6
ByLayer
 62
  256
370
   -1
100
AcDbLine
 10
133.289821
 20
100.386827
 11
132.607137
 21
100.559834
  0
LINE
  5
457
100
AcDbEntity
  8
Layer 1
  6
ByLayer
 62
  256
370
   -1
100
AcDbLine
 10
132.607137
 20
100.559834
 11
132.368662
 21
101.060166
  0
LINE
  5
458
100
AcDbEntity
  8
Layer 1
  6
ByLayer
 62
  256
370
   -1
100
AcDbLine
 10
132.368662
 20
101.060166
 11
132.569726
 21
101.523087
  0
LINE
  5
459
100
AcDbEntity
  8
Layer 1
  6
ByLayer
 62
  256
370
   -1
100
AcDbLine
 10
132.569726
 20
101.523087
 11
133.135514
 21
101.719478
  0
LINE
  5
45A
100
AcDbEntity
  8
Layer 1
  6
ByLayer
 62
  256
370
   -1
100
AcDbLine
 10
133.135514
 20
101.719478
 11
133.799509
 21
101.784979
  0
LINE
  5
45B
100
AcDbEntity
  8
Layer 1
  6
ByLayer
 62
  256
370
   -1
100
AcDbLine
 10
133.799509
 20
101.784979
 11
133.799509
 21
101.915902
  0
LINE
  5
45C
100
AcDbEntity
  8
Layer 1
  6
ByLayer
 62
  256
370
   -1
100
AcDbLine
 10
133.799509
 20
101.915902
 11
133.65923
 21
102.257244
  0
LINE
  5
45D
100
AcDbEntity
  8
Layer 1
  6
ByLayer
 62
  256
370
   -1
100
AcDbLine
 10
133.65923
 20
102.257244
 11
133.280477
 21
102.364828
  0
LINE
  5
45E
100
AcDbEntity
  8
Layer 1
  6
ByLayer
 62
  256
370
   -1
100
AcDbLine
 10
133.280477
 20
102.364828
 11
132.911068
 21
102.308717
  0
LINE
  5
45F
100
AcDbEntity
  8
Layer 1
  6
ByLayer
 62
  256
370
   -1
100
AcDbLine
 10
132.911068
 20
102.308717
 11
132.602454
 21
102.182466
  0
LINE
  5
460
100
AcDbEntity
  8
Layer 1
  6
ByLayer
 62
  256
370
   -1
100
AcDbLine
 10
132.602454
 20
102.182466
 11
132.532314
 21
102.257244
  0
LINE
  5
461
100
AcDbEntity
  8
Layer 1
  6
ByLayer
 62
  256
370
   -1
100
AcDbLine
 10
132.532314
 20
102.257244
 11
132.504258
 21
102.3508
  0
LINE
  5
462
100
AcDbEntity
  8
Layer 1
  6
ByLayer
 62
  256
370
   -1
100
AcDbLine
 10
132.504258
 20
102.3508
 11
132.536953
 21
102.458385
  0
LINE
  5
463
100
AcDbEntity
  8
Layer 1
  6
ByLayer
 62
  256
370
   -1
100
AcDbLine
 10
132.536953
 20
102.458385
 11
132.639788
 21
102.537913
  0
LINE
  5
464
100
AcDbEntity
  8
Layer 1
  6
ByLayer
 62
  256
370
   -1
100
AcDbLine
 10
132.639788
 20
102.537913
 11
132.929702
 21
102.636108
  0
LINE
  5
465
100
AcDbEntity
  8
Layer 1
  6
ByLayer
 62
  256
370
   -1
100
AcDbLine
 10
132.929702
 20
102.636108
 11
133.285072
 21
102.673553
  0
LINE
  5
466
100
AcDbEntity
  8
Layer 1
  6
ByLayer
 62
  256
370
   -1
100
AcDbLine
 10
133.285072
 20
102.673553
 11
133.285149
 21
102.673409
  0
LINE
  5
467
100
AcDbEntity
  8
Layer 1
  6
ByLayer
 62
  256
370
   -1
100
AcDbLine
 10
135.590399
 20
100.391532
 11
135.057338
 21
100.536494
  0
LINE
  5
468
100
AcDbEntity
  8
Layer 1
  6
ByLayer
 62
  256
370
   -1
100
AcDbLine
 10
135.057338
 20
100.536494
 11
134.856275
 21
101.018116
  0
LINE
  5
469
100
AcDbEntity
  8
Layer 1
  6
ByLayer
 62
  256
370
   -1
100
AcDbLine
 10
134.856275
 20
101.018116
 11
134.856275
 21
103.239198
  0
LINE
  5
46A
100
AcDbEntity
  8
Layer 1
  6
ByLayer
 62
  256
370
   -1
100
AcDbLine
 10
134.856275
 20
103.239198
 11
134.926415
 21
103.257865
  0
LINE
  5
46B
100
AcDbEntity
  8
Layer 1
  6
ByLayer
 62
  256
370
   -1
100
AcDbLine
 10
134.926415
 20
103.257865
 11
135.033999
 21
103.271893
  0
LINE
  5
46C
100
AcDbEntity
  8
Layer 1
  6
ByLayer
 62
  256
370
   -1
100
AcDbLine
 10
135.033999
 20
103.271893
 11
135.23039
 21
103.103558
  0
LINE
  5
46D
100
AcDbEntity
  8
Layer 1
  6
ByLayer
 62
  256
370
   -1
100
AcDbLine
 10
135.23039
 20
103.103558
 11
135.23039
 21
102.565825
  0
LINE
  5
46E
100
AcDbEntity
  8
Layer 1
  6
ByLayer
 62
  256
370
   -1
100
AcDbLine
 10
135.23039
 20
102.565825
 11
135.997241
 21
102.565825
  0
LINE
  5
46F
100
AcDbEntity
  8
Layer 1
  6
ByLayer
 62
  256
370
   -1
100
AcDbLine
 10
135.997241
 20
102.565825
 11
136.025297
 21
102.500325
  0
LINE
  5
470
100
AcDbEntity
  8
Layer 1
  6
ByLayer
 62
  256
370
   -1
100
AcDbLine
 10
136.025297
 20
102.500325
 11
136.039325
 21
102.416157
  0
LINE
  5
471
100
AcDbEntity
  8
Layer 1
  6
ByLayer
 62
  256
370
   -1
100
AcDbLine
 10
136.039325
 20
102.416157
 11
135.899046
 21
102.257167
  0
LINE
  5
472
100
AcDbEntity
  8
Layer 1
  6
ByLayer
 62
  256
370
   -1
100
AcDbLine
 10
135.899046
 20
102.257167
 11
135.230169
 21
102.257167
  0
LINE
  5
473
100
AcDbEntity
  8
Layer 1
  6
ByLayer
 62
  256
370
   -1
100
AcDbLine
 10
135.230169
 20
102.257167
 11
135.230169
 21
101.041422
  0
LINE
  5
474
100
AcDbEntity
  8
Layer 1
  6
ByLayer
 62
  256
370
   -1
100
AcDbLine
 10
135.230169
 20
101.041422
 11
135.333003
 21
100.774892
  0
LINE
  5
475
100
AcDbEntity
  8
Layer 1
  6
ByLayer
 62
  256
370
   -1
100
AcDbLine
 10
135.333003
 20
100.774892
 11
135.632262
 21
100.700113
  0
LINE
  5
476
100
AcDbEntity
  8
Layer 1
  6
ByLayer
 62
  256
370
   -1
100
AcDbLine
 10
135.632262
 20
100.700113
 11
135.809952
 21
100.728169
  0
LINE
  5
477
100
AcDbEntity
  8
Layer 1
  6
ByLayer
 62
  256
370
   -1
100
AcDbLine
 10
135.809952
 20
100.728169
 11
135.973615
 21
100.793669
  0
LINE
  5
478
100
AcDbEntity
  8
Layer 1
  6
ByLayer
 62
  256
370
   -1
100
AcDbLine
 10
135.973615
 20
100.793669
 11
136.025087
 21
100.72353
  0
LINE
  5
479
100
AcDbEntity
  8
Layer 1
  6
ByLayer
 62
  256
370
   -1
100
AcDbLine
 10
136.025087
 20
100.72353
 11
136.048504
 21
100.625334
  0
LINE
  5
47A
100
AcDbEntity
  8
Layer 1
  6
ByLayer
 62
  256
370
   -1
100
AcDbLine
 10
136.048504
 20
100.625334
 11
135.926925
 21
100.456999
  0
LINE
  5
47B
100
AcDbEntity
  8
Layer 1
  6
ByLayer
 62
  256
370
   -1
100
AcDbLine
 10
135.926925
 20
100.456999
 11
135.590255
 21
100.391499
  0
LINE
  5
47C
100
AcDbEntity
  8
Layer 1
  6
ByLayer
 62
  256
370
   -1
100
AcDbLine
 10
135.590255
 20
100.391499
 11
135.590399
 21
100.391532
  0
LINE
  5
47D
100
AcDbEntity
  8
Layer 1
  6
ByLayer
 62
  256
370
   -1
100
AcDbLine
 10
137.390655
 20
100.695474
 11
137.713297
 21
100.732918
  0
LINE
  5
47E
100
AcDbEntity
  8
Layer 1
  6
ByLayer
 62
  256
370
   -1
100
AcDbLine
 10
137.713297
 20
100.732918
 11
137.900332
 21
100.812447
  0
LINE
  5
47F
100
AcDbEntity
  8
Layer 1
  6
ByLayer
 62
  256
370
   -1
100
AcDbLine
 10
137.900332
 20
100.812447
 11
137.900332
 21
101.490459
  0
LINE
  5
480
100
AcDbEntity
  8
Layer 1
  6
ByLayer
 62
  256
370
   -1
100
AcDbLine
 10
137.900332
 20
101.490459
 11
137.320515
 21
101.429708
  0
LINE
  5
481
100
AcDbEntity
  8
Layer 1
  6
ByLayer
 62
  256
370
   -1
100
AcDbLine
 10
137.320515
 20
101.429708
 11
136.960462
 21
101.317485
  0
LINE
  5
482
100
AcDbEntity
  8
Layer 1
  6
ByLayer
 62
  256
370
   -1
100
AcDbLine
 10
136.960462
 20
101.317485
 11
136.843566
 21
101.064982
  0
LINE
  5
483
100
AcDbEntity
  8
Layer 1
  6
ByLayer
 62
  256
370
   -1
100
AcDbLine
 10
136.843566
 20
101.064982
 11
136.979162
 21
100.789107
  0
LINE
  5
484
100
AcDbEntity
  8
Layer 1
  6
ByLayer
 62
  256
370
   -1
100
AcDbLine
 10
136.979162
 20
100.789107
 11
137.390655
 21
100.695551
  0
LINE
  5
485
100
AcDbEntity
  8
Layer 1
  6
ByLayer
 62
  256
370
   -1
100
AcDbLine
 10
137.390655
 20
100.695551
 11
137.390655
 21
100.695474
  0
LINE
  5
486
100
AcDbEntity
  8
Layer 1
  6
ByLayer
 62
  256
370
   -1
100
AcDbLine
 10
137.386237
 20
102.673409
 11
138.031521
 21
102.491046
  0
LINE
  5
487
100
AcDbEntity
  8
Layer 1
  6
ByLayer
 62
  256
370
   -1
100
AcDbLine
 10
138.031521
 20
102.491046
 11
138.210377
 21
102.256079
  0
LINE
  5
488
100
AcDbEntity
  8
Layer 1
  6
ByLayer
 62
  256
370
   -1
100
AcDbLine
 10
138.210377
 20
102.256079
 11
138.269995
 21
101.915902
  0
LINE
  5
489
100
AcDbEntity
  8
Layer 1
  6
ByLayer
 62
  256
370
   -1
100
AcDbLine
 10
138.269995
 20
101.915902
 11
138.269995
 21
100.807697
  0
LINE
  5
48A
100
AcDbEntity
  8
Layer 1
  6
ByLayer
 62
  256
370
   -1
100
AcDbLine
 10
138.269995
 20
100.807697
 11
138.227911
 21
100.648718
  0
LINE
  5
48B
100
AcDbEntity
  8
Layer 1
  6
ByLayer
 62
  256
370
   -1
100
AcDbLine
 10
138.227911
 20
100.648718
 11
138.111016
 21
100.550522
  0
LINE
  5
48C
100
AcDbEntity
  8
Layer 1
  6
ByLayer
 62
  256
370
   -1
100
AcDbLine
 10
138.111016
 20
100.550522
 11
137.811757
 21
100.438299
  0
LINE
  5
48D
100
AcDbEntity
  8
Layer 1
  6
ByLayer
 62
  256
370
   -1
100
AcDbLine
 10
137.811757
 20
100.438299
 11
137.39092
 21
100.386827
  0
LINE
  5
48E
100
AcDbEntity
  8
Layer 1
  6
ByLayer
 62
  256
370
   -1
100
AcDbLine
 10
137.39092
 20
100.386827
 11
136.708225
 21
100.559834
  0
LINE
  5
48F
100
AcDbEntity
  8
Layer 1
  6
ByLayer
 62
  256
370
   -1
100
AcDbLine
 10
136.708225
 20
100.559834
 11
136.46975
 21
101.060166
  0
LINE
  5
490
100
AcDbEntity
  8
Layer 1
  6
ByLayer
 62
  256
370
   -1
100
AcDbLine
 10
136.46975
 20
101.060166
 11
136.670813
 21
101.523087
  0
LINE
  5
491
100
AcDbEntity
  8
Layer 1
  6
ByLayer
 62
  256
370
   -1
100
AcDbLine
 10
136.670813
 20
101.523087
 11
137.236613
 21
101.719478
  0
LINE
  5
492
100
AcDbEntity
  8
Layer 1
  6
ByLayer
 62
  256
370
   -1
100
AcDbLine
 10
137.236613
 20
101.719478
 11
137.900597
 21
101.784979
  0
LINE
  5
493
100
AcDbEntity
  8
Layer 1
  6
ByLayer
 62
  256
370
   -1
100
AcDbLine
 10
137.900597
 20
101.784979
 11
137.900597
 21
101.915902
  0
LINE
  5
494
100
AcDbEntity
  8
Layer 1
  6
ByLayer
 62
  256
370
   -1
100
AcDbLine
 10
137.900597
 20
101.915902
 11
137.760318
 21
102.257244
  0
LINE
  5
495
100
AcDbEntity
  8
Layer 1
  6
ByLayer
 62
  256
370
   -1
100
AcDbLine
 10
137.760318
 20
102.257244
 11
137.381564
 21
102.364828
  0
LINE
  5
496
100
AcDbEntity
  8
Layer 1
  6
ByLayer
 62
  256
370
   -1
100
AcDbLine
 10
137.381564
 20
102.364828
 11
137.012166
 21
102.308717
  0
LINE
  5
497
100
AcDbEntity
  8
Layer 1
  6
ByLayer
 62
  256
370
   -1
100
AcDbLine
 10
137.012166
 20
102.308717
 11
136.703552
 21
102.182466
  0
LINE
  5
498
100
AcDbEntity
  8
Layer 1
  6
ByLayer
 62
  256
370
   -1
100
AcDbLine
 10
136.703552
 20
102.182466
 11
136.633413
 21
102.257244
  0
LINE
  5
499
100
AcDbEntity
  8
Layer 1
  6
ByLayer
 62
  256
370
   -1
100
AcDbLine
 10
136.633413
 20
102.257244
 11
136.605357
 21
102.3508
  0
LINE
  5
49A
100
AcDbEntity
  8
Layer 1
  6
ByLayer
 62
  256
370
   -1
100
AcDbLine
 10
136.605357
 20
102.3508
 11
136.638052
 21
102.458385
  0
LINE
  5
49B
100
AcDbEntity
  8
Layer 1
  6
ByLayer
 62
  256
370
   -1
100
AcDbLine
 10
136.638052
 20
102.458385
 11
136.740886
 21
102.537913
  0
LINE
  5
49C
100
AcDbEntity
  8
Layer 1
  6
ByLayer
 62
  256
370
   -1
100
AcDbLine
 10
136.740886
 20
102.537913
 11
137.0308
 21
102.636108
  0
LINE
  5
49D
100
AcDbEntity
  8
Layer 1
  6
ByLayer
 62
  256
370
   -1
100
AcDbLine
 10
137.0308
 20
102.636108
 11
137.38617
 21
102.673553
  0
LINE
  5
49E
100
AcDbEntity
  8
Layer 1
  6
ByLayer
 62
  256
370
   -1
100
AcDbLine
 10
137.38617
 20
102.673553
 11
137.386237
 21
102.673409
  0
LINE
  5
49F
100
AcDbEntity
  8
Layer 1
  6
ByLayer
 62
  256
370
   -1
100
AcDbLine
 10
139.350144
 20
100.461672
 11
139.280005
 21
100.443004
  0
LINE
  5
4A0
100
AcDbEntity
  8
Layer 1
  6
ByLayer
 62
  256
370
   -1
100
AcDbLine
 10
139.280005
 20
100.443004
 11
139.17717
 21
100.428977
  0
LINE
  5
4A1
100
AcDbEntity
  8
Layer 1
  6
ByLayer
 62
  256
370
   -1
100
AcDbLine
 10
139.17717
 20
100.428977
 11
138.976107
 21
100.597311
  0
LINE
  5
4A2
100
AcDbEntity
  8
Layer 1
  6
ByLayer
 62
  256
370
   -1
100
AcDbLine
 10
138.976107
 20
100.597311
 11
138.976107
 21
102.603303
  0
LINE
  5
4A3
100
AcDbEntity
  8
Layer 1
  6
ByLayer
 62
  256
370
   -1
100
AcDbLine
 10
138.976107
 20
102.603303
 11
139.046247
 21
102.62197
  0
LINE
  5
4A4
100
AcDbEntity
  8
Layer 1
  6
ByLayer
 62
  256
370
   -1
100
AcDbLine
 10
139.046247
 20
102.62197
 11
139.153831
 21
102.635998
  0
LINE
  5
4A5
100
AcDbEntity
  8
Layer 1
  6
ByLayer
 62
  256
370
   -1
100
AcDbLine
 10
139.153831
 20
102.635998
 11
139.350222
 21
102.462991
  0
LINE
  5
4A6
100
AcDbEntity
  8
Layer 1
  6
ByLayer
 62
  256
370
   -1
100
AcDbLine
 10
139.350222
 20
102.462991
 11
139.350144
 21
100.461672
  0
LINE
  5
4A7
100
AcDbEntity
  8
Layer 1
  6
ByLayer
 62
  256
370
   -1
100
AcDbLine
 10
138.919962
 20
103.29531
 11
138.985463
 21
103.458972
  0
LINE
  5
4A8
100
AcDbEntity
  8
Layer 1
  6
ByLayer
 62
  256
370
   -1
100
AcDbLine
 10
138.985463
 20
103.458972
 11
139.163153
 21
103.529112
  0
LINE
  5
4A9
100
AcDbEntity
  8
Layer 1
  6
ByLayer
 62
  256
370
   -1
100
AcDbLine
 10
139.163153
 20
103.529112
 11
139.336161
 21
103.458972
  0
LINE
  5
4AA
100
AcDbEntity
  8
Layer 1
  6
ByLayer
 62
  256
370
   -1
100
AcDbLine
 10
139.336161
 20
103.458972
 11
139.401661
 21
103.29531
  0
LINE
  5
4AB
100
AcDbEntity
  8
Layer 1
  6
ByLayer
 62
  256
370
   -1
100
AcDbLine
 10
139.401661
 20
103.29531
 11
139.336161
 21
103.126975
  0
LINE
  5
4AC
100
AcDbEntity
  8
Layer 1
  6
ByLayer
 62
  256
370
   -1
100
AcDbLine
 10
139.336161
 20
103.126975
 11
139.163153
 21
103.061474
  0
LINE
  5
4AD
100
AcDbEntity
  8
Layer 1
  6
ByLayer
 62
  256
370
   -1
100
AcDbLine
 10
139.163153
 20
103.061474
 11
138.985463
 21
103.126975
  0
LINE
  5
4AE
100
AcDbEntity
  8
Layer 1
  6
ByLayer
 62
  256
370
   -1
100
AcDbLine
 10
138.985463
 20
103.126975
 11
138.919962
 21
103.29531
  0
LINE
  5
4AF
100
AcDbEntity
  8
Layer 1
  6
ByLayer
 62
  256
370
   -1
100
AcDbLine
 10
138.919962
 20
103.29531
 11
138.919962
 21
103.29531
  0
LINE
  5
4B0
100
AcDbEntity
  8
Layer 1
  6
ByLayer
 62
  256
370
   -1
100
AcDbLine
 10
109.996341
 20
109.796187
 11
109.348577
 21
109.699189
  0
LINE
  5
4B1
100
AcDbEntity
  8
Layer 1
  6
ByLayer
 62
  256
370
   -1
100
AcDbLine
 10
109.348577
 20
109.699189
 11
108.76902
 21
109.423883
  0
LINE
  5
4B2
100
AcDbEntity
  8
Layer 1
  6
ByLayer
 62
  256
370
   -1
100
AcDbLine
 10
108.76902
 20
109.423883
 11
108.292883
 21
108.993797
  0
LINE
  5
4B3
100
AcDbEntity
  8
Layer 1
  6
ByLayer
 62
  256
370
   -1
100
AcDbLine
 10
108.292883
 20
108.993797
 11
107.95538
 21
108.43246
  0
LINE
  5
4B4
100
AcDbEntity
  8
Layer 1
  6
ByLayer
 62
  256
370
   -1
100
AcDbLine
 10
107.95538
 20
108.43246
 11
107.797106
 21
107.796885
  0
LINE
  5
4B5
100
AcDbEntity
  8
Layer 1
  6
ByLayer
 62
  256
370
   -1
100
AcDbLine
 10
107.797106
 20
107.796885
 11
107.829669
 21
107.156089
  0
LINE
  5
4B6
100
AcDbEntity
  8
Layer 1
  6
ByLayer
 62
  256
370
   -1
100
AcDbLine
 10
107.829669
 20
107.156089
 11
108.044806
 21
106.551609
  0
LINE
  5
4B7
100
AcDbEntity
  8
Layer 1
  6
ByLayer
 62
  256
370
   -1
100
AcDbLine
 10
108.044806
 20
106.551609
 11
108.434257
 21
106.024983
  0
LINE
  5
4B8
100
AcDbEntity
  8
Layer 1
  6
ByLayer
 62
  256
370
   -1
100
AcDbLine
 10
108.434257
 20
106.024983
 11
108.960883
 21
105.635532
  0
LINE
  5
4B9
100
AcDbEntity
  8
Layer 1
  6
ByLayer
 62
  256
370
   -1
100
AcDbLine
 10
108.960883
 20
105.635532
 11
109.565363
 21
105.420394
  0
LINE
  5
4BA
100
AcDbEntity
  8
Layer 1
  6
ByLayer
 62
  256
370
   -1
100
AcDbLine
 10
109.565363
 20
105.420394
 11
110.206159
 21
105.387831
  0
LINE
  5
4BB
100
AcDbEntity
  8
Layer 1
  6
ByLayer
 62
  256
370
   -1
100
AcDbLine
 10
110.206159
 20
105.387831
 11
110.841735
 21
105.546106
  0
LINE
  5
4BC
100
AcDbEntity
  8
Layer 1
  6
ByLayer
 62
  256
370
   -1
100
AcDbLine
 10
110.841735
 20
105.546106
 11
111.403071
 21
105.883608
  0
LINE
  5
4BD
100
AcDbEntity
  8
Layer 1
  6
ByLayer
 62
  256
370
   -1
100
AcDbLine
 10
111.403071
 20
105.883608
 11
111.833157
 21
106.359745
  0
LINE
  5
4BE
100
AcDbEntity
  8
Layer 1
  6
ByLayer
 62
  256
370
   -1
100
AcDbLine
 10
111.833157
 20
106.359745
 11
112.108463
 21
106.939303
  0
LINE
  5
4BF
100
AcDbEntity
  8
Layer 1
  6
ByLayer
 62
  256
370
   -1
100
AcDbLine
 10
112.108463
 20
106.939303
 11
112.205461
 21
107.587067
  0
LINE
  5
4C0
100
AcDbEntity
  8
Layer 1
  6
ByLayer
 62
  256
370
   -1
100
AcDbLine
 10
112.205461
 20
107.587067
 11
112.031857
 21
108.446956
  0
LINE
  5
4C1
100
AcDbEntity
  8
Layer 1
  6
ByLayer
 62
  256
370
   -1
100
AcDbLine
 10
112.031857
 20
108.446956
 11
111.558425
 21
109.14915
  0
LINE
  5
4C2
100
AcDbEntity
  8
Layer 1
  6
ByLayer
 62
  256
370
   -1
100
AcDbLine
 10
111.558425
 20
109.14915
 11
110.85623
 21
109.622583
  0
LINE
  5
4C3
100
AcDbEntity
  8
Layer 1
  6
ByLayer
 62
  256
370
   -1
100
AcDbLine
 10
110.85623
 20
109.622583
 11
109.996341
 21
109.796187
  0
LINE
  5
4C4
100
AcDbEntity
  8
Layer 1
  6
ByLayer
 62
  256
370
   -1
100
AcDbLine
 10
109.996341
 20
109.796187
 11
109.996341
 21
109.796187
  0
LINE
  5
4C5
100
AcDbEntity
  8
Layer 1
  6
ByLayer
 62
  256
370
   -1
100
AcDbLine
 10
61.206639
 20
110.468817
 11
89.61887900000001
 21
110.468817
  0
LINE
  5
4C6
100
AcDbEntity
  8
Layer 1
  6
ByLayer
 62
  256
370
   -1
100
AcDbLine
 10
89.61887900000001
 20
110.468817
 11
90.439474
 21
110.305591
  0
LINE
  5
4C7
100
AcDbEntity
  8
Layer 1
  6
ByLayer
 62
  256
370
   -1
100
AcDbLine
 10
90.439474
 20
110.305591
 11
91.135142
 21
109.840761
  0
LINE
  5
4C8
100
AcDbEntity
  8
Layer 1
  6
ByLayer
 62
  256
370
   -1
100
AcDbLine
 10
91.135142
 20
109.840761
 11
91.59997199999999
 21
109.145093
  0
LINE
  5
4C9
100
AcDbEntity
  8
Layer 1
  6
ByLayer
 62
  256
370
   -1
100
AcDbLine
 10
91.59997199999999
 20
109.145093
 11
91.763199
 21
108.324497
  0
LINE
  5
4CA
100
AcDbEntity
  8
Layer 1
  6
ByLayer
 62
  256
370
   -1
100
AcDbLine
 10
91.763199
 20
108.324497
 11
91.763199
 21
100.819377
  0
LINE
  5
4CB
100
AcDbEntity
  8
Layer 1
  6
ByLayer
 62
  256
370
   -1
100
AcDbLine
 10
91.763199
 20
100.819377
 11
91.59997199999999
 21
99.99878200000001
  0
LINE
  5
4CC
100
AcDbEntity
  8
Layer 1
  6
ByLayer
 62
  256
370
   -1
100
AcDbLine
 10
91.59997199999999
 20
99.99878200000001
 11
91.135142
 21
99.30311399999999
  0
LINE
  5
4CD
100
AcDbEntity
  8
Layer 1
  6
ByLayer
 62
  256
370
   -1
100
AcDbLine
 10
91.135142
 20
99.30311399999999
 11
90.439474
 21
98.838284
  0
LINE
  5
4CE
100
AcDbEntity
  8
Layer 1
  6
ByLayer
 62
  256
370
   -1
100
AcDbLine
 10
90.439474
 20
98.838284
 11
89.61887900000001
 21
98.675057
  0
LINE
  5
4CF
100
AcDbEntity
  8
Layer 1
  6
ByLayer
 62
  256
370
   -1
100
AcDbLine
 10
89.61887900000001
 20
98.675057
 11
61.206639
 21
98.675057
  0
LINE
  5
4D0
100
AcDbEntity
  8
Layer 1
  6
ByLayer
 62
  256
370
   -1
100
AcDbLine
 10
61.206639
 20
98.675057
 11
60.371973
 21
98.843569
  0
LINE
  5
4D1
100
AcDbEntity
  8
Layer 1
  6
ByLayer
 62
  256
370
   -1
100
AcDbLine
 10
60.371973
 20
98.843569
 11
59.690375
 21
99.30311399999999
  0
LINE
  5
4D2
100
AcDbEntity
  8
Layer 1
  6
ByLayer
 62
  256
370
   -1
100
AcDbLine
 10
59.690375
 20
99.30311399999999
 11
59.23083
 21
99.984711
  0
LINE
  5
4D3
100
AcDbEntity
  8
Layer 1
  6
ByLayer
 62
  256
370
   -1
100
AcDbLine
 10
59.23083
 20
99.984711
 11
59.062319
 21
100.819377
  0
LINE
  5
4D4
100
AcDbEntity
  8
Layer 1
  6
ByLayer
 62
  256
370
   -1
100
AcDbLine
 10
59.062319
 20
100.819377
 11
59.062319
 21
108.324497
  0
LINE
  5
4D5
100
AcDbEntity
  8
Layer 1
  6
ByLayer
 62
  256
370
   -1
100
AcDbLine
 10
59.062319
 20
108.324497
 11
59.23083
 21
109.159164
  0
LINE
  5
4D6
100
AcDbEntity
  8
Layer 1
  6
ByLayer
 62
  256
370
   -1
100
AcDbLine
 10
59.23083
 20
109.159164
 11
59.690375
 21
109.840761
  0
LINE
  5
4D7
100
AcDbEntity
  8
Layer 1
  6
ByLayer
 62
  256
370
   -1
100
AcDbLine
 10
59.690375
 20
109.840761
 11
60.371973
 21
110.300306
  0
LINE
  5
4D8
100
AcDbEntity
  8
Layer 1
  6
ByLayer
 62
  256
370
   -1
100
AcDbLine
 10
60.371973
 20
110.300306
 11
61.206639
 21
110.468817
  0
LINE
  5
4D9
100
AcDbEntity
  8
Layer 1
  6
ByLayer
 62
  256
370
   -1
100
AcDbLine
 10
61.206639
 20
110.468817
 11
61.206639
 21
110.468817
  0
LINE
  5
4DA
100
AcDbEntity
  8
Layer 1
  6
ByLayer
 62
  256
370
   -1
100
AcDbLine
 10
62.729063
 20
100.86562
 11
62.84253
 21
100.806651
  0
LINE
  5
4DB
100
AcDbEntity
  8
Layer 1
  6
ByLayer
 62
  256
370
   -1
100
AcDbLine
 10
62.84253
 20
100.806651
 11
62.996856
 21
100.783921
  0
LINE
  5
4DC
100
AcDbEntity
  8
Layer 1
  6
ByLayer
 62
  256
370
   -1
100
AcDbLine
 10
62.996856
 20
100.783921
 11
63.255569
 21
100.852003
  0
LINE
  5
4DD
100
AcDbEntity
  8
Layer 1
  6
ByLayer
 62
  256
370
   -1
100
AcDbLine
 10
63.255569
 20
100.852003
 11
63.441653
 21
101.042633
  0
LINE
  5
4DE
100
AcDbEntity
  8
Layer 1
  6
ByLayer
 62
  256
370
   -1
100
AcDbLine
 10
63.441653
 20
101.042633
 11
63.55513
 21
101.342195
  0
LINE
  5
4DF
100
AcDbEntity
  8
Layer 1
  6
ByLayer
 62
  256
370
   -1
100
AcDbLine
 10
63.55513
 20
101.342195
 11
63.591476
 21
101.718909
  0
LINE
  5
4E0
100
AcDbEntity
  8
Layer 1
  6
ByLayer
 62
  256
370
   -1
100
AcDbLine
 10
63.591476
 20
101.718909
 11
63.482545
 21
102.308962
  0
LINE
  5
4E1
100
AcDbEntity
  8
Layer 1
  6
ByLayer
 62
  256
370
   -1
100
AcDbLine
 10
63.482545
 20
102.308962
 11
63.169367
 21
102.767374
  0
LINE
  5
4E2
100
AcDbEntity
  8
Layer 1
  6
ByLayer
 62
  256
370
   -1
100
AcDbLine
 10
63.169367
 20
102.767374
 11
62.683711
 21
103.062401
  0
LINE
  5
4E3
100
AcDbEntity
  8
Layer 1
  6
ByLayer
 62
  256
370
   -1
100
AcDbLine
 10
62.683711
 20
103.062401
 11
62.043738
 21
103.171332
  0
LINE
  5
4E4
100
AcDbEntity
  8
Layer 1
  6
ByLayer
 62
  256
370
   -1
100
AcDbLine
 10
62.043738
 20
103.171332
 11
61.326603
 21
103.044249
  0
LINE
  5
4E5
100
AcDbEntity
  8
Layer 1
  6
ByLayer
 62
  256
370
   -1
100
AcDbLine
 10
61.326603
 20
103.044249
 11
60.77741
 21
102.690222
  0
LINE
  5
4E6
100
AcDbEntity
  8
Layer 1
  6
ByLayer
 62
  256
370
   -1
100
AcDbLine
 10
60.77741
 20
102.690222
 11
60.432464
 21
102.141018
  0
LINE
  5
4E7
100
AcDbEntity
  8
Layer 1
  6
ByLayer
 62
  256
370
   -1
100
AcDbLine
 10
60.432464
 20
102.141018
 11
60.309916
 21
101.432975
  0
LINE
  5
4E8
100
AcDbEntity
  8
Layer 1
  6
ByLayer
 62
  256
370
   -1
100
AcDbLine
 10
60.309916
 20
101.432975
 11
60.423383
 21
100.756688
  0
LINE
  5
4E9
100
AcDbEntity
  8
Layer 1
  6
ByLayer
 62
  256
370
   -1
100
AcDbLine
 10
60.423383
 20
100.756688
 11
60.750177
 21
100.243799
  0
LINE
  5
4EA
100
AcDbEntity
  8
Layer 1
  6
ByLayer
 62
  256
370
   -1
100
AcDbLine
 10
60.750177
 20
100.243799
 11
61.253985
 21
99.917005
  0
LINE
  5
4EB
100
AcDbEntity
  8
Layer 1
  6
ByLayer
 62
  256
370
   -1
100
AcDbLine
 10
61.253985
 20
99.917005
 11
61.907574
 21
99.799003
  0
LINE
  5
4EC
100
AcDbEntity
  8
Layer 1
  6
ByLayer
 62
  256
370
   -1
100
AcDbLine
 10
61.907574
 20
99.799003
 11
62.211671
 21
99.82173299999999
  0
LINE
  5
4ED
100
AcDbEntity
  8
Layer 1
  6
ByLayer
 62
  256
370
   -1
100
AcDbLine
 10
62.211671
 20
99.82173299999999
 11
62.43408
 21
99.867085
  0
LINE
  5
4EE
100
AcDbEntity
  8
Layer 1
  6
ByLayer
 62
  256
370
   -1
100
AcDbLine
 10
62.43408
 20
99.867085
 11
62.493048
 21
99.726375
  0
LINE
  5
4EF
100
AcDbEntity
  8
Layer 1
  6
ByLayer
 62
  256
370
   -1
100
AcDbLine
 10
62.493048
 20
99.726375
 11
62.356884
 21
99.562978
  0
LINE
  5
4F0
100
AcDbEntity
  8
Layer 1
  6
ByLayer
 62
  256
370
   -1
100
AcDbLine
 10
62.356884
 20
99.562978
 11
61.880309
 21
99.504009
  0
LINE
  5
4F1
100
AcDbEntity
  8
Layer 1
  6
ByLayer
 62
  256
370
   -1
100
AcDbLine
 10
61.880309
 20
99.504009
 11
61.090556
 21
99.640173
  0
LINE
  5
4F2
100
AcDbEntity
  8
Layer 1
  6
ByLayer
 62
  256
370
   -1
100
AcDbLine
 10
61.090556
 20
99.640173
 11
60.482352
 21
100.025979
  0
LINE
  5
4F3
100
AcDbEntity
  8
Layer 1
  6
ByLayer
 62
  256
370
   -1
100
AcDbLine
 10
60.482352
 20
100.025979
 11
60.087475
 21
100.629637
  0
LINE
  5
4F4
100
AcDbEntity
  8
Layer 1
  6
ByLayer
 62
  256
370
   -1
100
AcDbLine
 10
60.087475
 20
100.629637
 11
59.951311
 21
101.433007
  0
LINE
  5
4F5
100
AcDbEntity
  8
Layer 1
  6
ByLayer
 62
  256
370
   -1
100
AcDbLine
 10
59.951311
 20
101.433007
 11
60.096556
 21
102.268144
  0
LINE
  5
4F6
100
AcDbEntity
  8
Layer 1
  6
ByLayer
 62
  256
370
   -1
100
AcDbLine
 10
60.096556
 20
102.268144
 11
60.518666
 21
102.908117
  0
LINE
  5
4F7
100
AcDbEntity
  8
Layer 1
  6
ByLayer
 62
  256
370
   -1
100
AcDbLine
 10
60.518666
 20
102.908117
 11
61.17679
 21
103.321156
  0
LINE
  5
4F8
100
AcDbEntity
  8
Layer 1
  6
ByLayer
 62
  256
370
   -1
100
AcDbLine
 10
61.17679
 20
103.321156
 11
62.03916
 21
103.46639
  0
LINE
  5
4F9
100
AcDbEntity
  8
Layer 1
  6
ByLayer
 62
  256
370
   -1
100
AcDbLine
 10
62.03916
 20
103.46639
 11
62.837994
 21
103.339307
  0
LINE
  5
4FA
100
AcDbEntity
  8
Layer 1
  6
ByLayer
 62
  256
370
   -1
100
AcDbLine
 10
62.837994
 20
103.339307
 11
63.437117
 21
102.98528
  0
LINE
  5
4FB
100
AcDbEntity
  8
Layer 1
  6
ByLayer
 62
  256
370
   -1
100
AcDbLine
 10
63.437117
 20
102.98528
 11
63.818378
 21
102.431542
  0
LINE
  5
4FC
100
AcDbEntity
  8
Layer 1
  6
ByLayer
 62
  256
370
   -1
100
AcDbLine
 10
63.818378
 20
102.431542
 11
63.950007
 21
101.714417
  0
LINE
  5
4FD
100
AcDbEntity
  8
Layer 1
  6
ByLayer
 62
  256
370
   -1
100
AcDbLine
 10
63.950007
 20
101.714417
 11
63.889867
 21
101.191315
  0
LINE
  5
4FE
100
AcDbEntity
  8
Layer 1
  6
ByLayer
 62
  256
370
   -1
100
AcDbLine
 10
63.889867
 20
101.191315
 11
63.709446
 21
100.802116
  0
LINE
  5
4FF
100
AcDbEntity
  8
Layer 1
  6
ByLayer
 62
  256
370
   -1
100
AcDbLine
 10
63.709446
 20
100.802116
 11
63.411018
 21
100.563823
  0
LINE
  5
500
100
AcDbEntity
  8
Layer 1
  6
ByLayer
 62
  256
370
   -1
100
AcDbLine
 10
63.411018
 20
100.563823
 11
62.996856
 21
100.484392
  0
LINE
  5
501
100
AcDbEntity
  8
Layer 1
  6
ByLayer
 62
  256
370
   -1
100
AcDbLine
 10
62.996856
 20
100.484392
 11
62.715447
 21
100.529744
  0
LINE
  5
502
100
AcDbEntity
  8
Layer 1
  6
ByLayer
 62
  256
370
   -1
100
AcDbLine
 10
62.715447
 20
100.529744
 11
62.474886
 21
100.661373
  0
LINE
  5
503
100
AcDbEntity
  8
Layer 1
  6
ByLayer
 62
  256
370
   -1
100
AcDbLine
 10
62.474886
 20
100.661373
 11
62.247953
 21
100.547907
  0
LINE
  5
504
100
AcDbEntity
  8
Layer 1
  6
ByLayer
 62
  256
370
   -1
100
AcDbLine
 10
62.247953
 20
100.547907
 11
61.934775
 21
100.507057
  0
LINE
  5
505
100
AcDbEntity
  8
Layer 1
  6
ByLayer
 62
  256
370
   -1
100
AcDbLine
 10
61.934775
 20
100.507057
 11
61.571666
 21
100.566026
  0
LINE
  5
506
100
AcDbEntity
  8
Layer 1
  6
ByLayer
 62
  256
370
   -1
100
AcDbLine
 10
61.571666
 20
100.566026
 11
61.294802
 21
100.74304
  0
LINE
  5
507
100
AcDbEntity
  8
Layer 1
  6
ByLayer
 62
  256
370
   -1
100
AcDbLine
 10
61.294802
 20
100.74304
 11
61.117789
 21
101.028985
  0
LINE
  5
508
100
AcDbEntity
  8
Layer 1
  6
ByLayer
 62
  256
370
   -1
100
AcDbLine
 10
61.117789
 20
101.028985
 11
61.05421
 21
101.41478
  0
LINE
  5
509
100
AcDbEntity
  8
Layer 1
  6
ByLayer
 62
  256
370
   -1
100
AcDbLine
 10
61.05421
 20
101.41478
 11
61.126795
 21
101.850506
  0
LINE
  5
50A
100
AcDbEntity
  8
Layer 1
  6
ByLayer
 62
  256
370
   -1
100
AcDbLine
 10
61.126795
 20
101.850506
 11
61.340112
 21
102.1773
  0
LINE
  5
50B
100
AcDbEntity
  8
Layer 1
  6
ByLayer
 62
  256
370
   -1
100
AcDbLine
 10
61.340112
 20
102.1773
 11
61.666906
 21
102.381547
  0
LINE
  5
50C
100
AcDbEntity
  8
Layer 1
  6
ByLayer
 62
  256
370
   -1
100
AcDbLine
 10
61.666906
 20
102.381547
 11
62.098097
 21
102.454132
  0
LINE
  5
50D
100
AcDbEntity
  8
Layer 1
  6
ByLayer
 62
  256
370
   -1
100
AcDbLine
 10
62.098097
 20
102.454132
 11
62.40674
 21
102.417786
  0
LINE
  5
50E
100
AcDbEntity
  8
Layer 1
  6
ByLayer
 62
  256
370
   -1
100
AcDbLine
 10
62.40674
 20
102.417786
 11
62.660906
 21
102.326974
  0
LINE
  5
50F
100
AcDbEntity
  8
Layer 1
  6
ByLayer
 62
  256
370
   -1
100
AcDbLine
 10
62.660906
 20
102.326974
 11
62.847001
 21
102.104565
  0
LINE
  5
510
100
AcDbEntity
  8
Layer 1
  6
ByLayer
 62
  256
370
   -1
100
AcDbLine
 10
62.847001
 20
102.104565
 11
62.842712
 21
102.036483
  0
LINE
  5
511
100
AcDbEntity
  8
Layer 1
  6
ByLayer
 62
  256
370
   -1
100
AcDbLine
 10
62.842712
 20
102.036483
 11
62.838423
 21
101.968401
  0
LINE
  5
512
100
AcDbEntity
  8
Layer 1
  6
ByLayer
 62
  256
370
   -1
100
AcDbLine
 10
62.838423
 20
101.968401
 11
62.729063
 21
100.86562
  0
LINE
  5
513
100
AcDbEntity
  8
Layer 1
  6
ByLayer
 62
  256
370
   -1
100
AcDbLine
 10
61.426421
 20
101.414812
 11
61.571666
 21
100.960935
  0
LINE
  5
514
100
AcDbEntity
  8
Layer 1
  6
ByLayer
 62
  256
370
   -1
100
AcDbLine
 10
61.571666
 20
100.960935
 11
61.984694
 21
100.806619
  0
LINE
  5
515
100
AcDbEntity
  8
Layer 1
  6
ByLayer
 62
  256
370
   -1
100
AcDbLine
 10
61.984694
 20
100.806619
 11
62.375036
 21
100.942783
  0
LINE
  5
516
100
AcDbEntity
  8
Layer 1
  6
ByLayer
 62
  256
370
   -1
100
AcDbLine
 10
62.375036
 20
100.942783
 11
62.488502
 21
102.068401
  0
LINE
  5
517
100
AcDbEntity
  8
Layer 1
  6
ByLayer
 62
  256
370
   -1
100
AcDbLine
 10
62.488502
 20
102.068401
 11
62.311489
 21
102.12737
  0
LINE
  5
518
100
AcDbEntity
  8
Layer 1
  6
ByLayer
 62
  256
370
   -1
100
AcDbLine
 10
62.311489
 20
102.12737
 11
62.075474
 21
102.154603
  0
LINE
  5
519
100
AcDbEntity
  8
Layer 1
  6
ByLayer
 62
  256
370
   -1
100
AcDbLine
 10
62.075474
 20
102.154603
 11
61.603434
 21
101.959437
  0
LINE
  5
51A
100
AcDbEntity
  8
Layer 1
  6
ByLayer
 62
  256
370
   -1
100
AcDbLine
 10
61.603434
 20
101.959437
 11
61.426421
 21
101.41478
  0
LINE
  5
51B
100
AcDbEntity
  8
Layer 1
  6
ByLayer
 62
  256
370
   -1
100
AcDbLine
 10
61.426421
 20
101.41478
 11
61.426421
 21
101.414812
  0
LINE
  5
51C
100
AcDbEntity
  8
Layer 1
  6
ByLayer
 62
  256
370
   -1
100
AcDbLine
 10
64.98031
 20
100.516128
 11
64.912227
 21
100.498008
  0
LINE
  5
51D
100
AcDbEntity
  8
Layer 1
  6
ByLayer
 62
  256
370
   -1
100
AcDbLine
 10
64.912227
 20
100.498008
 11
64.812409
 21
100.484392
  0
LINE
  5
51E
100
AcDbEntity
  8
Layer 1
  6
ByLayer
 62
  256
370
   -1
100
AcDbLine
 10
64.812409
 20
100.484392
 11
64.617244
 21
100.647789
  0
LINE
  5
51F
100
AcDbEntity
  8
Layer 1
  6
ByLayer
 62
  256
370
   -1
100
AcDbLine
 10
64.617244
 20
100.647789
 11
64.617244
 21
103.448239
  0
LINE
  5
520
100
AcDbEntity
  8
Layer 1
  6
ByLayer
 62
  256
370
   -1
100
AcDbLine
 10
64.617244
 20
103.448239
 11
64.685326
 21
103.466358
  0
LINE
  5
521
100
AcDbEntity
  8
Layer 1
  6
ByLayer
 62
  256
370
   -1
100
AcDbLine
 10
64.685326
 20
103.466358
 11
64.785144
 21
103.479975
  0
LINE
  5
522
100
AcDbEntity
  8
Layer 1
  6
ByLayer
 62
  256
370
   -1
100
AcDbLine
 10
64.785144
 20
103.479975
 11
64.98031
 21
103.316578
  0
LINE
  5
523
100
AcDbEntity
  8
Layer 1
  6
ByLayer
 62
  256
370
   -1
100
AcDbLine
 10
64.98031
 20
103.316578
 11
64.98031
 21
100.516128
  0
LINE
  5
524
100
AcDbEntity
  8
Layer 1
  6
ByLayer
 62
  256
370
   -1
100
AcDbLine
 10
66.446349
 20
100.743072
 11
66.75952700000001
 21
100.779418
  0
LINE
  5
525
100
AcDbEntity
  8
Layer 1
  6
ByLayer
 62
  256
370
   -1
100
AcDbLine
 10
66.75952700000001
 20
100.779418
 11
66.941076
 21
100.856614
  0
LINE
  5
526
100
AcDbEntity
  8
Layer 1
  6
ByLayer
 62
  256
370
   -1
100
AcDbLine
 10
66.941076
 20
100.856614
 11
66.941076
 21
101.514738
  0
LINE
  5
527
100
AcDbEntity
  8
Layer 1
  6
ByLayer
 62
  256
370
   -1
100
AcDbLine
 10
66.941076
 20
101.514738
 11
66.37826699999999
 21
101.455769
  0
LINE
  5
528
100
AcDbEntity
  8
Layer 1
  6
ByLayer
 62
  256
370
   -1
100
AcDbLine
 10
66.37826699999999
 20
101.455769
 11
66.028775
 21
101.346837
  0
LINE
  5
529
100
AcDbEntity
  8
Layer 1
  6
ByLayer
 62
  256
370
   -1
100
AcDbLine
 10
66.028775
 20
101.346837
 11
65.915308
 21
101.101742
  0
LINE
  5
52A
100
AcDbEntity
  8
Layer 1
  6
ByLayer
 62
  256
370
   -1
100
AcDbLine
 10
65.915308
 20
101.101742
 11
66.046926
 21
100.833959
  0
LINE
  5
52B
100
AcDbEntity
  8
Layer 1
  6
ByLayer
 62
  256
370
   -1
100
AcDbLine
 10
66.046926
 20
100.833959
 11
66.446349
 21
100.743147
  0
LINE
  5
52C
100
AcDbEntity
  8
Layer 1
  6
ByLayer
 62
  256
370
   -1
100
AcDbLine
 10
66.446349
 20
100.743147
 11
66.446349
 21
100.743072
  0
LINE
  5
52D
100
AcDbEntity
  8
Layer 1
  6
ByLayer
 62
  256
370
   -1
100
AcDbLine
 10
66.44206
 20
102.662989
 11
67.068416
 21
102.485975
  0
LINE
  5
52E
100
AcDbEntity
  8
Layer 1
  6
ByLayer
 62
  256
370
   -1
100
AcDbLine
 10
67.068416
 20
102.485975
 11
67.299896
 21
101.927701
  0
LINE
  5
52F
100
AcDbEntity
  8
Layer 1
  6
ByLayer
 62
  256
370
   -1
100
AcDbLine
 10
67.299896
 20
101.927701
 11
67.299896
 21
100.852003
  0
LINE
  5
530
100
AcDbEntity
  8
Layer 1
  6
ByLayer
 62
  256
370
   -1
100
AcDbLine
 10
67.299896
 20
100.852003
 11
67.259046
 21
100.697687
  0
LINE
  5
531
100
AcDbEntity
  8
Layer 1
  6
ByLayer
 62
  256
370
   -1
100
AcDbLine
 10
67.259046
 20
100.697687
 11
67.14556899999999
 21
100.602372
  0
LINE
  5
532
100
AcDbEntity
  8
Layer 1
  6
ByLayer
 62
  256
370
   -1
100
AcDbLine
 10
67.14556899999999
 20
100.602372
 11
66.85508799999999
 21
100.493441
  0
LINE
  5
533
100
AcDbEntity
  8
Layer 1
  6
ByLayer
 62
  256
370
   -1
100
AcDbLine
 10
66.85508799999999
 20
100.493441
 11
66.446596
 21
100.443478
  0
LINE
  5
534
100
AcDbEntity
  8
Layer 1
  6
ByLayer
 62
  256
370
   -1
100
AcDbLine
 10
66.446596
 20
100.443478
 11
65.78392599999999
 21
100.611411
  0
LINE
  5
535
100
AcDbEntity
  8
Layer 1
  6
ByLayer
 62
  256
370
   -1
100
AcDbLine
 10
65.78392599999999
 20
100.611411
 11
65.552446
 21
101.097056
  0
LINE
  5
536
100
AcDbEntity
  8
Layer 1
  6
ByLayer
 62
  256
370
   -1
100
AcDbLine
 10
65.552446
 20
101.097056
 11
65.74762200000001
 21
101.546398
  0
LINE
  5
537
100
AcDbEntity
  8
Layer 1
  6
ByLayer
 62
  256
370
   -1
100
AcDbLine
 10
65.74762200000001
 20
101.546398
 11
66.296815
 21
101.737039
  0
LINE
  5
538
100
AcDbEntity
  8
Layer 1
  6
ByLayer
 62
  256
370
   -1
100
AcDbLine
 10
66.296815
 20
101.737039
 11
66.941322
 21
101.800618
  0
LINE
  5
539
100
AcDbEntity
  8
Layer 1
  6
ByLayer
 62
  256
370
   -1
100
AcDbLine
 10
66.941322
 20
101.800618
 11
66.941322
 21
101.927712
  0
LINE
  5
53A
100
AcDbEntity
  8
Layer 1
  6
ByLayer
 62
  256
370
   -1
100
AcDbLine
 10
66.941322
 20
101.927712
 11
66.80515800000001
 21
102.259042
  0
LINE
  5
53B
100
AcDbEntity
  8
Layer 1
  6
ByLayer
 62
  256
370
   -1
100
AcDbLine
 10
66.80515800000001
 20
102.259042
 11
66.43751399999999
 21
102.36347
  0
LINE
  5
53C
100
AcDbEntity
  8
Layer 1
  6
ByLayer
 62
  256
370
   -1
100
AcDbLine
 10
66.43751399999999
 20
102.36347
 11
66.078952
 21
102.309004
  0
LINE
  5
53D
100
AcDbEntity
  8
Layer 1
  6
ByLayer
 62
  256
370
   -1
100
AcDbLine
 10
66.078952
 20
102.309004
 11
65.77939000000001
 21
102.186457
  0
LINE
  5
53E
100
AcDbEntity
  8
Layer 1
  6
ByLayer
 62
  256
370
   -1
100
AcDbLine
 10
65.77939000000001
 20
102.186457
 11
65.711308
 21
102.259042
  0
LINE
  5
53F
100
AcDbEntity
  8
Layer 1
  6
ByLayer
 62
  256
370
   -1
100
AcDbLine
 10
65.711308
 20
102.259042
 11
65.68407500000001
 21
102.349854
  0
LINE
  5
540
100
AcDbEntity
  8
Layer 1
  6
ByLayer
 62
  256
370
   -1
100
AcDbLine
 10
65.68407500000001
 20
102.349854
 11
65.715811
 21
102.454282
  0
LINE
  5
541
100
AcDbEntity
  8
Layer 1
  6
ByLayer
 62
  256
370
   -1
100
AcDbLine
 10
65.715811
 20
102.454282
 11
65.815629
 21
102.531478
  0
LINE
  5
542
100
AcDbEntity
  8
Layer 1
  6
ByLayer
 62
  256
370
   -1
100
AcDbLine
 10
65.815629
 20
102.531478
 11
66.097039
 21
102.626793
  0
LINE
  5
543
100
AcDbEntity
  8
Layer 1
  6
ByLayer
 62
  256
370
   -1
100
AcDbLine
 10
66.097039
 20
102.626793
 11
66.441985
 21
102.663139
  0
LINE
  5
544
100
AcDbEntity
  8
Layer 1
  6
ByLayer
 62
  256
370
   -1
100
AcDbLine
 10
66.441985
 20
102.663139
 11
66.44206
 21
102.662989
  0
LINE
  5
545
100
AcDbEntity
  8
Layer 1
  6
ByLayer
 62
  256
370
   -1
100
AcDbLine
 10
68.897553
 20
102.662989
 11
69.28789500000001
 21
102.594907
  0
LINE
  5
546
100
AcDbEntity
  8
Layer 1
  6
ByLayer
 62
  256
370
   -1
100
AcDbLine
 10
69.28789500000001
 20
102.594907
 11
69.601073
 21
102.39066
  0
LINE
  5
547
100
AcDbEntity
  8
Layer 1
  6
ByLayer
 62
  256
370
   -1
100
AcDbLine
 10
69.601073
 20
102.39066
 11
69.809854
 21
102.045703
  0
LINE
  5
548
100
AcDbEntity
  8
Layer 1
  6
ByLayer
 62
  256
370
   -1
100
AcDbLine
 10
69.809854
 20
102.045703
 11
69.88705
 21
101.555512
  0
LINE
  5
549
100
AcDbEntity
  8
Layer 1
  6
ByLayer
 62
  256
370
   -1
100
AcDbLine
 10
69.88705
 20
101.555512
 11
69.809854
 21
101.060785
  0
LINE
  5
54A
100
AcDbEntity
  8
Layer 1
  6
ByLayer
 62
  256
370
   -1
100
AcDbLine
 10
69.809854
 20
101.060785
 11
69.59199099999999
 21
100.715839
  0
LINE
  5
54B
100
AcDbEntity
  8
Layer 1
  6
ByLayer
 62
  256
370
   -1
100
AcDbLine
 10
69.59199099999999
 20
100.715839
 11
69.260662
 21
100.511593
  0
LINE
  5
54C
100
AcDbEntity
  8
Layer 1
  6
ByLayer
 62
  256
370
   -1
100
AcDbLine
 10
69.260662
 20
100.511593
 11
68.834006
 21
100.448013
  0
LINE
  5
54D
100
AcDbEntity
  8
Layer 1
  6
ByLayer
 62
  256
370
   -1
100
AcDbLine
 10
68.834006
 20
100.448013
 11
68.430059
 21
100.502479
  0
LINE
  5
54E
100
AcDbEntity
  8
Layer 1
  6
ByLayer
 62
  256
370
   -1
100
AcDbLine
 10
68.430059
 20
100.502479
 11
68.139579
 21
100.620492
  0
LINE
  5
54F
100
AcDbEntity
  8
Layer 1
  6
ByLayer
 62
  256
370
   -1
100
AcDbLine
 10
68.139579
 20
100.620492
 11
68.00794999999999
 21
100.733958
  0
LINE
  5
550
100
AcDbEntity
  8
Layer 1
  6
ByLayer
 62
  256
370
   -1
100
AcDbLine
 10
68.00794999999999
 20
100.733958
 11
67.971604
 21
100.888274
  0
LINE
  5
551
100
AcDbEntity
  8
Layer 1
  6
ByLayer
 62
  256
370
   -1
100
AcDbLine
 10
67.971604
 20
100.888274
 11
67.971604
 21
103.448164
  0
LINE
  5
552
100
AcDbEntity
  8
Layer 1
  6
ByLayer
 62
  256
370
   -1
100
AcDbLine
 10
67.971604
 20
103.448164
 11
68.039686
 21
103.466283
  0
LINE
  5
553
100
AcDbEntity
  8
Layer 1
  6
ByLayer
 62
  256
370
   -1
100
AcDbLine
 10
68.039686
 20
103.466283
 11
68.144114
 21
103.4799
  0
LINE
  5
554
100
AcDbEntity
  8
Layer 1
  6
ByLayer
 62
  256
370
   -1
100
AcDbLine
 10
68.144114
 20
103.4799
 11
68.334744
 21
103.316502
  0
LINE
  5
555
100
AcDbEntity
  8
Layer 1
  6
ByLayer
 62
  256
370
   -1
100
AcDbLine
 10
68.334744
 20
103.316502
 11
68.334744
 21
102.504052
  0
LINE
  5
556
100
AcDbEntity
  8
Layer 1
  6
ByLayer
 62
  256
370
   -1
100
AcDbLine
 10
68.334744
 20
102.504052
 11
68.570759
 21
102.612983
  0
LINE
  5
557
100
AcDbEntity
  8
Layer 1
  6
ByLayer
 62
  256
370
   -1
100
AcDbLine
 10
68.570759
 20
102.612983
 11
68.897553
 21
102.662946
  0
LINE
  5
558
100
AcDbEntity
  8
Layer 1
  6
ByLayer
 62
  256
370
   -1
100
AcDbLine
 10
68.897553
 20
102.662946
 11
68.897553
 21
102.662989
  0
LINE
  5
559
100
AcDbEntity
  8
Layer 1
  6
ByLayer
 62
  256
370
   -1
100
AcDbLine
 10
68.84308799999999
 20
102.363427
 11
68.55260699999999
 21
102.304458
  0
LINE
  5
55A
100
AcDbEntity
  8
Layer 1
  6
ByLayer
 62
  256
370
   -1
100
AcDbLine
 10
68.55260699999999
 20
102.304458
 11
68.334744
 21
102.172829
  0
LINE
  5
55B
100
AcDbEntity
  8
Layer 1
  6
ByLayer
 62
  256
370
   -1
100
AcDbLine
 10
68.334744
 20
102.172829
 11
68.334744
 21
100.88835
  0
LINE
  5
55C
100
AcDbEntity
  8
Layer 1
  6
ByLayer
 62
  256
370
   -1
100
AcDbLine
 10
68.334744
 20
100.88835
 11
68.52991
 21
100.793035
  0
LINE
  5
55D
100
AcDbEntity
  8
Layer 1
  6
ByLayer
 62
  256
370
   -1
100
AcDbLine
 10
68.52991
 20
100.793035
 11
68.834006
 21
100.747682
  0
LINE
  5
55E
100
AcDbEntity
  8
Layer 1
  6
ByLayer
 62
  256
370
   -1
100
AcDbLine
 10
68.834006
 20
100.747682
 11
69.11088100000001
 21
100.793035
  0
LINE
  5
55F
100
AcDbEntity
  8
Layer 1
  6
ByLayer
 62
  256
370
   -1
100
AcDbLine
 10
69.11088100000001
 20
100.793035
 11
69.328744
 21
100.942815
  0
LINE
  5
560
100
AcDbEntity
  8
Layer 1
  6
ByLayer
 62
  256
370
   -1
100
AcDbLine
 10
69.328744
 20
100.942815
 11
69.469443
 21
101.192446
  0
LINE
  5
561
100
AcDbEntity
  8
Layer 1
  6
ByLayer
 62
  256
370
   -1
100
AcDbLine
 10
69.469443
 20
101.192446
 11
69.519406
 21
101.555555
  0
LINE
  5
562
100
AcDbEntity
  8
Layer 1
  6
ByLayer
 62
  256
370
   -1
100
AcDbLine
 10
69.519406
 20
101.555555
 11
69.469443
 21
101.918663
  0
LINE
  5
563
100
AcDbEntity
  8
Layer 1
  6
ByLayer
 62
  256
370
   -1
100
AcDbLine
 10
69.469443
 20
101.918663
 11
69.328744
 21
102.168294
  0
LINE
  5
564
100
AcDbEntity
  8
Layer 1
  6
ByLayer
 62
  256
370
   -1
100
AcDbLine
 10
69.328744
 20
102.168294
 11
69.11088100000001
 21
102.31354
  0
LINE
  5
565
100
AcDbEntity
  8
Layer 1
  6
ByLayer
 62
  256
370
   -1
100
AcDbLine
 10
69.11088100000001
 20
102.31354
 11
68.84308799999999
 21
102.363502
  0
LINE
  5
566
100
AcDbEntity
  8
Layer 1
  6
ByLayer
 62
  256
370
   -1
100
AcDbLine
 10
68.84308799999999
 20
102.363502
 11
68.84308799999999
 21
102.363427
  0
LINE
  5
567
100
AcDbEntity
  8
Layer 1
  6
ByLayer
 62
  256
370
   -1
100
AcDbLine
 10
73.11410100000001
 20
101.932237
 11
72.98701800000001
 21
102.259031
  0
LINE
  5
568
100
AcDbEntity
  8
Layer 1
  6
ByLayer
 62
  256
370
   -1
100
AcDbLine
 10
72.98701800000001
 20
102.259031
 11
72.646607
 21
102.363459
  0
LINE
  5
569
100
AcDbEntity
  8
Layer 1
  6
ByLayer
 62
  256
370
   -1
100
AcDbLine
 10
72.646607
 20
102.363459
 11
72.120102
 21
102.154678
  0
LINE
  5
56A
100
AcDbEntity
  8
Layer 1
  6
ByLayer
 62
  256
370
   -1
100
AcDbLine
 10
72.120102
 20
102.154678
 11
72.147335
 21
101.959512
  0
LINE
  5
56B
100
AcDbEntity
  8
Layer 1
  6
ByLayer
 62
  256
370
   -1
100
AcDbLine
 10
72.147335
 20
101.959512
 11
72.147335
 21
100.516171
  0
LINE
  5
56C
100
AcDbEntity
  8
Layer 1
  6
ByLayer
 62
  256
370
   -1
100
AcDbLine
 10
72.147335
 20
100.516171
 11
72.074749
 21
100.498051
  0
LINE
  5
56D
100
AcDbEntity
  8
Layer 1
  6
ByLayer
 62
  256
370
   -1
100
AcDbLine
 10
72.074749
 20
100.498051
 11
71.979434
 21
100.484435
  0
LINE
  5
56E
100
AcDbEntity
  8
Layer 1
  6
ByLayer
 62
  256
370
   -1
100
AcDbLine
 10
71.979434
 20
100.484435
 11
71.78426899999999
 21
100.647832
  0
LINE
  5
56F
100
AcDbEntity
  8
Layer 1
  6
ByLayer
 62
  256
370
   -1
100
AcDbLine
 10
71.78426899999999
 20
100.647832
 11
71.78426899999999
 21
101.932312
  0
LINE
  5
570
100
AcDbEntity
  8
Layer 1
  6
ByLayer
 62
  256
370
   -1
100
AcDbLine
 10
71.78426899999999
 20
101.932312
 11
71.657175
 21
102.259106
  0
LINE
  5
571
100
AcDbEntity
  8
Layer 1
  6
ByLayer
 62
  256
370
   -1
100
AcDbLine
 10
71.657175
 20
102.259106
 11
71.312229
 21
102.363534
  0
LINE
  5
572
100
AcDbEntity
  8
Layer 1
  6
ByLayer
 62
  256
370
   -1
100
AcDbLine
 10
71.312229
 20
102.363534
 11
71.035365
 21
102.318182
  0
LINE
  5
573
100
AcDbEntity
  8
Layer 1
  6
ByLayer
 62
  256
370
   -1
100
AcDbLine
 10
71.035365
 20
102.318182
 11
70.817502
 21
102.213754
  0
LINE
  5
574
100
AcDbEntity
  8
Layer 1
  6
ByLayer
 62
  256
370
   -1
100
AcDbLine
 10
70.817502
 20
102.213754
 11
70.817502
 21
100.516235
  0
LINE
  5
575
100
AcDbEntity
  8
Layer 1
  6
ByLayer
 62
  256
370
   -1
100
AcDbLine
 10
70.817502
 20
100.516235
 11
70.74942
 21
100.498115
  0
LINE
  5
576
100
AcDbEntity
  8
Layer 1
  6
ByLayer
 62
  256
370
   -1
100
AcDbLine
 10
70.74942
 20
100.498115
 11
70.649602
 21
100.484499
  0
LINE
  5
577
100
AcDbEntity
  8
Layer 1
  6
ByLayer
 62
  256
370
   -1
100
AcDbLine
 10
70.649602
 20
100.484499
 11
70.454437
 21
100.647896
  0
LINE
  5
578
100
AcDbEntity
  8
Layer 1
  6
ByLayer
 62
  256
370
   -1
100
AcDbLine
 10
70.454437
 20
100.647896
 11
70.454437
 21
102.195634
  0
LINE
  5
579
100
AcDbEntity
  8
Layer 1
  6
ByLayer
 62
  256
370
   -1
100
AcDbLine
 10
70.454437
 20
102.195634
 11
70.49078299999999
 21
102.345415
  0
LINE
  5
57A
100
AcDbEntity
  8
Layer 1
  6
ByLayer
 62
  256
370
   -1
100
AcDbLine
 10
70.49078299999999
 20
102.345415
 11
70.626947
 21
102.472498
  0
LINE
  5
57B
100
AcDbEntity
  8
Layer 1
  6
ByLayer
 62
  256
370
   -1
100
AcDbLine
 10
70.626947
 20
102.472498
 11
70.935579
 21
102.604127
  0
LINE
  5
57C
100
AcDbEntity
  8
Layer 1
  6
ByLayer
 62
  256
370
   -1
100
AcDbLine
 10
70.935579
 20
102.604127
 11
71.316839
 21
102.663096
  0
LINE
  5
57D
100
AcDbEntity
  8
Layer 1
  6
ByLayer
 62
  256
370
   -1
100
AcDbLine
 10
71.316839
 20
102.663096
 11
71.711716
 21
102.595014
  0
LINE
  5
57E
100
AcDbEntity
  8
Layer 1
  6
ByLayer
 62
  256
370
   -1
100
AcDbLine
 10
71.711716
 20
102.595014
 11
71.974974
 21
102.418
  0
LINE
  5
57F
100
AcDbEntity
  8
Layer 1
  6
ByLayer
 62
  256
370
   -1
100
AcDbLine
 10
71.974974
 20
102.418
 11
72.26999000000001
 21
102.590479
  0
LINE
  5
580
100
AcDbEntity
  8
Layer 1
  6
ByLayer
 62
  256
370
   -1
100
AcDbLine
 10
72.26999000000001
 20
102.590479
 11
72.673947
 21
102.663064
  0
LINE
  5
581
100
AcDbEntity
  8
Layer 1
  6
ByLayer
 62
  256
370
   -1
100
AcDbLine
 10
72.673947
 20
102.663064
 11
73.25945400000001
 21
102.48605
  0
LINE
  5
582
100
AcDbEntity
  8
Layer 1
  6
ByLayer
 62
  256
370
   -1
100
AcDbLine
 10
73.25945400000001
 20
102.48605
 11
73.477317
 21
101.950463
  0
LINE
  5
583
100
AcDbEntity
  8
Layer 1
  6
ByLayer
 62
  256
370
   -1
100
AcDbLine
 10
73.477317
 20
101.950463
 11
73.477317
 21
100.516203
  0
LINE
  5
584
100
AcDbEntity
  8
Layer 1
  6
ByLayer
 62
  256
370
   -1
100
AcDbLine
 10
73.477317
 20
100.516203
 11
73.404732
 21
100.498083
  0
LINE
  5
585
100
AcDbEntity
  8
Layer 1
  6
ByLayer
 62
  256
370
   -1
100
AcDbLine
 10
73.404732
 20
100.498083
 11
73.309417
 21
100.484467
  0
LINE
  5
586
100
AcDbEntity
  8
Layer 1
  6
ByLayer
 62
  256
370
   -1
100
AcDbLine
 10
73.309417
 20
100.484467
 11
73.11424100000001
 21
100.647864
  0
LINE
  5
587
100
AcDbEntity
  8
Layer 1
  6
ByLayer
 62
  256
370
   -1
100
AcDbLine
 10
73.11424100000001
 20
100.647864
 11
73.11424100000001
 21
101.932344
  0
LINE
  5
588
100
AcDbEntity
  8
Layer 1
  6
ByLayer
 62
  256
370
   -1
100
AcDbLine
 10
73.11424100000001
 20
101.932344
 11
73.11410100000001
 21
101.932237
  0
LINE
  5
589
100
AcDbEntity
  8
Layer 1
  6
ByLayer
 62
  256
370
   -1
100
AcDbLine
 10
74.906935
 20
100.743072
 11
75.220113
 21
100.779418
  0
LINE
  5
58A
100
AcDbEntity
  8
Layer 1
  6
ByLayer
 62
  256
370
   -1
100
AcDbLine
 10
75.220113
 20
100.779418
 11
75.401662
 21
100.856614
  0
LINE
  5
58B
100
AcDbEntity
  8
Layer 1
  6
ByLayer
 62
  256
370
   -1
100
AcDbLine
 10
75.401662
 20
100.856614
 11
75.401662
 21
101.514738
  0
LINE
  5
58C
100
AcDbEntity
  8
Layer 1
  6
ByLayer
 62
  256
370
   -1
100
AcDbLine
 10
75.401662
 20
101.514738
 11
74.838853
 21
101.455769
  0
LINE
  5
58D
100
AcDbEntity
  8
Layer 1
  6
ByLayer
 62
  256
370
   -1
100
AcDbLine
 10
74.838853
 20
101.455769
 11
74.489361
 21
101.346837
  0
LINE
  5
58E
100
AcDbEntity
  8
Layer 1
  6
ByLayer
 62
  256
370
   -1
100
AcDbLine
 10
74.489361
 20
101.346837
 11
74.375894
 21
101.101742
  0
LINE
  5
58F
100
AcDbEntity
  8
Layer 1
  6
ByLayer
 62
  256
370
   -1
100
AcDbLine
 10
74.375894
 20
101.101742
 11
74.50752300000001
 21
100.833959
  0
LINE
  5
590
100
AcDbEntity
  8
Layer 1
  6
ByLayer
 62
  256
370
   -1
100
AcDbLine
 10
74.50752300000001
 20
100.833959
 11
74.906935
 21
100.743147
  0
LINE
  5
591
100
AcDbEntity
  8
Layer 1
  6
ByLayer
 62
  256
370
   -1
100
AcDbLine
 10
74.906935
 20
100.743147
 11
74.906935
 21
100.743072
  0
LINE
  5
592
100
AcDbEntity
  8
Layer 1
  6
ByLayer
 62
  256
370
   -1
100
AcDbLine
 10
74.902646
 20
102.662989
 11
75.52900200000001
 21
102.485975
  0
LINE
  5
593
100
AcDbEntity
  8
Layer 1
  6
ByLayer
 62
  256
370
   -1
100
AcDbLine
 10
75.52900200000001
 20
102.485975
 11
75.760482
 21
101.927701
  0
LINE
  5
594
100
AcDbEntity
  8
Layer 1
  6
ByLayer
 62
  256
370
   -1
100
AcDbLine
 10
75.760482
 20
101.927701
 11
75.760482
 21
100.852003
  0
LINE
  5
595
100
AcDbEntity
  8
Layer 1
  6
ByLayer
 62
  256
370
   -1
100
AcDbLine
 10
75.760482
 20
100.852003
 11
75.719632
 21
100.697687
  0
LINE
  5
596
100
AcDbEntity
  8
Layer 1
  6
ByLayer
 62
  256
370
   -1
100
AcDbLine
 10
75.719632
 20
100.697687
 11
75.606166
 21
100.602372
  0
LINE
  5
597
100
AcDbEntity
  8
Layer 1
  6
ByLayer
 62
  256
370
   -1
100
AcDbLine
 10
75.606166
 20
100.602372
 11
75.315685
 21
100.493441
  0
LINE
  5
598
100
AcDbEntity
  8
Layer 1
  6
ByLayer
 62
  256
370
   -1
100
AcDbLine
 10
75.315685
 20
100.493441
 11
74.90719199999999
 21
100.443478
  0
LINE
  5
599
100
AcDbEntity
  8
Layer 1
  6
ByLayer
 62
  256
370
   -1
100
AcDbLine
 10
74.90719199999999
 20
100.443478
 11
74.244522
 21
100.611411
  0
LINE
  5
59A
100
AcDbEntity
  8
Layer 1
  6
ByLayer
 62
  256
370
   -1
100
AcDbLine
 10
74.244522
 20
100.611411
 11
74.013043
 21
101.097067
  0
LINE
  5
59B
100
AcDbEntity
  8
Layer 1
  6
ByLayer
 62
  256
370
   -1
100
AcDbLine
 10
74.013043
 20
101.097067
 11
74.208219
 21
101.546409
  0
LINE
  5
59C
100
AcDbEntity
  8
Layer 1
  6
ByLayer
 62
  256
370
   -1
100
AcDbLine
 10
74.208219
 20
101.546409
 11
74.757412
 21
101.737039
  0
LINE
  5
59D
100
AcDbEntity
  8
Layer 1
  6
ByLayer
 62
  256
370
   -1
100
AcDbLine
 10
74.757412
 20
101.737039
 11
75.40191900000001
 21
101.800618
  0
LINE
  5
59E
100
AcDbEntity
  8
Layer 1
  6
ByLayer
 62
  256
370
   -1
100
AcDbLine
 10
75.40191900000001
 20
101.800618
 11
75.40191900000001
 21
101.927701
  0
LINE
  5
59F
100
AcDbEntity
  8
Layer 1
  6
ByLayer
 62
  256
370
   -1
100
AcDbLine
 10
75.40191900000001
 20
101.927701
 11
75.265755
 21
102.259031
  0
LINE
  5
5A0
100
AcDbEntity
  8
Layer 1
  6
ByLayer
 62
  256
370
   -1
100
AcDbLine
 10
75.265755
 20
102.259031
 11
74.898111
 21
102.363459
  0
LINE
  5
5A1
100
AcDbEntity
  8
Layer 1
  6
ByLayer
 62
  256
370
   -1
100
AcDbLine
 10
74.898111
 20
102.363459
 11
74.53954899999999
 21
102.308994
  0
LINE
  5
5A2
100
AcDbEntity
  8
Layer 1
  6
ByLayer
 62
  256
370
   -1
100
AcDbLine
 10
74.53954899999999
 20
102.308994
 11
74.239987
 21
102.186446
  0
LINE
  5
5A3
100
AcDbEntity
  8
Layer 1
  6
ByLayer
 62
  256
370
   -1
100
AcDbLine
 10
74.239987
 20
102.186446
 11
74.171905
 21
102.259031
  0
LINE
  5
5A4
100
AcDbEntity
  8
Layer 1
  6
ByLayer
 62
  256
370
   -1
100
AcDbLine
 10
74.171905
 20
102.259031
 11
74.144672
 21
102.349843
  0
LINE
  5
5A5
100
AcDbEntity
  8
Layer 1
  6
ByLayer
 62
  256
370
   -1
100
AcDbLine
 10
74.144672
 20
102.349843
 11
74.176408
 21
102.454271
  0
LINE
  5
5A6
100
AcDbEntity
  8
Layer 1
  6
ByLayer
 62
  256
370
   -1
100
AcDbLine
 10
74.176408
 20
102.454271
 11
74.27622599999999
 21
102.531467
  0
LINE
  5
5A7
100
AcDbEntity
  8
Layer 1
  6
ByLayer
 62
  256
370
   -1
100
AcDbLine
 10
74.27622599999999
 20
102.531467
 11
74.557625
 21
102.626782
  0
LINE
  5
5A8
100
AcDbEntity
  8
Layer 1
  6
ByLayer
 62
  256
370
   -1
100
AcDbLine
 10
74.557625
 20
102.626782
 11
74.90257099999999
 21
102.663128
  0
LINE
  5
5A9
100
AcDbEntity
  8
Layer 1
  6
ByLayer
 62
  256
370
   -1
100
AcDbLine
 10
74.90257099999999
 20
102.663128
 11
74.902646
 21
102.662989
  0
LINE
  5
5AA
100
AcDbEntity
  8
Layer 1
  6
ByLayer
 62
  256
370
   -1
100
AcDbLine
 10
76.79534099999999
 20
100.516128
 11
76.727259
 21
100.498008
  0
LINE
  5
5AB
100
AcDbEntity
  8
Layer 1
  6
ByLayer
 62
  256
370
   -1
100
AcDbLine
 10
76.727259
 20
100.498008
 11
76.627441
 21
100.484392
  0
LINE
  5
5AC
100
AcDbEntity
  8
Layer 1
  6
ByLayer
 62
  256
370
   -1
100
AcDbLine
 10
76.627441
 20
100.484392
 11
76.432276
 21
100.647789
  0
LINE
  5
5AD
100
AcDbEntity
  8
Layer 1
  6
ByLayer
 62
  256
370
   -1
100
AcDbLine
 10
76.432276
 20
100.647789
 11
76.432276
 21
103.448239
  0
LINE
  5
5AE
100
AcDbEntity
  8
Layer 1
  6
ByLayer
 62
  256
370
   -1
100
AcDbLine
 10
76.432276
 20
103.448239
 11
76.50035800000001
 21
103.466358
  0
LINE
  5
5AF
100
AcDbEntity
  8
Layer 1
  6
ByLayer
 62
  256
370
   -1
100
AcDbLine
 10
76.50035800000001
 20
103.466358
 11
76.604786
 21
103.479975
  0
LINE
  5
5B0
100
AcDbEntity
  8
Layer 1
  6
ByLayer
 62
  256
370
   -1
100
AcDbLine
 10
76.604786
 20
103.479975
 11
76.795416
 21
103.316578
  0
LINE
  5
5B1
100
AcDbEntity
  8
Layer 1
  6
ByLayer
 62
  256
370
   -1
100
AcDbLine
 10
76.795416
 20
103.316578
 11
76.795416
 21
101.682606
  0
LINE
  5
5B2
100
AcDbEntity
  8
Layer 1
  6
ByLayer
 62
  256
370
   -1
100
AcDbLine
 10
76.795416
 20
101.682606
 11
77.789416
 21
102.644826
  0
LINE
  5
5B3
100
AcDbEntity
  8
Layer 1
  6
ByLayer
 62
  256
370
   -1
100
AcDbLine
 10
77.789416
 20
102.644826
 11
77.957348
 21
102.590361
  0
LINE
  5
5B4
100
AcDbEntity
  8
Layer 1
  6
ByLayer
 62
  256
370
   -1
100
AcDbLine
 10
77.957348
 20
102.590361
 11
78.020927
 21
102.467813
  0
LINE
  5
5B5
100
AcDbEntity
  8
Layer 1
  6
ByLayer
 62
  256
370
   -1
100
AcDbLine
 10
78.020927
 20
102.467813
 11
77.98007800000001
 21
102.354346
  0
LINE
  5
5B6
100
AcDbEntity
  8
Layer 1
  6
ByLayer
 62
  256
370
   -1
100
AcDbLine
 10
77.98007800000001
 20
102.354346
 11
77.87114699999999
 21
102.245415
  0
LINE
  5
5B7
100
AcDbEntity
  8
Layer 1
  6
ByLayer
 62
  256
370
   -1
100
AcDbLine
 10
77.87114699999999
 20
102.245415
 11
77.140394
 21
101.605442
  0
LINE
  5
5B8
100
AcDbEntity
  8
Layer 1
  6
ByLayer
 62
  256
370
   -1
100
AcDbLine
 10
77.140394
 20
101.605442
 11
78.152546
 21
100.697687
  0
LINE
  5
5B9
100
AcDbEntity
  8
Layer 1
  6
ByLayer
 62
  256
370
   -1
100
AcDbLine
 10
78.152546
 20
100.697687
 11
78.088967
 21
100.538825
  0
LINE
  5
5BA
100
AcDbEntity
  8
Layer 1
  6
ByLayer
 62
  256
370
   -1
100
AcDbLine
 10
78.088967
 20
100.538825
 11
77.95280200000001
 21
100.479857
  0
LINE
  5
5BB
100
AcDbEntity
  8
Layer 1
  6
ByLayer
 62
  256
370
   -1
100
AcDbLine
 10
77.95280200000001
 20
100.479857
 11
77.82570800000001
 21
100.511593
  0
LINE
  5
5BC
100
AcDbEntity
  8
Layer 1
  6
ByLayer
 62
  256
370
   -1
100
AcDbLine
 10
77.82570800000001
 20
100.511593
 11
77.712242
 21
100.611411
  0
LINE
  5
5BD
100
AcDbEntity
  8
Layer 1
  6
ByLayer
 62
  256
370
   -1
100
AcDbLine
 10
77.712242
 20
100.611411
 11
76.795405
 21
101.532793
  0
LINE
  5
5BE
100
AcDbEntity
  8
Layer 1
  6
ByLayer
 62
  256
370
   -1
100
AcDbLine
 10
76.795405
 20
101.532793
 11
76.795405
 21
100.516096
  0
LINE
  5
5BF
100
AcDbEntity
  8
Layer 1
  6
ByLayer
 62
  256
370
   -1
100
AcDbLine
 10
76.795405
 20
100.516096
 11
76.79534099999999
 21
100.516128
  0
LINE
  5
5C0
100
AcDbEntity
  8
Layer 1
  6
ByLayer
 62
  256
370
   -1
100
AcDbLine
 10
78.84687599999999
 20
101.342195
 11
79.103318
 21
100.896254
  0
LINE
  5
5C1
100
AcDbEntity
  8
Layer 1
  6
ByLayer
 62
  256
370
   -1
100
AcDbLine
 10
79.103318
 20
100.896254
 11
79.627548
 21
100.747607
  0
LINE
  5
5C2
100
AcDbEntity
  8
Layer 1
  6
ByLayer
 62
  256
370
   -1
100
AcDbLine
 10
79.627548
 20
100.747607
 11
79.972494
 21
100.811186
  0
LINE
  5
5C3
100
AcDbEntity
  8
Layer 1
  6
ByLayer
 62
  256
370
   -1
100
AcDbLine
 10
79.972494
 20
100.811186
 11
80.21759
 21
100.947351
  0
LINE
  5
5C4
100
AcDbEntity
  8
Layer 1
  6
ByLayer
 62
  256
370
   -1
100
AcDbLine
 10
80.21759
 20
100.947351
 11
80.326522
 21
100.774883
  0
LINE
  5
5C5
100
AcDbEntity
  8
Layer 1
  6
ByLayer
 62
  256
370
   -1
100
AcDbLine
 10
80.326522
 20
100.774883
 11
80.26755300000001
 21
100.652335
  0
LINE
  5
5C6
100
AcDbEntity
  8
Layer 1
  6
ByLayer
 62
  256
370
   -1
100
AcDbLine
 10
80.26755300000001
 20
100.652335
 11
80.113237
 21
100.547907
  0
LINE
  5
5C7
100
AcDbEntity
  8
Layer 1
  6
ByLayer
 62
  256
370
   -1
100
AcDbLine
 10
80.113237
 20
100.547907
 11
79.88629299999999
 21
100.475321
  0
LINE
  5
5C8
100
AcDbEntity
  8
Layer 1
  6
ByLayer
 62
  256
370
   -1
100
AcDbLine
 10
79.88629299999999
 20
100.475321
 11
79.60942900000001
 21
100.448088
  0
LINE
  5
5C9
100
AcDbEntity
  8
Layer 1
  6
ByLayer
 62
  256
370
   -1
100
AcDbLine
 10
79.60942900000001
 20
100.448088
 11
79.13739200000001
 21
100.519575
  0
LINE
  5
5CA
100
AcDbEntity
  8
Layer 1
  6
ByLayer
 62
  256
370
   -1
100
AcDbLine
 10
79.13739200000001
 20
100.519575
 11
78.77429100000001
 21
100.734034
  0
LINE
  5
5CB
100
AcDbEntity
  8
Layer 1
  6
ByLayer
 62
  256
370
   -1
100
AcDbLine
 10
78.77429100000001
 20
100.734034
 11
78.546211
 21
101.08579
  0
LINE
  5
5CC
100
AcDbEntity
  8
Layer 1
  6
ByLayer
 62
  256
370
   -1
100
AcDbLine
 10
78.546211
 20
101.08579
 11
78.470184
 21
101.569171
  0
LINE
  5
5CD
100
AcDbEntity
  8
Layer 1
  6
ByLayer
 62
  256
370
   -1
100
AcDbLine
 10
78.470184
 20
101.569171
 11
78.54276900000001
 21
102.027595
  0
LINE
  5
5CE
100
AcDbEntity
  8
Layer 1
  6
ByLayer
 62
  256
370
   -1
100
AcDbLine
 10
78.54276900000001
 20
102.027595
 11
78.75155100000001
 21
102.372541
  0
LINE
  5
5CF
100
AcDbEntity
  8
Layer 1
  6
ByLayer
 62
  256
370
   -1
100
AcDbLine
 10
78.75155100000001
 20
102.372541
 11
79.07380999999999
 21
102.585858
  0
LINE
  5
5D0
100
AcDbEntity
  8
Layer 1
  6
ByLayer
 62
  256
370
   -1
100
AcDbLine
 10
79.07380999999999
 20
102.585858
 11
79.477757
 21
102.663053
  0
LINE
  5
5D1
100
AcDbEntity
  8
Layer 1
  6
ByLayer
 62
  256
370
   -1
100
AcDbLine
 10
79.477757
 20
102.663053
 11
79.854482
 21
102.594971
  0
LINE
  5
5D2
100
AcDbEntity
  8
Layer 1
  6
ByLayer
 62
  256
370
   -1
100
AcDbLine
 10
79.854482
 20
102.594971
 11
80.149497
 21
102.399806
  0
LINE
  5
5D3
100
AcDbEntity
  8
Layer 1
  6
ByLayer
 62
  256
370
   -1
100
AcDbLine
 10
80.149497
 20
102.399806
 11
80.344673
 21
102.104779
  0
LINE
  5
5D4
100
AcDbEntity
  8
Layer 1
  6
ByLayer
 62
  256
370
   -1
100
AcDbLine
 10
80.344673
 20
102.104779
 11
80.417258
 21
101.7326
  0
LINE
  5
5D5
100
AcDbEntity
  8
Layer 1
  6
ByLayer
 62
  256
370
   -1
100
AcDbLine
 10
80.417258
 20
101.7326
 11
80.371906
 21
101.587366
  0
LINE
  5
5D6
100
AcDbEntity
  8
Layer 1
  6
ByLayer
 62
  256
370
   -1
100
AcDbLine
 10
80.371906
 20
101.587366
 11
80.244812
 21
101.537403
  0
LINE
  5
5D7
100
AcDbEntity
  8
Layer 1
  6
ByLayer
 62
  256
370
   -1
100
AcDbLine
 10
80.244812
 20
101.537403
 11
78.84687599999999
 21
101.342195
  0
LINE
  5
5D8
100
AcDbEntity
  8
Layer 1
  6
ByLayer
 62
  256
370
   -1
100
AcDbLine
 10
79.473232
 20
102.367963
 11
79.014809
 21
102.172797
  0
LINE
  5
5D9
100
AcDbEntity
  8
Layer 1
  6
ByLayer
 62
  256
370
   -1
100
AcDbLine
 10
79.014809
 20
102.172797
 11
78.824179
 21
101.623605
  0
LINE
  5
5DA
100
AcDbEntity
  8
Layer 1
  6
ByLayer
 62
  256
370
   -1
100
AcDbLine
 10
78.824179
 20
101.623605
 11
80.072355
 21
101.796072
  0
LINE
  5
5DB
100
AcDbEntity
  8
Layer 1
  6
ByLayer
 62
  256
370
   -1
100
AcDbLine
 10
80.072355
 20
101.796072
 11
79.895342
 21
102.204565
  0
LINE
  5
5DC
100
AcDbEntity
  8
Layer 1
  6
ByLayer
 62
  256
370
   -1
100
AcDbLine
 10
79.895342
 20
102.204565
 11
79.473232
 21
102.367963
  0
LINE
  5
5DD
100
AcDbEntity
  8
Layer 1
  6
ByLayer
 62
  256
370
   -1
100
AcDbLine
 10
79.473232
 20
102.367963
 11
79.473232
 21
102.367963
  0
LINE
  5
5DE
100
AcDbEntity
  8
Layer 1
  6
ByLayer
 62
  256
370
   -1
100
AcDbLine
 10
81.306905
 20
100.516128
 11
81.238823
 21
100.498008
  0
LINE
  5
5DF
100
AcDbEntity
  8
Layer 1
  6
ByLayer
 62
  256
370
   -1
100
AcDbLine
 10
81.238823
 20
100.498008
 11
81.139004
 21
100.484392
  0
LINE
  5
5E0
100
AcDbEntity
  8
Layer 1
  6
ByLayer
 62
  256
370
   -1
100
AcDbLine
 10
81.139004
 20
100.484392
 11
80.943828
 21
100.647789
  0
LINE
  5
5E1
100
AcDbEntity
  8
Layer 1
  6
ByLayer
 62
  256
370
   -1
100
AcDbLine
 10
80.943828
 20
100.647789
 11
80.943828
 21
102.186446
  0
LINE
  5
5E2
100
AcDbEntity
  8
Layer 1
  6
ByLayer
 62
  256
370
   -1
100
AcDbLine
 10
80.943828
 20
102.186446
 11
80.980175
 21
102.349843
  0
LINE
  5
5E3
100
AcDbEntity
  8
Layer 1
  6
ByLayer
 62
  256
370
   -1
100
AcDbLine
 10
80.980175
 20
102.349843
 11
81.11180400000001
 21
102.472391
  0
LINE
  5
5E4
100
AcDbEntity
  8
Layer 1
  6
ByLayer
 62
  256
370
   -1
100
AcDbLine
 10
81.11180400000001
 20
102.472391
 11
81.429517
 21
102.60402
  0
LINE
  5
5E5
100
AcDbEntity
  8
Layer 1
  6
ByLayer
 62
  256
370
   -1
100
AcDbLine
 10
81.429517
 20
102.60402
 11
81.88794
 21
102.662989
  0
LINE
  5
5E6
100
AcDbEntity
  8
Layer 1
  6
ByLayer
 62
  256
370
   -1
100
AcDbLine
 10
81.88794
 20
102.662989
 11
82.160264
 21
102.617602
  0
LINE
  5
5E7
100
AcDbEntity
  8
Layer 1
  6
ByLayer
 62
  256
370
   -1
100
AcDbLine
 10
82.160264
 20
102.617602
 11
82.25103799999999
 21
102.48144
  0
LINE
  5
5E8
100
AcDbEntity
  8
Layer 1
  6
ByLayer
 62
  256
370
   -1
100
AcDbLine
 10
82.25103799999999
 20
102.48144
 11
82.237422
 21
102.395238
  0
LINE
  5
5E9
100
AcDbEntity
  8
Layer 1
  6
ByLayer
 62
  256
370
   -1
100
AcDbLine
 10
82.237422
 20
102.395238
 11
82.201075
 21
102.331659
  0
LINE
  5
5EA
100
AcDbEntity
  8
Layer 1
  6
ByLayer
 62
  256
370
   -1
100
AcDbLine
 10
82.201075
 20
102.331659
 11
82.083063
 21
102.349779
  0
LINE
  5
5EB
100
AcDbEntity
  8
Layer 1
  6
ByLayer
 62
  256
370
   -1
100
AcDbLine
 10
82.083063
 20
102.349779
 11
81.937817
 21
102.358356
  0
LINE
  5
5EC
100
AcDbEntity
  8
Layer 1
  6
ByLayer
 62
  256
370
   -1
100
AcDbLine
 10
81.937817
 20
102.358356
 11
81.57017399999999
 21
102.313004
  0
LINE
  5
5ED
100
AcDbEntity
  8
Layer 1
  6
ByLayer
 62
  256
370
   -1
100
AcDbLine
 10
81.57017399999999
 20
102.313004
 11
81.306926
 21
102.213185
  0
LINE
  5
5EE
100
AcDbEntity
  8
Layer 1
  6
ByLayer
 62
  256
370
   -1
100
AcDbLine
 10
81.306926
 20
102.213185
 11
81.306905
 21
100.516128
  0
LINE
  5
5EF
100
AcDbEntity
  8
Layer 1
  6
ByLayer
 62
  256
370
   -1
100
AcDbLine
 10
82.182892
 20
100.697687
 11
82.246471
 21
100.879236
  0
LINE
  5
5F0
100
AcDbEntity
  8
Layer 1
  6
ByLayer
 62
  256
370
   -1
100
AcDbLine
 10
82.246471
 20
100.879236
 11
82.432565
 21
100.951821
  0
LINE
  5
5F1
100
AcDbEntity
  8
Layer 1
  6
ByLayer
 62
  256
370
   -1
100
AcDbLine
 10
82.432565
 20
100.951821
 11
82.614114
 21
100.879236
  0
LINE
  5
5F2
100
AcDbEntity
  8
Layer 1
  6
ByLayer
 62
  256
370
   -1
100
AcDbLine
 10
82.614114
 20
100.879236
 11
82.677693
 21
100.697687
  0
LINE
  5
5F3
100
AcDbEntity
  8
Layer 1
  6
ByLayer
 62
  256
370
   -1
100
AcDbLine
 10
82.677693
 20
100.697687
 11
82.614114
 21
100.520674
  0
LINE
  5
5F4
100
AcDbEntity
  8
Layer 1
  6
ByLayer
 62
  256
370
   -1
100
AcDbLine
 10
82.614114
 20
100.520674
 11
82.432565
 21
100.448088
  0
LINE
  5
5F5
100
AcDbEntity
  8
Layer 1
  6
ByLayer
 62
  256
370
   -1
100
AcDbLine
 10
82.432565
 20
100.448088
 11
82.246471
 21
100.520674
  0
LINE
  5
5F6
100
AcDbEntity
  8
Layer 1
  6
ByLayer
 62
  256
370
   -1
100
AcDbLine
 10
82.246471
 20
100.520674
 11
82.182892
 21
100.697687
  0
LINE
  5
5F7
100
AcDbEntity
  8
Layer 1
  6
ByLayer
 62
  256
370
   -1
100
AcDbLine
 10
82.182892
 20
100.697687
 11
82.182892
 21
100.697687
  0
LINE
  5
5F8
100
AcDbEntity
  8
Layer 1
  6
ByLayer
 62
  256
370
   -1
100
AcDbLine
 10
82.777479
 20
99.844387
 11
82.922725
 21
99.921583
  0
LINE
  5
5F9
100
AcDbEntity
  8
Layer 1
  6
ByLayer
 62
  256
370
   -1
100
AcDbLine
 10
82.922725
 20
99.921583
 11
83.031656
 21
100.016898
  0
LINE
  5
5FA
100
AcDbEntity
  8
Layer 1
  6
ByLayer
 62
  256
370
   -1
100
AcDbLine
 10
83.031656
 20
100.016898
 11
83.099738
 21
100.157597
  0
LINE
  5
5FB
100
AcDbEntity
  8
Layer 1
  6
ByLayer
 62
  256
370
   -1
100
AcDbLine
 10
83.099738
 20
100.157597
 11
83.126971
 21
100.370925
  0
LINE
  5
5FC
100
AcDbEntity
  8
Layer 1
  6
ByLayer
 62
  256
370
   -1
100
AcDbLine
 10
83.126971
 20
100.370925
 11
83.126971
 21
102.594939
  0
LINE
  5
5FD
100
AcDbEntity
  8
Layer 1
  6
ByLayer
 62
  256
370
   -1
100
AcDbLine
 10
83.126971
 20
102.594939
 11
83.195053
 21
102.613058
  0
LINE
  5
5FE
100
AcDbEntity
  8
Layer 1
  6
ByLayer
 62
  256
370
   -1
100
AcDbLine
 10
83.195053
 20
102.613058
 11
83.299482
 21
102.626675
  0
LINE
  5
5FF
100
AcDbEntity
  8
Layer 1
  6
ByLayer
 62
  256
370
   -1
100
AcDbLine
 10
83.299482
 20
102.626675
 11
83.490112
 21
102.458742
  0
LINE
  5
600
100
AcDbEntity
  8
Layer 1
  6
ByLayer
 62
  256
370
   -1
100
AcDbLine
 10
83.490112
 20
102.458742
 11
83.490112
 21
100.302811
  0
LINE
  5
601
100
AcDbEntity
  8
Layer 1
  6
ByLayer
 62
  256
370
   -1
100
AcDbLine
 10
83.490112
 20
100.302811
 11
83.43564600000001
 21
99.976016
  0
LINE
  5
602
100
AcDbEntity
  8
Layer 1
  6
ByLayer
 62
  256
370
   -1
100
AcDbLine
 10
83.43564600000001
 20
99.976016
 11
83.299482
 21
99.767224
  0
LINE
  5
603
100
AcDbEntity
  8
Layer 1
  6
ByLayer
 62
  256
370
   -1
100
AcDbLine
 10
83.299482
 20
99.767224
 11
83.13608499999999
 21
99.653757
  0
LINE
  5
604
100
AcDbEntity
  8
Layer 1
  6
ByLayer
 62
  256
370
   -1
100
AcDbLine
 10
83.13608499999999
 20
99.653757
 11
82.986304
 21
99.622021
  0
LINE
  5
605
100
AcDbEntity
  8
Layer 1
  6
ByLayer
 62
  256
370
   -1
100
AcDbLine
 10
82.986304
 20
99.622021
 11
82.827442
 21
99.69010400000001
  0
LINE
  5
606
100
AcDbEntity
  8
Layer 1
  6
ByLayer
 62
  256
370
   -1
100
AcDbLine
 10
82.827442
 20
99.69010400000001
 11
82.777479
 21
99.84442
  0
LINE
  5
607
100
AcDbEntity
  8
Layer 1
  6
ByLayer
 62
  256
370
   -1
100
AcDbLine
 10
82.777479
 20
99.84442
 11
82.777479
 21
99.844387
  0
LINE
  5
608
100
AcDbEntity
  8
Layer 1
  6
ByLayer
 62
  256
370
   -1
100
AcDbLine
 10
83.072506
 20
103.266647
 11
83.13608499999999
 21
103.425509
  0
LINE
  5
609
100
AcDbEntity
  8
Layer 1
  6
ByLayer
 62
  256
370
   -1
100
AcDbLine
 10
83.13608499999999
 20
103.425509
 11
83.30855200000001
 21
103.493591
  0
LINE
  5
60A
100
AcDbEntity
  8
Layer 1
  6
ByLayer
 62
  256
370
   -1
100
AcDbLine
 10
83.30855200000001
 20
103.493591
 11
83.476495
 21
103.425509
  0
LINE
  5
60B
100
AcDbEntity
  8
Layer 1
  6
ByLayer
 62
  256
370
   -1
100
AcDbLine
 10
83.476495
 20
103.425509
 11
83.540075
 21
103.266647
  0
LINE
  5
60C
100
AcDbEntity
  8
Layer 1
  6
ByLayer
 62
  256
370
   -1
100
AcDbLine
 10
83.540075
 20
103.266647
 11
83.476495
 21
103.10325
  0
LINE
  5
60D
100
AcDbEntity
  8
Layer 1
  6
ByLayer
 62
  256
370
   -1
100
AcDbLine
 10
83.476495
 20
103.10325
 11
83.30855200000001
 21
103.039671
  0
LINE
  5
60E
100
AcDbEntity
  8
Layer 1
  6
ByLayer
 62
  256
370
   -1
100
AcDbLine
 10
83.30855200000001
 20
103.039671
 11
83.13608499999999
 21
103.10325
  0
LINE
  5
60F
100
AcDbEntity
  8
Layer 1
  6
ByLayer
 62
  256
370
   -1
100
AcDbLine
 10
83.13608499999999
 20
103.10325
 11
83.072506
 21
103.266647
  0
LINE
  5
610
100
AcDbEntity
  8
Layer 1
  6
ByLayer
 62
  256
370
   -1
100
AcDbLine
 10
83.072506
 20
103.266647
 11
83.072506
 21
103.266647
  0
LINE
  5
611
100
AcDbEntity
  8
Layer 1
  6
ByLayer
 62
  256
370
   -1
100
AcDbLine
 10
84.942492
 20
100.743072
 11
85.25566999999999
 21
100.779418
  0
LINE
  5
612
100
AcDbEntity
  8
Layer 1
  6
ByLayer
 62
  256
370
   -1
100
AcDbLine
 10
85.25566999999999
 20
100.779418
 11
85.43723
 21
100.856614
  0
LINE
  5
613
100
AcDbEntity
  8
Layer 1
  6
ByLayer
 62
  256
370
   -1
100
AcDbLine
 10
85.43723
 20
100.856614
 11
85.43723
 21
101.514738
  0
LINE
  5
614
100
AcDbEntity
  8
Layer 1
  6
ByLayer
 62
  256
370
   -1
100
AcDbLine
 10
85.43723
 20
101.514738
 11
84.87441
 21
101.455769
  0
LINE
  5
615
100
AcDbEntity
  8
Layer 1
  6
ByLayer
 62
  256
370
   -1
100
AcDbLine
 10
84.87441
 20
101.455769
 11
84.524929
 21
101.346837
  0
LINE
  5
616
100
AcDbEntity
  8
Layer 1
  6
ByLayer
 62
  256
370
   -1
100
AcDbLine
 10
84.524929
 20
101.346837
 11
84.411451
 21
101.101742
  0
LINE
  5
617
100
AcDbEntity
  8
Layer 1
  6
ByLayer
 62
  256
370
   -1
100
AcDbLine
 10
84.411451
 20
101.101742
 11
84.54308
 21
100.833959
  0
LINE
  5
618
100
AcDbEntity
  8
Layer 1
  6
ByLayer
 62
  256
370
   -1
100
AcDbLine
 10
84.54308
 20
100.833959
 11
84.942492
 21
100.743147
  0
LINE
  5
619
100
AcDbEntity
  8
Layer 1
  6
ByLayer
 62
  256
370
   -1
100
AcDbLine
 10
84.942492
 20
100.743147
 11
84.942492
 21
100.743072
  0
LINE
  5
61A
100
AcDbEntity
  8
Layer 1
  6
ByLayer
 62
  256
370
   -1
100
AcDbLine
 10
84.938203
 20
102.662989
 11
85.564559
 21
102.485975
  0
LINE
  5
61B
100
AcDbEntity
  8
Layer 1
  6
ByLayer
 62
  256
370
   -1
100
AcDbLine
 10
85.564559
 20
102.485975
 11
85.79603899999999
 21
101.927701
  0
LINE
  5
61C
100
AcDbEntity
  8
Layer 1
  6
ByLayer
 62
  256
370
   -1
100
AcDbLine
 10
85.79603899999999
 20
101.927701
 11
85.79603899999999
 21
100.852003
  0
LINE
  5
61D
100
AcDbEntity
  8
Layer 1
  6
ByLayer
 62
  256
370
   -1
100
AcDbLine
 10
85.79603899999999
 20
100.852003
 11
85.755189
 21
100.697687
  0
LINE
  5
61E
100
AcDbEntity
  8
Layer 1
  6
ByLayer
 62
  256
370
   -1
100
AcDbLine
 10
85.755189
 20
100.697687
 11
85.641723
 21
100.602372
  0
LINE
  5
61F
100
AcDbEntity
  8
Layer 1
  6
ByLayer
 62
  256
370
   -1
100
AcDbLine
 10
85.641723
 20
100.602372
 11
85.351232
 21
100.493441
  0
LINE
  5
620
100
AcDbEntity
  8
Layer 1
  6
ByLayer
 62
  256
370
   -1
100
AcDbLine
 10
85.351232
 20
100.493441
 11
84.942739
 21
100.443478
  0
LINE
  5
621
100
AcDbEntity
  8
Layer 1
  6
ByLayer
 62
  256
370
   -1
100
AcDbLine
 10
84.942739
 20
100.443478
 11
84.280079
 21
100.611411
  0
LINE
  5
622
100
AcDbEntity
  8
Layer 1
  6
ByLayer
 62
  256
370
   -1
100
AcDbLine
 10
84.280079
 20
100.611411
 11
84.04859999999999
 21
101.097067
  0
LINE
  5
623
100
AcDbEntity
  8
Layer 1
  6
ByLayer
 62
  256
370
   -1
100
AcDbLine
 10
84.04859999999999
 20
101.097067
 11
84.243765
 21
101.546409
  0
LINE
  5
624
100
AcDbEntity
  8
Layer 1
  6
ByLayer
 62
  256
370
   -1
100
AcDbLine
 10
84.243765
 20
101.546409
 11
84.792958
 21
101.737039
  0
LINE
  5
625
100
AcDbEntity
  8
Layer 1
  6
ByLayer
 62
  256
370
   -1
100
AcDbLine
 10
84.792958
 20
101.737039
 11
85.437476
 21
101.800618
  0
LINE
  5
626
100
AcDbEntity
  8
Layer 1
  6
ByLayer
 62
  256
370
   -1
100
AcDbLine
 10
85.437476
 20
101.800618
 11
85.437476
 21
101.927701
  0
LINE
  5
627
100
AcDbEntity
  8
Layer 1
  6
ByLayer
 62
  256
370
   -1
100
AcDbLine
 10
85.437476
 20
101.927701
 11
85.301312
 21
102.259031
  0
LINE
  5
628
100
AcDbEntity
  8
Layer 1
  6
ByLayer
 62
  256
370
   -1
100
AcDbLine
 10
85.301312
 20
102.259031
 11
84.933668
 21
102.363459
  0
LINE
  5
629
100
AcDbEntity
  8
Layer 1
  6
ByLayer
 62
  256
370
   -1
100
AcDbLine
 10
84.933668
 20
102.363459
 11
84.575095
 21
102.308994
  0
LINE
  5
62A
100
AcDbEntity
  8
Layer 1
  6
ByLayer
 62
  256
370
   -1
100
AcDbLine
 10
84.575095
 20
102.308994
 11
84.275533
 21
102.186446
  0
LINE
  5
62B
100
AcDbEntity
  8
Layer 1
  6
ByLayer
 62
  256
370
   -1
100
AcDbLine
 10
84.275533
 20
102.186446
 11
84.20745100000001
 21
102.259031
  0
LINE
  5
62C
100
AcDbEntity
  8
Layer 1
  6
ByLayer
 62
  256
370
   -1
100
AcDbLine
 10
84.20745100000001
 20
102.259031
 11
84.180218
 21
102.349843
  0
LINE
  5
62D
100
AcDbEntity
  8
Layer 1
  6
ByLayer
 62
  256
370
   -1
100
AcDbLine
 10
84.180218
 20
102.349843
 11
84.21195400000001
 21
102.454271
  0
LINE
  5
62E
100
AcDbEntity
  8
Layer 1
  6
ByLayer
 62
  256
370
   -1
100
AcDbLine
 10
84.21195400000001
 20
102.454271
 11
84.311772
 21
102.531467
  0
LINE
  5
62F
100
AcDbEntity
  8
Layer 1
  6
ByLayer
 62
  256
370
   -1
100
AcDbLine
 10
84.311772
 20
102.531467
 11
84.593182
 21
102.626782
  0
LINE
  5
630
100
AcDbEntity
  8
Layer 1
  6
ByLayer
 62
  256
370
   -1
100
AcDbLine
 10
84.593182
 20
102.626782
 11
84.93812800000001
 21
102.663128
  0
LINE
  5
631
100
AcDbEntity
  8
Layer 1
  6
ByLayer
 62
  256
370
   -1
100
AcDbLine
 10
84.93812800000001
 20
102.663128
 11
84.938203
 21
102.662989
  0
LINE
  5
632
100
AcDbEntity
  8
Layer 1
  6
ByLayer
 62
  256
370
   -1
100
AcDbLine
 10
87.175833
 20
100.448046
 11
86.65840900000001
 21
100.588756
  0
LINE
  5
633
100
AcDbEntity
  8
Layer 1
  6
ByLayer
 62
  256
370
   -1
100
AcDbLine
 10
86.65840900000001
 20
100.588756
 11
86.463244
 21
101.05625
  0
LINE
  5
634
100
AcDbEntity
  8
Layer 1
  6
ByLayer
 62
  256
370
   -1
100
AcDbLine
 10
86.463244
 20
101.05625
 11
86.463244
 21
103.212181
  0
LINE
  5
635
100
AcDbEntity
  8
Layer 1
  6
ByLayer
 62
  256
370
   -1
100
AcDbLine
 10
86.463244
 20
103.212181
 11
86.53132600000001
 21
103.230301
  0
LINE
  5
636
100
AcDbEntity
  8
Layer 1
  6
ByLayer
 62
  256
370
   -1
100
AcDbLine
 10
86.53132600000001
 20
103.230301
 11
86.63575400000001
 21
103.243917
  0
LINE
  5
637
100
AcDbEntity
  8
Layer 1
  6
ByLayer
 62
  256
370
   -1
100
AcDbLine
 10
86.63575400000001
 20
103.243917
 11
86.826384
 21
103.08052
  0
LINE
  5
638
100
AcDbEntity
  8
Layer 1
  6
ByLayer
 62
  256
370
   -1
100
AcDbLine
 10
86.826384
 20
103.08052
 11
86.826384
 21
102.55856
  0
LINE
  5
639
100
AcDbEntity
  8
Layer 1
  6
ByLayer
 62
  256
370
   -1
100
AcDbLine
 10
86.826384
 20
102.55856
 11
87.570742
 21
102.55856
  0
LINE
  5
63A
100
AcDbEntity
  8
Layer 1
  6
ByLayer
 62
  256
370
   -1
100
AcDbLine
 10
87.570742
 20
102.55856
 11
87.59797500000001
 21
102.494981
  0
LINE
  5
63B
100
AcDbEntity
  8
Layer 1
  6
ByLayer
 62
  256
370
   -1
100
AcDbLine
 10
87.59797500000001
 20
102.494981
 11
87.611591
 21
102.413283
  0
LINE
  5
63C
100
AcDbEntity
  8
Layer 1
  6
ByLayer
 62
  256
370
   -1
100
AcDbLine
 10
87.611591
 20
102.413283
 11
87.475427
 21
102.258956
  0
LINE
  5
63D
100
AcDbEntity
  8
Layer 1
  6
ByLayer
 62
  256
370
   -1
100
AcDbLine
 10
87.475427
 20
102.258956
 11
86.82617
 21
102.258956
  0
LINE
  5
63E
100
AcDbEntity
  8
Layer 1
  6
ByLayer
 62
  256
370
   -1
100
AcDbLine
 10
86.82617
 20
102.258956
 11
86.82617
 21
101.078872
  0
LINE
  5
63F
100
AcDbEntity
  8
Layer 1
  6
ByLayer
 62
  256
370
   -1
100
AcDbLine
 10
86.82617
 20
101.078872
 11
86.925988
 21
100.82016
  0
LINE
  5
640
100
AcDbEntity
  8
Layer 1
  6
ByLayer
 62
  256
370
   -1
100
AcDbLine
 10
86.925988
 20
100.82016
 11
87.21646800000001
 21
100.747575
  0
LINE
  5
641
100
AcDbEntity
  8
Layer 1
  6
ByLayer
 62
  256
370
   -1
100
AcDbLine
 10
87.21646800000001
 20
100.747575
 11
87.388947
 21
100.774808
  0
LINE
  5
642
100
AcDbEntity
  8
Layer 1
  6
ByLayer
 62
  256
370
   -1
100
AcDbLine
 10
87.388947
 20
100.774808
 11
87.547809
 21
100.838387
  0
LINE
  5
643
100
AcDbEntity
  8
Layer 1
  6
ByLayer
 62
  256
370
   -1
100
AcDbLine
 10
87.547809
 20
100.838387
 11
87.59777099999999
 21
100.770305
  0
LINE
  5
644
100
AcDbEntity
  8
Layer 1
  6
ByLayer
 62
  256
370
   -1
100
AcDbLine
 10
87.59777099999999
 20
100.770305
 11
87.620501
 21
100.67499
  0
LINE
  5
645
100
AcDbEntity
  8
Layer 1
  6
ByLayer
 62
  256
370
   -1
100
AcDbLine
 10
87.620501
 20
100.67499
 11
87.502488
 21
100.511593
  0
LINE
  5
646
100
AcDbEntity
  8
Layer 1
  6
ByLayer
 62
  256
370
   -1
100
AcDbLine
 10
87.502488
 20
100.511593
 11
87.17569399999999
 21
100.448013
  0
LINE
  5
647
100
AcDbEntity
  8
Layer 1
  6
ByLayer
 62
  256
370
   -1
100
AcDbLine
 10
87.17569399999999
 20
100.448013
 11
87.175833
 21
100.448046
  0
LINE
  5
648
100
AcDbEntity
  8
Layer 1
  6
ByLayer
 62
  256
370
   -1
100
AcDbLine
 10
88.923283
 20
100.743072
 11
89.23646100000001
 21
100.779418
  0
LINE
  5
649
100
AcDbEntity
  8
Layer 1
  6
ByLayer
 62
  256
370
   -1
100
AcDbLine
 10
89.23646100000001
 20
100.779418
 11
89.41801
 21
100.856614
  0
LINE
  5
64A
100
AcDbEntity
  8
Layer 1
  6
ByLayer
 62
  256
370
   -1
100
AcDbLine
 10
89.41801
 20
100.856614
 11
89.41801
 21
101.514738
  0
LINE
  5
64B
100
AcDbEntity
  8
Layer 1
  6
ByLayer
 62
  256
370
   -1
100
AcDbLine
 10
89.41801
 20
101.514738
 11
88.85520099999999
 21
101.455769
  0
LINE
  5
64C
100
AcDbEntity
  8
Layer 1
  6
ByLayer
 62
  256
370
   -1
100
AcDbLine
 10
88.85520099999999
 20
101.455769
 11
88.505709
 21
101.346837
  0
LINE
  5
64D
100
AcDbEntity
  8
Layer 1
  6
ByLayer
 62
  256
370
   -1
100
AcDbLine
 10
88.505709
 20
101.346837
 11
88.392242
 21
101.101742
  0
LINE
  5
64E
100
AcDbEntity
  8
Layer 1
  6
ByLayer
 62
  256
370
   -1
100
AcDbLine
 10
88.392242
 20
101.101742
 11
88.52386
 21
100.833959
  0
LINE
  5
64F
100
AcDbEntity
  8
Layer 1
  6
ByLayer
 62
  256
370
   -1
100
AcDbLine
 10
88.52386
 20
100.833959
 11
88.923283
 21
100.743147
  0
LINE
  5
650
100
AcDbEntity
  8
Layer 1
  6
ByLayer
 62
  256
370
   -1
100
AcDbLine
 10
88.923283
 20
100.743147
 11
88.923283
 21
100.743072
  0
LINE
  5
651
100
AcDbEntity
  8
Layer 1
  6
ByLayer
 62
  256
370
   -1
100
AcDbLine
 10
88.918994
 20
102.662989
 11
89.54535
 21
102.485975
  0
LINE
  5
652
100
AcDbEntity
  8
Layer 1
  6
ByLayer
 62
  256
370
   -1
100
AcDbLine
 10
89.54535
 20
102.485975
 11
89.77682900000001
 21
101.927701
  0
LINE
  5
653
100
AcDbEntity
  8
Layer 1
  6
ByLayer
 62
  256
370
   -1
100
AcDbLine
 10
89.77682900000001
 20
101.927701
 11
89.77682900000001
 21
100.852003
  0
LINE
  5
654
100
AcDbEntity
  8
Layer 1
  6
ByLayer
 62
  256
370
   -1
100
AcDbLine
 10
89.77682900000001
 20
100.852003
 11
89.73598
 21
100.697687
  0
LINE
  5
655
100
AcDbEntity
  8
Layer 1
  6
ByLayer
 62
  256
370
   -1
100
AcDbLine
 10
89.73598
 20
100.697687
 11
89.622513
 21
100.602372
  0
LINE
  5
656
100
AcDbEntity
  8
Layer 1
  6
ByLayer
 62
  256
370
   -1
100
AcDbLine
 10
89.622513
 20
100.602372
 11
89.332033
 21
100.493441
  0
LINE
  5
657
100
AcDbEntity
  8
Layer 1
  6
ByLayer
 62
  256
370
   -1
100
AcDbLine
 10
89.332033
 20
100.493441
 11
88.92354
 21
100.443478
  0
LINE
  5
658
100
AcDbEntity
  8
Layer 1
  6
ByLayer
 62
  256
370
   -1
100
AcDbLine
 10
88.92354
 20
100.443478
 11
88.26087
 21
100.611411
  0
LINE
  5
659
100
AcDbEntity
  8
Layer 1
  6
ByLayer
 62
  256
370
   -1
100
AcDbLine
 10
88.26087
 20
100.611411
 11
88.029391
 21
101.097067
  0
LINE
  5
65A
100
AcDbEntity
  8
Layer 1
  6
ByLayer
 62
  256
370
   -1
100
AcDbLine
 10
88.029391
 20
101.097067
 11
88.22455600000001
 21
101.546409
  0
LINE
  5
65B
100
AcDbEntity
  8
Layer 1
  6
ByLayer
 62
  256
370
   -1
100
AcDbLine
 10
88.22455600000001
 20
101.546409
 11
88.773759
 21
101.737039
  0
LINE
  5
65C
100
AcDbEntity
  8
Layer 1
  6
ByLayer
 62
  256
370
   -1
100
AcDbLine
 10
88.773759
 20
101.737039
 11
89.418267
 21
101.800618
  0
LINE
  5
65D
100
AcDbEntity
  8
Layer 1
  6
ByLayer
 62
  256
370
   -1
100
AcDbLine
 10
89.418267
 20
101.800618
 11
89.418267
 21
101.927701
  0
LINE
  5
65E
100
AcDbEntity
  8
Layer 1
  6
ByLayer
 62
  256
370
   -1
100
AcDbLine
 10
89.418267
 20
101.927701
 11
89.28210300000001
 21
102.259031
  0
LINE
  5
65F
100
AcDbEntity
  8
Layer 1
  6
ByLayer
 62
  256
370
   -1
100
AcDbLine
 10
89.28210300000001
 20
102.259031
 11
88.91445899999999
 21
102.363459
  0
LINE
  5
660
100
AcDbEntity
  8
Layer 1
  6
ByLayer
 62
  256
370
   -1
100
AcDbLine
 10
88.91445899999999
 20
102.363459
 11
88.555896
 21
102.308994
  0
LINE
  5
661
100
AcDbEntity
  8
Layer 1
  6
ByLayer
 62
  256
370
   -1
100
AcDbLine
 10
88.555896
 20
102.308994
 11
88.25633500000001
 21
102.186446
  0
LINE
  5
662
100
AcDbEntity
  8
Layer 1
  6
ByLayer
 62
  256
370
   -1
100
AcDbLine
 10
88.25633500000001
 20
102.186446
 11
88.188253
 21
102.259031
  0
LINE
  5
663
100
AcDbEntity
  8
Layer 1
  6
ByLayer
 62
  256
370
   -1
100
AcDbLine
 10
88.188253
 20
102.259031
 11
88.16101999999999
 21
102.349843
  0
LINE
  5
664
100
AcDbEntity
  8
Layer 1
  6
ByLayer
 62
  256
370
   -1
100
AcDbLine
 10
88.16101999999999
 20
102.349843
 11
88.192756
 21
102.454271
  0
LINE
  5
665
100
AcDbEntity
  8
Layer 1
  6
ByLayer
 62
  256
370
   -1
100
AcDbLine
 10
88.192756
 20
102.454271
 11
88.292574
 21
102.531467
  0
LINE
  5
666
100
AcDbEntity
  8
Layer 1
  6
ByLayer
 62
  256
370
   -1
100
AcDbLine
 10
88.292574
 20
102.531467
 11
88.573984
 21
102.626782
  0
LINE
  5
667
100
AcDbEntity
  8
Layer 1
  6
ByLayer
 62
  256
370
   -1
100
AcDbLine
 10
88.573984
 20
102.626782
 11
88.91893
 21
102.663128
  0
LINE
  5
668
100
AcDbEntity
  8
Layer 1
  6
ByLayer
 62
  256
370
   -1
100
AcDbLine
 10
88.91893
 20
102.663128
 11
88.918994
 21
102.662989
  0
LINE
  5
669
100
AcDbEntity
  8
Layer 1
  6
ByLayer
 62
  256
370
   -1
100
AcDbLine
 10
90.825295
 20
100.516128
 11
90.757212
 21
100.498008
  0
LINE
  5
66A
100
AcDbEntity
  8
Layer 1
  6
ByLayer
 62
  256
370
   -1
100
AcDbLine
 10
90.757212
 20
100.498008
 11
90.657394
 21
100.484392
  0
LINE
  5
66B
100
AcDbEntity
  8
Layer 1
  6
ByLayer
 62
  256
370
   -1
100
AcDbLine
 10
90.657394
 20
100.484392
 11
90.46222899999999
 21
100.647789
  0
LINE
  5
66C
100
AcDbEntity
  8
Layer 1
  6
ByLayer
 62
  256
370
   -1
100
AcDbLine
 10
90.46222899999999
 20
100.647789
 11
90.46222899999999
 21
102.594939
  0
LINE
  5
66D
100
AcDbEntity
  8
Layer 1
  6
ByLayer
 62
  256
370
   -1
100
AcDbLine
 10
90.46222899999999
 20
102.594939
 11
90.530311
 21
102.613058
  0
LINE
  5
66E
100
AcDbEntity
  8
Layer 1
  6
ByLayer
 62
  256
370
   -1
100
AcDbLine
 10
90.530311
 20
102.613058
 11
90.63473999999999
 21
102.626675
  0
LINE
  5
66F
100
AcDbEntity
  8
Layer 1
  6
ByLayer
 62
  256
370
   -1
100
AcDbLine
 10
90.63473999999999
 20
102.626675
 11
90.82537000000001
 21
102.458742
  0
LINE
  5
670
100
AcDbEntity
  8
Layer 1
  6
ByLayer
 62
  256
370
   -1
100
AcDbLine
 10
90.82537000000001
 20
102.458742
 11
90.825295
 21
100.516128
  0
LINE
  5
671
100
AcDbEntity
  8
Layer 1
  6
ByLayer
 62
  256
370
   -1
100
AcDbLine
 10
90.407731
 20
103.266647
 11
90.47131
 21
103.425509
  0
LINE
  5
672
100
AcDbEntity
  8
Layer 1
  6
ByLayer
 62
  256
370
   -1
100
AcDbLine
 10
90.47131
 20
103.425509
 11
90.643789
 21
103.493591
  0
LINE
  5
673
100
AcDbEntity
  8
Layer 1
  6
ByLayer
 62
  256
370
   -1
100
AcDbLine
 10
90.643789
 20
103.493591
 11
90.81172100000001
 21
103.425509
  0
LINE
  5
674
100
AcDbEntity
  8
Layer 1
  6
ByLayer
 62
  256
370
   -1
100
AcDbLine
 10
90.81172100000001
 20
103.425509
 11
90.8753
 21
103.266647
  0
LINE
  5
675
100
AcDbEntity
  8
Layer 1
  6
ByLayer
 62
  256
370
   -1
100
AcDbLine
 10
90.8753
 20
103.266647
 11
90.81172100000001
 21
103.10325
  0
LINE
  5
676
100
AcDbEntity
  8
Layer 1
  6
ByLayer
 62
  256
370
   -1
100
AcDbLine
 10
90.81172100000001
 20
103.10325
 11
90.643789
 21
103.039671
  0
LINE
  5
677
100
AcDbEntity
  8
Layer 1
  6
ByLayer
 62
  256
370
   -1
100
AcDbLine
 10
90.643789
 20
103.039671
 11
90.47131
 21
103.10325
  0
LINE
  5
678
100
AcDbEntity
  8
Layer 1
  6
ByLayer
 62
  256
370
   -1
100
AcDbLine
 10
90.47131
 20
103.10325
 11
90.407731
 21
103.266647
  0
LINE
  5
679
100
AcDbEntity
  8
Layer 1
  6
ByLayer
 62
  256
370
   -1
100
AcDbLine
 10
90.407731
 20
103.266647
 11
90.407731
 21
103.266647
  0
LINE
  5
67A
100
AcDbEntity
  8
Layer 1
  6
ByLayer
 62
  256
370
   -1
100
AcDbLine
 10
62.332525
 20
109.576834
 11
61.497859
 21
109.408323
  0
LINE
  5
67B
100
AcDbEntity
  8
Layer 1
  6
ByLayer
 62
  256
370
   -1
100
AcDbLine
 10
61.497859
 20
109.408323
 11
60.816261
 21
108.948777
  0
LINE
  5
67C
100
AcDbEntity
  8
Layer 1
  6
ByLayer
 62
  256
370
   -1
100
AcDbLine
 10
60.816261
 20
108.948777
 11
60.356716
 21
108.26718
  0
LINE
  5
67D
100
AcDbEntity
  8
Layer 1
  6
ByLayer
 62
  256
370
   -1
100
AcDbLine
 10
60.356716
 20
108.26718
 11
60.188205
 21
107.432514
  0
LINE
  5
67E
100
AcDbEntity
  8
Layer 1
  6
ByLayer
 62
  256
370
   -1
100
AcDbLine
 10
60.188205
 20
107.432514
 11
60.356716
 21
106.597848
  0
LINE
  5
67F
100
AcDbEntity
  8
Layer 1
  6
ByLayer
 62
  256
370
   -1
100
AcDbLine
 10
60.356716
 20
106.597848
 11
60.816261
 21
105.916251
  0
LINE
  5
680
100
AcDbEntity
  8
Layer 1
  6
ByLayer
 62
  256
370
   -1
100
AcDbLine
 10
60.816261
 20
105.916251
 11
61.497859
 21
105.456705
  0
LINE
  5
681
100
AcDbEntity
  8
Layer 1
  6
ByLayer
 62
  256
370
   -1
100
AcDbLine
 10
61.497859
 20
105.456705
 11
62.332525
 21
105.288194
  0
LINE
  5
682
100
AcDbEntity
  8
Layer 1
  6
ByLayer
 62
  256
370
   -1
100
AcDbLine
 10
62.332525
 20
105.288194
 11
63.167191
 21
105.456705
  0
LINE
  5
683
100
AcDbEntity
  8
Layer 1
  6
ByLayer
 62
  256
370
   -1
100
AcDbLine
 10
63.167191
 20
105.456705
 11
63.848788
 21
105.916251
  0
LINE
  5
684
100
AcDbEntity
  8
Layer 1
  6
ByLayer
 62
  256
370
   -1
100
AcDbLine
 10
63.848788
 20
105.916251
 11
64.308333
 21
106.597848
  0
LINE
  5
685
100
AcDbEntity
  8
Layer 1
  6
ByLayer
 62
  256
370
   -1
100
AcDbLine
 10
64.308333
 20
106.597848
 11
64.476845
 21
107.432514
  0
LINE
  5
686
100
AcDbEntity
  8
Layer 1
  6
ByLayer
 62
  256
370
   -1
100
AcDbLine
 10
64.476845
 20
107.432514
 11
64.31361800000001
 21
108.25311
  0
LINE
  5
687
100
AcDbEntity
  8
Layer 1
  6
ByLayer
 62
  256
370
   -1
100
AcDbLine
 10
64.31361800000001
 20
108.25311
 11
63.848788
 21
108.948777
  0
LINE
  5
688
100
AcDbEntity
  8
Layer 1
  6
ByLayer
 62
  256
370
   -1
100
AcDbLine
 10
63.848788
 20
108.948777
 11
63.15312
 21
109.413607
  0
LINE
  5
689
100
AcDbEntity
  8
Layer 1
  6
ByLayer
 62
  256
370
   -1
100
AcDbLine
 10
63.15312
 20
109.413607
 11
62.332525
 21
109.576834
  0
LINE
  5
68A
100
AcDbEntity
  8
Layer 1
  6
ByLayer
 62
  256
370
   -1
100
AcDbLine
 10
62.332525
 20
109.576834
 11
62.332525
 21
109.576834
  0
LINE
  5
68B
100
AcDbEntity
  8
Layer 1
  6
ByLayer
 62
  256
370
   -1
100
AcDbLine
 10
63.787083
 20
144.865427
 11
92.136518
 21
144.865427
  0
LINE
  5
68C
100
AcDbEntity
  8
Layer 1
  6
ByLayer
 62
  256
370
   -1
100
AcDbLine
 10
92.136518
 20
144.865427
 11
92.95529999999999
 21
144.702562
  0
LINE
  5
68D
100
AcDbEntity
  8
Layer 1
  6
ByLayer
 62
  256
370
   -1
100
AcDbLine
 10
92.95529999999999
 20
144.702562
 11
93.649429
 21
144.238759
  0
LINE
  5
68E
100
AcDbEntity
  8
Layer 1
  6
ByLayer
 62
  256
370
   -1
100
AcDbLine
 10
93.649429
 20
144.238759
 11
94.113232
 21
143.544629
  0
LINE
  5
68F
100
AcDbEntity
  8
Layer 1
  6
ByLayer
 62
  256
370
   -1
100
AcDbLine
 10
94.113232
 20
143.544629
 11
94.276098
 21
142.725847
  0
LINE
  5
690
100
AcDbEntity
  8
Layer 1
  6
ByLayer
 62
  256
370
   -1
100
AcDbLine
 10
94.276098
 20
142.725847
 11
94.276098
 21
135.237317
  0
LINE
  5
691
100
AcDbEntity
  8
Layer 1
  6
ByLayer
 62
  256
370
   -1
100
AcDbLine
 10
94.276098
 20
135.237317
 11
94.113232
 21
134.418536
  0
LINE
  5
692
100
AcDbEntity
  8
Layer 1
  6
ByLayer
 62
  256
370
   -1
100
AcDbLine
 10
94.113232
 20
134.418536
 11
93.649429
 21
133.724406
  0
LINE
  5
693
100
AcDbEntity
  8
Layer 1
  6
ByLayer
 62
  256
370
   -1
100
AcDbLine
 10
93.649429
 20
133.724406
 11
92.95529999999999
 21
133.260603
  0
LINE
  5
694
100
AcDbEntity
  8
Layer 1
  6
ByLayer
 62
  256
370
   -1
100
AcDbLine
 10
92.95529999999999
 20
133.260603
 11
92.136518
 21
133.097737
  0
LINE
  5
695
100
AcDbEntity
  8
Layer 1
  6
ByLayer
 62
  256
370
   -1
100
AcDbLine
 10
92.136518
 20
133.097737
 11
63.787083
 21
133.097737
  0
LINE
  5
696
100
AcDbEntity
  8
Layer 1
  6
ByLayer
 62
  256
370
   -1
100
AcDbLine
 10
63.787083
 20
133.097737
 11
62.968301
 21
133.260603
  0
LINE
  5
697
100
AcDbEntity
  8
Layer 1
  6
ByLayer
 62
  256
370
   -1
100
AcDbLine
 10
62.968301
 20
133.260603
 11
62.274171
 21
133.724406
  0
LINE
  5
698
100
AcDbEntity
  8
Layer 1
  6
ByLayer
 62
  256
370
   -1
100
AcDbLine
 10
62.274171
 20
133.724406
 11
61.810369
 21
134.418536
  0
LINE
  5
699
100
AcDbEntity
  8
Layer 1
  6
ByLayer
 62
  256
370
   -1
100
AcDbLine
 10
61.810369
 20
134.418536
 11
61.647503
 21
135.237317
  0
LINE
  5
69A
100
AcDbEntity
  8
Layer 1
  6
ByLayer
 62
  256
370
   -1
100
AcDbLine
 10
61.647503
 20
135.237317
 11
61.647503
 21
142.725847
  0
LINE
  5
69B
100
AcDbEntity
  8
Layer 1
  6
ByLayer
 62
  256
370
   -1
100
AcDbLine
 10
61.647503
 20
142.725847
 11
61.810369
 21
143.544629
  0
LINE
  5
69C
100
AcDbEntity
  8
Layer 1
  6
ByLayer
 62
  256
370
   -1
100
AcDbLine
 10
61.810369
 20
143.544629
 11
62.274171
 21
144.238759
  0
LINE
  5
69D
100
AcDbEntity
  8
Layer 1
  6
ByLayer
 62
  256
370
   -1
100
AcDbLine
 10
62.274171
 20
144.238759
 11
62.968301
 21
144.702562
  0
LINE
  5
69E
100
AcDbEntity
  8
Layer 1
  6
ByLayer
 62
  256
370
   -1
100
AcDbLine
 10
62.968301
 20
144.702562
 11
63.787083
 21
144.865427
  0
LINE
  5
69F
100
AcDbEntity
  8
Layer 1
  6
ByLayer
 62
  256
370
   -1
100
AcDbLine
 10
63.787083
 20
144.865427
 11
63.787083
 21
144.865427
  0
LINE
  5
6A0
100
AcDbEntity
  8
Layer 1
  6
ByLayer
 62
  256
370
   -1
100
AcDbLine
 10
65.30614199999999
 20
135.283457
 11
65.419358
 21
135.224619
  0
LINE
  5
6A1
100
AcDbEntity
  8
Layer 1
  6
ByLayer
 62
  256
370
   -1
100
AcDbLine
 10
65.419358
 20
135.224619
 11
65.57334299999999
 21
135.201939
  0
LINE
  5
6A2
100
AcDbEntity
  8
Layer 1
  6
ByLayer
 62
  256
370
   -1
100
AcDbLine
 10
65.57334299999999
 20
135.201939
 11
65.831484
 21
135.269871
  0
LINE
  5
6A3
100
AcDbEntity
  8
Layer 1
  6
ByLayer
 62
  256
370
   -1
100
AcDbLine
 10
65.831484
 20
135.269871
 11
66.017156
 21
135.46008
  0
LINE
  5
6A4
100
AcDbEntity
  8
Layer 1
  6
ByLayer
 62
  256
370
   -1
100
AcDbLine
 10
66.017156
 20
135.46008
 11
66.13038299999999
 21
135.758979
  0
LINE
  5
6A5
100
AcDbEntity
  8
Layer 1
  6
ByLayer
 62
  256
370
   -1
100
AcDbLine
 10
66.13038299999999
 20
135.758979
 11
66.16664900000001
 21
136.13486
  0
LINE
  5
6A6
100
AcDbEntity
  8
Layer 1
  6
ByLayer
 62
  256
370
   -1
100
AcDbLine
 10
66.16664900000001
 20
136.13486
 11
66.057958
 21
136.723609
  0
LINE
  5
6A7
100
AcDbEntity
  8
Layer 1
  6
ByLayer
 62
  256
370
   -1
100
AcDbLine
 10
66.057958
 20
136.723609
 11
65.74547200000001
 21
137.181008
  0
LINE
  5
6A8
100
AcDbEntity
  8
Layer 1
  6
ByLayer
 62
  256
370
   -1
100
AcDbLine
 10
65.74547200000001
 20
137.181008
 11
65.26089
 21
137.475382
  0
LINE
  5
6A9
100
AcDbEntity
  8
Layer 1
  6
ByLayer
 62
  256
370
   -1
100
AcDbLine
 10
65.26089
 20
137.475382
 11
64.622332
 21
137.584073
  0
LINE
  5
6AA
100
AcDbEntity
  8
Layer 1
  6
ByLayer
 62
  256
370
   -1
100
AcDbLine
 10
64.622332
 20
137.584073
 11
63.906782
 21
137.457271
  0
LINE
  5
6AB
100
AcDbEntity
  8
Layer 1
  6
ByLayer
 62
  256
370
   -1
100
AcDbLine
 10
63.906782
 20
137.457271
 11
63.358803
 21
137.104026
  0
LINE
  5
6AC
100
AcDbEntity
  8
Layer 1
  6
ByLayer
 62
  256
370
   -1
100
AcDbLine
 10
63.358803
 20
137.104026
 11
63.014619
 21
136.556037
  0
LINE
  5
6AD
100
AcDbEntity
  8
Layer 1
  6
ByLayer
 62
  256
370
   -1
100
AcDbLine
 10
63.014619
 20
136.556037
 11
62.892342
 21
135.849558
  0
LINE
  5
6AE
100
AcDbEntity
  8
Layer 1
  6
ByLayer
 62
  256
370
   -1
100
AcDbLine
 10
62.892342
 20
135.849558
 11
63.005558
 21
135.174767
  0
LINE
  5
6AF
100
AcDbEntity
  8
Layer 1
  6
ByLayer
 62
  256
370
   -1
100
AcDbLine
 10
63.005558
 20
135.174767
 11
63.33163
 21
134.663011
  0
LINE
  5
6B0
100
AcDbEntity
  8
Layer 1
  6
ByLayer
 62
  256
370
   -1
100
AcDbLine
 10
63.33163
 20
134.663011
 11
63.834325
 21
134.336939
  0
LINE
  5
6B1
100
AcDbEntity
  8
Layer 1
  6
ByLayer
 62
  256
370
   -1
100
AcDbLine
 10
63.834325
 20
134.336939
 11
64.486469
 21
134.219198
  0
LINE
  5
6B2
100
AcDbEntity
  8
Layer 1
  6
ByLayer
 62
  256
370
   -1
100
AcDbLine
 10
64.486469
 20
134.219198
 11
64.78989300000001
 21
134.241878
  0
LINE
  5
6B3
100
AcDbEntity
  8
Layer 1
  6
ByLayer
 62
  256
370
   -1
100
AcDbLine
 10
64.78989300000001
 20
134.241878
 11
65.01181
 21
134.28713
  0
LINE
  5
6B4
100
AcDbEntity
  8
Layer 1
  6
ByLayer
 62
  256
370
   -1
100
AcDbLine
 10
65.01181
 20
134.28713
 11
65.070649
 21
134.146731
  0
LINE
  5
6B5
100
AcDbEntity
  8
Layer 1
  6
ByLayer
 62
  256
370
   -1
100
AcDbLine
 10
65.070649
 20
134.146731
 11
64.934786
 21
133.983695
  0
LINE
  5
6B6
100
AcDbEntity
  8
Layer 1
  6
ByLayer
 62
  256
370
   -1
100
AcDbLine
 10
64.934786
 20
133.983695
 11
64.459264
 21
133.924856
  0
LINE
  5
6B7
100
AcDbEntity
  8
Layer 1
  6
ByLayer
 62
  256
370
   -1
100
AcDbLine
 10
64.459264
 20
133.924856
 11
63.671257
 21
134.06072
  0
LINE
  5
6B8
100
AcDbEntity
  8
Layer 1
  6
ByLayer
 62
  256
370
   -1
100
AcDbLine
 10
63.671257
 20
134.06072
 11
63.064397
 21
134.445673
  0
LINE
  5
6B9
100
AcDbEntity
  8
Layer 1
  6
ByLayer
 62
  256
370
   -1
100
AcDbLine
 10
63.064397
 20
134.445673
 11
62.670393
 21
135.047997
  0
LINE
  5
6BA
100
AcDbEntity
  8
Layer 1
  6
ByLayer
 62
  256
370
   -1
100
AcDbLine
 10
62.670393
 20
135.047997
 11
62.53453
 21
135.84959
  0
LINE
  5
6BB
100
AcDbEntity
  8
Layer 1
  6
ByLayer
 62
  256
370
   -1
100
AcDbLine
 10
62.53453
 20
135.84959
 11
62.679454
 21
136.682882
  0
LINE
  5
6BC
100
AcDbEntity
  8
Layer 1
  6
ByLayer
 62
  256
370
   -1
100
AcDbLine
 10
62.679454
 20
136.682882
 11
63.100631
 21
137.321439
  0
LINE
  5
6BD
100
AcDbEntity
  8
Layer 1
  6
ByLayer
 62
  256
370
   -1
100
AcDbLine
 10
63.100631
 20
137.321439
 11
63.7573
 21
137.733565
  0
LINE
  5
6BE
100
AcDbEntity
  8
Layer 1
  6
ByLayer
 62
  256
370
   -1
100
AcDbLine
 10
63.7573
 20
137.733565
 11
64.61776399999999
 21
137.878479
  0
LINE
  5
6BF
100
AcDbEntity
  8
Layer 1
  6
ByLayer
 62
  256
370
   -1
100
AcDbLine
 10
64.61776399999999
 20
137.878479
 11
65.414832
 21
137.751677
  0
LINE
  5
6C0
100
AcDbEntity
  8
Layer 1
  6
ByLayer
 62
  256
370
   -1
100
AcDbLine
 10
65.414832
 20
137.751677
 11
66.012631
 21
137.398432
  0
LINE
  5
6C1
100
AcDbEntity
  8
Layer 1
  6
ByLayer
 62
  256
370
   -1
100
AcDbLine
 10
66.012631
 20
137.398432
 11
66.39304799999999
 21
136.845918
  0
LINE
  5
6C2
100
AcDbEntity
  8
Layer 1
  6
ByLayer
 62
  256
370
   -1
100
AcDbLine
 10
66.39304799999999
 20
136.845918
 11
66.52438600000001
 21
136.130378
  0
LINE
  5
6C3
100
AcDbEntity
  8
Layer 1
  6
ByLayer
 62
  256
370
   -1
100
AcDbLine
 10
66.52438600000001
 20
136.130378
 11
66.46437899999999
 21
135.608433
  0
LINE
  5
6C4
100
AcDbEntity
  8
Layer 1
  6
ByLayer
 62
  256
370
   -1
100
AcDbLine
 10
66.46437899999999
 20
135.608433
 11
66.284358
 21
135.220094
  0
LINE
  5
6C5
100
AcDbEntity
  8
Layer 1
  6
ByLayer
 62
  256
370
   -1
100
AcDbLine
 10
66.284358
 20
135.220094
 11
65.98659000000001
 21
134.982328
  0
LINE
  5
6C6
100
AcDbEntity
  8
Layer 1
  6
ByLayer
 62
  256
370
   -1
100
AcDbLine
 10
65.98659000000001
 20
134.982328
 11
65.57334299999999
 21
134.903072
  0
LINE
  5
6C7
100
AcDbEntity
  8
Layer 1
  6
ByLayer
 62
  256
370
   -1
100
AcDbLine
 10
65.57334299999999
 20
134.903072
 11
65.29255499999999
 21
134.948324
  0
LINE
  5
6C8
100
AcDbEntity
  8
Layer 1
  6
ByLayer
 62
  256
370
   -1
100
AcDbLine
 10
65.29255499999999
 20
134.948324
 11
65.052527
 21
135.079662
  0
LINE
  5
6C9
100
AcDbEntity
  8
Layer 1
  6
ByLayer
 62
  256
370
   -1
100
AcDbLine
 10
65.052527
 20
135.079662
 11
64.826095
 21
134.966447
  0
LINE
  5
6CA
100
AcDbEntity
  8
Layer 1
  6
ByLayer
 62
  256
370
   -1
100
AcDbLine
 10
64.826095
 20
134.966447
 11
64.513609
 21
134.925688
  0
LINE
  5
6CB
100
AcDbEntity
  8
Layer 1
  6
ByLayer
 62
  256
370
   -1
100
AcDbLine
 10
64.513609
 20
134.925688
 11
64.151303
 21
134.984526
  0
LINE
  5
6CC
100
AcDbEntity
  8
Layer 1
  6
ByLayer
 62
  256
370
   -1
100
AcDbLine
 10
64.151303
 20
134.984526
 11
63.875052
 21
135.161148
  0
LINE
  5
6CD
100
AcDbEntity
  8
Layer 1
  6
ByLayer
 62
  256
370
   -1
100
AcDbLine
 10
63.875052
 20
135.161148
 11
63.698429
 21
135.446461
  0
LINE
  5
6CE
100
AcDbEntity
  8
Layer 1
  6
ByLayer
 62
  256
370
   -1
100
AcDbLine
 10
63.698429
 20
135.446461
 11
63.634991
 21
135.831404
  0
LINE
  5
6CF
100
AcDbEntity
  8
Layer 1
  6
ByLayer
 62
  256
370
   -1
100
AcDbLine
 10
63.634991
 20
135.831404
 11
63.707415
 21
136.266167
  0
LINE
  5
6D0
100
AcDbEntity
  8
Layer 1
  6
ByLayer
 62
  256
370
   -1
100
AcDbLine
 10
63.707415
 20
136.266167
 11
63.920261
 21
136.592239
  0
LINE
  5
6D1
100
AcDbEntity
  8
Layer 1
  6
ByLayer
 62
  256
370
   -1
100
AcDbLine
 10
63.920261
 20
136.592239
 11
64.24633300000001
 21
136.796034
  0
LINE
  5
6D2
100
AcDbEntity
  8
Layer 1
  6
ByLayer
 62
  256
370
   -1
100
AcDbLine
 10
64.24633300000001
 20
136.796034
 11
64.67657
 21
136.868458
  0
LINE
  5
6D3
100
AcDbEntity
  8
Layer 1
  6
ByLayer
 62
  256
370
   -1
100
AcDbLine
 10
64.67657
 20
136.868458
 11
64.984531
 21
136.832192
  0
LINE
  5
6D4
100
AcDbEntity
  8
Layer 1
  6
ByLayer
 62
  256
370
   -1
100
AcDbLine
 10
64.984531
 20
136.832192
 11
65.238135
 21
136.741581
  0
LINE
  5
6D5
100
AcDbEntity
  8
Layer 1
  6
ByLayer
 62
  256
370
   -1
100
AcDbLine
 10
65.238135
 20
136.741581
 11
65.42381899999999
 21
136.519664
  0
LINE
  5
6D6
100
AcDbEntity
  8
Layer 1
  6
ByLayer
 62
  256
370
   -1
100
AcDbLine
 10
65.42381899999999
 20
136.519664
 11
65.419539
 21
136.451732
  0
LINE
  5
6D7
100
AcDbEntity
  8
Layer 1
  6
ByLayer
 62
  256
370
   -1
100
AcDbLine
 10
65.419539
 20
136.451732
 11
65.41526
 21
136.383801
  0
LINE
  5
6D8
100
AcDbEntity
  8
Layer 1
  6
ByLayer
 62
  256
370
   -1
100
AcDbLine
 10
65.41526
 20
136.383801
 11
65.30614199999999
 21
135.283457
  0
LINE
  5
6D9
100
AcDbEntity
  8
Layer 1
  6
ByLayer
 62
  256
370
   -1
100
AcDbLine
 10
64.006379
 20
135.831436
 11
64.151303
 21
135.378562
  0
LINE
  5
6DA
100
AcDbEntity
  8
Layer 1
  6
ByLayer
 62
  256
370
   -1
100
AcDbLine
 10
64.151303
 20
135.378562
 11
64.563419
 21
135.224587
  0
LINE
  5
6DB
100
AcDbEntity
  8
Layer 1
  6
ByLayer
 62
  256
370
   -1
100
AcDbLine
 10
64.563419
 20
135.224587
 11
64.95289699999999
 21
135.36045
  0
LINE
  5
6DC
100
AcDbEntity
  8
Layer 1
  6
ByLayer
 62
  256
370
   -1
100
AcDbLine
 10
64.95289699999999
 20
135.36045
 11
65.066113
 21
136.48358
  0
LINE
  5
6DD
100
AcDbEntity
  8
Layer 1
  6
ByLayer
 62
  256
370
   -1
100
AcDbLine
 10
65.066113
 20
136.48358
 11
64.88949100000001
 21
136.542418
  0
LINE
  5
6DE
100
AcDbEntity
  8
Layer 1
  6
ByLayer
 62
  256
370
   -1
100
AcDbLine
 10
64.88949100000001
 20
136.542418
 11
64.653998
 21
136.569591
  0
LINE
  5
6DF
100
AcDbEntity
  8
Layer 1
  6
ByLayer
 62
  256
370
   -1
100
AcDbLine
 10
64.653998
 20
136.569591
 11
64.183001
 21
136.374857
  0
LINE
  5
6E0
100
AcDbEntity
  8
Layer 1
  6
ByLayer
 62
  256
370
   -1
100
AcDbLine
 10
64.183001
 20
136.374857
 11
64.006379
 21
135.831404
  0
LINE
  5
6E1
100
AcDbEntity
  8
Layer 1
  6
ByLayer
 62
  256
370
   -1
100
AcDbLine
 10
64.006379
 20
135.831404
 11
64.006379
 21
135.831436
  0
LINE
  5
6E2
100
AcDbEntity
  8
Layer 1
  6
ByLayer
 62
  256
370
   -1
100
AcDbLine
 10
67.552412
 20
134.934738
 11
67.48448
 21
134.916659
  0
LINE
  5
6E3
100
AcDbEntity
  8
Layer 1
  6
ByLayer
 62
  256
370
   -1
100
AcDbLine
 10
67.48448
 20
134.916659
 11
67.384883
 21
134.903072
  0
LINE
  5
6E4
100
AcDbEntity
  8
Layer 1
  6
ByLayer
 62
  256
370
   -1
100
AcDbLine
 10
67.384883
 20
134.903072
 11
67.19014900000001
 21
135.066108
  0
LINE
  5
6E5
100
AcDbEntity
  8
Layer 1
  6
ByLayer
 62
  256
370
   -1
100
AcDbLine
 10
67.19014900000001
 20
135.066108
 11
67.19014900000001
 21
137.860368
  0
LINE
  5
6E6
100
AcDbEntity
  8
Layer 1
  6
ByLayer
 62
  256
370
   -1
100
AcDbLine
 10
67.19014900000001
 20
137.860368
 11
67.258081
 21
137.878447
  0
LINE
  5
6E7
100
AcDbEntity
  8
Layer 1
  6
ByLayer
 62
  256
370
   -1
100
AcDbLine
 10
67.258081
 20
137.878447
 11
67.35767800000001
 21
137.892033
  0
LINE
  5
6E8
100
AcDbEntity
  8
Layer 1
  6
ByLayer
 62
  256
370
   -1
100
AcDbLine
 10
67.35767800000001
 20
137.892033
 11
67.552412
 21
137.728997
  0
LINE
  5
6E9
100
AcDbEntity
  8
Layer 1
  6
ByLayer
 62
  256
370
   -1
100
AcDbLine
 10
67.552412
 20
137.728997
 11
67.552412
 21
134.934738
  0
LINE
  5
6EA
100
AcDbEntity
  8
Layer 1
  6
ByLayer
 62
  256
370
   -1
100
AcDbLine
 10
69.01521099999999
 20
135.16118
 11
69.327696
 21
135.197446
  0
LINE
  5
6EB
100
AcDbEntity
  8
Layer 1
  6
ByLayer
 62
  256
370
   -1
100
AcDbLine
 10
69.327696
 20
135.197446
 11
69.508844
 21
135.274471
  0
LINE
  5
6EC
100
AcDbEntity
  8
Layer 1
  6
ByLayer
 62
  256
370
   -1
100
AcDbLine
 10
69.508844
 20
135.274471
 11
69.508844
 21
135.93114
  0
LINE
  5
6ED
100
AcDbEntity
  8
Layer 1
  6
ByLayer
 62
  256
370
   -1
100
AcDbLine
 10
69.508844
 20
135.93114
 11
68.94727899999999
 21
135.872302
  0
LINE
  5
6EE
100
AcDbEntity
  8
Layer 1
  6
ByLayer
 62
  256
370
   -1
100
AcDbLine
 10
68.94727899999999
 20
135.872302
 11
68.59856000000001
 21
135.763611
  0
LINE
  5
6EF
100
AcDbEntity
  8
Layer 1
  6
ByLayer
 62
  256
370
   -1
100
AcDbLine
 10
68.59856000000001
 20
135.763611
 11
68.485344
 21
135.519057
  0
LINE
  5
6F0
100
AcDbEntity
  8
Layer 1
  6
ByLayer
 62
  256
370
   -1
100
AcDbLine
 10
68.485344
 20
135.519057
 11
68.616671
 21
135.251867
  0
LINE
  5
6F1
100
AcDbEntity
  8
Layer 1
  6
ByLayer
 62
  256
370
   -1
100
AcDbLine
 10
68.616671
 20
135.251867
 11
69.01521099999999
 21
135.161255
  0
LINE
  5
6F2
100
AcDbEntity
  8
Layer 1
  6
ByLayer
 62
  256
370
   -1
100
AcDbLine
 10
69.01521099999999
 20
135.161255
 11
69.01521099999999
 21
135.16118
  0
LINE
  5
6F3
100
AcDbEntity
  8
Layer 1
  6
ByLayer
 62
  256
370
   -1
100
AcDbLine
 10
69.010931
 20
137.076853
 11
69.635903
 21
136.900231
  0
LINE
  5
6F4
100
AcDbEntity
  8
Layer 1
  6
ByLayer
 62
  256
370
   -1
100
AcDbLine
 10
69.635903
 20
136.900231
 11
69.86687000000001
 21
136.343191
  0
LINE
  5
6F5
100
AcDbEntity
  8
Layer 1
  6
ByLayer
 62
  256
370
   -1
100
AcDbLine
 10
69.86687000000001
 20
136.343191
 11
69.86687000000001
 21
135.269871
  0
LINE
  5
6F6
100
AcDbEntity
  8
Layer 1
  6
ByLayer
 62
  256
370
   -1
100
AcDbLine
 10
69.86687000000001
 20
135.269871
 11
69.826111
 21
135.115896
  0
LINE
  5
6F7
100
AcDbEntity
  8
Layer 1
  6
ByLayer
 62
  256
370
   -1
100
AcDbLine
 10
69.826111
 20
135.115896
 11
69.712885
 21
135.020792
  0
LINE
  5
6F8
100
AcDbEntity
  8
Layer 1
  6
ByLayer
 62
  256
370
   -1
100
AcDbLine
 10
69.712885
 20
135.020792
 11
69.423047
 21
134.912101
  0
LINE
  5
6F9
100
AcDbEntity
  8
Layer 1
  6
ByLayer
 62
  256
370
   -1
100
AcDbLine
 10
69.423047
 20
134.912101
 11
69.015457
 21
134.862249
  0
LINE
  5
6FA
100
AcDbEntity
  8
Layer 1
  6
ByLayer
 62
  256
370
   -1
100
AcDbLine
 10
69.015457
 20
134.862249
 11
68.354252
 21
135.02981
  0
LINE
  5
6FB
100
AcDbEntity
  8
Layer 1
  6
ByLayer
 62
  256
370
   -1
100
AcDbLine
 10
68.354252
 20
135.02981
 11
68.123284
 21
135.514382
  0
LINE
  5
6FC
100
AcDbEntity
  8
Layer 1
  6
ByLayer
 62
  256
370
   -1
100
AcDbLine
 10
68.123284
 20
135.514382
 11
68.318029
 21
135.962731
  0
LINE
  5
6FD
100
AcDbEntity
  8
Layer 1
  6
ByLayer
 62
  256
370
   -1
100
AcDbLine
 10
68.318029
 20
135.962731
 11
68.866007
 21
136.152951
  0
LINE
  5
6FE
100
AcDbEntity
  8
Layer 1
  6
ByLayer
 62
  256
370
   -1
100
AcDbLine
 10
68.866007
 20
136.152951
 11
69.50909
 21
136.216389
  0
LINE
  5
6FF
100
AcDbEntity
  8
Layer 1
  6
ByLayer
 62
  256
370
   -1
100
AcDbLine
 10
69.50909
 20
136.216389
 11
69.50909
 21
136.343202
  0
LINE
  5
700
100
AcDbEntity
  8
Layer 1
  6
ByLayer
 62
  256
370
   -1
100
AcDbLine
 10
69.50909
 20
136.343202
 11
69.373227
 21
136.673799
  0
LINE
  5
701
100
AcDbEntity
  8
Layer 1
  6
ByLayer
 62
  256
370
   -1
100
AcDbLine
 10
69.373227
 20
136.673799
 11
69.006396
 21
136.777997
  0
LINE
  5
702
100
AcDbEntity
  8
Layer 1
  6
ByLayer
 62
  256
370
   -1
100
AcDbLine
 10
69.006396
 20
136.777997
 11
68.64862599999999
 21
136.723652
  0
LINE
  5
703
100
AcDbEntity
  8
Layer 1
  6
ByLayer
 62
  256
370
   -1
100
AcDbLine
 10
68.64862599999999
 20
136.723652
 11
68.349726
 21
136.601375
  0
LINE
  5
704
100
AcDbEntity
  8
Layer 1
  6
ByLayer
 62
  256
370
   -1
100
AcDbLine
 10
68.349726
 20
136.601375
 11
68.281795
 21
136.673799
  0
LINE
  5
705
100
AcDbEntity
  8
Layer 1
  6
ByLayer
 62
  256
370
   -1
100
AcDbLine
 10
68.281795
 20
136.673799
 11
68.254622
 21
136.764411
  0
LINE
  5
706
100
AcDbEntity
  8
Layer 1
  6
ByLayer
 62
  256
370
   -1
100
AcDbLine
 10
68.254622
 20
136.764411
 11
68.286288
 21
136.868608
  0
LINE
  5
707
100
AcDbEntity
  8
Layer 1
  6
ByLayer
 62
  256
370
   -1
100
AcDbLine
 10
68.286288
 20
136.868608
 11
68.385885
 21
136.945633
  0
LINE
  5
708
100
AcDbEntity
  8
Layer 1
  6
ByLayer
 62
  256
370
   -1
100
AcDbLine
 10
68.385885
 20
136.945633
 11
68.666673
 21
137.040737
  0
LINE
  5
709
100
AcDbEntity
  8
Layer 1
  6
ByLayer
 62
  256
370
   -1
100
AcDbLine
 10
68.666673
 20
137.040737
 11
69.010857
 21
137.077003
  0
LINE
  5
70A
100
AcDbEntity
  8
Layer 1
  6
ByLayer
 62
  256
370
   -1
100
AcDbLine
 10
69.010857
 20
137.077003
 11
69.010931
 21
137.076853
  0
LINE
  5
70B
100
AcDbEntity
  8
Layer 1
  6
ByLayer
 62
  256
370
   -1
100
AcDbLine
 10
71.46099700000001
 20
137.076853
 11
71.850475
 21
137.008922
  0
LINE
  5
70C
100
AcDbEntity
  8
Layer 1
  6
ByLayer
 62
  256
370
   -1
100
AcDbLine
 10
71.850475
 20
137.008922
 11
72.162961
 21
136.805127
  0
LINE
  5
70D
100
AcDbEntity
  8
Layer 1
  6
ByLayer
 62
  256
370
   -1
100
AcDbLine
 10
72.162961
 20
136.805127
 11
72.371281
 21
136.460932
  0
LINE
  5
70E
100
AcDbEntity
  8
Layer 1
  6
ByLayer
 62
  256
370
   -1
100
AcDbLine
 10
72.371281
 20
136.460932
 11
72.448306
 21
135.971824
  0
LINE
  5
70F
100
AcDbEntity
  8
Layer 1
  6
ByLayer
 62
  256
370
   -1
100
AcDbLine
 10
72.448306
 20
135.971824
 11
72.371281
 21
135.478191
  0
LINE
  5
710
100
AcDbEntity
  8
Layer 1
  6
ByLayer
 62
  256
370
   -1
100
AcDbLine
 10
72.371281
 20
135.478191
 11
72.15389999999999
 21
135.134008
  0
LINE
  5
711
100
AcDbEntity
  8
Layer 1
  6
ByLayer
 62
  256
370
   -1
100
AcDbLine
 10
72.15389999999999
 20
135.134008
 11
71.823302
 21
134.930213
  0
LINE
  5
712
100
AcDbEntity
  8
Layer 1
  6
ByLayer
 62
  256
370
   -1
100
AcDbLine
 10
71.823302
 20
134.930213
 11
71.39758999999999
 21
134.866774
  0
LINE
  5
713
100
AcDbEntity
  8
Layer 1
  6
ByLayer
 62
  256
370
   -1
100
AcDbLine
 10
71.39758999999999
 20
134.866774
 11
70.994536
 21
134.92112
  0
LINE
  5
714
100
AcDbEntity
  8
Layer 1
  6
ByLayer
 62
  256
370
   -1
100
AcDbLine
 10
70.994536
 20
134.92112
 11
70.70469799999999
 21
135.038871
  0
LINE
  5
715
100
AcDbEntity
  8
Layer 1
  6
ByLayer
 62
  256
370
   -1
100
AcDbLine
 10
70.70469799999999
 20
135.038871
 11
70.57335999999999
 21
135.152087
  0
LINE
  5
716
100
AcDbEntity
  8
Layer 1
  6
ByLayer
 62
  256
370
   -1
100
AcDbLine
 10
70.57335999999999
 20
135.152087
 11
70.537094
 21
135.306062
  0
LINE
  5
717
100
AcDbEntity
  8
Layer 1
  6
ByLayer
 62
  256
370
   -1
100
AcDbLine
 10
70.537094
 20
135.306062
 11
70.537094
 21
137.860293
  0
LINE
  5
718
100
AcDbEntity
  8
Layer 1
  6
ByLayer
 62
  256
370
   -1
100
AcDbLine
 10
70.537094
 20
137.860293
 11
70.605026
 21
137.878372
  0
LINE
  5
719
100
AcDbEntity
  8
Layer 1
  6
ByLayer
 62
  256
370
   -1
100
AcDbLine
 10
70.605026
 20
137.878372
 11
70.70922299999999
 21
137.891958
  0
LINE
  5
71A
100
AcDbEntity
  8
Layer 1
  6
ByLayer
 62
  256
370
   -1
100
AcDbLine
 10
70.70922299999999
 20
137.891958
 11
70.899432
 21
137.728922
  0
LINE
  5
71B
100
AcDbEntity
  8
Layer 1
  6
ByLayer
 62
  256
370
   -1
100
AcDbLine
 10
70.899432
 20
137.728922
 11
70.899432
 21
136.918268
  0
LINE
  5
71C
100
AcDbEntity
  8
Layer 1
  6
ByLayer
 62
  256
370
   -1
100
AcDbLine
 10
70.899432
 20
136.918268
 11
71.134925
 21
137.026958
  0
LINE
  5
71D
100
AcDbEntity
  8
Layer 1
  6
ByLayer
 62
  256
370
   -1
100
AcDbLine
 10
71.134925
 20
137.026958
 11
71.46099700000001
 21
137.076811
  0
LINE
  5
71E
100
AcDbEntity
  8
Layer 1
  6
ByLayer
 62
  256
370
   -1
100
AcDbLine
 10
71.46099700000001
 20
137.076811
 11
71.46099700000001
 21
137.076853
  0
LINE
  5
71F
100
AcDbEntity
  8
Layer 1
  6
ByLayer
 62
  256
370
   -1
100
AcDbLine
 10
71.406651
 20
136.777954
 11
71.11681299999999
 21
136.719116
  0
LINE
  5
720
100
AcDbEntity
  8
Layer 1
  6
ByLayer
 62
  256
370
   -1
100
AcDbLine
 10
71.11681299999999
 20
136.719116
 11
70.899432
 21
136.587777
  0
LINE
  5
721
100
AcDbEntity
  8
Layer 1
  6
ByLayer
 62
  256
370
   -1
100
AcDbLine
 10
70.899432
 20
136.587777
 11
70.899432
 21
135.306137
  0
LINE
  5
722
100
AcDbEntity
  8
Layer 1
  6
ByLayer
 62
  256
370
   -1
100
AcDbLine
 10
70.899432
 20
135.306137
 11
71.094166
 21
135.211033
  0
LINE
  5
723
100
AcDbEntity
  8
Layer 1
  6
ByLayer
 62
  256
370
   -1
100
AcDbLine
 10
71.094166
 20
135.211033
 11
71.39758999999999
 21
135.165781
  0
LINE
  5
724
100
AcDbEntity
  8
Layer 1
  6
ByLayer
 62
  256
370
   -1
100
AcDbLine
 10
71.39758999999999
 20
135.165781
 11
71.67385299999999
 21
135.211033
  0
LINE
  5
725
100
AcDbEntity
  8
Layer 1
  6
ByLayer
 62
  256
370
   -1
100
AcDbLine
 10
71.67385299999999
 20
135.211033
 11
71.891234
 21
135.360482
  0
LINE
  5
726
100
AcDbEntity
  8
Layer 1
  6
ByLayer
 62
  256
370
   -1
100
AcDbLine
 10
71.891234
 20
135.360482
 11
72.031623
 21
135.609562
  0
LINE
  5
727
100
AcDbEntity
  8
Layer 1
  6
ByLayer
 62
  256
370
   -1
100
AcDbLine
 10
72.031623
 20
135.609562
 11
72.081475
 21
135.971867
  0
LINE
  5
728
100
AcDbEntity
  8
Layer 1
  6
ByLayer
 62
  256
370
   -1
100
AcDbLine
 10
72.081475
 20
135.971867
 11
72.031623
 21
136.334173
  0
LINE
  5
729
100
AcDbEntity
  8
Layer 1
  6
ByLayer
 62
  256
370
   -1
100
AcDbLine
 10
72.031623
 20
136.334173
 11
71.891234
 21
136.583252
  0
LINE
  5
72A
100
AcDbEntity
  8
Layer 1
  6
ByLayer
 62
  256
370
   -1
100
AcDbLine
 10
71.891234
 20
136.583252
 11
71.67385299999999
 21
136.728177
  0
LINE
  5
72B
100
AcDbEntity
  8
Layer 1
  6
ByLayer
 62
  256
370
   -1
100
AcDbLine
 10
71.67385299999999
 20
136.728177
 11
71.406651
 21
136.778029
  0
LINE
  5
72C
100
AcDbEntity
  8
Layer 1
  6
ByLayer
 62
  256
370
   -1
100
AcDbLine
 10
71.406651
 20
136.778029
 11
71.406651
 21
136.777954
  0
LINE
  5
72D
100
AcDbEntity
  8
Layer 1
  6
ByLayer
 62
  256
370
   -1
100
AcDbLine
 10
75.668224
 20
136.347717
 11
75.541422
 21
136.673789
  0
LINE
  5
72E
100
AcDbEntity
  8
Layer 1
  6
ByLayer
 62
  256
370
   -1
100
AcDbLine
 10
75.541422
 20
136.673789
 11
75.201763
 21
136.777986
  0
LINE
  5
72F
100
AcDbEntity
  8
Layer 1
  6
ByLayer
 62
  256
370
   -1
100
AcDbLine
 10
75.201763
 20
136.777986
 11
74.676422
 21
136.569666
  0
LINE
  5
730
100
AcDbEntity
  8
Layer 1
  6
ByLayer
 62
  256
370
   -1
100
AcDbLine
 10
74.676422
 20
136.569666
 11
74.703594
 21
136.374932
  0
LINE
  5
731
100
AcDbEntity
  8
Layer 1
  6
ByLayer
 62
  256
370
   -1
100
AcDbLine
 10
74.703594
 20
136.374932
 11
74.703594
 21
134.934781
  0
LINE
  5
732
100
AcDbEntity
  8
Layer 1
  6
ByLayer
 62
  256
370
   -1
100
AcDbLine
 10
74.703594
 20
134.934781
 11
74.63117
 21
134.916701
  0
LINE
  5
733
100
AcDbEntity
  8
Layer 1
  6
ByLayer
 62
  256
370
   -1
100
AcDbLine
 10
74.63117
 20
134.916701
 11
74.53606499999999
 21
134.903115
  0
LINE
  5
734
100
AcDbEntity
  8
Layer 1
  6
ByLayer
 62
  256
370
   -1
100
AcDbLine
 10
74.53606499999999
 20
134.903115
 11
74.341331
 21
135.066151
  0
LINE
  5
735
100
AcDbEntity
  8
Layer 1
  6
ByLayer
 62
  256
370
   -1
100
AcDbLine
 10
74.341331
 20
135.066151
 11
74.341331
 21
136.347791
  0
LINE
  5
736
100
AcDbEntity
  8
Layer 1
  6
ByLayer
 62
  256
370
   -1
100
AcDbLine
 10
74.341331
 20
136.347791
 11
74.214518
 21
136.673863
  0
LINE
  5
737
100
AcDbEntity
  8
Layer 1
  6
ByLayer
 62
  256
370
   -1
100
AcDbLine
 10
74.214518
 20
136.673863
 11
73.870335
 21
136.778061
  0
LINE
  5
738
100
AcDbEntity
  8
Layer 1
  6
ByLayer
 62
  256
370
   -1
100
AcDbLine
 10
73.870335
 20
136.778061
 11
73.594083
 21
136.732809
  0
LINE
  5
739
100
AcDbEntity
  8
Layer 1
  6
ByLayer
 62
  256
370
   -1
100
AcDbLine
 10
73.594083
 20
136.732809
 11
73.37670199999999
 21
136.628611
  0
LINE
  5
73A
100
AcDbEntity
  8
Layer 1
  6
ByLayer
 62
  256
370
   -1
100
AcDbLine
 10
73.37670199999999
 20
136.628611
 11
73.37670199999999
 21
134.934845
  0
LINE
  5
73B
100
AcDbEntity
  8
Layer 1
  6
ByLayer
 62
  256
370
   -1
100
AcDbLine
 10
73.37670199999999
 20
134.934845
 11
73.30877
 21
134.916766
  0
LINE
  5
73C
100
AcDbEntity
  8
Layer 1
  6
ByLayer
 62
  256
370
   -1
100
AcDbLine
 10
73.30877
 20
134.916766
 11
73.20917300000001
 21
134.903179
  0
LINE
  5
73D
100
AcDbEntity
  8
Layer 1
  6
ByLayer
 62
  256
370
   -1
100
AcDbLine
 10
73.20917300000001
 20
134.903179
 11
73.014439
 21
135.066215
  0
LINE
  5
73E
100
AcDbEntity
  8
Layer 1
  6
ByLayer
 62
  256
370
   -1
100
AcDbLine
 10
73.014439
 20
135.066215
 11
73.014439
 21
136.610532
  0
LINE
  5
73F
100
AcDbEntity
  8
Layer 1
  6
ByLayer
 62
  256
370
   -1
100
AcDbLine
 10
73.014439
 20
136.610532
 11
73.05070499999999
 21
136.759982
  0
LINE
  5
740
100
AcDbEntity
  8
Layer 1
  6
ByLayer
 62
  256
370
   -1
100
AcDbLine
 10
73.05070499999999
 20
136.759982
 11
73.18656799999999
 21
136.886784
  0
LINE
  5
741
100
AcDbEntity
  8
Layer 1
  6
ByLayer
 62
  256
370
   -1
100
AcDbLine
 10
73.18656799999999
 20
136.886784
 11
73.494518
 21
137.018122
  0
LINE
  5
742
100
AcDbEntity
  8
Layer 1
  6
ByLayer
 62
  256
370
   -1
100
AcDbLine
 10
73.494518
 20
137.018122
 11
73.87493499999999
 21
137.07696
  0
LINE
  5
743
100
AcDbEntity
  8
Layer 1
  6
ByLayer
 62
  256
370
   -1
100
AcDbLine
 10
73.87493499999999
 20
137.07696
 11
74.268939
 21
137.009029
  0
LINE
  5
744
100
AcDbEntity
  8
Layer 1
  6
ByLayer
 62
  256
370
   -1
100
AcDbLine
 10
74.268939
 20
137.009029
 11
74.531615
 21
136.832406
  0
LINE
  5
745
100
AcDbEntity
  8
Layer 1
  6
ByLayer
 62
  256
370
   -1
100
AcDbLine
 10
74.531615
 20
136.832406
 11
74.82597800000001
 21
137.004503
  0
LINE
  5
746
100
AcDbEntity
  8
Layer 1
  6
ByLayer
 62
  256
370
   -1
100
AcDbLine
 10
74.82597800000001
 20
137.004503
 11
75.229043
 21
137.076928
  0
LINE
  5
747
100
AcDbEntity
  8
Layer 1
  6
ByLayer
 62
  256
370
   -1
100
AcDbLine
 10
75.229043
 20
137.076928
 11
75.813255
 21
136.900306
  0
LINE
  5
748
100
AcDbEntity
  8
Layer 1
  6
ByLayer
 62
  256
370
   -1
100
AcDbLine
 10
75.813255
 20
136.900306
 11
76.030637
 21
136.365903
  0
LINE
  5
749
100
AcDbEntity
  8
Layer 1
  6
ByLayer
 62
  256
370
   -1
100
AcDbLine
 10
76.030637
 20
136.365903
 11
76.030637
 21
134.934813
  0
LINE
  5
74A
100
AcDbEntity
  8
Layer 1
  6
ByLayer
 62
  256
370
   -1
100
AcDbLine
 10
76.030637
 20
134.934813
 11
75.958212
 21
134.916733
  0
LINE
  5
74B
100
AcDbEntity
  8
Layer 1
  6
ByLayer
 62
  256
370
   -1
100
AcDbLine
 10
75.958212
 20
134.916733
 11
75.863108
 21
134.903147
  0
LINE
  5
74C
100
AcDbEntity
  8
Layer 1
  6
ByLayer
 62
  256
370
   -1
100
AcDbLine
 10
75.863108
 20
134.903147
 11
75.668363
 21
135.066183
  0
LINE
  5
74D
100
AcDbEntity
  8
Layer 1
  6
ByLayer
 62
  256
370
   -1
100
AcDbLine
 10
75.668363
 20
135.066183
 11
75.668363
 21
136.347824
  0
LINE
  5
74E
100
AcDbEntity
  8
Layer 1
  6
ByLayer
 62
  256
370
   -1
100
AcDbLine
 10
75.668363
 20
136.347824
 11
75.668224
 21
136.347717
  0
LINE
  5
74F
100
AcDbEntity
  8
Layer 1
  6
ByLayer
 62
  256
370
   -1
100
AcDbLine
 10
77.457095
 20
135.16118
 11
77.76958
 21
135.197446
  0
LINE
  5
750
100
AcDbEntity
  8
Layer 1
  6
ByLayer
 62
  256
370
   -1
100
AcDbLine
 10
77.76958
 20
135.197446
 11
77.950728
 21
135.274471
  0
LINE
  5
751
100
AcDbEntity
  8
Layer 1
  6
ByLayer
 62
  256
370
   -1
100
AcDbLine
 10
77.950728
 20
135.274471
 11
77.950728
 21
135.93114
  0
LINE
  5
752
100
AcDbEntity
  8
Layer 1
  6
ByLayer
 62
  256
370
   -1
100
AcDbLine
 10
77.950728
 20
135.93114
 11
77.389163
 21
135.872302
  0
LINE
  5
753
100
AcDbEntity
  8
Layer 1
  6
ByLayer
 62
  256
370
   -1
100
AcDbLine
 10
77.389163
 20
135.872302
 11
77.04044399999999
 21
135.763611
  0
LINE
  5
754
100
AcDbEntity
  8
Layer 1
  6
ByLayer
 62
  256
370
   -1
100
AcDbLine
 10
77.04044399999999
 20
135.763611
 11
76.927228
 21
135.519057
  0
LINE
  5
755
100
AcDbEntity
  8
Layer 1
  6
ByLayer
 62
  256
370
   -1
100
AcDbLine
 10
76.927228
 20
135.519057
 11
77.058566
 21
135.251867
  0
LINE
  5
756
100
AcDbEntity
  8
Layer 1
  6
ByLayer
 62
  256
370
   -1
100
AcDbLine
 10
77.058566
 20
135.251867
 11
77.457095
 21
135.161255
  0
LINE
  5
757
100
AcDbEntity
  8
Layer 1
  6
ByLayer
 62
  256
370
   -1
100
AcDbLine
 10
77.457095
 20
135.161255
 11
77.457095
 21
135.16118
  0
LINE
  5
758
100
AcDbEntity
  8
Layer 1
  6
ByLayer
 62
  256
370
   -1
100
AcDbLine
 10
77.452816
 20
137.076853
 11
78.077787
 21
136.900231
  0
LINE
  5
759
100
AcDbEntity
  8
Layer 1
  6
ByLayer
 62
  256
370
   -1
100
AcDbLine
 10
78.077787
 20
136.900231
 11
78.308755
 21
136.343191
  0
LINE
  5
75A
100
AcDbEntity
  8
Layer 1
  6
ByLayer
 62
  256
370
   -1
100
AcDbLine
 10
78.308755
 20
136.343191
 11
78.308755
 21
135.269871
  0
LINE
  5
75B
100
AcDbEntity
  8
Layer 1
  6
ByLayer
 62
  256
370
   -1
100
AcDbLine
 10
78.308755
 20
135.269871
 11
78.267996
 21
135.115896
  0
LINE
  5
75C
100
AcDbEntity
  8
Layer 1
  6
ByLayer
 62
  256
370
   -1
100
AcDbLine
 10
78.267996
 20
135.115896
 11
78.15478
 21
135.020792
  0
LINE
  5
75D
100
AcDbEntity
  8
Layer 1
  6
ByLayer
 62
  256
370
   -1
100
AcDbLine
 10
78.15478
 20
135.020792
 11
77.864941
 21
134.912101
  0
LINE
  5
75E
100
AcDbEntity
  8
Layer 1
  6
ByLayer
 62
  256
370
   -1
100
AcDbLine
 10
77.864941
 20
134.912101
 11
77.457351
 21
134.862249
  0
LINE
  5
75F
100
AcDbEntity
  8
Layer 1
  6
ByLayer
 62
  256
370
   -1
100
AcDbLine
 10
77.457351
 20
134.862249
 11
76.79614599999999
 21
135.02981
  0
LINE
  5
760
100
AcDbEntity
  8
Layer 1
  6
ByLayer
 62
  256
370
   -1
100
AcDbLine
 10
76.79614599999999
 20
135.02981
 11
76.565179
 21
135.514393
  0
LINE
  5
761
100
AcDbEntity
  8
Layer 1
  6
ByLayer
 62
  256
370
   -1
100
AcDbLine
 10
76.565179
 20
135.514393
 11
76.759923
 21
135.962742
  0
LINE
  5
762
100
AcDbEntity
  8
Layer 1
  6
ByLayer
 62
  256
370
   -1
100
AcDbLine
 10
76.759923
 20
135.962742
 11
77.307902
 21
136.152951
  0
LINE
  5
763
100
AcDbEntity
  8
Layer 1
  6
ByLayer
 62
  256
370
   -1
100
AcDbLine
 10
77.307902
 20
136.152951
 11
77.950985
 21
136.216389
  0
LINE
  5
764
100
AcDbEntity
  8
Layer 1
  6
ByLayer
 62
  256
370
   -1
100
AcDbLine
 10
77.950985
 20
136.216389
 11
77.950985
 21
136.343191
  0
LINE
  5
765
100
AcDbEntity
  8
Layer 1
  6
ByLayer
 62
  256
370
   -1
100
AcDbLine
 10
77.950985
 20
136.343191
 11
77.815121
 21
136.673789
  0
LINE
  5
766
100
AcDbEntity
  8
Layer 1
  6
ByLayer
 62
  256
370
   -1
100
AcDbLine
 10
77.815121
 20
136.673789
 11
77.44829
 21
136.777986
  0
LINE
  5
767
100
AcDbEntity
  8
Layer 1
  6
ByLayer
 62
  256
370
   -1
100
AcDbLine
 10
77.44829
 20
136.777986
 11
77.09052
 21
136.723641
  0
LINE
  5
768
100
AcDbEntity
  8
Layer 1
  6
ByLayer
 62
  256
370
   -1
100
AcDbLine
 10
77.09052
 20
136.723641
 11
76.79162100000001
 21
136.601364
  0
LINE
  5
769
100
AcDbEntity
  8
Layer 1
  6
ByLayer
 62
  256
370
   -1
100
AcDbLine
 10
76.79162100000001
 20
136.601364
 11
76.72368899999999
 21
136.673789
  0
LINE
  5
76A
100
AcDbEntity
  8
Layer 1
  6
ByLayer
 62
  256
370
   -1
100
AcDbLine
 10
76.72368899999999
 20
136.673789
 11
76.696517
 21
136.7644
  0
LINE
  5
76B
100
AcDbEntity
  8
Layer 1
  6
ByLayer
 62
  256
370
   -1
100
AcDbLine
 10
76.696517
 20
136.7644
 11
76.728183
 21
136.868597
  0
LINE
  5
76C
100
AcDbEntity
  8
Layer 1
  6
ByLayer
 62
  256
370
   -1
100
AcDbLine
 10
76.728183
 20
136.868597
 11
76.82778
 21
136.945622
  0
LINE
  5
76D
100
AcDbEntity
  8
Layer 1
  6
ByLayer
 62
  256
370
   -1
100
AcDbLine
 10
76.82778
 20
136.945622
 11
77.108557
 21
137.040727
  0
LINE
  5
76E
100
AcDbEntity
  8
Layer 1
  6
ByLayer
 62
  256
370
   -1
100
AcDbLine
 10
77.108557
 20
137.040727
 11
77.452741
 21
137.076992
  0
LINE
  5
76F
100
AcDbEntity
  8
Layer 1
  6
ByLayer
 62
  256
370
   -1
100
AcDbLine
 10
77.452741
 20
137.076992
 11
77.452816
 21
137.076853
  0
LINE
  5
770
100
AcDbEntity
  8
Layer 1
  6
ByLayer
 62
  256
370
   -1
100
AcDbLine
 10
79.34132700000001
 20
134.934738
 11
79.27339499999999
 21
134.916659
  0
LINE
  5
771
100
AcDbEntity
  8
Layer 1
  6
ByLayer
 62
  256
370
   -1
100
AcDbLine
 10
79.27339499999999
 20
134.916659
 11
79.17379699999999
 21
134.903072
  0
LINE
  5
772
100
AcDbEntity
  8
Layer 1
  6
ByLayer
 62
  256
370
   -1
100
AcDbLine
 10
79.17379699999999
 20
134.903072
 11
78.97906399999999
 21
135.066108
  0
LINE
  5
773
100
AcDbEntity
  8
Layer 1
  6
ByLayer
 62
  256
370
   -1
100
AcDbLine
 10
78.97906399999999
 20
135.066108
 11
78.97906399999999
 21
137.860368
  0
LINE
  5
774
100
AcDbEntity
  8
Layer 1
  6
ByLayer
 62
  256
370
   -1
100
AcDbLine
 10
78.97906399999999
 20
137.860368
 11
79.046995
 21
137.878447
  0
LINE
  5
775
100
AcDbEntity
  8
Layer 1
  6
ByLayer
 62
  256
370
   -1
100
AcDbLine
 10
79.046995
 20
137.878447
 11
79.15119300000001
 21
137.892033
  0
LINE
  5
776
100
AcDbEntity
  8
Layer 1
  6
ByLayer
 62
  256
370
   -1
100
AcDbLine
 10
79.15119300000001
 20
137.892033
 11
79.341401
 21
137.728997
  0
LINE
  5
777
100
AcDbEntity
  8
Layer 1
  6
ByLayer
 62
  256
370
   -1
100
AcDbLine
 10
79.341401
 20
137.728997
 11
79.341401
 21
136.098637
  0
LINE
  5
778
100
AcDbEntity
  8
Layer 1
  6
ByLayer
 62
  256
370
   -1
100
AcDbLine
 10
79.341401
 20
136.098637
 11
80.33320399999999
 21
137.058731
  0
LINE
  5
779
100
AcDbEntity
  8
Layer 1
  6
ByLayer
 62
  256
370
   -1
100
AcDbLine
 10
80.33320399999999
 20
137.058731
 11
80.500765
 21
137.004386
  0
LINE
  5
77A
100
AcDbEntity
  8
Layer 1
  6
ByLayer
 62
  256
370
   -1
100
AcDbLine
 10
80.500765
 20
137.004386
 11
80.56420300000001
 21
136.882109
  0
LINE
  5
77B
100
AcDbEntity
  8
Layer 1
  6
ByLayer
 62
  256
370
   -1
100
AcDbLine
 10
80.56420300000001
 20
136.882109
 11
80.523444
 21
136.768893
  0
LINE
  5
77C
100
AcDbEntity
  8
Layer 1
  6
ByLayer
 62
  256
370
   -1
100
AcDbLine
 10
80.523444
 20
136.768893
 11
80.414754
 21
136.660202
  0
LINE
  5
77D
100
AcDbEntity
  8
Layer 1
  6
ByLayer
 62
  256
370
   -1
100
AcDbLine
 10
80.414754
 20
136.660202
 11
79.68561699999999
 21
136.021645
  0
LINE
  5
77E
100
AcDbEntity
  8
Layer 1
  6
ByLayer
 62
  256
370
   -1
100
AcDbLine
 10
79.68561699999999
 20
136.021645
 11
80.695531
 21
135.115896
  0
LINE
  5
77F
100
AcDbEntity
  8
Layer 1
  6
ByLayer
 62
  256
370
   -1
100
AcDbLine
 10
80.695531
 20
135.115896
 11
80.632092
 21
134.957385
  0
LINE
  5
780
100
AcDbEntity
  8
Layer 1
  6
ByLayer
 62
  256
370
   -1
100
AcDbLine
 10
80.632092
 20
134.957385
 11
80.496229
 21
134.898547
  0
LINE
  5
781
100
AcDbEntity
  8
Layer 1
  6
ByLayer
 62
  256
370
   -1
100
AcDbLine
 10
80.496229
 20
134.898547
 11
80.369416
 21
134.930213
  0
LINE
  5
782
100
AcDbEntity
  8
Layer 1
  6
ByLayer
 62
  256
370
   -1
100
AcDbLine
 10
80.369416
 20
134.930213
 11
80.25620000000001
 21
135.02981
  0
LINE
  5
783
100
AcDbEntity
  8
Layer 1
  6
ByLayer
 62
  256
370
   -1
100
AcDbLine
 10
80.25620000000001
 20
135.02981
 11
79.341391
 21
135.949156
  0
LINE
  5
784
100
AcDbEntity
  8
Layer 1
  6
ByLayer
 62
  256
370
   -1
100
AcDbLine
 10
79.341391
 20
135.949156
 11
79.341391
 21
134.934706
  0
LINE
  5
785
100
AcDbEntity
  8
Layer 1
  6
ByLayer
 62
  256
370
   -1
100
AcDbLine
 10
79.341391
 20
134.934706
 11
79.34132700000001
 21
134.934738
  0
LINE
  5
786
100
AcDbEntity
  8
Layer 1
  6
ByLayer
 62
  256
370
   -1
100
AcDbLine
 10
81.388327
 20
135.758979
 11
81.64420200000001
 21
135.314024
  0
LINE
  5
787
100
AcDbEntity
  8
Layer 1
  6
ByLayer
 62
  256
370
   -1
100
AcDbLine
 10
81.64420200000001
 20
135.314024
 11
82.16727299999999
 21
135.165706
  0
LINE
  5
788
100
AcDbEntity
  8
Layer 1
  6
ByLayer
 62
  256
370
   -1
100
AcDbLine
 10
82.16727299999999
 20
135.165706
 11
82.51145699999999
 21
135.229144
  0
LINE
  5
789
100
AcDbEntity
  8
Layer 1
  6
ByLayer
 62
  256
370
   -1
100
AcDbLine
 10
82.51145699999999
 20
135.229144
 11
82.756011
 21
135.365008
  0
LINE
  5
78A
100
AcDbEntity
  8
Layer 1
  6
ByLayer
 62
  256
370
   -1
100
AcDbLine
 10
82.756011
 20
135.365008
 11
82.864701
 21
135.192921
  0
LINE
  5
78B
100
AcDbEntity
  8
Layer 1
  6
ByLayer
 62
  256
370
   -1
100
AcDbLine
 10
82.864701
 20
135.192921
 11
82.805863
 21
135.070644
  0
LINE
  5
78C
100
AcDbEntity
  8
Layer 1
  6
ByLayer
 62
  256
370
   -1
100
AcDbLine
 10
82.805863
 20
135.070644
 11
82.651888
 21
134.966447
  0
LINE
  5
78D
100
AcDbEntity
  8
Layer 1
  6
ByLayer
 62
  256
370
   -1
100
AcDbLine
 10
82.651888
 20
134.966447
 11
82.42544599999999
 21
134.894022
  0
LINE
  5
78E
100
AcDbEntity
  8
Layer 1
  6
ByLayer
 62
  256
370
   -1
100
AcDbLine
 10
82.42544599999999
 20
134.894022
 11
82.14919399999999
 21
134.866849
  0
LINE
  5
78F
100
AcDbEntity
  8
Layer 1
  6
ByLayer
 62
  256
370
   -1
100
AcDbLine
 10
82.14919399999999
 20
134.866849
 11
81.6782
 21
134.938177
  0
LINE
  5
790
100
AcDbEntity
  8
Layer 1
  6
ByLayer
 62
  256
370
   -1
100
AcDbLine
 10
81.6782
 20
134.938177
 11
81.31590199999999
 21
135.152162
  0
LINE
  5
791
100
AcDbEntity
  8
Layer 1
  6
ByLayer
 62
  256
370
   -1
100
AcDbLine
 10
81.31590199999999
 20
135.152162
 11
81.088326
 21
135.503141
  0
LINE
  5
792
100
AcDbEntity
  8
Layer 1
  6
ByLayer
 62
  256
370
   -1
100
AcDbLine
 10
81.088326
 20
135.503141
 11
81.012467
 21
135.985454
  0
LINE
  5
793
100
AcDbEntity
  8
Layer 1
  6
ByLayer
 62
  256
370
   -1
100
AcDbLine
 10
81.012467
 20
135.985454
 11
81.084892
 21
136.442864
  0
LINE
  5
794
100
AcDbEntity
  8
Layer 1
  6
ByLayer
 62
  256
370
   -1
100
AcDbLine
 10
81.084892
 20
136.442864
 11
81.293212
 21
136.787047
  0
LINE
  5
795
100
AcDbEntity
  8
Layer 1
  6
ByLayer
 62
  256
370
   -1
100
AcDbLine
 10
81.293212
 20
136.787047
 11
81.61475900000001
 21
136.999893
  0
LINE
  5
796
100
AcDbEntity
  8
Layer 1
  6
ByLayer
 62
  256
370
   -1
100
AcDbLine
 10
81.61475900000001
 20
136.999893
 11
82.017813
 21
137.076918
  0
LINE
  5
797
100
AcDbEntity
  8
Layer 1
  6
ByLayer
 62
  256
370
   -1
100
AcDbLine
 10
82.017813
 20
137.076918
 11
82.393705
 21
137.008986
  0
LINE
  5
798
100
AcDbEntity
  8
Layer 1
  6
ByLayer
 62
  256
370
   -1
100
AcDbLine
 10
82.393705
 20
137.008986
 11
82.688068
 21
136.814252
  0
LINE
  5
799
100
AcDbEntity
  8
Layer 1
  6
ByLayer
 62
  256
370
   -1
100
AcDbLine
 10
82.688068
 20
136.814252
 11
82.882813
 21
136.519878
  0
LINE
  5
79A
100
AcDbEntity
  8
Layer 1
  6
ByLayer
 62
  256
370
   -1
100
AcDbLine
 10
82.882813
 20
136.519878
 11
82.95523799999999
 21
136.148522
  0
LINE
  5
79B
100
AcDbEntity
  8
Layer 1
  6
ByLayer
 62
  256
370
   -1
100
AcDbLine
 10
82.95523799999999
 20
136.148522
 11
82.909986
 21
136.003608
  0
LINE
  5
79C
100
AcDbEntity
  8
Layer 1
  6
ByLayer
 62
  256
370
   -1
100
AcDbLine
 10
82.909986
 20
136.003608
 11
82.78317300000001
 21
135.953756
  0
LINE
  5
79D
100
AcDbEntity
  8
Layer 1
  6
ByLayer
 62
  256
370
   -1
100
AcDbLine
 10
82.78317300000001
 20
135.953756
 11
81.388327
 21
135.758979
  0
LINE
  5
79E
100
AcDbEntity
  8
Layer 1
  6
ByLayer
 62
  256
370
   -1
100
AcDbLine
 10
82.01329800000001
 20
136.782479
 11
81.555888
 21
136.587745
  0
LINE
  5
79F
100
AcDbEntity
  8
Layer 1
  6
ByLayer
 62
  256
370
   -1
100
AcDbLine
 10
81.555888
 20
136.587745
 11
81.365679
 21
136.039767
  0
LINE
  5
7A0
100
AcDbEntity
  8
Layer 1
  6
ByLayer
 62
  256
370
   -1
100
AcDbLine
 10
81.365679
 20
136.039767
 11
82.611097
 21
136.211853
  0
LINE
  5
7A1
100
AcDbEntity
  8
Layer 1
  6
ByLayer
 62
  256
370
   -1
100
AcDbLine
 10
82.611097
 20
136.211853
 11
82.43447500000001
 21
136.619443
  0
LINE
  5
7A2
100
AcDbEntity
  8
Layer 1
  6
ByLayer
 62
  256
370
   -1
100
AcDbLine
 10
82.43447500000001
 20
136.619443
 11
82.01329800000001
 21
136.782479
  0
LINE
  5
7A3
100
AcDbEntity
  8
Layer 1
  6
ByLayer
 62
  256
370
   -1
100
AcDbLine
 10
82.01329800000001
 20
136.782479
 11
82.01329800000001
 21
136.782479
  0
LINE
  5
7A4
100
AcDbEntity
  8
Layer 1
  6
ByLayer
 62
  256
370
   -1
100
AcDbLine
 10
83.842917
 20
134.934738
 11
83.774986
 21
134.916659
  0
LINE
  5
7A5
100
AcDbEntity
  8
Layer 1
  6
ByLayer
 62
  256
370
   -1
100
AcDbLine
 10
83.774986
 20
134.916659
 11
83.675388
 21
134.903072
  0
LINE
  5
7A6
100
AcDbEntity
  8
Layer 1
  6
ByLayer
 62
  256
370
   -1
100
AcDbLine
 10
83.675388
 20
134.903072
 11
83.480644
 21
135.066108
  0
LINE
  5
7A7
100
AcDbEntity
  8
Layer 1
  6
ByLayer
 62
  256
370
   -1
100
AcDbLine
 10
83.480644
 20
135.066108
 11
83.480644
 21
136.601364
  0
LINE
  5
7A8
100
AcDbEntity
  8
Layer 1
  6
ByLayer
 62
  256
370
   -1
100
AcDbLine
 10
83.480644
 20
136.601364
 11
83.516909
 21
136.7644
  0
LINE
  5
7A9
100
AcDbEntity
  8
Layer 1
  6
ByLayer
 62
  256
370
   -1
100
AcDbLine
 10
83.516909
 20
136.7644
 11
83.648248
 21
136.886677
  0
LINE
  5
7AA
100
AcDbEntity
  8
Layer 1
  6
ByLayer
 62
  256
370
   -1
100
AcDbLine
 10
83.648248
 20
136.886677
 11
83.96525800000001
 21
137.018015
  0
LINE
  5
7AB
100
AcDbEntity
  8
Layer 1
  6
ByLayer
 62
  256
370
   -1
100
AcDbLine
 10
83.96525800000001
 20
137.018015
 11
84.422669
 21
137.076853
  0
LINE
  5
7AC
100
AcDbEntity
  8
Layer 1
  6
ByLayer
 62
  256
370
   -1
100
AcDbLine
 10
84.422669
 20
137.076853
 11
84.69439
 21
137.031566
  0
LINE
  5
7AD
100
AcDbEntity
  8
Layer 1
  6
ByLayer
 62
  256
370
   -1
100
AcDbLine
 10
84.69439
 20
137.031566
 11
84.784964
 21
136.895706
  0
LINE
  5
7AE
100
AcDbEntity
  8
Layer 1
  6
ByLayer
 62
  256
370
   -1
100
AcDbLine
 10
84.784964
 20
136.895706
 11
84.771377
 21
136.809695
  0
LINE
  5
7AF
100
AcDbEntity
  8
Layer 1
  6
ByLayer
 62
  256
370
   -1
100
AcDbLine
 10
84.771377
 20
136.809695
 11
84.735111
 21
136.746256
  0
LINE
  5
7B0
100
AcDbEntity
  8
Layer 1
  6
ByLayer
 62
  256
370
   -1
100
AcDbLine
 10
84.735111
 20
136.746256
 11
84.61736000000001
 21
136.764336
  0
LINE
  5
7B1
100
AcDbEntity
  8
Layer 1
  6
ByLayer
 62
  256
370
   -1
100
AcDbLine
 10
84.61736000000001
 20
136.764336
 11
84.472435
 21
136.772894
  0
LINE
  5
7B2
100
AcDbEntity
  8
Layer 1
  6
ByLayer
 62
  256
370
   -1
100
AcDbLine
 10
84.472435
 20
136.772894
 11
84.105604
 21
136.727642
  0
LINE
  5
7B3
100
AcDbEntity
  8
Layer 1
  6
ByLayer
 62
  256
370
   -1
100
AcDbLine
 10
84.105604
 20
136.727642
 11
83.842939
 21
136.628044
  0
LINE
  5
7B4
100
AcDbEntity
  8
Layer 1
  6
ByLayer
 62
  256
370
   -1
100
AcDbLine
 10
83.842939
 20
136.628044
 11
83.842917
 21
134.934738
  0
LINE
  5
7B5
100
AcDbEntity
  8
Layer 1
  6
ByLayer
 62
  256
370
   -1
100
AcDbLine
 10
84.71696799999999
 20
135.115896
 11
84.780406
 21
135.297044
  0
LINE
  5
7B6
100
AcDbEntity
  8
Layer 1
  6
ByLayer
 62
  256
370
   -1
100
AcDbLine
 10
84.780406
 20
135.297044
 11
84.96608999999999
 21
135.369469
  0
LINE
  5
7B7
100
AcDbEntity
  8
Layer 1
  6
ByLayer
 62
  256
370
   -1
100
AcDbLine
 10
84.96608999999999
 20
135.369469
 11
85.147237
 21
135.297044
  0
LINE
  5
7B8
100
AcDbEntity
  8
Layer 1
  6
ByLayer
 62
  256
370
   -1
100
AcDbLine
 10
85.147237
 20
135.297044
 11
85.21067600000001
 21
135.115896
  0
LINE
  5
7B9
100
AcDbEntity
  8
Layer 1
  6
ByLayer
 62
  256
370
   -1
100
AcDbLine
 10
85.21067600000001
 20
135.115896
 11
85.147237
 21
134.939274
  0
LINE
  5
7BA
100
AcDbEntity
  8
Layer 1
  6
ByLayer
 62
  256
370
   -1
100
AcDbLine
 10
85.147237
 20
134.939274
 11
84.96608999999999
 21
134.866849
  0
LINE
  5
7BB
100
AcDbEntity
  8
Layer 1
  6
ByLayer
 62
  256
370
   -1
100
AcDbLine
 10
84.96608999999999
 20
134.866849
 11
84.780406
 21
134.939274
  0
LINE
  5
7BC
100
AcDbEntity
  8
Layer 1
  6
ByLayer
 62
  256
370
   -1
100
AcDbLine
 10
84.780406
 20
134.939274
 11
84.71696799999999
 21
135.115896
  0
LINE
  5
7BD
100
AcDbEntity
  8
Layer 1
  6
ByLayer
 62
  256
370
   -1
100
AcDbLine
 10
84.71696799999999
 20
135.115896
 11
84.71696799999999
 21
135.115896
  0
LINE
  5
7BE
100
AcDbEntity
  8
Layer 1
  6
ByLayer
 62
  256
370
   -1
100
AcDbLine
 10
85.310241
 20
134.264482
 11
85.45516600000001
 21
134.341507
  0
LINE
  5
7BF
100
AcDbEntity
  8
Layer 1
  6
ByLayer
 62
  256
370
   -1
100
AcDbLine
 10
85.45516600000001
 20
134.341507
 11
85.563856
 21
134.436612
  0
LINE
  5
7C0
100
AcDbEntity
  8
Layer 1
  6
ByLayer
 62
  256
370
   -1
100
AcDbLine
 10
85.563856
 20
134.436612
 11
85.631788
 21
134.577
  0
LINE
  5
7C1
100
AcDbEntity
  8
Layer 1
  6
ByLayer
 62
  256
370
   -1
100
AcDbLine
 10
85.631788
 20
134.577
 11
85.65896100000001
 21
134.789856
  0
LINE
  5
7C2
100
AcDbEntity
  8
Layer 1
  6
ByLayer
 62
  256
370
   -1
100
AcDbLine
 10
85.65896100000001
 20
134.789856
 11
85.65896100000001
 21
137.008954
  0
LINE
  5
7C3
100
AcDbEntity
  8
Layer 1
  6
ByLayer
 62
  256
370
   -1
100
AcDbLine
 10
85.65896100000001
 20
137.008954
 11
85.72689200000001
 21
137.027033
  0
LINE
  5
7C4
100
AcDbEntity
  8
Layer 1
  6
ByLayer
 62
  256
370
   -1
100
AcDbLine
 10
85.72689200000001
 20
137.027033
 11
85.83109
 21
137.04062
  0
LINE
  5
7C5
100
AcDbEntity
  8
Layer 1
  6
ByLayer
 62
  256
370
   -1
100
AcDbLine
 10
85.83109
 20
137.04062
 11
86.021299
 21
136.873058
  0
LINE
  5
7C6
100
AcDbEntity
  8
Layer 1
  6
ByLayer
 62
  256
370
   -1
100
AcDbLine
 10
86.021299
 20
136.873058
 11
86.021299
 21
134.721893
  0
LINE
  5
7C7
100
AcDbEntity
  8
Layer 1
  6
ByLayer
 62
  256
370
   -1
100
AcDbLine
 10
86.021299
 20
134.721893
 11
85.966953
 21
134.395821
  0
LINE
  5
7C8
100
AcDbEntity
  8
Layer 1
  6
ByLayer
 62
  256
370
   -1
100
AcDbLine
 10
85.966953
 20
134.395821
 11
85.83109
 21
134.18749
  0
LINE
  5
7C9
100
AcDbEntity
  8
Layer 1
  6
ByLayer
 62
  256
370
   -1
100
AcDbLine
 10
85.83109
 20
134.18749
 11
85.668054
 21
134.074274
  0
LINE
  5
7CA
100
AcDbEntity
  8
Layer 1
  6
ByLayer
 62
  256
370
   -1
100
AcDbLine
 10
85.668054
 20
134.074274
 11
85.518604
 21
134.042608
  0
LINE
  5
7CB
100
AcDbEntity
  8
Layer 1
  6
ByLayer
 62
  256
370
   -1
100
AcDbLine
 10
85.518604
 20
134.042608
 11
85.36009300000001
 21
134.11054
  0
LINE
  5
7CC
100
AcDbEntity
  8
Layer 1
  6
ByLayer
 62
  256
370
   -1
100
AcDbLine
 10
85.36009300000001
 20
134.11054
 11
85.310241
 21
134.264515
  0
LINE
  5
7CD
100
AcDbEntity
  8
Layer 1
  6
ByLayer
 62
  256
370
   -1
100
AcDbLine
 10
85.310241
 20
134.264515
 11
85.310241
 21
134.264482
  0
LINE
  5
7CE
100
AcDbEntity
  8
Layer 1
  6
ByLayer
 62
  256
370
   -1
100
AcDbLine
 10
85.604615
 20
137.679177
 11
85.668054
 21
137.837688
  0
LINE
  5
7CF
100
AcDbEntity
  8
Layer 1
  6
ByLayer
 62
  256
370
   -1
100
AcDbLine
 10
85.668054
 20
137.837688
 11
85.84014000000001
 21
137.90562
  0
LINE
  5
7D0
100
AcDbEntity
  8
Layer 1
  6
ByLayer
 62
  256
370
   -1
100
AcDbLine
 10
85.84014000000001
 20
137.90562
 11
86.007712
 21
137.837688
  0
LINE
  5
7D1
100
AcDbEntity
  8
Layer 1
  6
ByLayer
 62
  256
370
   -1
100
AcDbLine
 10
86.007712
 20
137.837688
 11
86.071151
 21
137.679177
  0
LINE
  5
7D2
100
AcDbEntity
  8
Layer 1
  6
ByLayer
 62
  256
370
   -1
100
AcDbLine
 10
86.071151
 20
137.679177
 11
86.007712
 21
137.516141
  0
LINE
  5
7D3
100
AcDbEntity
  8
Layer 1
  6
ByLayer
 62
  256
370
   -1
100
AcDbLine
 10
86.007712
 20
137.516141
 11
85.84014000000001
 21
137.452703
  0
LINE
  5
7D4
100
AcDbEntity
  8
Layer 1
  6
ByLayer
 62
  256
370
   -1
100
AcDbLine
 10
85.84014000000001
 20
137.452703
 11
85.668054
 21
137.516141
  0
LINE
  5
7D5
100
AcDbEntity
  8
Layer 1
  6
ByLayer
 62
  256
370
   -1
100
AcDbLine
 10
85.668054
 20
137.516141
 11
85.604615
 21
137.679177
  0
LINE
  5
7D6
100
AcDbEntity
  8
Layer 1
  6
ByLayer
 62
  256
370
   -1
100
AcDbLine
 10
85.604615
 20
137.679177
 11
85.604615
 21
137.679177
  0
LINE
  5
7D7
100
AcDbEntity
  8
Layer 1
  6
ByLayer
 62
  256
370
   -1
100
AcDbLine
 10
87.470468
 20
135.16118
 11
87.782954
 21
135.197446
  0
LINE
  5
7D8
100
AcDbEntity
  8
Layer 1
  6
ByLayer
 62
  256
370
   -1
100
AcDbLine
 10
87.782954
 20
135.197446
 11
87.964112
 21
135.274471
  0
LINE
  5
7D9
100
AcDbEntity
  8
Layer 1
  6
ByLayer
 62
  256
370
   -1
100
AcDbLine
 10
87.964112
 20
135.274471
 11
87.964112
 21
135.93114
  0
LINE
  5
7DA
100
AcDbEntity
  8
Layer 1
  6
ByLayer
 62
  256
370
   -1
100
AcDbLine
 10
87.964112
 20
135.93114
 11
87.402537
 21
135.872302
  0
LINE
  5
7DB
100
AcDbEntity
  8
Layer 1
  6
ByLayer
 62
  256
370
   -1
100
AcDbLine
 10
87.402537
 20
135.872302
 11
87.053828
 21
135.763611
  0
LINE
  5
7DC
100
AcDbEntity
  8
Layer 1
  6
ByLayer
 62
  256
370
   -1
100
AcDbLine
 10
87.053828
 20
135.763611
 11
86.940601
 21
135.519057
  0
LINE
  5
7DD
100
AcDbEntity
  8
Layer 1
  6
ByLayer
 62
  256
370
   -1
100
AcDbLine
 10
86.940601
 20
135.519057
 11
87.071939
 21
135.251867
  0
LINE
  5
7DE
100
AcDbEntity
  8
Layer 1
  6
ByLayer
 62
  256
370
   -1
100
AcDbLine
 10
87.071939
 20
135.251867
 11
87.470468
 21
135.161255
  0
LINE
  5
7DF
100
AcDbEntity
  8
Layer 1
  6
ByLayer
 62
  256
370
   -1
100
AcDbLine
 10
87.470468
 20
135.161255
 11
87.470468
 21
135.16118
  0
LINE
  5
7E0
100
AcDbEntity
  8
Layer 1
  6
ByLayer
 62
  256
370
   -1
100
AcDbLine
 10
87.466189
 20
137.076853
 11
88.09116
 21
136.900231
  0
LINE
  5
7E1
100
AcDbEntity
  8
Layer 1
  6
ByLayer
 62
  256
370
   -1
100
AcDbLine
 10
88.09116
 20
136.900231
 11
88.32212800000001
 21
136.343191
  0
LINE
  5
7E2
100
AcDbEntity
  8
Layer 1
  6
ByLayer
 62
  256
370
   -1
100
AcDbLine
 10
88.32212800000001
 20
136.343191
 11
88.32212800000001
 21
135.269871
  0
LINE
  5
7E3
100
AcDbEntity
  8
Layer 1
  6
ByLayer
 62
  256
370
   -1
100
AcDbLine
 10
88.32212800000001
 20
135.269871
 11
88.281369
 21
135.115896
  0
LINE
  5
7E4
100
AcDbEntity
  8
Layer 1
  6
ByLayer
 62
  256
370
   -1
100
AcDbLine
 10
88.281369
 20
135.115896
 11
88.168153
 21
135.020792
  0
LINE
  5
7E5
100
AcDbEntity
  8
Layer 1
  6
ByLayer
 62
  256
370
   -1
100
AcDbLine
 10
88.168153
 20
135.020792
 11
87.878304
 21
134.912101
  0
LINE
  5
7E6
100
AcDbEntity
  8
Layer 1
  6
ByLayer
 62
  256
370
   -1
100
AcDbLine
 10
87.878304
 20
134.912101
 11
87.470714
 21
134.862249
  0
LINE
  5
7E7
100
AcDbEntity
  8
Layer 1
  6
ByLayer
 62
  256
370
   -1
100
AcDbLine
 10
87.470714
 20
134.862249
 11
86.80952000000001
 21
135.02981
  0
LINE
  5
7E8
100
AcDbEntity
  8
Layer 1
  6
ByLayer
 62
  256
370
   -1
100
AcDbLine
 10
86.80952000000001
 20
135.02981
 11
86.578552
 21
135.514393
  0
LINE
  5
7E9
100
AcDbEntity
  8
Layer 1
  6
ByLayer
 62
  256
370
   -1
100
AcDbLine
 10
86.578552
 20
135.514393
 11
86.773286
 21
135.962742
  0
LINE
  5
7EA
100
AcDbEntity
  8
Layer 1
  6
ByLayer
 62
  256
370
   -1
100
AcDbLine
 10
86.773286
 20
135.962742
 11
87.321265
 21
136.152951
  0
LINE
  5
7EB
100
AcDbEntity
  8
Layer 1
  6
ByLayer
 62
  256
370
   -1
100
AcDbLine
 10
87.321265
 20
136.152951
 11
87.964358
 21
136.216389
  0
LINE
  5
7EC
100
AcDbEntity
  8
Layer 1
  6
ByLayer
 62
  256
370
   -1
100
AcDbLine
 10
87.964358
 20
136.216389
 11
87.964358
 21
136.343191
  0
LINE
  5
7ED
100
AcDbEntity
  8
Layer 1
  6
ByLayer
 62
  256
370
   -1
100
AcDbLine
 10
87.964358
 20
136.343191
 11
87.828495
 21
136.673789
  0
LINE
  5
7EE
100
AcDbEntity
  8
Layer 1
  6
ByLayer
 62
  256
370
   -1
100
AcDbLine
 10
87.828495
 20
136.673789
 11
87.461664
 21
136.777986
  0
LINE
  5
7EF
100
AcDbEntity
  8
Layer 1
  6
ByLayer
 62
  256
370
   -1
100
AcDbLine
 10
87.461664
 20
136.777986
 11
87.103883
 21
136.723641
  0
LINE
  5
7F0
100
AcDbEntity
  8
Layer 1
  6
ByLayer
 62
  256
370
   -1
100
AcDbLine
 10
87.103883
 20
136.723641
 11
86.804984
 21
136.601364
  0
LINE
  5
7F1
100
AcDbEntity
  8
Layer 1
  6
ByLayer
 62
  256
370
   -1
100
AcDbLine
 10
86.804984
 20
136.601364
 11
86.73705200000001
 21
136.673789
  0
LINE
  5
7F2
100
AcDbEntity
  8
Layer 1
  6
ByLayer
 62
  256
370
   -1
100
AcDbLine
 10
86.73705200000001
 20
136.673789
 11
86.70988
 21
136.7644
  0
LINE
  5
7F3
100
AcDbEntity
  8
Layer 1
  6
ByLayer
 62
  256
370
   -1
100
AcDbLine
 10
86.70988
 20
136.7644
 11
86.741545
 21
136.868597
  0
LINE
  5
7F4
100
AcDbEntity
  8
Layer 1
  6
ByLayer
 62
  256
370
   -1
100
AcDbLine
 10
86.741545
 20
136.868597
 11
86.841143
 21
136.945622
  0
LINE
  5
7F5
100
AcDbEntity
  8
Layer 1
  6
ByLayer
 62
  256
370
   -1
100
AcDbLine
 10
86.841143
 20
136.945622
 11
87.121931
 21
137.040727
  0
LINE
  5
7F6
100
AcDbEntity
  8
Layer 1
  6
ByLayer
 62
  256
370
   -1
100
AcDbLine
 10
87.121931
 20
137.040727
 11
87.466114
 21
137.076992
  0
LINE
  5
7F7
100
AcDbEntity
  8
Layer 1
  6
ByLayer
 62
  256
370
   -1
100
AcDbLine
 10
87.466114
 20
137.076992
 11
87.466189
 21
137.076853
  0
LINE
  5
7F8
100
AcDbEntity
  8
Layer 1
  6
ByLayer
 62
  256
370
   -1
100
AcDbLine
 10
89.69887300000001
 20
134.866806
 11
89.182592
 21
135.007206
  0
LINE
  5
7F9
100
AcDbEntity
  8
Layer 1
  6
ByLayer
 62
  256
370
   -1
100
AcDbLine
 10
89.182592
 20
135.007206
 11
88.987858
 21
135.473666
  0
LINE
  5
7FA
100
AcDbEntity
  8
Layer 1
  6
ByLayer
 62
  256
370
   -1
100
AcDbLine
 10
88.987858
 20
135.473666
 11
88.987858
 21
137.624832
  0
LINE
  5
7FB
100
AcDbEntity
  8
Layer 1
  6
ByLayer
 62
  256
370
   -1
100
AcDbLine
 10
88.987858
 20
137.624832
 11
89.05579
 21
137.642911
  0
LINE
  5
7FC
100
AcDbEntity
  8
Layer 1
  6
ByLayer
 62
  256
370
   -1
100
AcDbLine
 10
89.05579
 20
137.642911
 11
89.159988
 21
137.656498
  0
LINE
  5
7FD
100
AcDbEntity
  8
Layer 1
  6
ByLayer
 62
  256
370
   -1
100
AcDbLine
 10
89.159988
 20
137.656498
 11
89.350196
 21
137.493462
  0
LINE
  5
7FE
100
AcDbEntity
  8
Layer 1
  6
ByLayer
 62
  256
370
   -1
100
AcDbLine
 10
89.350196
 20
137.493462
 11
89.350196
 21
136.972656
  0
LINE
  5
7FF
100
AcDbEntity
  8
Layer 1
  6
ByLayer
 62
  256
370
   -1
100
AcDbLine
 10
89.350196
 20
136.972656
 11
90.09290900000001
 21
136.972656
  0
LINE
  5
800
100
AcDbEntity
  8
Layer 1
  6
ByLayer
 62
  256
370
   -1
100
AcDbLine
 10
90.09290900000001
 20
136.972656
 11
90.120081
 21
136.909217
  0
LINE
  5
801
100
AcDbEntity
  8
Layer 1
  6
ByLayer
 62
  256
370
   -1
100
AcDbLine
 10
90.120081
 20
136.909217
 11
90.133668
 21
136.827699
  0
LINE
  5
802
100
AcDbEntity
  8
Layer 1
  6
ByLayer
 62
  256
370
   -1
100
AcDbLine
 10
90.133668
 20
136.827699
 11
89.997804
 21
136.673714
  0
LINE
  5
803
100
AcDbEntity
  8
Layer 1
  6
ByLayer
 62
  256
370
   -1
100
AcDbLine
 10
89.997804
 20
136.673714
 11
89.349982
 21
136.673714
  0
LINE
  5
804
100
AcDbEntity
  8
Layer 1
  6
ByLayer
 62
  256
370
   -1
100
AcDbLine
 10
89.349982
 20
136.673714
 11
89.349982
 21
135.496239
  0
LINE
  5
805
100
AcDbEntity
  8
Layer 1
  6
ByLayer
 62
  256
370
   -1
100
AcDbLine
 10
89.349982
 20
135.496239
 11
89.44958
 21
135.238098
  0
LINE
  5
806
100
AcDbEntity
  8
Layer 1
  6
ByLayer
 62
  256
370
   -1
100
AcDbLine
 10
89.44958
 20
135.238098
 11
89.739418
 21
135.165674
  0
LINE
  5
807
100
AcDbEntity
  8
Layer 1
  6
ByLayer
 62
  256
370
   -1
100
AcDbLine
 10
89.739418
 20
135.165674
 11
89.91151499999999
 21
135.192846
  0
LINE
  5
808
100
AcDbEntity
  8
Layer 1
  6
ByLayer
 62
  256
370
   -1
100
AcDbLine
 10
89.91151499999999
 20
135.192846
 11
90.070026
 21
135.256285
  0
LINE
  5
809
100
AcDbEntity
  8
Layer 1
  6
ByLayer
 62
  256
370
   -1
100
AcDbLine
 10
90.070026
 20
135.256285
 11
90.119878
 21
135.188353
  0
LINE
  5
80A
100
AcDbEntity
  8
Layer 1
  6
ByLayer
 62
  256
370
   -1
100
AcDbLine
 10
90.119878
 20
135.188353
 11
90.14255799999999
 21
135.093249
  0
LINE
  5
80B
100
AcDbEntity
  8
Layer 1
  6
ByLayer
 62
  256
370
   -1
100
AcDbLine
 10
90.14255799999999
 20
135.093249
 11
90.024806
 21
134.930213
  0
LINE
  5
80C
100
AcDbEntity
  8
Layer 1
  6
ByLayer
 62
  256
370
   -1
100
AcDbLine
 10
90.024806
 20
134.930213
 11
89.698734
 21
134.866774
  0
LINE
  5
80D
100
AcDbEntity
  8
Layer 1
  6
ByLayer
 62
  256
370
   -1
100
AcDbLine
 10
89.698734
 20
134.866774
 11
89.69887300000001
 21
134.866806
  0
LINE
  5
80E
100
AcDbEntity
  8
Layer 1
  6
ByLayer
 62
  256
370
   -1
100
AcDbLine
 10
91.442459
 20
135.16118
 11
91.75494500000001
 21
135.197446
  0
LINE
  5
80F
100
AcDbEntity
  8
Layer 1
  6
ByLayer
 62
  256
370
   -1
100
AcDbLine
 10
91.75494500000001
 20
135.197446
 11
91.936093
 21
135.274471
  0
LINE
  5
810
100
AcDbEntity
  8
Layer 1
  6
ByLayer
 62
  256
370
   -1
100
AcDbLine
 10
91.936093
 20
135.274471
 11
91.936093
 21
135.93114
  0
LINE
  5
811
100
AcDbEntity
  8
Layer 1
  6
ByLayer
 62
  256
370
   -1
100
AcDbLine
 10
91.936093
 20
135.93114
 11
91.374528
 21
135.872302
  0
LINE
  5
812
100
AcDbEntity
  8
Layer 1
  6
ByLayer
 62
  256
370
   -1
100
AcDbLine
 10
91.374528
 20
135.872302
 11
91.025808
 21
135.763611
  0
LINE
  5
813
100
AcDbEntity
  8
Layer 1
  6
ByLayer
 62
  256
370
   -1
100
AcDbLine
 10
91.025808
 20
135.763611
 11
90.912592
 21
135.519057
  0
LINE
  5
814
100
AcDbEntity
  8
Layer 1
  6
ByLayer
 62
  256
370
   -1
100
AcDbLine
 10
90.912592
 20
135.519057
 11
91.04392
 21
135.251867
  0
LINE
  5
815
100
AcDbEntity
  8
Layer 1
  6
ByLayer
 62
  256
370
   -1
100
AcDbLine
 10
91.04392
 20
135.251867
 11
91.442459
 21
135.161255
  0
LINE
  5
816
100
AcDbEntity
  8
Layer 1
  6
ByLayer
 62
  256
370
   -1
100
AcDbLine
 10
91.442459
 20
135.161255
 11
91.442459
 21
135.16118
  0
LINE
  5
817
100
AcDbEntity
  8
Layer 1
  6
ByLayer
 62
  256
370
   -1
100
AcDbLine
 10
91.43818
 20
137.076853
 11
92.063152
 21
136.900231
  0
LINE
  5
818
100
AcDbEntity
  8
Layer 1
  6
ByLayer
 62
  256
370
   -1
100
AcDbLine
 10
92.063152
 20
136.900231
 11
92.29411899999999
 21
136.343191
  0
LINE
  5
819
100
AcDbEntity
  8
Layer 1
  6
ByLayer
 62
  256
370
   -1
100
AcDbLine
 10
92.29411899999999
 20
136.343191
 11
92.29411899999999
 21
135.269871
  0
LINE
  5
81A
100
AcDbEntity
  8
Layer 1
  6
ByLayer
 62
  256
370
   -1
100
AcDbLine
 10
92.29411899999999
 20
135.269871
 11
92.25336
 21
135.115896
  0
LINE
  5
81B
100
AcDbEntity
  8
Layer 1
  6
ByLayer
 62
  256
370
   -1
100
AcDbLine
 10
92.25336
 20
135.115896
 11
92.14014400000001
 21
135.020792
  0
LINE
  5
81C
100
AcDbEntity
  8
Layer 1
  6
ByLayer
 62
  256
370
   -1
100
AcDbLine
 10
92.14014400000001
 20
135.020792
 11
91.850306
 21
134.912101
  0
LINE
  5
81D
100
AcDbEntity
  8
Layer 1
  6
ByLayer
 62
  256
370
   -1
100
AcDbLine
 10
91.850306
 20
134.912101
 11
91.442716
 21
134.862249
  0
LINE
  5
81E
100
AcDbEntity
  8
Layer 1
  6
ByLayer
 62
  256
370
   -1
100
AcDbLine
 10
91.442716
 20
134.862249
 11
90.78151099999999
 21
135.02981
  0
LINE
  5
81F
100
AcDbEntity
  8
Layer 1
  6
ByLayer
 62
  256
370
   -1
100
AcDbLine
 10
90.78151099999999
 20
135.02981
 11
90.550543
 21
135.514393
  0
LINE
  5
820
100
AcDbEntity
  8
Layer 1
  6
ByLayer
 62
  256
370
   -1
100
AcDbLine
 10
90.550543
 20
135.514393
 11
90.745277
 21
135.962742
  0
LINE
  5
821
100
AcDbEntity
  8
Layer 1
  6
ByLayer
 62
  256
370
   -1
100
AcDbLine
 10
90.745277
 20
135.962742
 11
91.293266
 21
136.152951
  0
LINE
  5
822
100
AcDbEntity
  8
Layer 1
  6
ByLayer
 62
  256
370
   -1
100
AcDbLine
 10
91.293266
 20
136.152951
 11
91.93634900000001
 21
136.216389
  0
LINE
  5
823
100
AcDbEntity
  8
Layer 1
  6
ByLayer
 62
  256
370
   -1
100
AcDbLine
 10
91.93634900000001
 20
136.216389
 11
91.93634900000001
 21
136.343191
  0
LINE
  5
824
100
AcDbEntity
  8
Layer 1
  6
ByLayer
 62
  256
370
   -1
100
AcDbLine
 10
91.93634900000001
 20
136.343191
 11
91.80048600000001
 21
136.673789
  0
LINE
  5
825
100
AcDbEntity
  8
Layer 1
  6
ByLayer
 62
  256
370
   -1
100
AcDbLine
 10
91.80048600000001
 20
136.673789
 11
91.433655
 21
136.777986
  0
LINE
  5
826
100
AcDbEntity
  8
Layer 1
  6
ByLayer
 62
  256
370
   -1
100
AcDbLine
 10
91.433655
 20
136.777986
 11
91.075885
 21
136.723641
  0
LINE
  5
827
100
AcDbEntity
  8
Layer 1
  6
ByLayer
 62
  256
370
   -1
100
AcDbLine
 10
91.075885
 20
136.723641
 11
90.77698599999999
 21
136.601364
  0
LINE
  5
828
100
AcDbEntity
  8
Layer 1
  6
ByLayer
 62
  256
370
   -1
100
AcDbLine
 10
90.77698599999999
 20
136.601364
 11
90.70905399999999
 21
136.673789
  0
LINE
  5
829
100
AcDbEntity
  8
Layer 1
  6
ByLayer
 62
  256
370
   -1
100
AcDbLine
 10
90.70905399999999
 20
136.673789
 11
90.681881
 21
136.7644
  0
LINE
  5
82A
100
AcDbEntity
  8
Layer 1
  6
ByLayer
 62
  256
370
   -1
100
AcDbLine
 10
90.681881
 20
136.7644
 11
90.71354700000001
 21
136.868597
  0
LINE
  5
82B
100
AcDbEntity
  8
Layer 1
  6
ByLayer
 62
  256
370
   -1
100
AcDbLine
 10
90.71354700000001
 20
136.868597
 11
90.81314500000001
 21
136.945622
  0
LINE
  5
82C
100
AcDbEntity
  8
Layer 1
  6
ByLayer
 62
  256
370
   -1
100
AcDbLine
 10
90.81314500000001
 20
136.945622
 11
91.093932
 21
137.040727
  0
LINE
  5
82D
100
AcDbEntity
  8
Layer 1
  6
ByLayer
 62
  256
370
   -1
100
AcDbLine
 10
91.093932
 20
137.040727
 11
91.43811599999999
 21
137.076992
  0
LINE
  5
82E
100
AcDbEntity
  8
Layer 1
  6
ByLayer
 62
  256
370
   -1
100
AcDbLine
 10
91.43811599999999
 20
137.076992
 11
91.43818
 21
137.076853
  0
LINE
  5
82F
100
AcDbEntity
  8
Layer 1
  6
ByLayer
 62
  256
370
   -1
100
AcDbLine
 10
93.340267
 20
134.934738
 11
93.272335
 21
134.916659
  0
LINE
  5
830
100
AcDbEntity
  8
Layer 1
  6
ByLayer
 62
  256
370
   -1
100
AcDbLine
 10
93.272335
 20
134.916659
 11
93.172738
 21
134.903072
  0
LINE
  5
831
100
AcDbEntity
  8
Layer 1
  6
ByLayer
 62
  256
370
   -1
100
AcDbLine
 10
93.172738
 20
134.903072
 11
92.978004
 21
135.066108
  0
LINE
  5
832
100
AcDbEntity
  8
Layer 1
  6
ByLayer
 62
  256
370
   -1
100
AcDbLine
 10
92.978004
 20
135.066108
 11
92.978004
 21
137.008954
  0
LINE
  5
833
100
AcDbEntity
  8
Layer 1
  6
ByLayer
 62
  256
370
   -1
100
AcDbLine
 10
92.978004
 20
137.008954
 11
93.045936
 21
137.027033
  0
LINE
  5
834
100
AcDbEntity
  8
Layer 1
  6
ByLayer
 62
  256
370
   -1
100
AcDbLine
 10
93.045936
 20
137.027033
 11
93.150133
 21
137.04062
  0
LINE
  5
835
100
AcDbEntity
  8
Layer 1
  6
ByLayer
 62
  256
370
   -1
100
AcDbLine
 10
93.150133
 20
137.04062
 11
93.34034200000001
 21
136.873058
  0
LINE
  5
836
100
AcDbEntity
  8
Layer 1
  6
ByLayer
 62
  256
370
   -1
100
AcDbLine
 10
93.34034200000001
 20
136.873058
 11
93.340267
 21
134.934738
  0
LINE
  5
837
100
AcDbEntity
  8
Layer 1
  6
ByLayer
 62
  256
370
   -1
100
AcDbLine
 10
92.923626
 20
137.679177
 11
92.987065
 21
137.837688
  0
LINE
  5
838
100
AcDbEntity
  8
Layer 1
  6
ByLayer
 62
  256
370
   -1
100
AcDbLine
 10
92.987065
 20
137.837688
 11
93.15916199999999
 21
137.90562
  0
LINE
  5
839
100
AcDbEntity
  8
Layer 1
  6
ByLayer
 62
  256
370
   -1
100
AcDbLine
 10
93.15916199999999
 20
137.90562
 11
93.326723
 21
137.837688
  0
LINE
  5
83A
100
AcDbEntity
  8
Layer 1
  6
ByLayer
 62
  256
370
   -1
100
AcDbLine
 10
93.326723
 20
137.837688
 11
93.390162
 21
137.679177
  0
LINE
  5
83B
100
AcDbEntity
  8
Layer 1
  6
ByLayer
 62
  256
370
   -1
100
AcDbLine
 10
93.390162
 20
137.679177
 11
93.326723
 21
137.516141
  0
LINE
  5
83C
100
AcDbEntity
  8
Layer 1
  6
ByLayer
 62
  256
370
   -1
100
AcDbLine
 10
93.326723
 20
137.516141
 11
93.15916199999999
 21
137.452703
  0
LINE
  5
83D
100
AcDbEntity
  8
Layer 1
  6
ByLayer
 62
  256
370
   -1
100
AcDbLine
 10
93.15916199999999
 20
137.452703
 11
92.987065
 21
137.516141
  0
LINE
  5
83E
100
AcDbEntity
  8
Layer 1
  6
ByLayer
 62
  256
370
   -1
100
AcDbLine
 10
92.987065
 20
137.516141
 11
92.923626
 21
137.679177
  0
LINE
  5
83F
100
AcDbEntity
  8
Layer 1
  6
ByLayer
 62
  256
370
   -1
100
AcDbLine
 10
92.923626
 20
137.679177
 11
92.923626
 21
137.679177
  0
LINE
  5
840
100
AcDbEntity
  8
Layer 1
  6
ByLayer
 62
  256
370
   -1
100
AcDbLine
 10
64.91048000000001
 20
143.975416
 11
64.283107
 21
143.881471
  0
LINE
  5
841
100
AcDbEntity
  8
Layer 1
  6
ByLayer
 62
  256
370
   -1
100
AcDbLine
 10
64.283107
 20
143.881471
 11
63.721793
 21
143.614831
  0
LINE
  5
842
100
AcDbEntity
  8
Layer 1
  6
ByLayer
 62
  256
370
   -1
100
AcDbLine
 10
63.721793
 20
143.614831
 11
63.260644
 21
143.198284
  0
LINE
  5
843
100
AcDbEntity
  8
Layer 1
  6
ByLayer
 62
  256
370
   -1
100
AcDbLine
 10
63.260644
 20
143.198284
 11
62.933766
 21
142.654617
  0
LINE
  5
844
100
AcDbEntity
  8
Layer 1
  6
ByLayer
 62
  256
370
   -1
100
AcDbLine
 10
62.933766
 20
142.654617
 11
62.780473
 21
142.039049
  0
LINE
  5
845
100
AcDbEntity
  8
Layer 1
  6
ByLayer
 62
  256
370
   -1
100
AcDbLine
 10
62.780473
 20
142.039049
 11
62.812011
 21
141.418424
  0
LINE
  5
846
100
AcDbEntity
  8
Layer 1
  6
ByLayer
 62
  256
370
   -1
100
AcDbLine
 10
62.812011
 20
141.418424
 11
63.020377
 21
140.832972
  0
LINE
  5
847
100
AcDbEntity
  8
Layer 1
  6
ByLayer
 62
  256
370
   -1
100
AcDbLine
 10
63.020377
 20
140.832972
 11
63.397568
 21
140.322924
  0
LINE
  5
848
100
AcDbEntity
  8
Layer 1
  6
ByLayer
 62
  256
370
   -1
100
AcDbLine
 10
63.397568
 20
140.322924
 11
63.907617
 21
139.945733
  0
LINE
  5
849
100
AcDbEntity
  8
Layer 1
  6
ByLayer
 62
  256
370
   -1
100
AcDbLine
 10
63.907617
 20
139.945733
 11
64.49306900000001
 21
139.737367
  0
LINE
  5
84A
100
AcDbEntity
  8
Layer 1
  6
ByLayer
 62
  256
370
   -1
100
AcDbLine
 10
64.49306900000001
 20
139.737367
 11
65.113694
 21
139.705829
  0
LINE
  5
84B
100
AcDbEntity
  8
Layer 1
  6
ByLayer
 62
  256
370
   -1
100
AcDbLine
 10
65.113694
 20
139.705829
 11
65.72926200000001
 21
139.859121
  0
LINE
  5
84C
100
AcDbEntity
  8
Layer 1
  6
ByLayer
 62
  256
370
   -1
100
AcDbLine
 10
65.72926200000001
 20
139.859121
 11
66.27292799999999
 21
140.186
  0
LINE
  5
84D
100
AcDbEntity
  8
Layer 1
  6
ByLayer
 62
  256
370
   -1
100
AcDbLine
 10
66.27292799999999
 20
140.186
 11
66.689476
 21
140.647149
  0
LINE
  5
84E
100
AcDbEntity
  8
Layer 1
  6
ByLayer
 62
  256
370
   -1
100
AcDbLine
 10
66.689476
 20
140.647149
 11
66.95611599999999
 21
141.208462
  0
LINE
  5
84F
100
AcDbEntity
  8
Layer 1
  6
ByLayer
 62
  256
370
   -1
100
AcDbLine
 10
66.95611599999999
 20
141.208462
 11
67.05006
 21
141.835836
  0
LINE
  5
850
100
AcDbEntity
  8
Layer 1
  6
ByLayer
 62
  256
370
   -1
100
AcDbLine
 10
67.05006
 20
141.835836
 11
66.88719399999999
 21
142.654617
  0
LINE
  5
851
100
AcDbEntity
  8
Layer 1
  6
ByLayer
 62
  256
370
   -1
100
AcDbLine
 10
66.88719399999999
 20
142.654617
 11
66.423391
 21
143.348747
  0
LINE
  5
852
100
AcDbEntity
  8
Layer 1
  6
ByLayer
 62
  256
370
   -1
100
AcDbLine
 10
66.423391
 20
143.348747
 11
65.72926200000001
 21
143.81255
  0
LINE
  5
853
100
AcDbEntity
  8
Layer 1
  6
ByLayer
 62
  256
370
   -1
100
AcDbLine
 10
65.72926200000001
 20
143.81255
 11
64.91048000000001
 21
143.975416
  0
LINE
  5
854
100
AcDbEntity
  8
Layer 1
  6
ByLayer
 62
  256
370
   -1
100
AcDbLine
 10
64.91048000000001
 20
143.975416
 11
64.91048000000001
 21
143.975416
  0
LINE
  5
855
100
AcDbEntity
  8
Layer 1
  6
ByLayer
 62
  256
370
   -1
100
AcDbLine
 10
63.081496
 20
128.569766
 11
92.076471
 21
128.569766
  0
LINE
  5
856
100
AcDbEntity
  8
Layer 1
  6
ByLayer
 62
  256
370
   -1
100
AcDbLine
 10
92.076471
 20
128.569766
 11
92.91389700000001
 21
128.403192
  0
LINE
  5
857
100
AcDbEntity
  8
Layer 1
  6
ByLayer
 62
  256
370
   -1
100
AcDbLine
 10
92.91389700000001
 20
128.403192
 11
93.623833
 21
127.928828
  0
LINE
  5
858
100
AcDbEntity
  8
Layer 1
  6
ByLayer
 62
  256
370
   -1
100
AcDbLine
 10
93.623833
 20
127.928828
 11
94.098196
 21
127.218892
  0
LINE
  5
859
100
AcDbEntity
  8
Layer 1
  6
ByLayer
 62
  256
370
   -1
100
AcDbLine
 10
94.098196
 20
127.218892
 11
94.264771
 21
126.381466
  0
LINE
  5
85A
100
AcDbEntity
  8
Layer 1
  6
ByLayer
 62
  256
370
   -1
100
AcDbLine
 10
94.264771
 20
126.381466
 11
94.264771
 21
118.722416
  0
LINE
  5
85B
100
AcDbEntity
  8
Layer 1
  6
ByLayer
 62
  256
370
   -1
100
AcDbLine
 10
94.264771
 20
118.722416
 11
94.098196
 21
117.88499
  0
LINE
  5
85C
100
AcDbEntity
  8
Layer 1
  6
ByLayer
 62
  256
370
   -1
100
AcDbLine
 10
94.098196
 20
117.88499
 11
93.623833
 21
117.175054
  0
LINE
  5
85D
100
AcDbEntity
  8
Layer 1
  6
ByLayer
 62
  256
370
   -1
100
AcDbLine
 10
93.623833
 20
117.175054
 11
92.91389700000001
 21
116.700691
  0
LINE
  5
85E
100
AcDbEntity
  8
Layer 1
  6
ByLayer
 62
  256
370
   -1
100
AcDbLine
 10
92.91389700000001
 20
116.700691
 11
92.076471
 21
116.534116
  0
LINE
  5
85F
100
AcDbEntity
  8
Layer 1
  6
ByLayer
 62
  256
370
   -1
100
AcDbLine
 10
92.076471
 20
116.534116
 11
63.081496
 21
116.534116
  0
LINE
  5
860
100
AcDbEntity
  8
Layer 1
  6
ByLayer
 62
  256
370
   -1
100
AcDbLine
 10
63.081496
 20
116.534116
 11
62.24407
 21
116.700691
  0
LINE
  5
861
100
AcDbEntity
  8
Layer 1
  6
ByLayer
 62
  256
370
   -1
100
AcDbLine
 10
62.24407
 20
116.700691
 11
61.534134
 21
117.175054
  0
LINE
  5
862
100
AcDbEntity
  8
Layer 1
  6
ByLayer
 62
  256
370
   -1
100
AcDbLine
 10
61.534134
 20
117.175054
 11
61.05977
 21
117.88499
  0
LINE
  5
863
100
AcDbEntity
  8
Layer 1
  6
ByLayer
 62
  256
370
   -1
100
AcDbLine
 10
61.05977
 20
117.88499
 11
60.893196
 21
118.722416
  0
LINE
  5
864
100
AcDbEntity
  8
Layer 1
  6
ByLayer
 62
  256
370
   -1
100
AcDbLine
 10
60.893196
 20
118.722416
 11
60.893196
 21
126.381466
  0
LINE
  5
865
100
AcDbEntity
  8
Layer 1
  6
ByLayer
 62
  256
370
   -1
100
AcDbLine
 10
60.893196
 20
126.381466
 11
61.05977
 21
127.218892
  0
LINE
  5
866
100
AcDbEntity
  8
Layer 1
  6
ByLayer
 62
  256
370
   -1
100
AcDbLine
 10
61.05977
 20
127.218892
 11
61.534134
 21
127.928828
  0
LINE
  5
867
100
AcDbEntity
  8
Layer 1
  6
ByLayer
 62
  256
370
   -1
100
AcDbLine
 10
61.534134
 20
127.928828
 11
62.24407
 21
128.403192
  0
LINE
  5
868
100
AcDbEntity
  8
Layer 1
  6
ByLayer
 62
  256
370
   -1
100
AcDbLine
 10
62.24407
 20
128.403192
 11
63.081496
 21
128.569766
  0
LINE
  5
869
100
AcDbEntity
  8
Layer 1
  6
ByLayer
 62
  256
370
   -1
100
AcDbLine
 10
63.081496
 20
128.569766
 11
63.081496
 21
128.569766
  0
LINE
  5
86A
100
AcDbEntity
  8
Layer 1
  6
ByLayer
 62
  256
370
   -1
100
AcDbLine
 10
64.63514499999999
 20
118.769607
 11
64.750939
 21
118.709429
  0
LINE
  5
86B
100
AcDbEntity
  8
Layer 1
  6
ByLayer
 62
  256
370
   -1
100
AcDbLine
 10
64.750939
 20
118.709429
 11
64.90843099999999
 21
118.686233
  0
LINE
  5
86C
100
AcDbEntity
  8
Layer 1
  6
ByLayer
 62
  256
370
   -1
100
AcDbLine
 10
64.90843099999999
 20
118.686233
 11
65.172449
 21
118.755711
  0
LINE
  5
86D
100
AcDbEntity
  8
Layer 1
  6
ByLayer
 62
  256
370
   -1
100
AcDbLine
 10
65.172449
 20
118.755711
 11
65.36235000000001
 21
118.950251
  0
LINE
  5
86E
100
AcDbEntity
  8
Layer 1
  6
ByLayer
 62
  256
370
   -1
100
AcDbLine
 10
65.36235000000001
 20
118.950251
 11
65.478155
 21
119.255957
  0
LINE
  5
86F
100
AcDbEntity
  8
Layer 1
  6
ByLayer
 62
  256
370
   -1
100
AcDbLine
 10
65.478155
 20
119.255957
 11
65.515246
 21
119.640397
  0
LINE
  5
870
100
AcDbEntity
  8
Layer 1
  6
ByLayer
 62
  256
370
   -1
100
AcDbLine
 10
65.515246
 20
119.640397
 11
65.40408100000001
 21
120.242552
  0
LINE
  5
871
100
AcDbEntity
  8
Layer 1
  6
ByLayer
 62
  256
370
   -1
100
AcDbLine
 10
65.40408100000001
 20
120.242552
 11
65.08448
 21
120.710366
  0
LINE
  5
872
100
AcDbEntity
  8
Layer 1
  6
ByLayer
 62
  256
370
   -1
100
AcDbLine
 10
65.08448
 20
120.710366
 11
64.58886200000001
 21
121.011444
  0
LINE
  5
873
100
AcDbEntity
  8
Layer 1
  6
ByLayer
 62
  256
370
   -1
100
AcDbLine
 10
64.58886200000001
 20
121.011444
 11
63.935764
 21
121.122609
  0
LINE
  5
874
100
AcDbEntity
  8
Layer 1
  6
ByLayer
 62
  256
370
   -1
100
AcDbLine
 10
63.935764
 20
121.122609
 11
63.20392
 21
120.99292
  0
LINE
  5
875
100
AcDbEntity
  8
Layer 1
  6
ByLayer
 62
  256
370
   -1
100
AcDbLine
 10
63.20392
 20
120.99292
 11
62.643464
 21
120.631631
  0
LINE
  5
876
100
AcDbEntity
  8
Layer 1
  6
ByLayer
 62
  256
370
   -1
100
AcDbLine
 10
62.643464
 20
120.631631
 11
62.291443
 21
120.071164
  0
LINE
  5
877
100
AcDbEntity
  8
Layer 1
  6
ByLayer
 62
  256
370
   -1
100
AcDbLine
 10
62.291443
 20
120.071164
 11
62.166382
 21
119.348598
  0
LINE
  5
878
100
AcDbEntity
  8
Layer 1
  6
ByLayer
 62
  256
370
   -1
100
AcDbLine
 10
62.166382
 20
119.348598
 11
62.282175
 21
118.658441
  0
LINE
  5
879
100
AcDbEntity
  8
Layer 1
  6
ByLayer
 62
  256
370
   -1
100
AcDbLine
 10
62.282175
 20
118.658441
 11
62.615672
 21
118.135033
  0
LINE
  5
87A
100
AcDbEntity
  8
Layer 1
  6
ByLayer
 62
  256
370
   -1
100
AcDbLine
 10
62.615672
 20
118.135033
 11
63.129813
 21
117.801536
  0
LINE
  5
87B
100
AcDbEntity
  8
Layer 1
  6
ByLayer
 62
  256
370
   -1
100
AcDbLine
 10
63.129813
 20
117.801536
 11
63.796807
 21
117.681114
  0
LINE
  5
87C
100
AcDbEntity
  8
Layer 1
  6
ByLayer
 62
  256
370
   -1
100
AcDbLine
 10
63.796807
 20
117.681114
 11
64.107141
 21
117.70431
  0
LINE
  5
87D
100
AcDbEntity
  8
Layer 1
  6
ByLayer
 62
  256
370
   -1
100
AcDbLine
 10
64.107141
 20
117.70431
 11
64.334112
 21
117.750592
  0
LINE
  5
87E
100
AcDbEntity
  8
Layer 1
  6
ByLayer
 62
  256
370
   -1
100
AcDbLine
 10
64.334112
 20
117.750592
 11
64.39429
 21
117.606996
  0
LINE
  5
87F
100
AcDbEntity
  8
Layer 1
  6
ByLayer
 62
  256
370
   -1
100
AcDbLine
 10
64.39429
 20
117.606996
 11
64.25533299999999
 21
117.440247
  0
LINE
  5
880
100
AcDbEntity
  8
Layer 1
  6
ByLayer
 62
  256
370
   -1
100
AcDbLine
 10
64.25533299999999
 20
117.440247
 11
63.768983
 21
117.380069
  0
LINE
  5
881
100
AcDbEntity
  8
Layer 1
  6
ByLayer
 62
  256
370
   -1
100
AcDbLine
 10
63.768983
 20
117.380069
 11
62.963032
 21
117.519026
  0
LINE
  5
882
100
AcDbEntity
  8
Layer 1
  6
ByLayer
 62
  256
370
   -1
100
AcDbLine
 10
62.963032
 20
117.519026
 11
62.342354
 21
117.912745
  0
LINE
  5
883
100
AcDbEntity
  8
Layer 1
  6
ByLayer
 62
  256
370
   -1
100
AcDbLine
 10
62.342354
 20
117.912745
 11
61.939378
 21
118.528784
  0
LINE
  5
884
100
AcDbEntity
  8
Layer 1
  6
ByLayer
 62
  256
370
   -1
100
AcDbLine
 10
61.939378
 20
118.528784
 11
61.800421
 21
119.348631
  0
LINE
  5
885
100
AcDbEntity
  8
Layer 1
  6
ByLayer
 62
  256
370
   -1
100
AcDbLine
 10
61.800421
 20
119.348631
 11
61.948646
 21
120.200897
  0
LINE
  5
886
100
AcDbEntity
  8
Layer 1
  6
ByLayer
 62
  256
370
   -1
100
AcDbLine
 10
61.948646
 20
120.200897
 11
62.379413
 21
120.853995
  0
LINE
  5
887
100
AcDbEntity
  8
Layer 1
  6
ByLayer
 62
  256
370
   -1
100
AcDbLine
 10
62.379413
 20
120.853995
 11
63.051035
 21
121.275506
  0
LINE
  5
888
100
AcDbEntity
  8
Layer 1
  6
ByLayer
 62
  256
370
   -1
100
AcDbLine
 10
63.051035
 20
121.275506
 11
63.931092
 21
121.423719
  0
LINE
  5
889
100
AcDbEntity
  8
Layer 1
  6
ByLayer
 62
  256
370
   -1
100
AcDbLine
 10
63.931092
 20
121.423719
 11
64.74631100000001
 21
121.29403
  0
LINE
  5
88A
100
AcDbEntity
  8
Layer 1
  6
ByLayer
 62
  256
370
   -1
100
AcDbLine
 10
64.74631100000001
 20
121.29403
 11
65.357722
 21
120.932741
  0
LINE
  5
88B
100
AcDbEntity
  8
Layer 1
  6
ByLayer
 62
  256
370
   -1
100
AcDbLine
 10
65.357722
 20
120.932741
 11
65.746801
 21
120.367646
  0
LINE
  5
88C
100
AcDbEntity
  8
Layer 1
  6
ByLayer
 62
  256
370
   -1
100
AcDbLine
 10
65.746801
 20
120.367646
 11
65.88113
 21
119.635813
  0
LINE
  5
88D
100
AcDbEntity
  8
Layer 1
  6
ByLayer
 62
  256
370
   -1
100
AcDbLine
 10
65.88113
 20
119.635813
 11
65.819757
 21
119.101982
  0
LINE
  5
88E
100
AcDbEntity
  8
Layer 1
  6
ByLayer
 62
  256
370
   -1
100
AcDbLine
 10
65.819757
 20
119.101982
 11
65.63563600000001
 21
118.7048
  0
LINE
  5
88F
100
AcDbEntity
  8
Layer 1
  6
ByLayer
 62
  256
370
   -1
100
AcDbLine
 10
65.63563600000001
 20
118.7048
 11
65.331087
 21
118.46162
  0
LINE
  5
890
100
AcDbEntity
  8
Layer 1
  6
ByLayer
 62
  256
370
   -1
100
AcDbLine
 10
65.331087
 20
118.46162
 11
64.90843099999999
 21
118.38056
  0
LINE
  5
891
100
AcDbEntity
  8
Layer 1
  6
ByLayer
 62
  256
370
   -1
100
AcDbLine
 10
64.90843099999999
 20
118.38056
 11
64.62124900000001
 21
118.426843
  0
LINE
  5
892
100
AcDbEntity
  8
Layer 1
  6
ByLayer
 62
  256
370
   -1
100
AcDbLine
 10
64.62124900000001
 20
118.426843
 11
64.375755
 21
118.561171
  0
LINE
  5
893
100
AcDbEntity
  8
Layer 1
  6
ByLayer
 62
  256
370
   -1
100
AcDbLine
 10
64.375755
 20
118.561171
 11
64.144167
 21
118.445377
  0
LINE
  5
894
100
AcDbEntity
  8
Layer 1
  6
ByLayer
 62
  256
370
   -1
100
AcDbLine
 10
64.144167
 20
118.445377
 11
63.824566
 21
118.40369
  0
LINE
  5
895
100
AcDbEntity
  8
Layer 1
  6
ByLayer
 62
  256
370
   -1
100
AcDbLine
 10
63.824566
 20
118.40369
 11
63.45401
 21
118.463869
  0
LINE
  5
896
100
AcDbEntity
  8
Layer 1
  6
ByLayer
 62
  256
370
   -1
100
AcDbLine
 10
63.45401
 20
118.463869
 11
63.171468
 21
118.644513
  0
LINE
  5
897
100
AcDbEntity
  8
Layer 1
  6
ByLayer
 62
  256
370
   -1
100
AcDbLine
 10
63.171468
 20
118.644513
 11
62.990824
 21
118.936323
  0
LINE
  5
898
100
AcDbEntity
  8
Layer 1
  6
ByLayer
 62
  256
370
   -1
100
AcDbLine
 10
62.990824
 20
118.936323
 11
62.92594
 21
119.330031
  0
LINE
  5
899
100
AcDbEntity
  8
Layer 1
  6
ByLayer
 62
  256
370
   -1
100
AcDbLine
 10
62.92594
 20
119.330031
 11
63.000014
 21
119.774693
  0
LINE
  5
89A
100
AcDbEntity
  8
Layer 1
  6
ByLayer
 62
  256
370
   -1
100
AcDbLine
 10
63.000014
 20
119.774693
 11
63.217706
 21
120.10819
  0
LINE
  5
89B
100
AcDbEntity
  8
Layer 1
  6
ByLayer
 62
  256
370
   -1
100
AcDbLine
 10
63.217706
 20
120.10819
 11
63.551203
 21
120.316626
  0
LINE
  5
89C
100
AcDbEntity
  8
Layer 1
  6
ByLayer
 62
  256
370
   -1
100
AcDbLine
 10
63.551203
 20
120.316626
 11
63.991238
 21
120.3907
  0
LINE
  5
89D
100
AcDbEntity
  8
Layer 1
  6
ByLayer
 62
  256
370
   -1
100
AcDbLine
 10
63.991238
 20
120.3907
 11
64.306211
 21
120.353608
  0
LINE
  5
89E
100
AcDbEntity
  8
Layer 1
  6
ByLayer
 62
  256
370
   -1
100
AcDbLine
 10
64.306211
 20
120.353608
 11
64.56559
 21
120.260933
  0
LINE
  5
89F
100
AcDbEntity
  8
Layer 1
  6
ByLayer
 62
  256
370
   -1
100
AcDbLine
 10
64.56559
 20
120.260933
 11
64.755501
 21
120.033963
  0
LINE
  5
8A0
100
AcDbEntity
  8
Layer 1
  6
ByLayer
 62
  256
370
   -1
100
AcDbLine
 10
64.755501
 20
120.033963
 11
64.751125
 21
119.964484
  0
LINE
  5
8A1
100
AcDbEntity
  8
Layer 1
  6
ByLayer
 62
  256
370
   -1
100
AcDbLine
 10
64.751125
 20
119.964484
 11
64.746748
 21
119.895006
  0
LINE
  5
8A2
100
AcDbEntity
  8
Layer 1
  6
ByLayer
 62
  256
370
   -1
100
AcDbLine
 10
64.746748
 20
119.895006
 11
64.63514499999999
 21
118.769607
  0
LINE
  5
8A3
100
AcDbEntity
  8
Layer 1
  6
ByLayer
 62
  256
370
   -1
100
AcDbLine
 10
63.305786
 20
119.330063
 11
63.45401
 21
118.866877
  0
LINE
  5
8A4
100
AcDbEntity
  8
Layer 1
  6
ByLayer
 62
  256
370
   -1
100
AcDbLine
 10
63.45401
 20
118.866877
 11
63.875509
 21
118.709396
  0
LINE
  5
8A5
100
AcDbEntity
  8
Layer 1
  6
ByLayer
 62
  256
370
   -1
100
AcDbLine
 10
63.875509
 20
118.709396
 11
64.27385700000001
 21
118.848353
  0
LINE
  5
8A6
100
AcDbEntity
  8
Layer 1
  6
ByLayer
 62
  256
370
   -1
100
AcDbLine
 10
64.27385700000001
 20
118.848353
 11
64.389651
 21
119.997057
  0
LINE
  5
8A7
100
AcDbEntity
  8
Layer 1
  6
ByLayer
 62
  256
370
   -1
100
AcDbLine
 10
64.389651
 20
119.997057
 11
64.209006
 21
120.057235
  0
LINE
  5
8A8
100
AcDbEntity
  8
Layer 1
  6
ByLayer
 62
  256
370
   -1
100
AcDbLine
 10
64.209006
 20
120.057235
 11
63.968151
 21
120.085027
  0
LINE
  5
8A9
100
AcDbEntity
  8
Layer 1
  6
ByLayer
 62
  256
370
   -1
100
AcDbLine
 10
63.968151
 20
120.085027
 11
63.48643
 21
119.885859
  0
LINE
  5
8AA
100
AcDbEntity
  8
Layer 1
  6
ByLayer
 62
  256
370
   -1
100
AcDbLine
 10
63.48643
 20
119.885859
 11
63.305786
 21
119.330031
  0
LINE
  5
8AB
100
AcDbEntity
  8
Layer 1
  6
ByLayer
 62
  256
370
   -1
100
AcDbLine
 10
63.305786
 20
119.330031
 11
63.305786
 21
119.330063
  0
LINE
  5
8AC
100
AcDbEntity
  8
Layer 1
  6
ByLayer
 62
  256
370
   -1
100
AcDbLine
 10
66.932565
 20
118.412947
 11
66.863086
 21
118.394456
  0
LINE
  5
8AD
100
AcDbEntity
  8
Layer 1
  6
ByLayer
 62
  256
370
   -1
100
AcDbLine
 10
66.863086
 20
118.394456
 11
66.76122100000001
 21
118.38056
  0
LINE
  5
8AE
100
AcDbEntity
  8
Layer 1
  6
ByLayer
 62
  256
370
   -1
100
AcDbLine
 10
66.76122100000001
 20
118.38056
 11
66.56205300000001
 21
118.547308
  0
LINE
  5
8AF
100
AcDbEntity
  8
Layer 1
  6
ByLayer
 62
  256
370
   -1
100
AcDbLine
 10
66.56205300000001
 20
118.547308
 11
66.56205300000001
 21
121.405195
  0
LINE
  5
8B0
100
AcDbEntity
  8
Layer 1
  6
ByLayer
 62
  256
370
   -1
100
AcDbLine
 10
66.56205300000001
 20
121.405195
 11
66.631531
 21
121.423687
  0
LINE
  5
8B1
100
AcDbEntity
  8
Layer 1
  6
ByLayer
 62
  256
370
   -1
100
AcDbLine
 10
66.631531
 20
121.423687
 11
66.733396
 21
121.437582
  0
LINE
  5
8B2
100
AcDbEntity
  8
Layer 1
  6
ByLayer
 62
  256
370
   -1
100
AcDbLine
 10
66.733396
 20
121.437582
 11
66.932565
 21
121.270834
  0
LINE
  5
8B3
100
AcDbEntity
  8
Layer 1
  6
ByLayer
 62
  256
370
   -1
100
AcDbLine
 10
66.932565
 20
121.270834
 11
66.932565
 21
118.412947
  0
LINE
  5
8B4
100
AcDbEntity
  8
Layer 1
  6
ByLayer
 62
  256
370
   -1
100
AcDbLine
 10
68.42867200000001
 20
118.644546
 11
68.74827399999999
 21
118.681637
  0
LINE
  5
8B5
100
AcDbEntity
  8
Layer 1
  6
ByLayer
 62
  256
370
   -1
100
AcDbLine
 10
68.74827399999999
 20
118.681637
 11
68.93354600000001
 21
118.760416
  0
LINE
  5
8B6
100
AcDbEntity
  8
Layer 1
  6
ByLayer
 62
  256
370
   -1
100
AcDbLine
 10
68.93354600000001
 20
118.760416
 11
68.93354600000001
 21
119.432038
  0
LINE
  5
8B7
100
AcDbEntity
  8
Layer 1
  6
ByLayer
 62
  256
370
   -1
100
AcDbLine
 10
68.93354600000001
 20
119.432038
 11
68.359194
 21
119.37186
  0
LINE
  5
8B8
100
AcDbEntity
  8
Layer 1
  6
ByLayer
 62
  256
370
   -1
100
AcDbLine
 10
68.359194
 20
119.37186
 11
68.002534
 21
119.260694
  0
LINE
  5
8B9
100
AcDbEntity
  8
Layer 1
  6
ByLayer
 62
  256
370
   -1
100
AcDbLine
 10
68.002534
 20
119.260694
 11
67.88674
 21
119.010572
  0
LINE
  5
8BA
100
AcDbEntity
  8
Layer 1
  6
ByLayer
 62
  256
370
   -1
100
AcDbLine
 10
67.88674
 20
119.010572
 11
68.021058
 21
118.737297
  0
LINE
  5
8BB
100
AcDbEntity
  8
Layer 1
  6
ByLayer
 62
  256
370
   -1
100
AcDbLine
 10
68.021058
 20
118.737297
 11
68.42867200000001
 21
118.644622
  0
LINE
  5
8BC
100
AcDbEntity
  8
Layer 1
  6
ByLayer
 62
  256
370
   -1
100
AcDbLine
 10
68.42867200000001
 20
118.644622
 11
68.42867200000001
 21
118.644546
  0
LINE
  5
8BD
100
AcDbEntity
  8
Layer 1
  6
ByLayer
 62
  256
370
   -1
100
AcDbLine
 10
68.424296
 20
120.60384
 11
69.063498
 21
120.423196
  0
LINE
  5
8BE
100
AcDbEntity
  8
Layer 1
  6
ByLayer
 62
  256
370
   -1
100
AcDbLine
 10
69.063498
 20
120.423196
 11
69.299725
 21
119.853472
  0
LINE
  5
8BF
100
AcDbEntity
  8
Layer 1
  6
ByLayer
 62
  256
370
   -1
100
AcDbLine
 10
69.299725
 20
119.853472
 11
69.299725
 21
118.755711
  0
LINE
  5
8C0
100
AcDbEntity
  8
Layer 1
  6
ByLayer
 62
  256
370
   -1
100
AcDbLine
 10
69.299725
 20
118.755711
 11
69.258038
 21
118.59823
  0
LINE
  5
8C1
100
AcDbEntity
  8
Layer 1
  6
ByLayer
 62
  256
370
   -1
100
AcDbLine
 10
69.258038
 20
118.59823
 11
69.142233
 21
118.50096
  0
LINE
  5
8C2
100
AcDbEntity
  8
Layer 1
  6
ByLayer
 62
  256
370
   -1
100
AcDbLine
 10
69.142233
 20
118.50096
 11
68.845795
 21
118.389795
  0
LINE
  5
8C3
100
AcDbEntity
  8
Layer 1
  6
ByLayer
 62
  256
370
   -1
100
AcDbLine
 10
68.845795
 20
118.389795
 11
68.42892399999999
 21
118.338807
  0
LINE
  5
8C4
100
AcDbEntity
  8
Layer 1
  6
ByLayer
 62
  256
370
   -1
100
AcDbLine
 10
68.42892399999999
 20
118.338807
 11
67.752663
 21
118.510184
  0
LINE
  5
8C5
100
AcDbEntity
  8
Layer 1
  6
ByLayer
 62
  256
370
   -1
100
AcDbLine
 10
67.752663
 20
118.510184
 11
67.516436
 21
119.00579
  0
LINE
  5
8C6
100
AcDbEntity
  8
Layer 1
  6
ByLayer
 62
  256
370
   -1
100
AcDbLine
 10
67.516436
 20
119.00579
 11
67.715615
 21
119.464348
  0
LINE
  5
8C7
100
AcDbEntity
  8
Layer 1
  6
ByLayer
 62
  256
370
   -1
100
AcDbLine
 10
67.715615
 20
119.464348
 11
68.276071
 21
119.658899
  0
LINE
  5
8C8
100
AcDbEntity
  8
Layer 1
  6
ByLayer
 62
  256
370
   -1
100
AcDbLine
 10
68.276071
 20
119.658899
 11
68.933798
 21
119.723782
  0
LINE
  5
8C9
100
AcDbEntity
  8
Layer 1
  6
ByLayer
 62
  256
370
   -1
100
AcDbLine
 10
68.933798
 20
119.723782
 11
68.933798
 21
119.853483
  0
LINE
  5
8CA
100
AcDbEntity
  8
Layer 1
  6
ByLayer
 62
  256
370
   -1
100
AcDbLine
 10
68.933798
 20
119.853483
 11
68.79484100000001
 21
120.191608
  0
LINE
  5
8CB
100
AcDbEntity
  8
Layer 1
  6
ByLayer
 62
  256
370
   -1
100
AcDbLine
 10
68.79484100000001
 20
120.191608
 11
68.419657
 21
120.298178
  0
LINE
  5
8CC
100
AcDbEntity
  8
Layer 1
  6
ByLayer
 62
  256
370
   -1
100
AcDbLine
 10
68.419657
 20
120.298178
 11
68.05374
 21
120.242595
  0
LINE
  5
8CD
100
AcDbEntity
  8
Layer 1
  6
ByLayer
 62
  256
370
   -1
100
AcDbLine
 10
68.05374
 20
120.242595
 11
67.748035
 21
120.117534
  0
LINE
  5
8CE
100
AcDbEntity
  8
Layer 1
  6
ByLayer
 62
  256
370
   -1
100
AcDbLine
 10
67.748035
 20
120.117534
 11
67.678556
 21
120.191608
  0
LINE
  5
8CF
100
AcDbEntity
  8
Layer 1
  6
ByLayer
 62
  256
370
   -1
100
AcDbLine
 10
67.678556
 20
120.191608
 11
67.65076500000001
 21
120.284283
  0
LINE
  5
8D0
100
AcDbEntity
  8
Layer 1
  6
ByLayer
 62
  256
370
   -1
100
AcDbLine
 10
67.65076500000001
 20
120.284283
 11
67.683151
 21
120.390853
  0
LINE
  5
8D1
100
AcDbEntity
  8
Layer 1
  6
ByLayer
 62
  256
370
   -1
100
AcDbLine
 10
67.683151
 20
120.390853
 11
67.785017
 21
120.469632
  0
LINE
  5
8D2
100
AcDbEntity
  8
Layer 1
  6
ByLayer
 62
  256
370
   -1
100
AcDbLine
 10
67.785017
 20
120.469632
 11
68.072198
 21
120.566901
  0
LINE
  5
8D3
100
AcDbEntity
  8
Layer 1
  6
ByLayer
 62
  256
370
   -1
100
AcDbLine
 10
68.072198
 20
120.566901
 11
68.42421899999999
 21
120.603993
  0
LINE
  5
8D4
100
AcDbEntity
  8
Layer 1
  6
ByLayer
 62
  256
370
   -1
100
AcDbLine
 10
68.42421899999999
 20
120.603993
 11
68.424296
 21
120.60384
  0
LINE
  5
8D5
100
AcDbEntity
  8
Layer 1
  6
ByLayer
 62
  256
370
   -1
100
AcDbLine
 10
70.930151
 20
120.60384
 11
71.328498
 21
120.534361
  0
LINE
  5
8D6
100
AcDbEntity
  8
Layer 1
  6
ByLayer
 62
  256
370
   -1
100
AcDbLine
 10
71.328498
 20
120.534361
 11
71.648099
 21
120.325926
  0
LINE
  5
8D7
100
AcDbEntity
  8
Layer 1
  6
ByLayer
 62
  256
370
   -1
100
AcDbLine
 10
71.648099
 20
120.325926
 11
71.861163
 21
119.973894
  0
LINE
  5
8D8
100
AcDbEntity
  8
Layer 1
  6
ByLayer
 62
  256
370
   -1
100
AcDbLine
 10
71.861163
 20
119.973894
 11
71.939942
 21
119.473649
  0
LINE
  5
8D9
100
AcDbEntity
  8
Layer 1
  6
ByLayer
 62
  256
370
   -1
100
AcDbLine
 10
71.939942
 20
119.473649
 11
71.861163
 21
118.968775
  0
LINE
  5
8DA
100
AcDbEntity
  8
Layer 1
  6
ByLayer
 62
  256
370
   -1
100
AcDbLine
 10
71.861163
 20
118.968775
 11
71.63883199999999
 21
118.616754
  0
LINE
  5
8DB
100
AcDbEntity
  8
Layer 1
  6
ByLayer
 62
  256
370
   -1
100
AcDbLine
 10
71.63883199999999
 20
118.616754
 11
71.300707
 21
118.408319
  0
LINE
  5
8DC
100
AcDbEntity
  8
Layer 1
  6
ByLayer
 62
  256
370
   -1
100
AcDbLine
 10
71.300707
 20
118.408319
 11
70.865301
 21
118.343435
  0
LINE
  5
8DD
100
AcDbEntity
  8
Layer 1
  6
ByLayer
 62
  256
370
   -1
100
AcDbLine
 10
70.865301
 20
118.343435
 11
70.453069
 21
118.399018
  0
LINE
  5
8DE
100
AcDbEntity
  8
Layer 1
  6
ByLayer
 62
  256
370
   -1
100
AcDbLine
 10
70.453069
 20
118.399018
 11
70.156631
 21
118.519451
  0
LINE
  5
8DF
100
AcDbEntity
  8
Layer 1
  6
ByLayer
 62
  256
370
   -1
100
AcDbLine
 10
70.156631
 20
118.519451
 11
70.022302
 21
118.635245
  0
LINE
  5
8E0
100
AcDbEntity
  8
Layer 1
  6
ByLayer
 62
  256
370
   -1
100
AcDbLine
 10
70.022302
 20
118.635245
 11
69.98521
 21
118.792726
  0
LINE
  5
8E1
100
AcDbEntity
  8
Layer 1
  6
ByLayer
 62
  256
370
   -1
100
AcDbLine
 10
69.98521
 20
118.792726
 11
69.98521
 21
121.405119
  0
LINE
  5
8E2
100
AcDbEntity
  8
Layer 1
  6
ByLayer
 62
  256
370
   -1
100
AcDbLine
 10
69.98521
 20
121.405119
 11
70.054689
 21
121.42361
  0
LINE
  5
8E3
100
AcDbEntity
  8
Layer 1
  6
ByLayer
 62
  256
370
   -1
100
AcDbLine
 10
70.054689
 20
121.42361
 11
70.161259
 21
121.437506
  0
LINE
  5
8E4
100
AcDbEntity
  8
Layer 1
  6
ByLayer
 62
  256
370
   -1
100
AcDbLine
 10
70.161259
 20
121.437506
 11
70.355799
 21
121.270757
  0
LINE
  5
8E5
100
AcDbEntity
  8
Layer 1
  6
ByLayer
 62
  256
370
   -1
100
AcDbLine
 10
70.355799
 20
121.270757
 11
70.355799
 21
120.441643
  0
LINE
  5
8E6
100
AcDbEntity
  8
Layer 1
  6
ByLayer
 62
  256
370
   -1
100
AcDbLine
 10
70.355799
 20
120.441643
 11
70.596654
 21
120.552809
  0
LINE
  5
8E7
100
AcDbEntity
  8
Layer 1
  6
ByLayer
 62
  256
370
   -1
100
AcDbLine
 10
70.596654
 20
120.552809
 11
70.930151
 21
120.603796
  0
LINE
  5
8E8
100
AcDbEntity
  8
Layer 1
  6
ByLayer
 62
  256
370
   -1
100
AcDbLine
 10
70.930151
 20
120.603796
 11
70.930151
 21
120.60384
  0
LINE
  5
8E9
100
AcDbEntity
  8
Layer 1
  6
ByLayer
 62
  256
370
   -1
100
AcDbLine
 10
70.874568
 20
120.298134
 11
70.57813
 21
120.237956
  0
LINE
  5
8EA
100
AcDbEntity
  8
Layer 1
  6
ByLayer
 62
  256
370
   -1
100
AcDbLine
 10
70.57813
 20
120.237956
 11
70.355799
 21
120.103627
  0
LINE
  5
8EB
100
AcDbEntity
  8
Layer 1
  6
ByLayer
 62
  256
370
   -1
100
AcDbLine
 10
70.355799
 20
120.103627
 11
70.355799
 21
118.792803
  0
LINE
  5
8EC
100
AcDbEntity
  8
Layer 1
  6
ByLayer
 62
  256
370
   -1
100
AcDbLine
 10
70.355799
 20
118.792803
 11
70.554967
 21
118.695533
  0
LINE
  5
8ED
100
AcDbEntity
  8
Layer 1
  6
ByLayer
 62
  256
370
   -1
100
AcDbLine
 10
70.554967
 20
118.695533
 11
70.865301
 21
118.64925
  0
LINE
  5
8EE
100
AcDbEntity
  8
Layer 1
  6
ByLayer
 62
  256
370
   -1
100
AcDbLine
 10
70.865301
 20
118.64925
 11
71.147854
 21
118.695533
  0
LINE
  5
8EF
100
AcDbEntity
  8
Layer 1
  6
ByLayer
 62
  256
370
   -1
100
AcDbLine
 10
71.147854
 20
118.695533
 11
71.37018500000001
 21
118.848386
  0
LINE
  5
8F0
100
AcDbEntity
  8
Layer 1
  6
ByLayer
 62
  256
370
   -1
100
AcDbLine
 10
71.37018500000001
 20
118.848386
 11
71.51377100000001
 21
119.103137
  0
LINE
  5
8F1
100
AcDbEntity
  8
Layer 1
  6
ByLayer
 62
  256
370
   -1
100
AcDbLine
 10
71.51377100000001
 20
119.103137
 11
71.564758
 21
119.473692
  0
LINE
  5
8F2
100
AcDbEntity
  8
Layer 1
  6
ByLayer
 62
  256
370
   -1
100
AcDbLine
 10
71.564758
 20
119.473692
 11
71.51377100000001
 21
119.844248
  0
LINE
  5
8F3
100
AcDbEntity
  8
Layer 1
  6
ByLayer
 62
  256
370
   -1
100
AcDbLine
 10
71.51377100000001
 20
119.844248
 11
71.37018500000001
 21
120.098999
  0
LINE
  5
8F4
100
AcDbEntity
  8
Layer 1
  6
ByLayer
 62
  256
370
   -1
100
AcDbLine
 10
71.37018500000001
 20
120.098999
 11
71.147854
 21
120.247224
  0
LINE
  5
8F5
100
AcDbEntity
  8
Layer 1
  6
ByLayer
 62
  256
370
   -1
100
AcDbLine
 10
71.147854
 20
120.247224
 11
70.874568
 21
120.298211
  0
LINE
  5
8F6
100
AcDbEntity
  8
Layer 1
  6
ByLayer
 62
  256
370
   -1
100
AcDbLine
 10
70.874568
 20
120.298211
 11
70.874568
 21
120.298134
  0
LINE
  5
8F7
100
AcDbEntity
  8
Layer 1
  6
ByLayer
 62
  256
370
   -1
100
AcDbLine
 10
75.23318
 20
119.8581
 11
75.10349100000001
 21
120.191597
  0
LINE
  5
8F8
100
AcDbEntity
  8
Layer 1
  6
ByLayer
 62
  256
370
   -1
100
AcDbLine
 10
75.10349100000001
 20
120.191597
 11
74.75609799999999
 21
120.298167
  0
LINE
  5
8F9
100
AcDbEntity
  8
Layer 1
  6
ByLayer
 62
  256
370
   -1
100
AcDbLine
 10
74.75609799999999
 20
120.298167
 11
74.218794
 21
120.085103
  0
LINE
  5
8FA
100
AcDbEntity
  8
Layer 1
  6
ByLayer
 62
  256
370
   -1
100
AcDbLine
 10
74.218794
 20
120.085103
 11
74.246585
 21
119.885935
  0
LINE
  5
8FB
100
AcDbEntity
  8
Layer 1
  6
ByLayer
 62
  256
370
   -1
100
AcDbLine
 10
74.246585
 20
119.885935
 11
74.246585
 21
118.412991
  0
LINE
  5
8FC
100
AcDbEntity
  8
Layer 1
  6
ByLayer
 62
  256
370
   -1
100
AcDbLine
 10
74.246585
 20
118.412991
 11
74.172511
 21
118.394499
  0
LINE
  5
8FD
100
AcDbEntity
  8
Layer 1
  6
ByLayer
 62
  256
370
   -1
100
AcDbLine
 10
74.172511
 20
118.394499
 11
74.07524100000001
 21
118.380604
  0
LINE
  5
8FE
100
AcDbEntity
  8
Layer 1
  6
ByLayer
 62
  256
370
   -1
100
AcDbLine
 10
74.07524100000001
 20
118.380604
 11
73.87607300000001
 21
118.547352
  0
LINE
  5
8FF
100
AcDbEntity
  8
Layer 1
  6
ByLayer
 62
  256
370
   -1
100
AcDbLine
 10
73.87607300000001
 20
118.547352
 11
73.87607300000001
 21
119.858177
  0
LINE
  5
900
100
AcDbEntity
  8
Layer 1
  6
ByLayer
 62
  256
370
   -1
100
AcDbLine
 10
73.87607300000001
 20
119.858177
 11
73.74637300000001
 21
120.191674
  0
LINE
  5
901
100
AcDbEntity
  8
Layer 1
  6
ByLayer
 62
  256
370
   -1
100
AcDbLine
 10
73.74637300000001
 20
120.191674
 11
73.394352
 21
120.298244
  0
LINE
  5
902
100
AcDbEntity
  8
Layer 1
  6
ByLayer
 62
  256
370
   -1
100
AcDbLine
 10
73.394352
 20
120.298244
 11
73.11181000000001
 21
120.251961
  0
LINE
  5
903
100
AcDbEntity
  8
Layer 1
  6
ByLayer
 62
  256
370
   -1
100
AcDbLine
 10
73.11181000000001
 20
120.251961
 11
72.889478
 21
120.145391
  0
LINE
  5
904
100
AcDbEntity
  8
Layer 1
  6
ByLayer
 62
  256
370
   -1
100
AcDbLine
 10
72.889478
 20
120.145391
 11
72.889478
 21
118.413056
  0
LINE
  5
905
100
AcDbEntity
  8
Layer 1
  6
ByLayer
 62
  256
370
   -1
100
AcDbLine
 10
72.889478
 20
118.413056
 11
72.81999999999999
 21
118.394565
  0
LINE
  5
906
100
AcDbEntity
  8
Layer 1
  6
ByLayer
 62
  256
370
   -1
100
AcDbLine
 10
72.81999999999999
 20
118.394565
 11
72.71813400000001
 21
118.380669
  0
LINE
  5
907
100
AcDbEntity
  8
Layer 1
  6
ByLayer
 62
  256
370
   -1
100
AcDbLine
 10
72.71813400000001
 20
118.380669
 11
72.51896600000001
 21
118.547418
  0
LINE
  5
908
100
AcDbEntity
  8
Layer 1
  6
ByLayer
 62
  256
370
   -1
100
AcDbLine
 10
72.51896600000001
 20
118.547418
 11
72.51896600000001
 21
120.1269
  0
LINE
  5
909
100
AcDbEntity
  8
Layer 1
  6
ByLayer
 62
  256
370
   -1
100
AcDbLine
 10
72.51896600000001
 20
120.1269
 11
72.55605799999999
 21
120.279753
  0
LINE
  5
90A
100
AcDbEntity
  8
Layer 1
  6
ByLayer
 62
  256
370
   -1
100
AcDbLine
 10
72.55605799999999
 20
120.279753
 11
72.695015
 21
120.409442
  0
LINE
  5
90B
100
AcDbEntity
  8
Layer 1
  6
ByLayer
 62
  256
370
   -1
100
AcDbLine
 10
72.695015
 20
120.409442
 11
73.00997700000001
 21
120.543771
  0
LINE
  5
90C
100
AcDbEntity
  8
Layer 1
  6
ByLayer
 62
  256
370
   -1
100
AcDbLine
 10
73.00997700000001
 20
120.543771
 11
73.399057
 21
120.603949
  0
LINE
  5
90D
100
AcDbEntity
  8
Layer 1
  6
ByLayer
 62
  256
370
   -1
100
AcDbLine
 10
73.399057
 20
120.603949
 11
73.802032
 21
120.534471
  0
LINE
  5
90E
100
AcDbEntity
  8
Layer 1
  6
ByLayer
 62
  256
370
   -1
100
AcDbLine
 10
73.802032
 20
120.534471
 11
74.07069
 21
120.353827
  0
LINE
  5
90F
100
AcDbEntity
  8
Layer 1
  6
ByLayer
 62
  256
370
   -1
100
AcDbLine
 10
74.07069
 20
120.353827
 11
74.371756
 21
120.529843
  0
LINE
  5
910
100
AcDbEntity
  8
Layer 1
  6
ByLayer
 62
  256
370
   -1
100
AcDbLine
 10
74.371756
 20
120.529843
 11
74.78399899999999
 21
120.603917
  0
LINE
  5
911
100
AcDbEntity
  8
Layer 1
  6
ByLayer
 62
  256
370
   -1
100
AcDbLine
 10
74.78399899999999
 20
120.603917
 11
75.381514
 21
120.423272
  0
LINE
  5
912
100
AcDbEntity
  8
Layer 1
  6
ByLayer
 62
  256
370
   -1
100
AcDbLine
 10
75.381514
 20
120.423272
 11
75.603846
 21
119.876701
  0
LINE
  5
913
100
AcDbEntity
  8
Layer 1
  6
ByLayer
 62
  256
370
   -1
100
AcDbLine
 10
75.603846
 20
119.876701
 11
75.603846
 21
118.413023
  0
LINE
  5
914
100
AcDbEntity
  8
Layer 1
  6
ByLayer
 62
  256
370
   -1
100
AcDbLine
 10
75.603846
 20
118.413023
 11
75.52977199999999
 21
118.394532
  0
LINE
  5
915
100
AcDbEntity
  8
Layer 1
  6
ByLayer
 62
  256
370
   -1
100
AcDbLine
 10
75.52977199999999
 20
118.394532
 11
75.432502
 21
118.380637
  0
LINE
  5
916
100
AcDbEntity
  8
Layer 1
  6
ByLayer
 62
  256
370
   -1
100
AcDbLine
 10
75.432502
 20
118.380637
 11
75.233323
 21
118.547385
  0
LINE
  5
917
100
AcDbEntity
  8
Layer 1
  6
ByLayer
 62
  256
370
   -1
100
AcDbLine
 10
75.233323
 20
118.547385
 11
75.233323
 21
119.85821
  0
LINE
  5
918
100
AcDbEntity
  8
Layer 1
  6
ByLayer
 62
  256
370
   -1
100
AcDbLine
 10
75.233323
 20
119.85821
 11
75.23318
 21
119.8581
  0
LINE
  5
919
100
AcDbEntity
  8
Layer 1
  6
ByLayer
 62
  256
370
   -1
100
AcDbLine
 10
77.06278500000001
 20
118.644546
 11
77.382386
 21
118.681637
  0
LINE
  5
91A
100
AcDbEntity
  8
Layer 1
  6
ByLayer
 62
  256
370
   -1
100
AcDbLine
 10
77.382386
 20
118.681637
 11
77.56765900000001
 21
118.760416
  0
LINE
  5
91B
100
AcDbEntity
  8
Layer 1
  6
ByLayer
 62
  256
370
   -1
100
AcDbLine
 10
77.56765900000001
 20
118.760416
 11
77.56765900000001
 21
119.432038
  0
LINE
  5
91C
100
AcDbEntity
  8
Layer 1
  6
ByLayer
 62
  256
370
   -1
100
AcDbLine
 10
77.56765900000001
 20
119.432038
 11
76.993307
 21
119.37186
  0
LINE
  5
91D
100
AcDbEntity
  8
Layer 1
  6
ByLayer
 62
  256
370
   -1
100
AcDbLine
 10
76.993307
 20
119.37186
 11
76.636647
 21
119.260694
  0
LINE
  5
91E
100
AcDbEntity
  8
Layer 1
  6
ByLayer
 62
  256
370
   -1
100
AcDbLine
 10
76.636647
 20
119.260694
 11
76.520853
 21
119.010572
  0
LINE
  5
91F
100
AcDbEntity
  8
Layer 1
  6
ByLayer
 62
  256
370
   -1
100
AcDbLine
 10
76.520853
 20
119.010572
 11
76.655181
 21
118.737297
  0
LINE
  5
920
100
AcDbEntity
  8
Layer 1
  6
ByLayer
 62
  256
370
   -1
100
AcDbLine
 10
76.655181
 20
118.737297
 11
77.06278500000001
 21
118.644622
  0
LINE
  5
921
100
AcDbEntity
  8
Layer 1
  6
ByLayer
 62
  256
370
   -1
100
AcDbLine
 10
77.06278500000001
 20
118.644622
 11
77.06278500000001
 21
118.644546
  0
LINE
  5
922
100
AcDbEntity
  8
Layer 1
  6
ByLayer
 62
  256
370
   -1
100
AcDbLine
 10
77.058409
 20
120.60384
 11
77.69761099999999
 21
120.423196
  0
LINE
  5
923
100
AcDbEntity
  8
Layer 1
  6
ByLayer
 62
  256
370
   -1
100
AcDbLine
 10
77.69761099999999
 20
120.423196
 11
77.93383799999999
 21
119.853472
  0
LINE
  5
924
100
AcDbEntity
  8
Layer 1
  6
ByLayer
 62
  256
370
   -1
100
AcDbLine
 10
77.93383799999999
 20
119.853472
 11
77.93383799999999
 21
118.755711
  0
LINE
  5
925
100
AcDbEntity
  8
Layer 1
  6
ByLayer
 62
  256
370
   -1
100
AcDbLine
 10
77.93383799999999
 20
118.755711
 11
77.892151
 21
118.59823
  0
LINE
  5
926
100
AcDbEntity
  8
Layer 1
  6
ByLayer
 62
  256
370
   -1
100
AcDbLine
 10
77.892151
 20
118.59823
 11
77.776357
 21
118.50096
  0
LINE
  5
927
100
AcDbEntity
  8
Layer 1
  6
ByLayer
 62
  256
370
   -1
100
AcDbLine
 10
77.776357
 20
118.50096
 11
77.479919
 21
118.389795
  0
LINE
  5
928
100
AcDbEntity
  8
Layer 1
  6
ByLayer
 62
  256
370
   -1
100
AcDbLine
 10
77.479919
 20
118.389795
 11
77.06304799999999
 21
118.338807
  0
LINE
  5
929
100
AcDbEntity
  8
Layer 1
  6
ByLayer
 62
  256
370
   -1
100
AcDbLine
 10
77.06304799999999
 20
118.338807
 11
76.386786
 21
118.510184
  0
LINE
  5
92A
100
AcDbEntity
  8
Layer 1
  6
ByLayer
 62
  256
370
   -1
100
AcDbLine
 10
76.386786
 20
118.510184
 11
76.150559
 21
119.005801
  0
LINE
  5
92B
100
AcDbEntity
  8
Layer 1
  6
ByLayer
 62
  256
370
   -1
100
AcDbLine
 10
76.150559
 20
119.005801
 11
76.349739
 21
119.464359
  0
LINE
  5
92C
100
AcDbEntity
  8
Layer 1
  6
ByLayer
 62
  256
370
   -1
100
AcDbLine
 10
76.349739
 20
119.464359
 11
76.910195
 21
119.658899
  0
LINE
  5
92D
100
AcDbEntity
  8
Layer 1
  6
ByLayer
 62
  256
370
   -1
100
AcDbLine
 10
76.910195
 20
119.658899
 11
77.567921
 21
119.723782
  0
LINE
  5
92E
100
AcDbEntity
  8
Layer 1
  6
ByLayer
 62
  256
370
   -1
100
AcDbLine
 10
77.567921
 20
119.723782
 11
77.567921
 21
119.853472
  0
LINE
  5
92F
100
AcDbEntity
  8
Layer 1
  6
ByLayer
 62
  256
370
   -1
100
AcDbLine
 10
77.567921
 20
119.853472
 11
77.42896399999999
 21
120.191597
  0
LINE
  5
930
100
AcDbEntity
  8
Layer 1
  6
ByLayer
 62
  256
370
   -1
100
AcDbLine
 10
77.42896399999999
 20
120.191597
 11
77.05378
 21
120.298167
  0
LINE
  5
931
100
AcDbEntity
  8
Layer 1
  6
ByLayer
 62
  256
370
   -1
100
AcDbLine
 10
77.05378
 20
120.298167
 11
76.687864
 21
120.242584
  0
LINE
  5
932
100
AcDbEntity
  8
Layer 1
  6
ByLayer
 62
  256
370
   -1
100
AcDbLine
 10
76.687864
 20
120.242584
 11
76.382158
 21
120.117523
  0
LINE
  5
933
100
AcDbEntity
  8
Layer 1
  6
ByLayer
 62
  256
370
   -1
100
AcDbLine
 10
76.382158
 20
120.117523
 11
76.31268
 21
120.191597
  0
LINE
  5
934
100
AcDbEntity
  8
Layer 1
  6
ByLayer
 62
  256
370
   -1
100
AcDbLine
 10
76.31268
 20
120.191597
 11
76.284888
 21
120.284272
  0
LINE
  5
935
100
AcDbEntity
  8
Layer 1
  6
ByLayer
 62
  256
370
   -1
100
AcDbLine
 10
76.284888
 20
120.284272
 11
76.317275
 21
120.390842
  0
LINE
  5
936
100
AcDbEntity
  8
Layer 1
  6
ByLayer
 62
  256
370
   -1
100
AcDbLine
 10
76.317275
 20
120.390842
 11
76.41914
 21
120.469621
  0
LINE
  5
937
100
AcDbEntity
  8
Layer 1
  6
ByLayer
 62
  256
370
   -1
100
AcDbLine
 10
76.41914
 20
120.469621
 11
76.706311
 21
120.566891
  0
LINE
  5
938
100
AcDbEntity
  8
Layer 1
  6
ByLayer
 62
  256
370
   -1
100
AcDbLine
 10
76.706311
 20
120.566891
 11
77.05833199999999
 21
120.603982
  0
LINE
  5
939
100
AcDbEntity
  8
Layer 1
  6
ByLayer
 62
  256
370
   -1
100
AcDbLine
 10
77.05833199999999
 20
120.603982
 11
77.058409
 21
120.60384
  0
LINE
  5
93A
100
AcDbEntity
  8
Layer 1
  6
ByLayer
 62
  256
370
   -1
100
AcDbLine
 10
78.989923
 20
118.412947
 11
78.920444
 21
118.394456
  0
LINE
  5
93B
100
AcDbEntity
  8
Layer 1
  6
ByLayer
 62
  256
370
   -1
100
AcDbLine
 10
78.920444
 20
118.394456
 11
78.818579
 21
118.38056
  0
LINE
  5
93C
100
AcDbEntity
  8
Layer 1
  6
ByLayer
 62
  256
370
   -1
100
AcDbLine
 10
78.818579
 20
118.38056
 11
78.61941
 21
118.547308
  0
LINE
  5
93D
100
AcDbEntity
  8
Layer 1
  6
ByLayer
 62
  256
370
   -1
100
AcDbLine
 10
78.61941
 20
118.547308
 11
78.61941
 21
121.405195
  0
LINE
  5
93E
100
AcDbEntity
  8
Layer 1
  6
ByLayer
 62
  256
370
   -1
100
AcDbLine
 10
78.61941
 20
121.405195
 11
78.688889
 21
121.423687
  0
LINE
  5
93F
100
AcDbEntity
  8
Layer 1
  6
ByLayer
 62
  256
370
   -1
100
AcDbLine
 10
78.688889
 20
121.423687
 11
78.79545899999999
 21
121.437582
  0
LINE
  5
940
100
AcDbEntity
  8
Layer 1
  6
ByLayer
 62
  256
370
   -1
100
AcDbLine
 10
78.79545899999999
 20
121.437582
 11
78.989999
 21
121.270834
  0
LINE
  5
941
100
AcDbEntity
  8
Layer 1
  6
ByLayer
 62
  256
370
   -1
100
AcDbLine
 10
78.989999
 20
121.270834
 11
78.989999
 21
119.603349
  0
LINE
  5
942
100
AcDbEntity
  8
Layer 1
  6
ByLayer
 62
  256
370
   -1
100
AcDbLine
 10
78.989999
 20
119.603349
 11
80.004386
 21
120.585305
  0
LINE
  5
943
100
AcDbEntity
  8
Layer 1
  6
ByLayer
 62
  256
370
   -1
100
AcDbLine
 10
80.004386
 20
120.585305
 11
80.17576200000001
 21
120.529722
  0
LINE
  5
944
100
AcDbEntity
  8
Layer 1
  6
ByLayer
 62
  256
370
   -1
100
AcDbLine
 10
80.17576200000001
 20
120.529722
 11
80.240645
 21
120.404661
  0
LINE
  5
945
100
AcDbEntity
  8
Layer 1
  6
ByLayer
 62
  256
370
   -1
100
AcDbLine
 10
80.240645
 20
120.404661
 11
80.198958
 21
120.288867
  0
LINE
  5
946
100
AcDbEntity
  8
Layer 1
  6
ByLayer
 62
  256
370
   -1
100
AcDbLine
 10
80.198958
 20
120.288867
 11
80.087793
 21
120.177701
  0
LINE
  5
947
100
AcDbEntity
  8
Layer 1
  6
ByLayer
 62
  256
370
   -1
100
AcDbLine
 10
80.087793
 20
120.177701
 11
79.34205300000001
 21
119.524603
  0
LINE
  5
948
100
AcDbEntity
  8
Layer 1
  6
ByLayer
 62
  256
370
   -1
100
AcDbLine
 10
79.34205300000001
 20
119.524603
 11
80.37496299999999
 21
118.59823
  0
LINE
  5
949
100
AcDbEntity
  8
Layer 1
  6
ByLayer
 62
  256
370
   -1
100
AcDbLine
 10
80.37496299999999
 20
118.59823
 11
80.31008
 21
118.43611
  0
LINE
  5
94A
100
AcDbEntity
  8
Layer 1
  6
ByLayer
 62
  256
370
   -1
100
AcDbLine
 10
80.31008
 20
118.43611
 11
80.17112299999999
 21
118.375932
  0
LINE
  5
94B
100
AcDbEntity
  8
Layer 1
  6
ByLayer
 62
  256
370
   -1
100
AcDbLine
 10
80.17112299999999
 20
118.375932
 11
80.04142299999999
 21
118.408319
  0
LINE
  5
94C
100
AcDbEntity
  8
Layer 1
  6
ByLayer
 62
  256
370
   -1
100
AcDbLine
 10
80.04142299999999
 20
118.408319
 11
79.925629
 21
118.510184
  0
LINE
  5
94D
100
AcDbEntity
  8
Layer 1
  6
ByLayer
 62
  256
370
   -1
100
AcDbLine
 10
79.925629
 20
118.510184
 11
78.989988
 21
119.450464
  0
LINE
  5
94E
100
AcDbEntity
  8
Layer 1
  6
ByLayer
 62
  256
370
   -1
100
AcDbLine
 10
78.989988
 20
119.450464
 11
78.989988
 21
118.412914
  0
LINE
  5
94F
100
AcDbEntity
  8
Layer 1
  6
ByLayer
 62
  256
370
   -1
100
AcDbLine
 10
78.989988
 20
118.412914
 11
78.989923
 21
118.412947
  0
LINE
  5
950
100
AcDbEntity
  8
Layer 1
  6
ByLayer
 62
  256
370
   -1
100
AcDbLine
 10
81.083535
 20
119.255957
 11
81.345236
 21
118.800869
  0
LINE
  5
951
100
AcDbEntity
  8
Layer 1
  6
ByLayer
 62
  256
370
   -1
100
AcDbLine
 10
81.345236
 20
118.800869
 11
81.880218
 21
118.649174
  0
LINE
  5
952
100
AcDbEntity
  8
Layer 1
  6
ByLayer
 62
  256
370
   -1
100
AcDbLine
 10
81.880218
 20
118.649174
 11
82.23223900000001
 21
118.714057
  0
LINE
  5
953
100
AcDbEntity
  8
Layer 1
  6
ByLayer
 62
  256
370
   -1
100
AcDbLine
 10
82.23223900000001
 20
118.714057
 11
82.48236199999999
 21
118.853014
  0
LINE
  5
954
100
AcDbEntity
  8
Layer 1
  6
ByLayer
 62
  256
370
   -1
100
AcDbLine
 10
82.48236199999999
 20
118.853014
 11
82.59352699999999
 21
118.677009
  0
LINE
  5
955
100
AcDbEntity
  8
Layer 1
  6
ByLayer
 62
  256
370
   -1
100
AcDbLine
 10
82.59352699999999
 20
118.677009
 11
82.533349
 21
118.551948
  0
LINE
  5
956
100
AcDbEntity
  8
Layer 1
  6
ByLayer
 62
  256
370
   -1
100
AcDbLine
 10
82.533349
 20
118.551948
 11
82.375868
 21
118.445377
  0
LINE
  5
957
100
AcDbEntity
  8
Layer 1
  6
ByLayer
 62
  256
370
   -1
100
AcDbLine
 10
82.375868
 20
118.445377
 11
82.14426899999999
 21
118.371303
  0
LINE
  5
958
100
AcDbEntity
  8
Layer 1
  6
ByLayer
 62
  256
370
   -1
100
AcDbLine
 10
82.14426899999999
 20
118.371303
 11
81.861727
 21
118.343512
  0
LINE
  5
959
100
AcDbEntity
  8
Layer 1
  6
ByLayer
 62
  256
370
   -1
100
AcDbLine
 10
81.861727
 20
118.343512
 11
81.380008
 21
118.416465
  0
LINE
  5
95A
100
AcDbEntity
  8
Layer 1
  6
ByLayer
 62
  256
370
   -1
100
AcDbLine
 10
81.380008
 20
118.416465
 11
81.009461
 21
118.635322
  0
LINE
  5
95B
100
AcDbEntity
  8
Layer 1
  6
ByLayer
 62
  256
370
   -1
100
AcDbLine
 10
81.009461
 20
118.635322
 11
80.776702
 21
118.994293
  0
LINE
  5
95C
100
AcDbEntity
  8
Layer 1
  6
ByLayer
 62
  256
370
   -1
100
AcDbLine
 10
80.776702
 20
118.994293
 11
80.699116
 21
119.487588
  0
LINE
  5
95D
100
AcDbEntity
  8
Layer 1
  6
ByLayer
 62
  256
370
   -1
100
AcDbLine
 10
80.699116
 20
119.487588
 11
80.77319
 21
119.955414
  0
LINE
  5
95E
100
AcDbEntity
  8
Layer 1
  6
ByLayer
 62
  256
370
   -1
100
AcDbLine
 10
80.77319
 20
119.955414
 11
80.986254
 21
120.307435
  0
LINE
  5
95F
100
AcDbEntity
  8
Layer 1
  6
ByLayer
 62
  256
370
   -1
100
AcDbLine
 10
80.986254
 20
120.307435
 11
81.315123
 21
120.525127
  0
LINE
  5
960
100
AcDbEntity
  8
Layer 1
  6
ByLayer
 62
  256
370
   -1
100
AcDbLine
 10
81.315123
 20
120.525127
 11
81.727355
 21
120.603906
  0
LINE
  5
961
100
AcDbEntity
  8
Layer 1
  6
ByLayer
 62
  256
370
   -1
100
AcDbLine
 10
81.727355
 20
120.603906
 11
82.111806
 21
120.534427
  0
LINE
  5
962
100
AcDbEntity
  8
Layer 1
  6
ByLayer
 62
  256
370
   -1
100
AcDbLine
 10
82.111806
 20
120.534427
 11
82.41287199999999
 21
120.335259
  0
LINE
  5
963
100
AcDbEntity
  8
Layer 1
  6
ByLayer
 62
  256
370
   -1
100
AcDbLine
 10
82.41287199999999
 20
120.335259
 11
82.61205099999999
 21
120.034182
  0
LINE
  5
964
100
AcDbEntity
  8
Layer 1
  6
ByLayer
 62
  256
370
   -1
100
AcDbLine
 10
82.61205099999999
 20
120.034182
 11
82.686125
 21
119.654369
  0
LINE
  5
965
100
AcDbEntity
  8
Layer 1
  6
ByLayer
 62
  256
370
   -1
100
AcDbLine
 10
82.686125
 20
119.654369
 11
82.639843
 21
119.506156
  0
LINE
  5
966
100
AcDbEntity
  8
Layer 1
  6
ByLayer
 62
  256
370
   -1
100
AcDbLine
 10
82.639843
 20
119.506156
 11
82.510142
 21
119.455168
  0
LINE
  5
967
100
AcDbEntity
  8
Layer 1
  6
ByLayer
 62
  256
370
   -1
100
AcDbLine
 10
82.510142
 20
119.455168
 11
81.083535
 21
119.255957
  0
LINE
  5
968
100
AcDbEntity
  8
Layer 1
  6
ByLayer
 62
  256
370
   -1
100
AcDbLine
 10
81.722737
 20
120.302763
 11
81.25491100000001
 21
120.103595
  0
LINE
  5
969
100
AcDbEntity
  8
Layer 1
  6
ByLayer
 62
  256
370
   -1
100
AcDbLine
 10
81.25491100000001
 20
120.103595
 11
81.060372
 21
119.543138
  0
LINE
  5
96A
100
AcDbEntity
  8
Layer 1
  6
ByLayer
 62
  256
370
   -1
100
AcDbLine
 10
81.060372
 20
119.543138
 11
82.334148
 21
119.719143
  0
LINE
  5
96B
100
AcDbEntity
  8
Layer 1
  6
ByLayer
 62
  256
370
   -1
100
AcDbLine
 10
82.334148
 20
119.719143
 11
82.153504
 21
120.136014
  0
LINE
  5
96C
100
AcDbEntity
  8
Layer 1
  6
ByLayer
 62
  256
370
   -1
100
AcDbLine
 10
82.153504
 20
120.136014
 11
81.722737
 21
120.302763
  0
LINE
  5
96D
100
AcDbEntity
  8
Layer 1
  6
ByLayer
 62
  256
370
   -1
100
AcDbLine
 10
81.722737
 20
120.302763
 11
81.722737
 21
120.302763
  0
LINE
  5
96E
100
AcDbEntity
  8
Layer 1
  6
ByLayer
 62
  256
370
   -1
100
AcDbLine
 10
83.59401800000001
 20
118.412947
 11
83.52454
 21
118.394456
  0
LINE
  5
96F
100
AcDbEntity
  8
Layer 1
  6
ByLayer
 62
  256
370
   -1
100
AcDbLine
 10
83.52454
 20
118.394456
 11
83.422674
 21
118.38056
  0
LINE
  5
970
100
AcDbEntity
  8
Layer 1
  6
ByLayer
 62
  256
370
   -1
100
AcDbLine
 10
83.422674
 20
118.38056
 11
83.223495
 21
118.547308
  0
LINE
  5
971
100
AcDbEntity
  8
Layer 1
  6
ByLayer
 62
  256
370
   -1
100
AcDbLine
 10
83.223495
 20
118.547308
 11
83.223495
 21
120.117523
  0
LINE
  5
972
100
AcDbEntity
  8
Layer 1
  6
ByLayer
 62
  256
370
   -1
100
AcDbLine
 10
83.223495
 20
120.117523
 11
83.260587
 21
120.284272
  0
LINE
  5
973
100
AcDbEntity
  8
Layer 1
  6
ByLayer
 62
  256
370
   -1
100
AcDbLine
 10
83.260587
 20
120.284272
 11
83.39491599999999
 21
120.409333
  0
LINE
  5
974
100
AcDbEntity
  8
Layer 1
  6
ByLayer
 62
  256
370
   -1
100
AcDbLine
 10
83.39491599999999
 20
120.409333
 11
83.719145
 21
120.543662
  0
LINE
  5
975
100
AcDbEntity
  8
Layer 1
  6
ByLayer
 62
  256
370
   -1
100
AcDbLine
 10
83.719145
 20
120.543662
 11
84.186971
 21
120.60384
  0
LINE
  5
976
100
AcDbEntity
  8
Layer 1
  6
ByLayer
 62
  256
370
   -1
100
AcDbLine
 10
84.186971
 20
120.60384
 11
84.46487999999999
 21
120.557522
  0
LINE
  5
977
100
AcDbEntity
  8
Layer 1
  6
ByLayer
 62
  256
370
   -1
100
AcDbLine
 10
84.46487999999999
 20
120.557522
 11
84.55751600000001
 21
120.418568
  0
LINE
  5
978
100
AcDbEntity
  8
Layer 1
  6
ByLayer
 62
  256
370
   -1
100
AcDbLine
 10
84.55751600000001
 20
120.418568
 11
84.54362
 21
120.330598
  0
LINE
  5
979
100
AcDbEntity
  8
Layer 1
  6
ByLayer
 62
  256
370
   -1
100
AcDbLine
 10
84.54362
 20
120.330598
 11
84.506528
 21
120.265715
  0
LINE
  5
97A
100
AcDbEntity
  8
Layer 1
  6
ByLayer
 62
  256
370
   -1
100
AcDbLine
 10
84.506528
 20
120.265715
 11
84.386095
 21
120.284206
  0
LINE
  5
97B
100
AcDbEntity
  8
Layer 1
  6
ByLayer
 62
  256
370
   -1
100
AcDbLine
 10
84.386095
 20
120.284206
 11
84.237871
 21
120.292959
  0
LINE
  5
97C
100
AcDbEntity
  8
Layer 1
  6
ByLayer
 62
  256
370
   -1
100
AcDbLine
 10
84.237871
 20
120.292959
 11
83.86268699999999
 21
120.246677
  0
LINE
  5
97D
100
AcDbEntity
  8
Layer 1
  6
ByLayer
 62
  256
370
   -1
100
AcDbLine
 10
83.86268699999999
 20
120.246677
 11
83.59404000000001
 21
120.144811
  0
LINE
  5
97E
100
AcDbEntity
  8
Layer 1
  6
ByLayer
 62
  256
370
   -1
100
AcDbLine
 10
83.59404000000001
 20
120.144811
 11
83.59401800000001
 21
118.412947
  0
LINE
  5
97F
100
AcDbEntity
  8
Layer 1
  6
ByLayer
 62
  256
370
   -1
100
AcDbLine
 10
84.487972
 20
118.59823
 11
84.55285499999999
 21
118.783503
  0
LINE
  5
980
100
AcDbEntity
  8
Layer 1
  6
ByLayer
 62
  256
370
   -1
100
AcDbLine
 10
84.55285499999999
 20
118.783503
 11
84.742766
 21
118.857577
  0
LINE
  5
981
100
AcDbEntity
  8
Layer 1
  6
ByLayer
 62
  256
370
   -1
100
AcDbLine
 10
84.742766
 20
118.857577
 11
84.928039
 21
118.783503
  0
LINE
  5
982
100
AcDbEntity
  8
Layer 1
  6
ByLayer
 62
  256
370
   -1
100
AcDbLine
 10
84.928039
 20
118.783503
 11
84.99292199999999
 21
118.59823
  0
LINE
  5
983
100
AcDbEntity
  8
Layer 1
  6
ByLayer
 62
  256
370
   -1
100
AcDbLine
 10
84.99292199999999
 20
118.59823
 11
84.928039
 21
118.417586
  0
LINE
  5
984
100
AcDbEntity
  8
Layer 1
  6
ByLayer
 62
  256
370
   -1
100
AcDbLine
 10
84.928039
 20
118.417586
 11
84.742766
 21
118.343512
  0
LINE
  5
985
100
AcDbEntity
  8
Layer 1
  6
ByLayer
 62
  256
370
   -1
100
AcDbLine
 10
84.742766
 20
118.343512
 11
84.55285499999999
 21
118.417586
  0
LINE
  5
986
100
AcDbEntity
  8
Layer 1
  6
ByLayer
 62
  256
370
   -1
100
AcDbLine
 10
84.55285499999999
 20
118.417586
 11
84.487972
 21
118.59823
  0
LINE
  5
987
100
AcDbEntity
  8
Layer 1
  6
ByLayer
 62
  256
370
   -1
100
AcDbLine
 10
84.487972
 20
118.59823
 11
84.487972
 21
118.59823
  0
LINE
  5
988
100
AcDbEntity
  8
Layer 1
  6
ByLayer
 62
  256
370
   -1
100
AcDbLine
 10
85.09475399999999
 20
117.727429
 11
85.24297900000001
 21
117.806208
  0
LINE
  5
989
100
AcDbEntity
  8
Layer 1
  6
ByLayer
 62
  256
370
   -1
100
AcDbLine
 10
85.24297900000001
 20
117.806208
 11
85.35414400000001
 21
117.903478
  0
LINE
  5
98A
100
AcDbEntity
  8
Layer 1
  6
ByLayer
 62
  256
370
   -1
100
AcDbLine
 10
85.35414400000001
 20
117.903478
 11
85.42362300000001
 21
118.047063
  0
LINE
  5
98B
100
AcDbEntity
  8
Layer 1
  6
ByLayer
 62
  256
370
   -1
100
AcDbLine
 10
85.42362300000001
 20
118.047063
 11
85.451414
 21
118.264766
  0
LINE
  5
98C
100
AcDbEntity
  8
Layer 1
  6
ByLayer
 62
  256
370
   -1
100
AcDbLine
 10
85.451414
 20
118.264766
 11
85.451414
 21
120.534394
  0
LINE
  5
98D
100
AcDbEntity
  8
Layer 1
  6
ByLayer
 62
  256
370
   -1
100
AcDbLine
 10
85.451414
 20
120.534394
 11
85.520893
 21
120.552885
  0
LINE
  5
98E
100
AcDbEntity
  8
Layer 1
  6
ByLayer
 62
  256
370
   -1
100
AcDbLine
 10
85.520893
 20
120.552885
 11
85.62746300000001
 21
120.566781
  0
LINE
  5
98F
100
AcDbEntity
  8
Layer 1
  6
ByLayer
 62
  256
370
   -1
100
AcDbLine
 10
85.62746300000001
 20
120.566781
 11
85.822003
 21
120.395404
  0
LINE
  5
990
100
AcDbEntity
  8
Layer 1
  6
ByLayer
 62
  256
370
   -1
100
AcDbLine
 10
85.822003
 20
120.395404
 11
85.822003
 21
118.195255
  0
LINE
  5
991
100
AcDbEntity
  8
Layer 1
  6
ByLayer
 62
  256
370
   -1
100
AcDbLine
 10
85.822003
 20
118.195255
 11
85.76642
 21
117.861758
  0
LINE
  5
992
100
AcDbEntity
  8
Layer 1
  6
ByLayer
 62
  256
370
   -1
100
AcDbLine
 10
85.76642
 20
117.861758
 11
85.62746300000001
 21
117.648683
  0
LINE
  5
993
100
AcDbEntity
  8
Layer 1
  6
ByLayer
 62
  256
370
   -1
100
AcDbLine
 10
85.62746300000001
 20
117.648683
 11
85.46071499999999
 21
117.532889
  0
LINE
  5
994
100
AcDbEntity
  8
Layer 1
  6
ByLayer
 62
  256
370
   -1
100
AcDbLine
 10
85.46071499999999
 20
117.532889
 11
85.307862
 21
117.500502
  0
LINE
  5
995
100
AcDbEntity
  8
Layer 1
  6
ByLayer
 62
  256
370
   -1
100
AcDbLine
 10
85.307862
 20
117.500502
 11
85.145742
 21
117.569981
  0
LINE
  5
996
100
AcDbEntity
  8
Layer 1
  6
ByLayer
 62
  256
370
   -1
100
AcDbLine
 10
85.145742
 20
117.569981
 11
85.09475399999999
 21
117.727462
  0
LINE
  5
997
100
AcDbEntity
  8
Layer 1
  6
ByLayer
 62
  256
370
   -1
100
AcDbLine
 10
85.09475399999999
 20
117.727462
 11
85.09475399999999
 21
117.727429
  0
LINE
  5
998
100
AcDbEntity
  8
Layer 1
  6
ByLayer
 62
  256
370
   -1
100
AcDbLine
 10
85.395832
 20
121.219879
 11
85.46071499999999
 21
121.381999
  0
LINE
  5
999
100
AcDbEntity
  8
Layer 1
  6
ByLayer
 62
  256
370
   -1
100
AcDbLine
 10
85.46071499999999
 20
121.381999
 11
85.63672
 21
121.451478
  0
LINE
  5
99A
100
AcDbEntity
  8
Layer 1
  6
ByLayer
 62
  256
370
   -1
100
AcDbLine
 10
85.63672
 20
121.451478
 11
85.80810700000001
 21
121.381999
  0
LINE
  5
99B
100
AcDbEntity
  8
Layer 1
  6
ByLayer
 62
  256
370
   -1
100
AcDbLine
 10
85.80810700000001
 20
121.381999
 11
85.87299
 21
121.219879
  0
LINE
  5
99C
100
AcDbEntity
  8
Layer 1
  6
ByLayer
 62
  256
370
   -1
100
AcDbLine
 10
85.87299
 20
121.219879
 11
85.80810700000001
 21
121.053131
  0
LINE
  5
99D
100
AcDbEntity
  8
Layer 1
  6
ByLayer
 62
  256
370
   -1
100
AcDbLine
 10
85.80810700000001
 20
121.053131
 11
85.63672
 21
120.988248
  0
LINE
  5
99E
100
AcDbEntity
  8
Layer 1
  6
ByLayer
 62
  256
370
   -1
100
AcDbLine
 10
85.63672
 20
120.988248
 11
85.46071499999999
 21
121.053131
  0
LINE
  5
99F
100
AcDbEntity
  8
Layer 1
  6
ByLayer
 62
  256
370
   -1
100
AcDbLine
 10
85.46071499999999
 20
121.053131
 11
85.395832
 21
121.219879
  0
LINE
  5
9A0
100
AcDbEntity
  8
Layer 1
  6
ByLayer
 62
  256
370
   -1
100
AcDbLine
 10
85.395832
 20
121.219879
 11
85.395832
 21
121.219879
  0
LINE
  5
9A1
100
AcDbEntity
  8
Layer 1
  6
ByLayer
 62
  256
370
   -1
100
AcDbLine
 10
87.304171
 20
118.644546
 11
87.623773
 21
118.681637
  0
LINE
  5
9A2
100
AcDbEntity
  8
Layer 1
  6
ByLayer
 62
  256
370
   -1
100
AcDbLine
 10
87.623773
 20
118.681637
 11
87.809056
 21
118.760416
  0
LINE
  5
9A3
100
AcDbEntity
  8
Layer 1
  6
ByLayer
 62
  256
370
   -1
100
AcDbLine
 10
87.809056
 20
118.760416
 11
87.809056
 21
119.432038
  0
LINE
  5
9A4
100
AcDbEntity
  8
Layer 1
  6
ByLayer
 62
  256
370
   -1
100
AcDbLine
 10
87.809056
 20
119.432038
 11
87.23469299999999
 21
119.37186
  0
LINE
  5
9A5
100
AcDbEntity
  8
Layer 1
  6
ByLayer
 62
  256
370
   -1
100
AcDbLine
 10
87.23469299999999
 20
119.37186
 11
86.878044
 21
119.260694
  0
LINE
  5
9A6
100
AcDbEntity
  8
Layer 1
  6
ByLayer
 62
  256
370
   -1
100
AcDbLine
 10
86.878044
 20
119.260694
 11
86.76223899999999
 21
119.010572
  0
LINE
  5
9A7
100
AcDbEntity
  8
Layer 1
  6
ByLayer
 62
  256
370
   -1
100
AcDbLine
 10
86.76223899999999
 20
119.010572
 11
86.896568
 21
118.737297
  0
LINE
  5
9A8
100
AcDbEntity
  8
Layer 1
  6
ByLayer
 62
  256
370
   -1
100
AcDbLine
 10
86.896568
 20
118.737297
 11
87.304171
 21
118.644622
  0
LINE
  5
9A9
100
AcDbEntity
  8
Layer 1
  6
ByLayer
 62
  256
370
   -1
100
AcDbLine
 10
87.304171
 20
118.644622
 11
87.304171
 21
118.644546
  0
LINE
  5
9AA
100
AcDbEntity
  8
Layer 1
  6
ByLayer
 62
  256
370
   -1
100
AcDbLine
 10
87.299795
 20
120.60384
 11
87.938997
 21
120.423196
  0
LINE
  5
9AB
100
AcDbEntity
  8
Layer 1
  6
ByLayer
 62
  256
370
   -1
100
AcDbLine
 10
87.938997
 20
120.423196
 11
88.175224
 21
119.853472
  0
LINE
  5
9AC
100
AcDbEntity
  8
Layer 1
  6
ByLayer
 62
  256
370
   -1
100
AcDbLine
 10
88.175224
 20
119.853472
 11
88.175224
 21
118.755711
  0
LINE
  5
9AD
100
AcDbEntity
  8
Layer 1
  6
ByLayer
 62
  256
370
   -1
100
AcDbLine
 10
88.175224
 20
118.755711
 11
88.133537
 21
118.59823
  0
LINE
  5
9AE
100
AcDbEntity
  8
Layer 1
  6
ByLayer
 62
  256
370
   -1
100
AcDbLine
 10
88.133537
 20
118.59823
 11
88.017743
 21
118.50096
  0
LINE
  5
9AF
100
AcDbEntity
  8
Layer 1
  6
ByLayer
 62
  256
370
   -1
100
AcDbLine
 10
88.017743
 20
118.50096
 11
87.721294
 21
118.389795
  0
LINE
  5
9B0
100
AcDbEntity
  8
Layer 1
  6
ByLayer
 62
  256
370
   -1
100
AcDbLine
 10
87.721294
 20
118.389795
 11
87.304423
 21
118.338807
  0
LINE
  5
9B1
100
AcDbEntity
  8
Layer 1
  6
ByLayer
 62
  256
370
   -1
100
AcDbLine
 10
87.304423
 20
118.338807
 11
86.628173
 21
118.510184
  0
LINE
  5
9B2
100
AcDbEntity
  8
Layer 1
  6
ByLayer
 62
  256
370
   -1
100
AcDbLine
 10
86.628173
 20
118.510184
 11
86.391946
 21
119.005801
  0
LINE
  5
9B3
100
AcDbEntity
  8
Layer 1
  6
ByLayer
 62
  256
370
   -1
100
AcDbLine
 10
86.391946
 20
119.005801
 11
86.591114
 21
119.464359
  0
LINE
  5
9B4
100
AcDbEntity
  8
Layer 1
  6
ByLayer
 62
  256
370
   -1
100
AcDbLine
 10
86.591114
 20
119.464359
 11
87.15157000000001
 21
119.658899
  0
LINE
  5
9B5
100
AcDbEntity
  8
Layer 1
  6
ByLayer
 62
  256
370
   -1
100
AcDbLine
 10
87.15157000000001
 20
119.658899
 11
87.809308
 21
119.723782
  0
LINE
  5
9B6
100
AcDbEntity
  8
Layer 1
  6
ByLayer
 62
  256
370
   -1
100
AcDbLine
 10
87.809308
 20
119.723782
 11
87.809308
 21
119.853472
  0
LINE
  5
9B7
100
AcDbEntity
  8
Layer 1
  6
ByLayer
 62
  256
370
   -1
100
AcDbLine
 10
87.809308
 20
119.853472
 11
87.670351
 21
120.191597
  0
LINE
  5
9B8
100
AcDbEntity
  8
Layer 1
  6
ByLayer
 62
  256
370
   -1
100
AcDbLine
 10
87.670351
 20
120.191597
 11
87.29516700000001
 21
120.298167
  0
LINE
  5
9B9
100
AcDbEntity
  8
Layer 1
  6
ByLayer
 62
  256
370
   -1
100
AcDbLine
 10
87.29516700000001
 20
120.298167
 11
86.929239
 21
120.242584
  0
LINE
  5
9BA
100
AcDbEntity
  8
Layer 1
  6
ByLayer
 62
  256
370
   -1
100
AcDbLine
 10
86.929239
 20
120.242584
 11
86.62353400000001
 21
120.117523
  0
LINE
  5
9BB
100
AcDbEntity
  8
Layer 1
  6
ByLayer
 62
  256
370
   -1
100
AcDbLine
 10
86.62353400000001
 20
120.117523
 11
86.55405500000001
 21
120.191597
  0
LINE
  5
9BC
100
AcDbEntity
  8
Layer 1
  6
ByLayer
 62
  256
370
   -1
100
AcDbLine
 10
86.55405500000001
 20
120.191597
 11
86.526264
 21
120.284272
  0
LINE
  5
9BD
100
AcDbEntity
  8
Layer 1
  6
ByLayer
 62
  256
370
   -1
100
AcDbLine
 10
86.526264
 20
120.284272
 11
86.55865
 21
120.390842
  0
LINE
  5
9BE
100
AcDbEntity
  8
Layer 1
  6
ByLayer
 62
  256
370
   -1
100
AcDbLine
 10
86.55865
 20
120.390842
 11
86.660516
 21
120.469621
  0
LINE
  5
9BF
100
AcDbEntity
  8
Layer 1
  6
ByLayer
 62
  256
370
   -1
100
AcDbLine
 10
86.660516
 20
120.469621
 11
86.94769700000001
 21
120.566891
  0
LINE
  5
9C0
100
AcDbEntity
  8
Layer 1
  6
ByLayer
 62
  256
370
   -1
100
AcDbLine
 10
86.94769700000001
 20
120.566891
 11
87.299718
 21
120.603982
  0
LINE
  5
9C1
100
AcDbEntity
  8
Layer 1
  6
ByLayer
 62
  256
370
   -1
100
AcDbLine
 10
87.299718
 20
120.603982
 11
87.299795
 21
120.60384
  0
LINE
  5
9C2
100
AcDbEntity
  8
Layer 1
  6
ByLayer
 62
  256
370
   -1
100
AcDbLine
 10
89.583319
 20
118.343468
 11
89.05528200000001
 21
118.487065
  0
LINE
  5
9C3
100
AcDbEntity
  8
Layer 1
  6
ByLayer
 62
  256
370
   -1
100
AcDbLine
 10
89.05528200000001
 20
118.487065
 11
88.85611400000001
 21
118.964147
  0
LINE
  5
9C4
100
AcDbEntity
  8
Layer 1
  6
ByLayer
 62
  256
370
   -1
100
AcDbLine
 10
88.85611400000001
 20
118.964147
 11
88.85611400000001
 21
121.164296
  0
LINE
  5
9C5
100
AcDbEntity
  8
Layer 1
  6
ByLayer
 62
  256
370
   -1
100
AcDbLine
 10
88.85611400000001
 20
121.164296
 11
88.92559199999999
 21
121.182788
  0
LINE
  5
9C6
100
AcDbEntity
  8
Layer 1
  6
ByLayer
 62
  256
370
   -1
100
AcDbLine
 10
88.92559199999999
 20
121.182788
 11
89.032163
 21
121.196683
  0
LINE
  5
9C7
100
AcDbEntity
  8
Layer 1
  6
ByLayer
 62
  256
370
   -1
100
AcDbLine
 10
89.032163
 20
121.196683
 11
89.226702
 21
121.029935
  0
LINE
  5
9C8
100
AcDbEntity
  8
Layer 1
  6
ByLayer
 62
  256
370
   -1
100
AcDbLine
 10
89.226702
 20
121.029935
 11
89.226702
 21
120.49727
  0
LINE
  5
9C9
100
AcDbEntity
  8
Layer 1
  6
ByLayer
 62
  256
370
   -1
100
AcDbLine
 10
89.226702
 20
120.49727
 11
89.986327
 21
120.49727
  0
LINE
  5
9CA
100
AcDbEntity
  8
Layer 1
  6
ByLayer
 62
  256
370
   -1
100
AcDbLine
 10
89.986327
 20
120.49727
 11
90.014118
 21
120.432387
  0
LINE
  5
9CB
100
AcDbEntity
  8
Layer 1
  6
ByLayer
 62
  256
370
   -1
100
AcDbLine
 10
90.014118
 20
120.432387
 11
90.028014
 21
120.349012
  0
LINE
  5
9CC
100
AcDbEntity
  8
Layer 1
  6
ByLayer
 62
  256
370
   -1
100
AcDbLine
 10
90.028014
 20
120.349012
 11
89.88905699999999
 21
120.19152
  0
LINE
  5
9CD
100
AcDbEntity
  8
Layer 1
  6
ByLayer
 62
  256
370
   -1
100
AcDbLine
 10
89.88905699999999
 20
120.19152
 11
89.226484
 21
120.19152
  0
LINE
  5
9CE
100
AcDbEntity
  8
Layer 1
  6
ByLayer
 62
  256
370
   -1
100
AcDbLine
 10
89.226484
 20
120.19152
 11
89.226484
 21
118.987233
  0
LINE
  5
9CF
100
AcDbEntity
  8
Layer 1
  6
ByLayer
 62
  256
370
   -1
100
AcDbLine
 10
89.226484
 20
118.987233
 11
89.328349
 21
118.723215
  0
LINE
  5
9D0
100
AcDbEntity
  8
Layer 1
  6
ByLayer
 62
  256
370
   -1
100
AcDbLine
 10
89.328349
 20
118.723215
 11
89.624787
 21
118.649141
  0
LINE
  5
9D1
100
AcDbEntity
  8
Layer 1
  6
ByLayer
 62
  256
370
   -1
100
AcDbLine
 10
89.624787
 20
118.649141
 11
89.800803
 21
118.676932
  0
LINE
  5
9D2
100
AcDbEntity
  8
Layer 1
  6
ByLayer
 62
  256
370
   -1
100
AcDbLine
 10
89.800803
 20
118.676932
 11
89.962923
 21
118.741815
  0
LINE
  5
9D3
100
AcDbEntity
  8
Layer 1
  6
ByLayer
 62
  256
370
   -1
100
AcDbLine
 10
89.962923
 20
118.741815
 11
90.01391
 21
118.672337
  0
LINE
  5
9D4
100
AcDbEntity
  8
Layer 1
  6
ByLayer
 62
  256
370
   -1
100
AcDbLine
 10
90.01391
 20
118.672337
 11
90.03710599999999
 21
118.575067
  0
LINE
  5
9D5
100
AcDbEntity
  8
Layer 1
  6
ByLayer
 62
  256
370
   -1
100
AcDbLine
 10
90.03710599999999
 20
118.575067
 11
89.916673
 21
118.408319
  0
LINE
  5
9D6
100
AcDbEntity
  8
Layer 1
  6
ByLayer
 62
  256
370
   -1
100
AcDbLine
 10
89.916673
 20
118.408319
 11
89.58317599999999
 21
118.343435
  0
LINE
  5
9D7
100
AcDbEntity
  8
Layer 1
  6
ByLayer
 62
  256
370
   -1
100
AcDbLine
 10
89.58317599999999
 20
118.343435
 11
89.583319
 21
118.343468
  0
LINE
  5
9D8
100
AcDbEntity
  8
Layer 1
  6
ByLayer
 62
  256
370
   -1
100
AcDbLine
 10
91.366608
 20
118.644546
 11
91.68620900000001
 21
118.681637
  0
LINE
  5
9D9
100
AcDbEntity
  8
Layer 1
  6
ByLayer
 62
  256
370
   -1
100
AcDbLine
 10
91.68620900000001
 20
118.681637
 11
91.871482
 21
118.760416
  0
LINE
  5
9DA
100
AcDbEntity
  8
Layer 1
  6
ByLayer
 62
  256
370
   -1
100
AcDbLine
 10
91.871482
 20
118.760416
 11
91.871482
 21
119.432038
  0
LINE
  5
9DB
100
AcDbEntity
  8
Layer 1
  6
ByLayer
 62
  256
370
   -1
100
AcDbLine
 10
91.871482
 20
119.432038
 11
91.29713
 21
119.37186
  0
LINE
  5
9DC
100
AcDbEntity
  8
Layer 1
  6
ByLayer
 62
  256
370
   -1
100
AcDbLine
 10
91.29713
 20
119.37186
 11
90.94047
 21
119.260694
  0
LINE
  5
9DD
100
AcDbEntity
  8
Layer 1
  6
ByLayer
 62
  256
370
   -1
100
AcDbLine
 10
90.94047
 20
119.260694
 11
90.824676
 21
119.010572
  0
LINE
  5
9DE
100
AcDbEntity
  8
Layer 1
  6
ByLayer
 62
  256
370
   -1
100
AcDbLine
 10
90.824676
 20
119.010572
 11
90.95899300000001
 21
118.737297
  0
LINE
  5
9DF
100
AcDbEntity
  8
Layer 1
  6
ByLayer
 62
  256
370
   -1
100
AcDbLine
 10
90.95899300000001
 20
118.737297
 11
91.366608
 21
118.644622
  0
LINE
  5
9E0
100
AcDbEntity
  8
Layer 1
  6
ByLayer
 62
  256
370
   -1
100
AcDbLine
 10
91.366608
 20
118.644622
 11
91.366608
 21
118.644546
  0
LINE
  5
9E1
100
AcDbEntity
  8
Layer 1
  6
ByLayer
 62
  256
370
   -1
100
AcDbLine
 10
91.36223200000001
 20
120.60384
 11
92.001434
 21
120.423196
  0
LINE
  5
9E2
100
AcDbEntity
  8
Layer 1
  6
ByLayer
 62
  256
370
   -1
100
AcDbLine
 10
92.001434
 20
120.423196
 11
92.237661
 21
119.853472
  0
LINE
  5
9E3
100
AcDbEntity
  8
Layer 1
  6
ByLayer
 62
  256
370
   -1
100
AcDbLine
 10
92.237661
 20
119.853472
 11
92.237661
 21
118.755711
  0
LINE
  5
9E4
100
AcDbEntity
  8
Layer 1
  6
ByLayer
 62
  256
370
   -1
100
AcDbLine
 10
92.237661
 20
118.755711
 11
92.19597400000001
 21
118.59823
  0
LINE
  5
9E5
100
AcDbEntity
  8
Layer 1
  6
ByLayer
 62
  256
370
   -1
100
AcDbLine
 10
92.19597400000001
 20
118.59823
 11
92.08018
 21
118.50096
  0
LINE
  5
9E6
100
AcDbEntity
  8
Layer 1
  6
ByLayer
 62
  256
370
   -1
100
AcDbLine
 10
92.08018
 20
118.50096
 11
91.783742
 21
118.389795
  0
LINE
  5
9E7
100
AcDbEntity
  8
Layer 1
  6
ByLayer
 62
  256
370
   -1
100
AcDbLine
 10
91.783742
 20
118.389795
 11
91.366871
 21
118.338807
  0
LINE
  5
9E8
100
AcDbEntity
  8
Layer 1
  6
ByLayer
 62
  256
370
   -1
100
AcDbLine
 10
91.366871
 20
118.338807
 11
90.69060899999999
 21
118.510184
  0
LINE
  5
9E9
100
AcDbEntity
  8
Layer 1
  6
ByLayer
 62
  256
370
   -1
100
AcDbLine
 10
90.69060899999999
 20
118.510184
 11
90.454382
 21
119.005801
  0
LINE
  5
9EA
100
AcDbEntity
  8
Layer 1
  6
ByLayer
 62
  256
370
   -1
100
AcDbLine
 10
90.454382
 20
119.005801
 11
90.65355099999999
 21
119.464359
  0
LINE
  5
9EB
100
AcDbEntity
  8
Layer 1
  6
ByLayer
 62
  256
370
   -1
100
AcDbLine
 10
90.65355099999999
 20
119.464359
 11
91.214018
 21
119.658899
  0
LINE
  5
9EC
100
AcDbEntity
  8
Layer 1
  6
ByLayer
 62
  256
370
   -1
100
AcDbLine
 10
91.214018
 20
119.658899
 11
91.87174400000001
 21
119.723782
  0
LINE
  5
9ED
100
AcDbEntity
  8
Layer 1
  6
ByLayer
 62
  256
370
   -1
100
AcDbLine
 10
91.87174400000001
 20
119.723782
 11
91.87174400000001
 21
119.853472
  0
LINE
  5
9EE
100
AcDbEntity
  8
Layer 1
  6
ByLayer
 62
  256
370
   -1
100
AcDbLine
 10
91.87174400000001
 20
119.853472
 11
91.732787
 21
120.191597
  0
LINE
  5
9EF
100
AcDbEntity
  8
Layer 1
  6
ByLayer
 62
  256
370
   -1
100
AcDbLine
 10
91.732787
 20
120.191597
 11
91.357603
 21
120.298167
  0
LINE
  5
9F0
100
AcDbEntity
  8
Layer 1
  6
ByLayer
 62
  256
370
   -1
100
AcDbLine
 10
91.357603
 20
120.298167
 11
90.991687
 21
120.242584
  0
LINE
  5
9F1
100
AcDbEntity
  8
Layer 1
  6
ByLayer
 62
  256
370
   -1
100
AcDbLine
 10
90.991687
 20
120.242584
 11
90.685981
 21
120.117523
  0
LINE
  5
9F2
100
AcDbEntity
  8
Layer 1
  6
ByLayer
 62
  256
370
   -1
100
AcDbLine
 10
90.685981
 20
120.117523
 11
90.61650299999999
 21
120.191597
  0
LINE
  5
9F3
100
AcDbEntity
  8
Layer 1
  6
ByLayer
 62
  256
370
   -1
100
AcDbLine
 10
90.61650299999999
 20
120.191597
 11
90.588711
 21
120.284272
  0
LINE
  5
9F4
100
AcDbEntity
  8
Layer 1
  6
ByLayer
 62
  256
370
   -1
100
AcDbLine
 10
90.588711
 20
120.284272
 11
90.621098
 21
120.390842
  0
LINE
  5
9F5
100
AcDbEntity
  8
Layer 1
  6
ByLayer
 62
  256
370
   -1
100
AcDbLine
 10
90.621098
 20
120.390842
 11
90.72296299999999
 21
120.469621
  0
LINE
  5
9F6
100
AcDbEntity
  8
Layer 1
  6
ByLayer
 62
  256
370
   -1
100
AcDbLine
 10
90.72296299999999
 20
120.469621
 11
91.01014499999999
 21
120.566891
  0
LINE
  5
9F7
100
AcDbEntity
  8
Layer 1
  6
ByLayer
 62
  256
370
   -1
100
AcDbLine
 10
91.01014499999999
 20
120.566891
 11
91.362166
 21
120.603982
  0
LINE
  5
9F8
100
AcDbEntity
  8
Layer 1
  6
ByLayer
 62
  256
370
   -1
100
AcDbLine
 10
91.362166
 20
120.603982
 11
91.36223200000001
 21
120.60384
  0
LINE
  5
9F9
100
AcDbEntity
  8
Layer 1
  6
ByLayer
 62
  256
370
   -1
100
AcDbLine
 10
93.30763
 20
118.412947
 11
93.238152
 21
118.394456
  0
LINE
  5
9FA
100
AcDbEntity
  8
Layer 1
  6
ByLayer
 62
  256
370
   -1
100
AcDbLine
 10
93.238152
 20
118.394456
 11
93.136286
 21
118.38056
  0
LINE
  5
9FB
100
AcDbEntity
  8
Layer 1
  6
ByLayer
 62
  256
370
   -1
100
AcDbLine
 10
93.136286
 20
118.38056
 11
92.937118
 21
118.547308
  0
LINE
  5
9FC
100
AcDbEntity
  8
Layer 1
  6
ByLayer
 62
  256
370
   -1
100
AcDbLine
 10
92.937118
 20
118.547308
 11
92.937118
 21
120.534394
  0
LINE
  5
9FD
100
AcDbEntity
  8
Layer 1
  6
ByLayer
 62
  256
370
   -1
100
AcDbLine
 10
92.937118
 20
120.534394
 11
93.006597
 21
120.552885
  0
LINE
  5
9FE
100
AcDbEntity
  8
Layer 1
  6
ByLayer
 62
  256
370
   -1
100
AcDbLine
 10
93.006597
 20
120.552885
 11
93.113167
 21
120.566781
  0
LINE
  5
9FF
100
AcDbEntity
  8
Layer 1
  6
ByLayer
 62
  256
370
   -1
100
AcDbLine
 10
93.113167
 20
120.566781
 11
93.30770699999999
 21
120.395404
  0
LINE
  5
A00
100
AcDbEntity
  8
Layer 1
  6
ByLayer
 62
  256
370
   -1
100
AcDbLine
 10
93.30770699999999
 20
120.395404
 11
93.30763
 21
118.412947
  0
LINE
  5
A01
100
AcDbEntity
  8
Layer 1
  6
ByLayer
 62
  256
370
   -1
100
AcDbLine
 10
92.881503
 20
121.219879
 11
92.946386
 21
121.381999
  0
LINE
  5
A02
100
AcDbEntity
  8
Layer 1
  6
ByLayer
 62
  256
370
   -1
100
AcDbLine
 10
92.946386
 20
121.381999
 11
93.12240199999999
 21
121.451478
  0
LINE
  5
A03
100
AcDbEntity
  8
Layer 1
  6
ByLayer
 62
  256
370
   -1
100
AcDbLine
 10
93.12240199999999
 20
121.451478
 11
93.293778
 21
121.381999
  0
LINE
  5
A04
100
AcDbEntity
  8
Layer 1
  6
ByLayer
 62
  256
370
   -1
100
AcDbLine
 10
93.293778
 20
121.381999
 11
93.358661
 21
121.219879
  0
LINE
  5
A05
100
AcDbEntity
  8
Layer 1
  6
ByLayer
 62
  256
370
   -1
100
AcDbLine
 10
93.358661
 20
121.219879
 11
93.293778
 21
121.053131
  0
LINE
  5
A06
100
AcDbEntity
  8
Layer 1
  6
ByLayer
 62
  256
370
   -1
100
AcDbLine
 10
93.293778
 20
121.053131
 11
93.12240199999999
 21
120.988248
  0
LINE
  5
A07
100
AcDbEntity
  8
Layer 1
  6
ByLayer
 62
  256
370
   -1
100
AcDbLine
 10
93.12240199999999
 20
120.988248
 11
92.946386
 21
121.053131
  0
LINE
  5
A08
100
AcDbEntity
  8
Layer 1
  6
ByLayer
 62
  256
370
   -1
100
AcDbLine
 10
92.946386
 20
121.053131
 11
92.881503
 21
121.219879
  0
LINE
  5
A09
100
AcDbEntity
  8
Layer 1
  6
ByLayer
 62
  256
370
   -1
100
AcDbLine
 10
92.881503
 20
121.219879
 11
92.881503
 21
121.219879
  0
LINE
  5
A0A
100
AcDbEntity
  8
Layer 1
  6
ByLayer
 62
  256
370
   -1
100
AcDbLine
 10
64.230474
 20
127.659488
 11
63.588815
 21
127.563405
  0
LINE
  5
A0B
100
AcDbEntity
  8
Layer 1
  6
ByLayer
 62
  256
370
   -1
100
AcDbLine
 10
63.588815
 20
127.563405
 11
63.014719
 21
127.290693
  0
LINE
  5
A0C
100
AcDbEntity
  8
Layer 1
  6
ByLayer
 62
  256
370
   -1
100
AcDbLine
 10
63.014719
 20
127.290693
 11
62.54307
 21
126.86466
  0
LINE
  5
A0D
100
AcDbEntity
  8
Layer 1
  6
ByLayer
 62
  256
370
   -1
100
AcDbLine
 10
62.54307
 20
126.86466
 11
62.208748
 21
126.308614
  0
LINE
  5
A0E
100
AcDbEntity
  8
Layer 1
  6
ByLayer
 62
  256
370
   -1
100
AcDbLine
 10
62.208748
 20
126.308614
 11
62.051965
 21
125.679029
  0
LINE
  5
A0F
100
AcDbEntity
  8
Layer 1
  6
ByLayer
 62
  256
370
   -1
100
AcDbLine
 10
62.051965
 20
125.679029
 11
62.084221
 21
125.044272
  0
LINE
  5
A10
100
AcDbEntity
  8
Layer 1
  6
ByLayer
 62
  256
370
   -1
100
AcDbLine
 10
62.084221
 20
125.044272
 11
62.297332
 21
124.445489
  0
LINE
  5
A11
100
AcDbEntity
  8
Layer 1
  6
ByLayer
 62
  256
370
   -1
100
AcDbLine
 10
62.297332
 20
124.445489
 11
62.683112
 21
123.923826
  0
LINE
  5
A12
100
AcDbEntity
  8
Layer 1
  6
ByLayer
 62
  256
370
   -1
100
AcDbLine
 10
62.683112
 20
123.923826
 11
63.204774
 21
123.538046
  0
LINE
  5
A13
100
AcDbEntity
  8
Layer 1
  6
ByLayer
 62
  256
370
   -1
100
AcDbLine
 10
63.204774
 20
123.538046
 11
63.803557
 21
123.324936
  0
LINE
  5
A14
100
AcDbEntity
  8
Layer 1
  6
ByLayer
 62
  256
370
   -1
100
AcDbLine
 10
63.803557
 20
123.324936
 11
64.438315
 21
123.29268
  0
LINE
  5
A15
100
AcDbEntity
  8
Layer 1
  6
ByLayer
 62
  256
370
   -1
100
AcDbLine
 10
64.438315
 20
123.29268
 11
65.06789999999999
 21
123.449463
  0
LINE
  5
A16
100
AcDbEntity
  8
Layer 1
  6
ByLayer
 62
  256
370
   -1
100
AcDbLine
 10
65.06789999999999
 20
123.449463
 11
65.623946
 21
123.783784
  0
LINE
  5
A17
100
AcDbEntity
  8
Layer 1
  6
ByLayer
 62
  256
370
   -1
100
AcDbLine
 10
65.623946
 20
123.783784
 11
66.04997899999999
 21
124.255434
  0
LINE
  5
A18
100
AcDbEntity
  8
Layer 1
  6
ByLayer
 62
  256
370
   -1
100
AcDbLine
 10
66.04997899999999
 20
124.255434
 11
66.32268999999999
 21
124.829529
  0
LINE
  5
A19
100
AcDbEntity
  8
Layer 1
  6
ByLayer
 62
  256
370
   -1
100
AcDbLine
 10
66.32268999999999
 20
124.829529
 11
66.418774
 21
125.471188
  0
LINE
  5
A1A
100
AcDbEntity
  8
Layer 1
  6
ByLayer
 62
  256
370
   -1
100
AcDbLine
 10
66.418774
 20
125.471188
 11
66.252199
 21
126.308614
  0
LINE
  5
A1B
100
AcDbEntity
  8
Layer 1
  6
ByLayer
 62
  256
370
   -1
100
AcDbLine
 10
66.252199
 20
126.308614
 11
65.777835
 21
127.01855
  0
LINE
  5
A1C
100
AcDbEntity
  8
Layer 1
  6
ByLayer
 62
  256
370
   -1
100
AcDbLine
 10
65.777835
 20
127.01855
 11
65.06789999999999
 21
127.492914
  0
LINE
  5
A1D
100
AcDbEntity
  8
Layer 1
  6
ByLayer
 62
  256
370
   -1
100
AcDbLine
 10
65.06789999999999
 20
127.492914
 11
64.230474
 21
127.659488
  0
LINE
  5
A1E
100
AcDbEntity
  8
Layer 1
  6
ByLayer
 62
  256
370
   -1
100
AcDbLine
 10
64.230474
 20
127.659488
 11
64.230474
 21
127.659488
  0
LWPOLYLINE
  5
A1F
100
AcDbEntity
  8
0
  6
ByLayer
 62
  256
370
   -1
100
AcDbPolyline
 90
    6
 70
    1
 43
0
 10
15.256004
 20
98.26752399999999
 10
21.359704
 20
132.747619
 10
12.236969
 20
132.747619
 10
14.337168
 20
145.267581
 10
40.917798
 20
145.267581
 10
32.582637
 20
98.26752399999999
  0
INSERT
  5
A20
100
AcDbEntity
  8
0
  6
ByLayer
 62
  256
370
   -1
100
AcDbBlockReference
  2
chaveiro2
 10
31.523333
 20
110.848981
 30
0
 41
1
 42
1
 43
0
 50
0
 70
    1
 71
    1
 44
0
 45
0
  0
INSERT
  5
A21
100
AcDbEntity
  8
0
  6
ByLayer
 62
  256
370
   -1
100
AcDbBlockReference
  2
texto
 10
17.05872334972556
 20
94.863035275597
 30
0
 41
1
 42
1
 43
0
 50
0
 70
    1
 71
    1
 44
0
 45
0
  0
INSERT
  5
A22
100
AcDbEntity
  8
0
  6
ByLayer
 62
  256
370
   -1
100
AcDbBlockReference
  2
texto
 10
66.94731034972557
 20
94.863090775597
 30
0
 41
1
 42
1
 43
0
 50
0
 70
    1
 71
    1
 44
1
 45
1
  0
INSERT
  5
A23
100
AcDbEntity
  8
0
  6
ByLayer
 62
  256
370
   -1
100
AcDbBlockReference
  2
texto
 10
116.9473103497256
 20
94.863090775597
 30
0
 41
1
 42
1
 43
0
 50
0
 70
    1
 71
    1
 44
1
 45
1
  0
INSERT
  5
A24
100
AcDbEntity
  8
0
  6
ByLayer
 62
  256
370
   -1
100
AcDbBlockReference
  2
texto
 10
166.9473103497256
 20
94.863090775597
 30
0
 41
1
 42
1
 43
0
 50
0
 70
    1
 71
    1
 44
1
 45
1
  0
LWPOLYLINE
  5
A25
100
AcDbEntity
  8
0
  6
ByLayer
 62
  256
370
   -1
100
AcDbPolyline
 90
   15
 70
    1
 43
0
 10
155.663583
 20
138.867249
 10
158.57424
 20
138.867249
 10
158.134502
 20
136.239799
 10
160.197097
 20
136.239799
 10
160.636835
 20
138.867249
 10
163.547492
 20
138.867249
 10
162.291097
 20
131.36943
 10
159.390906
 20
131.36943
 10
159.86205
 20
134.242524
 10
156.78387
 20
134.242524
 10
156.647763
 20
134.210507
 10
156.584991
 20
134.082337
 10
157.778574
 20
134.082337
 10
157.32836
 20
131.36946
 10
154.417654
 20
131.36943
  0
LWPOLYLINE
  5
A26
100
AcDbEntity
  8
0
  6
ByLayer
 62
  256
370
   -1
100
AcDbPolyline
 90
   30
 70
    1
 43
0
 10
167.128241
 20
136.517501
 10
167.065371
 20
136.122315
 10
166.981609
 20
135.598968
 10
166.887353
 20
135.032887
 10
166.793096
 20
134.456131
 10
166.719829
 20
133.975508
 10
166.667454
 20
133.644407
 10
166.646464
 20
133.50556
 10
166.646464
 20
133.462837
 10
166.698839
 20
133.420114
 10
166.772106
 20
133.37739
 10
166.834977
 20
133.366684
 10
169.012739
 20
133.366684
 10
169.148847
 20
133.398701
 10
169.211619
 20
133.494854
 10
169.243004
 20
133.708471
 10
169.316271
 20
134.114334
 10
169.400033
 20
134.627005
 10
169.494289
 20
135.203761
 10
169.588546
 20
135.769831
 10
169.672307
 20
136.250465
 10
169.724683
 20
136.592242
 10
169.745673
 20
136.731098
 10
169.693297
 20
136.816545
 10
169.620031
 20
136.859268
 10
169.546764
 20
136.869974
 10
167.369002
 20
136.869974
 10
167.232894
 20
136.827251
 10
167.170023
 20
136.741804
 10
167.170122
 20
136.741794
  0
LWPOLYLINE
  5
A27
100
AcDbEntity
  8
0
  6
ByLayer
 62
  256
370
   -1
100
AcDbPolyline
 90
   24
 70
    1
 43
0
 10
171.703626
 20
138.792508
 10
172.132899
 20
138.568215
 10
172.478411
 20
138.151667
 10
172.624993
 20
137.510836
 10
172.624993
 20
137.393341
 10
172.614499
 20
137.275857
 10
171.808308
 20
132.490925
 10
171.609379
 20
131.956892
 10
171.274342
 20
131.615115
 10
170.88695
 20
131.422859
 10
170.530973
 20
131.36943
 10
165.055161
 20
131.36943
 10
164.678234
 20
131.433464
 10
164.248971
 20
131.657767
 10
163.903459
 20
132.074306
 10
163.756876
 20
132.725833
 10
163.756876
 20
132.843317
 10
163.777866
 20
132.960801
 10
164.573591
 20
137.745734
 10
164.77252
 20
138.279767
 10
165.107557
 20
138.621544
 10
165.494949
 20
138.803124
 10
165.850926
 20
138.867259
 10
171.326708
 20
138.867249
  0
LWPOLYLINE
  5
A28
100
AcDbEntity
  8
0
  6
ByLayer
 62
  256
370
   -1
100
AcDbPolyline
 90
   24
 70
    1
 43
0
 10
180.66595
 20
138.867249
 10
181.042877
 20
138.792508
 10
181.472141
 20
138.568215
 10
181.817652
 20
138.151667
 10
181.964235
 20
137.510836
 10
181.95374
 20
137.393341
 10
181.943245
 20
137.275857
 10
180.959066
 20
131.36946
 10
178.111221
 20
131.36946
 10
178.142607
 20
131.572391
 10
178.205378
 20
131.914169
 10
178.320555
 20
132.544324
 10
178.456663
 20
133.366735
 10
178.603246
 20
134.285278
 10
178.760294
 20
135.193126
 10
178.885936
 20
135.962137
 10
178.980193
 20
136.506846
 10
179.011579
 20
136.731149
 10
178.938312
 20
136.827302
 10
178.81267
 20
136.870025
 10
176.613967
 20
136.870025
 10
175.692609
 20
131.36949
 10
172.844774
 20
131.36949
 10
174.090792
 20
138.867249
  0
LWPOLYLINE
  5
A29
100
AcDbEntity
  8
0
  6
ByLayer
 62
  256
370
   -1
100
AcDbPolyline
 90
   19
 70
    1
 43
0
 10
183.419568
 20
138.867249
 10
189.513117
 20
138.867249
 10
189.890034
 20
138.792508
 10
190.319308
 20
138.568215
 10
190.664809
 20
138.151667
 10
190.811392
 20
137.510836
 10
190.811392
 20
137.393341
 10
190.790402
 20
137.275857
 10
190.329723
 20
134.520247
 10
190.1622
 20
134.028938
 10
189.869044
 20
133.697836
 10
189.513067
 20
133.494905
 10
189.178021
 20
133.409458
 10
189.586354
 20
131.36946
 10
186.979328
 20
131.36946
 10
186.570995
 20
133.398782
 10
185.356472
 20
133.398782
 10
185.021435
 20
131.36946
 10
182.173639
 20
131.36943
  0
LWPOLYLINE
  5
A2A
100
AcDbEntity
  8
0
  6
ByLayer
 62
  256
370
   -1
100
AcDbPolyline
 90
   14
 70
    1
 43
0
 10
187.597105
 20
135.43876
 10
187.659975
 20
135.524207
 10
187.701856
 20
135.769861
 10
187.764727
 20
136.175734
 10
187.827499
 20
136.560235
 10
187.837994
 20
136.634975
 10
187.848489
 20
136.69901
 10
187.858984
 20
136.720422
 10
187.858984
 20
136.731128
 10
187.785717
 20
136.827281
 10
187.660074
 20
136.870005
 10
185.942991
 20
136.870005
 10
185.691716
 20
135.396077
 10
187.460997
 20
135.396037
  0
LWPOLYLINE
  5
A2B
100
AcDbEntity
  8
0
  6
ByLayer
 62
  256
370
   -1
100
AcDbPolyline
 90
   12
 70
    1
 43
0
 10
192.811156
 20
138.867249
 10
196.821169
 20
138.867249
 10
197.187612
 20
138.803113
 10
197.595944
 20
138.600182
 10
197.941456
 20
138.226357
 10
198.119445
 20
137.660277
 10
198.747647
 20
131.369379
 10
196.025444
 20
131.369379
 10
195.920742
 20
132.44812
 10
193.837216
 20
132.44812
 10
193.544051
 20
131.369379
 10
190.811382
 20
131.36943
  0
LWPOLYLINE
  5
A2C
100
AcDbEntity
  8
0
  6
ByLayer
 62
  256
370
   -1
100
AcDbPolyline
 90
    6
 70
    1
 43
0
 10
195.491478
 20
136.741794
 10
195.428608
 20
136.827241
 10
195.2925
 20
136.869964
 10
195.020275
 20
136.869964
 10
194.371132
 20
134.445456
 10
195.721813
 20
134.445456
  0
LWPOLYLINE
  5
A2D
100
AcDbEntity
  8
0
  6
ByLayer
 62
  256
370
   -1
100
AcDbPolyline
 90
   12
 70
    1
 43
0
 10
169.8609
 20
125.516432
 10
173.870913
 20
125.516432
 10
174.237365
 20
125.452397
 10
174.645698
 20
125.249466
 10
174.9912
 20
124.875641
 10
175.169198
 20
124.309561
 10
175.79739
 20
118.018663
 10
173.075197
 20
118.018663
 10
172.970495
 20
119.097404
 10
170.88696
 20
119.097404
 10
170.593804
 20
118.018663
 10
167.861136
 20
118.018613
  0
LWPOLYLINE
  5
A2E
100
AcDbEntity
  8
0
  6
ByLayer
 62
  256
370
   -1
100
AcDbPolyline
 90
    6
 70
    1
 43
0
 10
172.541222
 20
123.390977
 10
172.478351
 20
123.476424
 10
172.342244
 20
123.519147
 10
172.070018
 20
123.519147
 10
171.420886
 20
121.094638
 10
172.771566
 20
121.094638
  0
LWPOLYLINE
  5
A2F
100
AcDbEntity
  8
0
  6
ByLayer
 62
  256
370
   -1
100
AcDbPolyline
 90
   30
 70
    1
 43
0
 10
179.796938
 20
123.166684
 10
179.734166
 20
122.771497
 10
179.650405
 20
122.248151
 10
179.556148
 20
121.68207
 10
179.461892
 20
121.105314
 10
179.388625
 20
120.624691
 10
179.336249
 20
120.293589
 10
179.315259
 20
120.154743
 10
179.315259
 20
120.11202
 10
179.367635
 20
120.069296
 10
179.440902
 20
120.026573
 10
179.503673
 20
120.015867
 10
181.681436
 20
120.015867
 10
181.817543
 20
120.047884
 10
181.880414
 20
120.144037
 10
181.9118
 20
120.357654
 10
181.985067
 20
120.763517
 10
182.068828
 20
121.276188
 10
182.163085
 20
121.852944
 10
182.257341
 20
122.419014
 10
182.341103
 20
122.899647
 10
182.393479
 20
123.241425
 10
182.41437
 20
123.380281
 10
182.361994
 20
123.465728
 10
182.288727
 20
123.508451
 10
182.215461
 20
123.519157
 10
180.037708
 20
123.519157
 10
179.901591
 20
123.476434
 10
179.83872
 20
123.390987
 10
179.838819
 20
123.390977
  0
LWPOLYLINE
  5
A30
100
AcDbEntity
  8
0
  6
ByLayer
 62
  256
370
   -1
100
AcDbPolyline
 90
   24
 70
    1
 43
0
 10
184.372332
 20
125.441691
 10
184.801605
 20
125.217398
 10
185.147117
 20
124.80085
 10
185.29369
 20
124.160019
 10
185.29369
 20
124.042524
 10
185.283195
 20
123.92504
 10
184.477004
 20
119.140107
 10
184.278076
 20
118.606075
 10
183.943039
 20
118.264297
 10
183.555646
 20
118.072042
 10
183.19966
 20
118.018613
 10
177.723848
 20
118.018613
 10
177.346931
 20
118.082647
 10
176.917667
 20
118.30694
 10
176.572156
 20
118.723478
 10
176.425573
 20
119.375005
 10
176.425573
 20
119.49249
 10
176.446464
 20
119.609974
 10
177.242179
 20
124.394907
 10
177.441118
 20
124.928939
 10
177.776154
 20
125.270727
 10
178.163547
 20
125.452296
 10
178.519524
 20
125.516331
 10
183.995415
 20
125.516432
  0
LWPOLYLINE
  5
A31
100
AcDbEntity
  8
0
  6
ByLayer
 62
  256
370
   -1
100
AcDbPolyline
 90
   55
 70
    1
 43
0
 10
152.847154
 20
111.578173
 10
153.18219
 20
111.91996
 10
153.569583
 20
112.10153
 10
153.92556
 20
112.165564
 10
157.066561
 20
112.165564
 10
157.663357
 20
111.99467
 10
158.134502
 20
111.396553
 10
158.427667
 20
111.759692
 10
158.794119
 20
111.99467
 10
159.160562
 20
112.122841
 10
159.464192
 20
112.165564
 10
162.270157
 20
112.165564
 10
162.647074
 20
112.090823
 10
163.076348
 20
111.866531
 10
163.421859
 20
111.449982
 10
163.568432
 20
110.809151
 10
163.568432
 20
110.691657
 10
163.547442
 20
110.574172
 10
162.563263
 20
104.667775
 10
159.663072
 20
104.667775
 10
159.694458
 20
104.870706
 10
159.757328
 20
105.212484
 10
159.872496
 20
105.842639
 10
160.008603
 20
106.66505
 10
160.155186
 20
107.583593
 10
160.312234
 20
108.491451
 10
160.437877
 20
109.260452
 10
160.521638
 20
109.805171
 10
160.553024
 20
110.029464
 10
160.542529
 20
110.072187
 10
160.500648
 20
110.114911
 10
160.427382
 20
110.157634
 10
160.354115
 20
110.16834
 10
159.526984
 20
110.16834
 10
159.33853
 20
110.04017
 10
158.438103
 20
104.667805
 10
155.7159
 20
104.667805
 10
155.747286
 20
104.870737
 10
155.799661
 20
105.212514
 10
155.914839
 20
105.842669
 10
156.050946
 20
106.66508
 10
156.207994
 20
107.583624
 10
156.365042
 20
108.491481
 10
156.490685
 20
109.260483
 10
156.574446
 20
109.805201
 10
156.605832
 20
110.029494
 10
156.532566
 20
110.125647
 10
156.406923
 20
110.16837
 10
154.386219
 20
110.16837
 10
154.250101
 20
110.136353
 10
154.18733
 20
110.008193
 10
155.380913
 20
110.008193
 10
154.49096
 20
104.667866
 10
151.580304
 20
104.667866
 10
152.648225
 20
111.04414
  0
LWPOLYLINE
  5
A32
100
AcDbEntity
  8
0
  6
ByLayer
 62
  256
370
   -1
100
AcDbPolyline
 90
   35
 70
    1
 43
0
 10
163.788311
 20
106.141723
 10
163.809301
 20
106.259207
 10
164.605017
 20
111.04414
 10
164.803946
 20
111.578173
 10
165.138992
 20
111.91996
 10
165.526385
 20
112.10153
 10
165.882362
 20
112.165564
 10
168.143886
 20
112.165564
 10
168.499863
 20
113.596769
 10
169.808613
 20
113.596769
 10
169.023363
 20
112.165564
 10
171.71415
 20
112.165564
 10
171.379114
 20
110.168279
 10
167.484268
 20
110.168279
 10
167.285339
 20
110.040109
 10
167.201577
 20
109.538124
 10
170.572923
 20
109.538124
 10
170.216946
 20
107.540839
 10
166.866541
 20
107.540839
 10
166.835155
 20
107.369946
 10
166.803769
 20
107.199052
 10
166.782779
 20
107.04953
 10
166.761789
 20
106.932036
 10
166.751294
 20
106.857295
 10
166.740799
 20
106.803865
 10
166.814066
 20
106.697057
 10
166.939699
 20
106.66504
 10
170.792664
 20
106.66504
 10
170.457627
 20
104.667765
 10
165.086508
 20
104.667765
 10
164.70959
 20
104.7318
 10
164.280317
 20
104.956093
 10
163.934815
 20
105.372631
 10
163.788232
 20
106.024158
 10
163.788311
 20
106.024239
  0
LWPOLYLINE
  5
A33
100
AcDbEntity
  8
0
  6
ByLayer
 62
  256
370
   -1
100
AcDbPolyline
 90
   19
 70
    1
 43
0
 10
172.750626
 20
112.165615
 10
178.844174
 20
112.165615
 10
179.221092
 20
112.090874
 10
179.650365
 20
111.866581
 10
179.995867
 20
111.450033
 10
180.14245
 20
110.809202
 10
180.14245
 20
110.691707
 10
180.121559
 20
110.574223
 10
179.66088
 20
107.818612
 10
179.493357
 20
107.327303
 10
179.200201
 20
106.996202
 10
178.844224
 20
106.79327
 10
178.509178
 20
106.707824
 10
178.91751
 20
104.667826
 10
176.310475
 20
104.667826
 10
175.902152
 20
106.697148
 10
174.687628
 20
106.697148
 10
174.352592
 20
104.667826
 10
171.504697
 20
104.667795
  0
LWPOLYLINE
  5
A34
100
AcDbEntity
  8
0
  6
ByLayer
 62
  256
370
   -1
100
AcDbPolyline
 90
   14
 70
    1
 43
0
 10
176.928162
 20
108.737126
 10
176.990934
 20
108.822572
 10
177.032815
 20
109.068227
 10
177.095586
 20
109.4741
 10
177.158457
 20
109.8586
 10
177.168952
 20
109.933341
 10
177.179447
 20
109.997376
 10
177.189942
 20
110.018788
 10
177.189942
 20
110.029494
 10
177.116675
 20
110.125647
 10
176.991043
 20
110.16837
 10
175.273959
 20
110.16837
 10
175.022675
 20
108.694443
 10
176.792045
 20
108.694402
  0
LWPOLYLINE
  5
A35
100
AcDbEntity
  8
0
  6
ByLayer
 62
  256
370
   -1
100
AcDbPolyline
 90
    4
 70
    1
 43
0
 10
183.419549
 20
104.667795
 10
180.456546
 20
104.667795
 10
181.702475
 20
112.165615
 10
184.675953
 20
112.165615
  0
LWPOLYLINE
  5
A36
100
AcDbEntity
  8
0
  6
ByLayer
 62
  256
370
   -1
100
AcDbPolyline
 90
    8
 70
    1
 43
0
 10
185.325106
 20
112.165615
 10
192.915858
 20
112.165615
 10
192.580812
 20
110.16833
 10
190.246001
 20
110.16833
 10
189.335119
 20
104.667795
 10
186.487273
 20
104.667795
 10
187.408631
 20
110.16833
 10
184.990069
 20
110.16833
  0
LWPOLYLINE
  5
A37
100
AcDbEntity
  8
0
  6
ByLayer
 62
  256
370
   -1
100
AcDbPolyline
 90
   30
 70
    1
 43
0
 10
196.07779
 20
109.815867
 10
196.015018
 20
109.42068
 10
195.931257
 20
108.897333
 10
195.837
 20
108.331253
 10
195.742743
 20
107.754497
 10
195.669477
 20
107.273874
 10
195.617101
 20
106.942772
 10
195.596111
 20
106.803926
 10
195.596111
 20
106.761203
 10
195.648487
 20
106.718479
 10
195.721754
 20
106.675756
 10
195.784624
 20
106.66505
 10
197.962387
 20
106.66505
 10
198.098494
 20
106.697067
 10
198.161266
 20
106.79322
 10
198.192652
 20
107.006837
 10
198.265919
 20
107.4127
 10
198.34968
 20
107.92537
 10
198.443937
 20
108.502127
 10
198.538193
 20
109.068197
 10
198.621955
 20
109.54883
 10
198.674331
 20
109.890608
 10
198.695222
 20
110.029464
 10
198.642846
 20
110.114911
 10
198.569579
 20
110.157634
 10
198.496312
 20
110.16834
 10
196.31855
 20
110.16834
 10
196.182442
 20
110.125617
 10
196.119671
 20
110.04017
 10
196.119671
 20
110.04016
  0
LWPOLYLINE
  5
A38
100
AcDbEntity
  8
0
  6
ByLayer
 62
  256
370
   -1
100
AcDbPolyline
 90
   24
 70
    1
 43
0
 10
200.653184
 20
112.090874
 10
201.082457
 20
111.866581
 10
201.427959
 20
111.450033
 10
201.574542
 20
110.809202
 10
201.574542
 20
110.691707
 10
201.564047
 20
110.574223
 10
200.757856
 20
105.78929
 10
200.558927
 20
105.255258
 10
200.223881
 20
104.91348
 10
199.836488
 20
104.721225
 10
199.480511
 20
104.667795
 10
194.0047
 20
104.667795
 10
193.627783
 20
104.73183
 10
193.198509
 20
104.956123
 10
192.852997
 20
105.372661
 10
192.706425
 20
106.024188
 10
192.706425
 20
106.141673
 10
192.727414
 20
106.259157
 10
193.52313
 20
111.044089
 10
193.722059
 20
111.578122
 10
194.057105
 20
111.91991
 10
194.444488
 20
112.101479
 10
194.800475
 20
112.165514
 10
200.276267
 20
112.165615
  0
INSERT
  5
A39
100
AcDbEntity
  8
0
  6
ByLayer
 62
  256
370
   -1
100
AcDbBlockReference
  2
chaveiro
 10
140.3305620883262
 20
118.8024430837771
 30
0
 41
1.060242238122877
 42
1.046200772938947
 43
0
 50
0
 70
    1
 71
    1
 44
0
 45
0
  0
LWPOLYLINE
  5
A3A
100
AcDbEntity
  8
0
  6
CONTINUOUS
 62
    1
370
   -1
100
AcDbPolyline
 90
    7
 70
    0
 43
0
 10
51.577374
 20
149.94823
 10
51.577375
 20
79.94823
 10
1.577375
 20
79.94823
 10
1.577375
 20
149.94823
 10
51.577374
 20
149.94823
 10
101.57737
 20
149.94823
 10
151.57737
 20
149.94823
  0
LWPOLYLINE
  5
A3B
100
AcDbEntity
  8
0
  6
CONTINUOUS
 62
    1
370
   -1
100
AcDbPolyline
 90
    4
 70
    1
 43
0
 10
201.57738
 20
149.94823
 10
201.57738
 20
79.94823
 10
151.57737
 20
79.94823
 10
151.57738
 20
149.94823
  0
LWPOLYLINE
  5
A3C
100
AcDbEntity
  8
0
  6
CONTINUOUS
 62
    1
370
   -1
100
AcDbPolyline
 90
    2
 70
    0
 43
0
 10
101.57737
 20
79.94823
 10
101.57737
 20
149.94823
  0
LWPOLYLINE
  5
A3D
100
AcDbEntity
  8
0
  6
CONTINUOUS
 62
    1
370
   -1
100
AcDbPolyline
 90
    3
 70
    0
 43
0
 10
151.57737
 20
79.94823
 10
101.57737
 20
79.94823
 10
51.577374
 20
79.94823
  0
LWPOLYLINE
  5
A3E
100
AcDbEntity
  8
Layer 1
  6
CONTINUOUS
 62
    1
370
   -1
100
AcDbPolyline
 90
    4
 70
    1
 43
0
 10
91.28154000000001
 20
148.68079
 10
91.28154000000001
 20
146.68079
 10
61.873207
 20
146.68079
 10
61.873207
 20
148.68079
  0
LWPOLYLINE
  5
A3F
100
AcDbEntity
  8
Layer 1
  6
CONTINUOUS
 62
    1
370
   -1
100
AcDbPolyline
 90
    4
 70
    1
 43
0
 10
41.281545
 20
148.68079
 10
41.281545
 20
146.68079
 10
11.873212
 20
146.68079
 10
11.873212
 20
148.68079
  0
LWPOLYLINE
  5
A40
100
AcDbEntity
  8
Layer 1
  6
CONTINUOUS
 62
    1
370
   -1
100
AcDbPolyline
 90
    4
 70
    1
 43
0
 10
141.28154
 20
148.68079
 10
141.28154
 20
146.68079
 10
111.87321
 20
146.68079
 10
111.87321
 20
148.68079
  0
LWPOLYLINE
  5
A41
100
AcDbEntity
  8
Layer 1
  6
CONTINUOUS
 62
    1
370
   -1
100
AcDbPolyline
 90
    4
 70
    1
 43
0
 10
191.28155
 20
148.68079
 10
191.28155
 20
146.68079
 10
161.87321
 20
146.68079
 10
161.87321
 20
148.68079
  0
ENDSEC
  0
SECTION
  2
OBJECTS
  0
DICTIONARY
  5
C
330
0
100
AcDbDictionary
281
    1
  3
ACAD_GROUP
350
D
  0
DICTIONARY
  5
D
330
C
100
AcDbDictionary
281
    1
  0
PLOTSETTINGS
  5
A42
100
AcDbPlotSettings
  6
1x1
 40
0
 41
0
 42
0
 43
0
  0
ENDSEC
  0
EOF
