solid OpenSCAD_Model
  facet normal 0 0 -1
    outer loop
      vertex -30 0 0
      vertex -29.7433 3.91579 0
      vertex -29.7433 -3.91579 0
    endloop
  endfacet
  facet normal 0 0 -1
    outer loop
      vertex -29.7433 -3.91579 0
      vertex -29.7433 3.91579 0
      vertex -28.9778 7.76457 0
    endloop
  endfacet
  facet normal 0 0 -1
    outer loop
      vertex -29.7433 -3.91579 0
      vertex -28.9778 7.76457 0
      vertex -27.7164 11.4805 0
    endloop
  endfacet
  facet normal 0 0 -1
    outer loop
      vertex -29.7433 -3.91579 0
      vertex -27.7164 11.4805 0
      vertex -25.9808 15 0
    endloop
  endfacet
  facet normal 0 0 -1
    outer loop
      vertex -29.7433 -3.91579 0
      vertex -25.9808 15 0
      vertex -23.8006 18.2628 0
    endloop
  endfacet
  facet normal 0 0 -1
    outer loop
      vertex -29.7433 -3.91579 0
      vertex -23.8006 18.2628 0
      vertex -21.2132 21.2132 0
    endloop
  endfacet
  facet normal 0 0 -1
    outer loop
      vertex -29.7433 -3.91579 0
      vertex -21.2132 21.2132 0
      vertex -18.2628 23.8006 0
    endloop
  endfacet
  facet normal 0 0 -1
    outer loop
      vertex -29.7433 -3.91579 0
      vertex -18.2628 23.8006 0
      vertex -15 25.9808 0
    endloop
  endfacet
  facet normal 0 0 -1
    outer loop
      vertex -29.7433 -3.91579 0
      vertex -15 25.9808 0
      vertex -11.4805 27.7164 0
    endloop
  endfacet
  facet normal 0 0 -1
    outer loop
      vertex -29.7433 -3.91579 0
      vertex -11.4805 27.7164 0
      vertex -10.645 28 0
    endloop
  endfacet
  facet normal 0 0 -1
    outer loop
      vertex -11.4805 28.2836 0
      vertex -15 30.0192 0
      vertex -10.645 28 0
    endloop
  endfacet
  facet normal 0 0 -1
    outer loop
      vertex -15 30.0192 0
      vertex -18.2628 32.1994 0
      vertex -10.645 28 0
    endloop
  endfacet
  facet normal 0 0 -1
    outer loop
      vertex -18.2628 32.1994 0
      vertex -21.2132 34.7868 0
      vertex -10.645 28 0
    endloop
  endfacet
  facet normal 0 0 -1
    outer loop
      vertex -21.2132 34.7868 0
      vertex -23.8006 37.7372 0
      vertex -10.645 28 0
    endloop
  endfacet
  facet normal 0 0 -1
    outer loop
      vertex -23.8006 37.7372 0
      vertex -25.9808 41 0
      vertex -10.645 28 0
    endloop
  endfacet
  facet normal 0 0 -1
    outer loop
      vertex -10.645 28 0
      vertex -25.9808 41 0
      vertex -27.7164 44.5195 0
    endloop
  endfacet
  facet normal 0 0 -1
    outer loop
      vertex -27.7164 44.5195 0
      vertex -28.9778 48.2354 0
      vertex -10.645 28 0
    endloop
  endfacet
  facet normal 0 0 -1
    outer loop
      vertex -10.645 28 0
      vertex -28.9778 48.2354 0
      vertex -29.7433 52.0842 0
    endloop
  endfacet
  facet normal 0 0 -1
    outer loop
      vertex -10.645 28 0
      vertex -29.7433 52.0842 0
      vertex -30 56 0
    endloop
  endfacet
  facet normal 0 0 -1
    outer loop
      vertex -10.645 28 0
      vertex -30 56 0
      vertex -29.7433 59.9158 0
    endloop
  endfacet
  facet normal 0 0 -1
    outer loop
      vertex -10.645 28 0
      vertex -29.7433 59.9158 0
      vertex -28.9778 63.7646 0
    endloop
  endfacet
  facet normal 0 0 -1
    outer loop
      vertex -10.645 28 0
      vertex -28.9778 63.7646 0
      vertex -27.7164 67.4805 0
    endloop
  endfacet
  facet normal 0 0 -1
    outer loop
      vertex -10.645 28 0
      vertex -27.7164 67.4805 0
      vertex -25.9808 71 0
    endloop
  endfacet
  facet normal 0 0 -1
    outer loop
      vertex -10.645 28 0
      vertex -25.9808 71 0
      vertex -23.8006 74.2628 0
    endloop
  endfacet
  facet normal 0 0 -1
    outer loop
      vertex -10.645 28 0
      vertex -23.8006 74.2628 0
      vertex -21.2132 77.2132 0
    endloop
  endfacet
  facet normal 0 0 -1
    outer loop
      vertex -10.645 28 0
      vertex -21.2132 77.2132 0
      vertex -18.2628 79.8006 0
    endloop
  endfacet
  facet normal 0 0 -1
    outer loop
      vertex -10.645 28 0
      vertex -18.2628 79.8006 0
      vertex -15 81.9808 0
    endloop
  endfacet
  facet normal 0 0 -1
    outer loop
      vertex -10.645 28 0
      vertex -15 81.9808 0
      vertex -11.4805 83.7164 0
    endloop
  endfacet
  facet normal 0 0 -1
    outer loop
      vertex -10.645 28 0
      vertex -11.4805 83.7164 0
      vertex -7.76457 84.9778 0
    endloop
  endfacet
  facet normal 0 0 -1
    outer loop
      vertex -10.645 28 0
      vertex -7.76457 84.9778 0
      vertex -3.91579 85.7433 0
    endloop
  endfacet
  facet normal 0 0 -1
    outer loop
      vertex -10.645 28 0
      vertex -3.91579 85.7433 0
      vertex 0 86 0
    endloop
  endfacet
  facet normal 0 0 -1
    outer loop
      vertex -10.645 28 0
      vertex 0 86 0
      vertex 3.91579 85.7433 0
    endloop
  endfacet
  facet normal 0 0 -1
    outer loop
      vertex -10.645 28 0
      vertex 3.91579 85.7433 0
      vertex 7.76457 84.9778 0
    endloop
  endfacet
  facet normal 0 0 -1
    outer loop
      vertex -10.645 28 0
      vertex 7.76457 84.9778 0
      vertex 11.4805 83.7164 0
    endloop
  endfacet
  facet normal 0 0 -1
    outer loop
      vertex -10.645 28 0
      vertex 11.4805 83.7164 0
      vertex 15 81.9808 0
    endloop
  endfacet
  facet normal 0 0 -1
    outer loop
      vertex -10.645 28 0
      vertex 15 81.9808 0
      vertex 18.2628 79.8006 0
    endloop
  endfacet
  facet normal 0 0 -1
    outer loop
      vertex -10.645 28 0
      vertex 18.2628 79.8006 0
      vertex 21.2132 77.2132 0
    endloop
  endfacet
  facet normal 0 0 -1
    outer loop
      vertex -10.645 28 0
      vertex 21.2132 77.2132 0
      vertex -29.7433 -3.91579 0
    endloop
  endfacet
  facet normal 0 0 -1
    outer loop
      vertex -29.7433 -3.91579 0
      vertex 21.2132 77.2132 0
      vertex 23.8006 74.2628 0
    endloop
  endfacet
  facet normal 0 0 -1
    outer loop
      vertex -29.7433 -3.91579 0
      vertex 23.8006 74.2628 0
      vertex 25.9808 71 0
    endloop
  endfacet
  facet normal 0 0 -1
    outer loop
      vertex -29.7433 -3.91579 0
      vertex 25.9808 71 0
      vertex 27.7164 67.4805 0
    endloop
  endfacet
  facet normal 0 0 -1
    outer loop
      vertex -29.7433 -3.91579 0
      vertex 27.7164 67.4805 0
      vertex 28.9778 63.7646 0
    endloop
  endfacet
  facet normal 0 0 -1
    outer loop
      vertex -29.7433 -3.91579 0
      vertex 28.9778 63.7646 0
      vertex 29.7433 59.9158 0
    endloop
  endfacet
  facet normal 0 0 -1
    outer loop
      vertex -29.7433 -3.91579 0
      vertex 29.7433 59.9158 0
      vertex 30 56 0
    endloop
  endfacet
  facet normal 0 0 -1
    outer loop
      vertex -29.7433 -3.91579 0
      vertex 30 56 0
      vertex 29.7433 52.0842 0
    endloop
  endfacet
  facet normal 0 0 -1
    outer loop
      vertex -29.7433 -3.91579 0
      vertex 29.7433 52.0842 0
      vertex 28.9778 48.2354 0
    endloop
  endfacet
  facet normal 0 0 -1
    outer loop
      vertex -29.7433 -3.91579 0
      vertex 28.9778 48.2354 0
      vertex 27.7164 44.5195 0
    endloop
  endfacet
  facet normal 0 0 -1
    outer loop
      vertex -29.7433 -3.91579 0
      vertex 27.7164 44.5195 0
      vertex 25.9808 41 0
    endloop
  endfacet
  facet normal 0 0 -1
    outer loop
      vertex 11.4805 28.2836 0
      vertex 25.9808 41 0
      vertex 23.8006 37.7372 0
    endloop
  endfacet
  facet normal 0 0 -1
    outer loop
      vertex 15 30.0192 0
      vertex 21.2132 34.7868 0
      vertex 18.2628 32.1994 0
    endloop
  endfacet
  facet normal 0 0 -1
    outer loop
      vertex 10.645 28 0
      vertex 25.9808 41 0
      vertex 11.4805 28.2836 0
    endloop
  endfacet
  facet normal 0 0 -1
    outer loop
      vertex 11.4805 27.7164 0
      vertex -29.7433 -3.91579 0
      vertex 10.645 28 0
    endloop
  endfacet
  facet normal 0 0 -1
    outer loop
      vertex -29.7433 -3.91579 0
      vertex 25.9808 41 0
      vertex 10.645 28 0
    endloop
  endfacet
  facet normal 0 0 -1
    outer loop
      vertex 15 25.9808 0
      vertex 18.2628 23.8006 0
      vertex -29.7433 -3.91579 0
    endloop
  endfacet
  facet normal 0 0 -1
    outer loop
      vertex 18.2628 23.8006 0
      vertex 21.2132 21.2132 0
      vertex -29.7433 -3.91579 0
    endloop
  endfacet
  facet normal 0 0 -1
    outer loop
      vertex 21.2132 21.2132 0
      vertex 23.8006 18.2628 0
      vertex -29.7433 -3.91579 0
    endloop
  endfacet
  facet normal 0 0 -1
    outer loop
      vertex 23.8006 18.2628 0
      vertex 25.9808 15 0
      vertex -29.7433 -3.91579 0
    endloop
  endfacet
  facet normal 0 0 -1
    outer loop
      vertex -29.7433 -3.91579 0
      vertex 25.9808 15 0
      vertex 27.7164 11.4805 0
    endloop
  endfacet
  facet normal 0 0 -1
    outer loop
      vertex 27.7164 11.4805 0
      vertex 28.9778 7.76457 0
      vertex -29.7433 -3.91579 0
    endloop
  endfacet
  facet normal 0 0 -1
    outer loop
      vertex -29.7433 -3.91579 0
      vertex 28.9778 7.76457 0
      vertex 29.7433 3.91579 0
    endloop
  endfacet
  facet normal 0 0 -1
    outer loop
      vertex -29.7433 -3.91579 0
      vertex 29.7433 3.91579 0
      vertex 30 0 0
    endloop
  endfacet
  facet normal 0 0 -1
    outer loop
      vertex -29.7433 -3.91579 0
      vertex 30 0 0
      vertex 29.7433 -3.91579 0
    endloop
  endfacet
  facet normal 0 0 -1
    outer loop
      vertex -29.7433 -3.91579 0
      vertex 29.7433 -3.91579 0
      vertex 28.9778 -7.76457 0
    endloop
  endfacet
  facet normal 0 0 -1
    outer loop
      vertex -29.7433 -3.91579 0
      vertex 28.9778 -7.76457 0
      vertex 27.7164 -11.4805 0
    endloop
  endfacet
  facet normal 0 0 -1
    outer loop
      vertex -29.7433 -3.91579 0
      vertex 27.7164 -11.4805 0
      vertex 25.9808 -15 0
    endloop
  endfacet
  facet normal 0 0 -1
    outer loop
      vertex -29.7433 -3.91579 0
      vertex 25.9808 -15 0
      vertex 23.8006 -18.2628 0
    endloop
  endfacet
  facet normal 0 0 -1
    outer loop
      vertex -29.7433 -3.91579 0
      vertex 23.8006 -18.2628 0
      vertex 21.2132 -21.2132 0
    endloop
  endfacet
  facet normal 0 0 -1
    outer loop
      vertex -29.7433 -3.91579 0
      vertex 21.2132 -21.2132 0
      vertex 18.2628 -23.8006 0
    endloop
  endfacet
  facet normal 0 0 -1
    outer loop
      vertex -29.7433 -3.91579 0
      vertex 18.2628 -23.8006 0
      vertex 15 -25.9808 0
    endloop
  endfacet
  facet normal 0 0 -1
    outer loop
      vertex -29.7433 -3.91579 0
      vertex 15 -25.9808 0
      vertex 11.4805 -27.7164 0
    endloop
  endfacet
  facet normal 0 0 -1
    outer loop
      vertex -29.7433 -3.91579 0
      vertex 11.4805 -27.7164 0
      vertex 7.76457 -28.9778 0
    endloop
  endfacet
  facet normal 0 0 -1
    outer loop
      vertex -29.7433 -3.91579 0
      vertex 7.76457 -28.9778 0
      vertex 3.91579 -29.7433 0
    endloop
  endfacet
  facet normal 0 0 -1
    outer loop
      vertex -29.7433 -3.91579 0
      vertex 3.91579 -29.7433 0
      vertex 0 -30 0
    endloop
  endfacet
  facet normal 0 0 -1
    outer loop
      vertex -29.7433 -3.91579 0
      vertex 0 -30 0
      vertex -3.91579 -29.7433 0
    endloop
  endfacet
  facet normal 0 0 -1
    outer loop
      vertex -29.7433 -3.91579 0
      vertex -3.91579 -29.7433 0
      vertex -7.76457 -28.9778 0
    endloop
  endfacet
  facet normal 0 0 -1
    outer loop
      vertex -29.7433 -3.91579 0
      vertex -7.76457 -28.9778 0
      vertex -11.4805 -27.7164 0
    endloop
  endfacet
  facet normal 0 0 -1
    outer loop
      vertex -29.7433 -3.91579 0
      vertex -11.4805 -27.7164 0
      vertex -15 -25.9808 0
    endloop
  endfacet
  facet normal 0 0 -1
    outer loop
      vertex -29.7433 -3.91579 0
      vertex -15 -25.9808 0
      vertex -18.2628 -23.8006 0
    endloop
  endfacet
  facet normal 0 0 -1
    outer loop
      vertex -29.7433 -3.91579 0
      vertex -18.2628 -23.8006 0
      vertex -21.2132 -21.2132 0
    endloop
  endfacet
  facet normal 0 0 -1
    outer loop
      vertex -29.7433 -3.91579 0
      vertex -21.2132 -21.2132 0
      vertex -23.8006 -18.2628 0
    endloop
  endfacet
  facet normal 0 0 -1
    outer loop
      vertex -29.7433 -3.91579 0
      vertex -23.8006 -18.2628 0
      vertex -25.9808 -15 0
    endloop
  endfacet
  facet normal 0 0 -1
    outer loop
      vertex -29.7433 -3.91579 0
      vertex -25.9808 -15 0
      vertex -27.7164 -11.4805 0
    endloop
  endfacet
  facet normal 0 0 -1
    outer loop
      vertex -29.7433 -3.91579 0
      vertex -27.7164 -11.4805 0
      vertex -28.9778 -7.76457 0
    endloop
  endfacet
  facet normal 0 0 -1
    outer loop
      vertex 11.4805 28.2836 0
      vertex 23.8006 37.7372 0
      vertex 21.2132 34.7868 0
    endloop
  endfacet
  facet normal 0 0 -1
    outer loop
      vertex 11.4805 28.2836 0
      vertex 21.2132 34.7868 0
      vertex 15 30.0192 0
    endloop
  endfacet
  facet normal 0 0 -1
    outer loop
      vertex 15 25.9808 0
      vertex -29.7433 -3.91579 0
      vertex 11.4805 27.7164 0
    endloop
  endfacet
  facet normal -0.997859 0.0654031 0
    outer loop
      vertex -30 0 0
      vertex -30 0 4
      vertex -29.7433 3.91579 0
    endloop
  endfacet
  facet normal -0.997859 0.0654031 0
    outer loop
      vertex -29.7433 3.91579 0
      vertex -30 0 4
      vertex -29.7433 3.91579 4
    endloop
  endfacet
  facet normal -0.997859 -0.0654031 0
    outer loop
      vertex -30 0 0
      vertex -29.7433 -3.91579 0
      vertex -30 0 4
    endloop
  endfacet
  facet normal -0.997859 -0.0654031 0
    outer loop
      vertex -30 0 4
      vertex -29.7433 -3.91579 0
      vertex -29.7433 -3.91579 4
    endloop
  endfacet
  facet normal -0.980785 -0.19509 0
    outer loop
      vertex -29.7433 -3.91579 0
      vertex -28.9778 -7.76457 0
      vertex -29.7433 -3.91579 4
    endloop
  endfacet
  facet normal -0.980785 -0.19509 0
    outer loop
      vertex -29.7433 -3.91579 4
      vertex -28.9778 -7.76457 0
      vertex -28.9778 -7.76457 4
    endloop
  endfacet
  facet normal -0.94693 -0.321439 0
    outer loop
      vertex -28.9778 -7.76457 0
      vertex -27.7164 -11.4805 0
      vertex -28.9778 -7.76457 4
    endloop
  endfacet
  facet normal -0.94693 -0.321439 0
    outer loop
      vertex -28.9778 -7.76457 4
      vertex -27.7164 -11.4805 0
      vertex -27.7164 -11.4805 4
    endloop
  endfacet
  facet normal -0.896873 -0.442289 0
    outer loop
      vertex -27.7164 -11.4805 0
      vertex -25.9808 -15 0
      vertex -27.7164 -11.4805 4
    endloop
  endfacet
  facet normal -0.896873 -0.442289 0
    outer loop
      vertex -27.7164 -11.4805 4
      vertex -25.9808 -15 0
      vertex -25.9808 -15 4
    endloop
  endfacet
  facet normal -0.83147 -0.55557 0
    outer loop
      vertex -25.9808 -15 0
      vertex -23.8006 -18.2628 0
      vertex -25.9808 -15 4
    endloop
  endfacet
  facet normal -0.83147 -0.55557 0
    outer loop
      vertex -25.9808 -15 4
      vertex -23.8006 -18.2628 0
      vertex -23.8006 -18.2628 4
    endloop
  endfacet
  facet normal -0.75184 -0.659346 0
    outer loop
      vertex -23.8006 -18.2628 0
      vertex -21.2132 -21.2132 0
      vertex -23.8006 -18.2628 4
    endloop
  endfacet
  facet normal -0.75184 -0.659346 0
    outer loop
      vertex -23.8006 -18.2628 4
      vertex -21.2132 -21.2132 0
      vertex -21.2132 -21.2132 4
    endloop
  endfacet
  facet normal -0.659346 -0.75184 0
    outer loop
      vertex -21.2132 -21.2132 4
      vertex -21.2132 -21.2132 0
      vertex -18.2628 -23.8006 0
    endloop
  endfacet
  facet normal -0.659346 -0.75184 0
    outer loop
      vertex -18.2628 -23.8006 4
      vertex -21.2132 -21.2132 4
      vertex -18.2628 -23.8006 0
    endloop
  endfacet
  facet normal -0.55557 -0.83147 0
    outer loop
      vertex -18.2628 -23.8006 4
      vertex -18.2628 -23.8006 0
      vertex -15 -25.9808 0
    endloop
  endfacet
  facet normal -0.55557 -0.83147 0
    outer loop
      vertex -15 -25.9808 4
      vertex -18.2628 -23.8006 4
      vertex -15 -25.9808 0
    endloop
  endfacet
  facet normal -0.442289 -0.896873 0
    outer loop
      vertex -15 -25.9808 4
      vertex -15 -25.9808 0
      vertex -11.4805 -27.7164 0
    endloop
  endfacet
  facet normal -0.442289 -0.896873 0
    outer loop
      vertex -11.4805 -27.7164 4
      vertex -15 -25.9808 4
      vertex -11.4805 -27.7164 0
    endloop
  endfacet
  facet normal -0.321439 -0.94693 0
    outer loop
      vertex -11.4805 -27.7164 4
      vertex -11.4805 -27.7164 0
      vertex -7.76457 -28.9778 0
    endloop
  endfacet
  facet normal -0.321439 -0.94693 0
    outer loop
      vertex -7.76457 -28.9778 4
      vertex -11.4805 -27.7164 4
      vertex -7.76457 -28.9778 0
    endloop
  endfacet
  facet normal -0.19509 -0.980785 0
    outer loop
      vertex -7.76457 -28.9778 4
      vertex -7.76457 -28.9778 0
      vertex -3.91579 -29.7433 0
    endloop
  endfacet
  facet normal -0.19509 -0.980785 0
    outer loop
      vertex -3.91579 -29.7433 4
      vertex -7.76457 -28.9778 4
      vertex -3.91579 -29.7433 0
    endloop
  endfacet
  facet normal -0.0654031 -0.997859 0
    outer loop
      vertex -3.91579 -29.7433 4
      vertex -3.91579 -29.7433 0
      vertex 0 -30 0
    endloop
  endfacet
  facet normal -0.0654031 -0.997859 0
    outer loop
      vertex 0 -30 4
      vertex -3.91579 -29.7433 4
      vertex 0 -30 0
    endloop
  endfacet
  facet normal 0.0654031 -0.997859 0
    outer loop
      vertex 0 -30 4
      vertex 0 -30 0
      vertex 3.91579 -29.7433 0
    endloop
  endfacet
  facet normal 0.0654031 -0.997859 0
    outer loop
      vertex 3.91579 -29.7433 4
      vertex 0 -30 4
      vertex 3.91579 -29.7433 0
    endloop
  endfacet
  facet normal 0.19509 -0.980785 0
    outer loop
      vertex 3.91579 -29.7433 4
      vertex 3.91579 -29.7433 0
      vertex 7.76457 -28.9778 0
    endloop
  endfacet
  facet normal 0.19509 -0.980785 0
    outer loop
      vertex 7.76457 -28.9778 4
      vertex 3.91579 -29.7433 4
      vertex 7.76457 -28.9778 0
    endloop
  endfacet
  facet normal 0.321439 -0.94693 0
    outer loop
      vertex 7.76457 -28.9778 4
      vertex 7.76457 -28.9778 0
      vertex 11.4805 -27.7164 0
    endloop
  endfacet
  facet normal 0.321439 -0.94693 0
    outer loop
      vertex 11.4805 -27.7164 4
      vertex 7.76457 -28.9778 4
      vertex 11.4805 -27.7164 0
    endloop
  endfacet
  facet normal 0.442289 -0.896873 0
    outer loop
      vertex 11.4805 -27.7164 4
      vertex 11.4805 -27.7164 0
      vertex 15 -25.9808 0
    endloop
  endfacet
  facet normal 0.442289 -0.896873 0
    outer loop
      vertex 15 -25.9808 4
      vertex 11.4805 -27.7164 4
      vertex 15 -25.9808 0
    endloop
  endfacet
  facet normal 0.55557 -0.83147 0
    outer loop
      vertex 15 -25.9808 4
      vertex 15 -25.9808 0
      vertex 18.2628 -23.8006 0
    endloop
  endfacet
  facet normal 0.55557 -0.83147 0
    outer loop
      vertex 18.2628 -23.8006 4
      vertex 15 -25.9808 4
      vertex 18.2628 -23.8006 0
    endloop
  endfacet
  facet normal 0.659346 -0.75184 0
    outer loop
      vertex 18.2628 -23.8006 4
      vertex 18.2628 -23.8006 0
      vertex 21.2132 -21.2132 0
    endloop
  endfacet
  facet normal 0.659346 -0.75184 0
    outer loop
      vertex 21.2132 -21.2132 4
      vertex 18.2628 -23.8006 4
      vertex 21.2132 -21.2132 0
    endloop
  endfacet
  facet normal 0.75184 -0.659346 0
    outer loop
      vertex 21.2132 -21.2132 4
      vertex 21.2132 -21.2132 0
      vertex 23.8006 -18.2628 0
    endloop
  endfacet
  facet normal 0.75184 -0.659346 0
    outer loop
      vertex 23.8006 -18.2628 4
      vertex 21.2132 -21.2132 4
      vertex 23.8006 -18.2628 0
    endloop
  endfacet
  facet normal 0.83147 -0.55557 0
    outer loop
      vertex 23.8006 -18.2628 4
      vertex 23.8006 -18.2628 0
      vertex 25.9808 -15 0
    endloop
  endfacet
  facet normal 0.83147 -0.55557 0
    outer loop
      vertex 25.9808 -15 4
      vertex 23.8006 -18.2628 4
      vertex 25.9808 -15 0
    endloop
  endfacet
  facet normal 0.896873 -0.442289 0
    outer loop
      vertex 25.9808 -15 4
      vertex 25.9808 -15 0
      vertex 27.7164 -11.4805 0
    endloop
  endfacet
  facet normal 0.896873 -0.442289 0
    outer loop
      vertex 27.7164 -11.4805 4
      vertex 25.9808 -15 4
      vertex 27.7164 -11.4805 0
    endloop
  endfacet
  facet normal 0.94693 -0.321439 0
    outer loop
      vertex 27.7164 -11.4805 4
      vertex 27.7164 -11.4805 0
      vertex 28.9778 -7.76457 0
    endloop
  endfacet
  facet normal 0.94693 -0.321439 0
    outer loop
      vertex 28.9778 -7.76457 4
      vertex 27.7164 -11.4805 4
      vertex 28.9778 -7.76457 0
    endloop
  endfacet
  facet normal 0.980785 -0.19509 0
    outer loop
      vertex 28.9778 -7.76457 4
      vertex 28.9778 -7.76457 0
      vertex 29.7433 -3.91579 0
    endloop
  endfacet
  facet normal 0.980785 -0.19509 0
    outer loop
      vertex 29.7433 -3.91579 4
      vertex 28.9778 -7.76457 4
      vertex 29.7433 -3.91579 0
    endloop
  endfacet
  facet normal 0.997859 -0.0654031 0
    outer loop
      vertex 29.7433 -3.91579 4
      vertex 29.7433 -3.91579 0
      vertex 30 0 0
    endloop
  endfacet
  facet normal 0.997859 -0.0654031 0
    outer loop
      vertex 30 0 4
      vertex 29.7433 -3.91579 4
      vertex 30 0 0
    endloop
  endfacet
  facet normal 0.997859 0.0654031 0
    outer loop
      vertex 30 0 0
      vertex 29.7433 3.91579 0
      vertex 29.7433 3.91579 4
    endloop
  endfacet
  facet normal 0.997859 0.0654031 0
    outer loop
      vertex 30 0 4
      vertex 30 0 0
      vertex 29.7433 3.91579 4
    endloop
  endfacet
  facet normal 0.980785 0.19509 0
    outer loop
      vertex 29.7433 3.91579 0
      vertex 28.9778 7.76457 0
      vertex 28.9778 7.76457 4
    endloop
  endfacet
  facet normal 0.980785 0.19509 0
    outer loop
      vertex 29.7433 3.91579 4
      vertex 29.7433 3.91579 0
      vertex 28.9778 7.76457 4
    endloop
  endfacet
  facet normal 0.94693 0.321439 0
    outer loop
      vertex 28.9778 7.76457 0
      vertex 27.7164 11.4805 0
      vertex 27.7164 11.4805 4
    endloop
  endfacet
  facet normal 0.94693 0.321439 0
    outer loop
      vertex 28.9778 7.76457 4
      vertex 28.9778 7.76457 0
      vertex 27.7164 11.4805 4
    endloop
  endfacet
  facet normal 0.896873 0.442289 0
    outer loop
      vertex 27.7164 11.4805 0
      vertex 25.9808 15 0
      vertex 25.9808 15 4
    endloop
  endfacet
  facet normal 0.896873 0.442289 0
    outer loop
      vertex 27.7164 11.4805 4
      vertex 27.7164 11.4805 0
      vertex 25.9808 15 4
    endloop
  endfacet
  facet normal 0.83147 0.55557 0
    outer loop
      vertex 25.9808 15 0
      vertex 23.8006 18.2628 0
      vertex 23.8006 18.2628 4
    endloop
  endfacet
  facet normal 0.83147 0.55557 0
    outer loop
      vertex 25.9808 15 4
      vertex 25.9808 15 0
      vertex 23.8006 18.2628 4
    endloop
  endfacet
  facet normal 0.75184 0.659346 0
    outer loop
      vertex 23.8006 18.2628 0
      vertex 21.2132 21.2132 0
      vertex 21.2132 21.2132 4
    endloop
  endfacet
  facet normal 0.75184 0.659346 0
    outer loop
      vertex 23.8006 18.2628 4
      vertex 23.8006 18.2628 0
      vertex 21.2132 21.2132 4
    endloop
  endfacet
  facet normal 0.659346 0.75184 0
    outer loop
      vertex 18.2628 23.8006 0
      vertex 18.2628 23.8006 4
      vertex 21.2132 21.2132 0
    endloop
  endfacet
  facet normal 0.659346 0.75184 0
    outer loop
      vertex 21.2132 21.2132 0
      vertex 18.2628 23.8006 4
      vertex 21.2132 21.2132 4
    endloop
  endfacet
  facet normal 0.55557 0.83147 0
    outer loop
      vertex 15 25.9808 0
      vertex 15 25.9808 4
      vertex 18.2628 23.8006 0
    endloop
  endfacet
  facet normal 0.55557 0.83147 0
    outer loop
      vertex 18.2628 23.8006 0
      vertex 15 25.9808 4
      vertex 18.2628 23.8006 4
    endloop
  endfacet
  facet normal 0.442289 0.896873 0
    outer loop
      vertex 11.4805 27.7164 0
      vertex 11.4805 27.7164 4
      vertex 15 25.9808 0
    endloop
  endfacet
  facet normal 0.442289 0.896873 0
    outer loop
      vertex 15 25.9808 0
      vertex 11.4805 27.7164 4
      vertex 15 25.9808 4
    endloop
  endfacet
  facet normal 0.321439 0.94693 0
    outer loop
      vertex 10.645 28 0
      vertex 10.645 28 4
      vertex 11.4805 27.7164 0
    endloop
  endfacet
  facet normal 0.321439 0.94693 0
    outer loop
      vertex 11.4805 27.7164 0
      vertex 10.645 28 4
      vertex 11.4805 27.7164 4
    endloop
  endfacet
  facet normal 0.321439 -0.94693 0
    outer loop
      vertex 10.645 28 4
      vertex 10.645 28 0
      vertex 11.4805 28.2836 0
    endloop
  endfacet
  facet normal 0.321439 -0.94693 0
    outer loop
      vertex 11.4805 28.2836 4
      vertex 10.645 28 4
      vertex 11.4805 28.2836 0
    endloop
  endfacet
  facet normal 0.442289 -0.896873 0
    outer loop
      vertex 11.4805 28.2836 4
      vertex 11.4805 28.2836 0
      vertex 15 30.0192 0
    endloop
  endfacet
  facet normal 0.442289 -0.896873 0
    outer loop
      vertex 15 30.0192 4
      vertex 11.4805 28.2836 4
      vertex 15 30.0192 0
    endloop
  endfacet
  facet normal 0.55557 -0.83147 0
    outer loop
      vertex 15 30.0192 4
      vertex 15 30.0192 0
      vertex 18.2628 32.1994 0
    endloop
  endfacet
  facet normal 0.55557 -0.83147 0
    outer loop
      vertex 18.2628 32.1994 4
      vertex 15 30.0192 4
      vertex 18.2628 32.1994 0
    endloop
  endfacet
  facet normal 0.659346 -0.75184 0
    outer loop
      vertex 18.2628 32.1994 4
      vertex 18.2628 32.1994 0
      vertex 21.2132 34.7868 0
    endloop
  endfacet
  facet normal 0.659346 -0.75184 0
    outer loop
      vertex 21.2132 34.7868 4
      vertex 18.2628 32.1994 4
      vertex 21.2132 34.7868 0
    endloop
  endfacet
  facet normal 0.75184 -0.659346 0
    outer loop
      vertex 21.2132 34.7868 4
      vertex 21.2132 34.7868 0
      vertex 23.8006 37.7372 0
    endloop
  endfacet
  facet normal 0.75184 -0.659346 0
    outer loop
      vertex 23.8006 37.7372 4
      vertex 21.2132 34.7868 4
      vertex 23.8006 37.7372 0
    endloop
  endfacet
  facet normal 0.83147 -0.55557 0
    outer loop
      vertex 23.8006 37.7372 4
      vertex 23.8006 37.7372 0
      vertex 25.9808 41 0
    endloop
  endfacet
  facet normal 0.83147 -0.55557 0
    outer loop
      vertex 25.9808 41 4
      vertex 23.8006 37.7372 4
      vertex 25.9808 41 0
    endloop
  endfacet
  facet normal 0.896873 -0.442289 0
    outer loop
      vertex 25.9808 41 4
      vertex 25.9808 41 0
      vertex 27.7164 44.5195 0
    endloop
  endfacet
  facet normal 0.896873 -0.442289 0
    outer loop
      vertex 27.7164 44.5195 4
      vertex 25.9808 41 4
      vertex 27.7164 44.5195 0
    endloop
  endfacet
  facet normal 0.94693 -0.321439 0
    outer loop
      vertex 27.7164 44.5195 4
      vertex 27.7164 44.5195 0
      vertex 28.9778 48.2354 0
    endloop
  endfacet
  facet normal 0.94693 -0.321439 0
    outer loop
      vertex 28.9778 48.2354 4
      vertex 27.7164 44.5195 4
      vertex 28.9778 48.2354 0
    endloop
  endfacet
  facet normal 0.980785 -0.19509 0
    outer loop
      vertex 28.9778 48.2354 4
      vertex 28.9778 48.2354 0
      vertex 29.7433 52.0842 0
    endloop
  endfacet
  facet normal 0.980785 -0.19509 0
    outer loop
      vertex 29.7433 52.0842 4
      vertex 28.9778 48.2354 4
      vertex 29.7433 52.0842 0
    endloop
  endfacet
  facet normal 0.997859 -0.0654031 0
    outer loop
      vertex 29.7433 52.0842 4
      vertex 29.7433 52.0842 0
      vertex 30 56 0
    endloop
  endfacet
  facet normal 0.997859 -0.0654031 0
    outer loop
      vertex 30 56 4
      vertex 29.7433 52.0842 4
      vertex 30 56 0
    endloop
  endfacet
  facet normal 0.997859 0.0654031 0
    outer loop
      vertex 30 56 0
      vertex 29.7433 59.9158 0
      vertex 29.7433 59.9158 4
    endloop
  endfacet
  facet normal 0.997859 0.0654031 0
    outer loop
      vertex 30 56 4
      vertex 30 56 0
      vertex 29.7433 59.9158 4
    endloop
  endfacet
  facet normal 0.980785 0.19509 0
    outer loop
      vertex 29.7433 59.9158 0
      vertex 28.9778 63.7646 0
      vertex 28.9778 63.7646 4
    endloop
  endfacet
  facet normal 0.980785 0.19509 0
    outer loop
      vertex 29.7433 59.9158 4
      vertex 29.7433 59.9158 0
      vertex 28.9778 63.7646 4
    endloop
  endfacet
  facet normal 0.94693 0.321439 0
    outer loop
      vertex 28.9778 63.7646 0
      vertex 27.7164 67.4805 0
      vertex 27.7164 67.4805 4
    endloop
  endfacet
  facet normal 0.94693 0.321439 0
    outer loop
      vertex 28.9778 63.7646 4
      vertex 28.9778 63.7646 0
      vertex 27.7164 67.4805 4
    endloop
  endfacet
  facet normal 0.896873 0.442289 0
    outer loop
      vertex 27.7164 67.4805 0
      vertex 25.9808 71 0
      vertex 25.9808 71 4
    endloop
  endfacet
  facet normal 0.896873 0.442289 0
    outer loop
      vertex 27.7164 67.4805 4
      vertex 27.7164 67.4805 0
      vertex 25.9808 71 4
    endloop
  endfacet
  facet normal 0.83147 0.55557 0
    outer loop
      vertex 25.9808 71 0
      vertex 23.8006 74.2628 0
      vertex 23.8006 74.2628 4
    endloop
  endfacet
  facet normal 0.83147 0.55557 0
    outer loop
      vertex 25.9808 71 4
      vertex 25.9808 71 0
      vertex 23.8006 74.2628 4
    endloop
  endfacet
  facet normal 0.75184 0.659346 0
    outer loop
      vertex 23.8006 74.2628 0
      vertex 21.2132 77.2132 0
      vertex 21.2132 77.2132 4
    endloop
  endfacet
  facet normal 0.75184 0.659346 0
    outer loop
      vertex 23.8006 74.2628 4
      vertex 23.8006 74.2628 0
      vertex 21.2132 77.2132 4
    endloop
  endfacet
  facet normal 0.659346 0.75184 0
    outer loop
      vertex 18.2628 79.8006 0
      vertex 18.2628 79.8006 4
      vertex 21.2132 77.2132 0
    endloop
  endfacet
  facet normal 0.659346 0.75184 0
    outer loop
      vertex 21.2132 77.2132 0
      vertex 18.2628 79.8006 4
      vertex 21.2132 77.2132 4
    endloop
  endfacet
  facet normal 0.55557 0.83147 0
    outer loop
      vertex 15 81.9808 0
      vertex 15 81.9808 4
      vertex 18.2628 79.8006 0
    endloop
  endfacet
  facet normal 0.55557 0.83147 0
    outer loop
      vertex 18.2628 79.8006 0
      vertex 15 81.9808 4
      vertex 18.2628 79.8006 4
    endloop
  endfacet
  facet normal 0.442289 0.896873 0
    outer loop
      vertex 11.4805 83.7164 0
      vertex 11.4805 83.7164 4
      vertex 15 81.9808 0
    endloop
  endfacet
  facet normal 0.442289 0.896873 0
    outer loop
      vertex 15 81.9808 0
      vertex 11.4805 83.7164 4
      vertex 15 81.9808 4
    endloop
  endfacet
  facet normal 0.321439 0.94693 0
    outer loop
      vertex 7.76457 84.9778 0
      vertex 7.76457 84.9778 4
      vertex 11.4805 83.7164 0
    endloop
  endfacet
  facet normal 0.321439 0.94693 0
    outer loop
      vertex 11.4805 83.7164 0
      vertex 7.76457 84.9778 4
      vertex 11.4805 83.7164 4
    endloop
  endfacet
  facet normal 0.19509 0.980785 0
    outer loop
      vertex 3.91579 85.7433 0
      vertex 3.91579 85.7433 4
      vertex 7.76457 84.9778 0
    endloop
  endfacet
  facet normal 0.19509 0.980785 0
    outer loop
      vertex 7.76457 84.9778 0
      vertex 3.91579 85.7433 4
      vertex 7.76457 84.9778 4
    endloop
  endfacet
  facet normal 0.0654031 0.997859 0
    outer loop
      vertex 0 86 0
      vertex 0 86 4
      vertex 3.91579 85.7433 0
    endloop
  endfacet
  facet normal 0.0654031 0.997859 0
    outer loop
      vertex 3.91579 85.7433 0
      vertex 0 86 4
      vertex 3.91579 85.7433 4
    endloop
  endfacet
  facet normal -0.0654031 0.997859 0
    outer loop
      vertex -3.91579 85.7433 0
      vertex -3.91579 85.7433 4
      vertex 0 86 0
    endloop
  endfacet
  facet normal -0.0654031 0.997859 0
    outer loop
      vertex 0 86 0
      vertex -3.91579 85.7433 4
      vertex 0 86 4
    endloop
  endfacet
  facet normal -0.19509 0.980785 0
    outer loop
      vertex -7.76457 84.9778 0
      vertex -7.76457 84.9778 4
      vertex -3.91579 85.7433 0
    endloop
  endfacet
  facet normal -0.19509 0.980785 0
    outer loop
      vertex -3.91579 85.7433 0
      vertex -7.76457 84.9778 4
      vertex -3.91579 85.7433 4
    endloop
  endfacet
  facet normal -0.321439 0.94693 0
    outer loop
      vertex -11.4805 83.7164 0
      vertex -11.4805 83.7164 4
      vertex -7.76457 84.9778 0
    endloop
  endfacet
  facet normal -0.321439 0.94693 0
    outer loop
      vertex -7.76457 84.9778 0
      vertex -11.4805 83.7164 4
      vertex -7.76457 84.9778 4
    endloop
  endfacet
  facet normal -0.442289 0.896873 0
    outer loop
      vertex -15 81.9808 0
      vertex -15 81.9808 4
      vertex -11.4805 83.7164 0
    endloop
  endfacet
  facet normal -0.442289 0.896873 0
    outer loop
      vertex -11.4805 83.7164 0
      vertex -15 81.9808 4
      vertex -11.4805 83.7164 4
    endloop
  endfacet
  facet normal -0.55557 0.83147 0
    outer loop
      vertex -18.2628 79.8006 0
      vertex -18.2628 79.8006 4
      vertex -15 81.9808 0
    endloop
  endfacet
  facet normal -0.55557 0.83147 0
    outer loop
      vertex -15 81.9808 0
      vertex -18.2628 79.8006 4
      vertex -15 81.9808 4
    endloop
  endfacet
  facet normal -0.659346 0.75184 0
    outer loop
      vertex -21.2132 77.2132 0
      vertex -21.2132 77.2132 4
      vertex -18.2628 79.8006 0
    endloop
  endfacet
  facet normal -0.659346 0.75184 0
    outer loop
      vertex -18.2628 79.8006 0
      vertex -21.2132 77.2132 4
      vertex -18.2628 79.8006 4
    endloop
  endfacet
  facet normal -0.75184 0.659346 0
    outer loop
      vertex -23.8006 74.2628 0
      vertex -23.8006 74.2628 4
      vertex -21.2132 77.2132 0
    endloop
  endfacet
  facet normal -0.75184 0.659346 0
    outer loop
      vertex -21.2132 77.2132 0
      vertex -23.8006 74.2628 4
      vertex -21.2132 77.2132 4
    endloop
  endfacet
  facet normal -0.83147 0.55557 0
    outer loop
      vertex -25.9808 71 0
      vertex -25.9808 71 4
      vertex -23.8006 74.2628 0
    endloop
  endfacet
  facet normal -0.83147 0.55557 0
    outer loop
      vertex -23.8006 74.2628 0
      vertex -25.9808 71 4
      vertex -23.8006 74.2628 4
    endloop
  endfacet
  facet normal -0.896873 0.442289 0
    outer loop
      vertex -27.7164 67.4805 0
      vertex -27.7164 67.4805 4
      vertex -25.9808 71 0
    endloop
  endfacet
  facet normal -0.896873 0.442289 0
    outer loop
      vertex -25.9808 71 0
      vertex -27.7164 67.4805 4
      vertex -25.9808 71 4
    endloop
  endfacet
  facet normal -0.94693 0.321439 0
    outer loop
      vertex -28.9778 63.7646 0
      vertex -28.9778 63.7646 4
      vertex -27.7164 67.4805 0
    endloop
  endfacet
  facet normal -0.94693 0.321439 0
    outer loop
      vertex -27.7164 67.4805 0
      vertex -28.9778 63.7646 4
      vertex -27.7164 67.4805 4
    endloop
  endfacet
  facet normal -0.980785 0.19509 0
    outer loop
      vertex -29.7433 59.9158 0
      vertex -29.7433 59.9158 4
      vertex -28.9778 63.7646 0
    endloop
  endfacet
  facet normal -0.980785 0.19509 0
    outer loop
      vertex -28.9778 63.7646 0
      vertex -29.7433 59.9158 4
      vertex -28.9778 63.7646 4
    endloop
  endfacet
  facet normal -0.997859 0.0654031 0
    outer loop
      vertex -30 56 0
      vertex -30 56 4
      vertex -29.7433 59.9158 0
    endloop
  endfacet
  facet normal -0.997859 0.0654031 0
    outer loop
      vertex -29.7433 59.9158 0
      vertex -30 56 4
      vertex -29.7433 59.9158 4
    endloop
  endfacet
  facet normal -0.997859 -0.0654031 0
    outer loop
      vertex -30 56 0
      vertex -29.7433 52.0842 0
      vertex -30 56 4
    endloop
  endfacet
  facet normal -0.997859 -0.0654031 0
    outer loop
      vertex -30 56 4
      vertex -29.7433 52.0842 0
      vertex -29.7433 52.0842 4
    endloop
  endfacet
  facet normal -0.980785 -0.19509 0
    outer loop
      vertex -29.7433 52.0842 0
      vertex -28.9778 48.2354 0
      vertex -29.7433 52.0842 4
    endloop
  endfacet
  facet normal -0.980785 -0.19509 0
    outer loop
      vertex -29.7433 52.0842 4
      vertex -28.9778 48.2354 0
      vertex -28.9778 48.2354 4
    endloop
  endfacet
  facet normal -0.94693 -0.321439 0
    outer loop
      vertex -28.9778 48.2354 0
      vertex -27.7164 44.5195 0
      vertex -28.9778 48.2354 4
    endloop
  endfacet
  facet normal -0.94693 -0.321439 0
    outer loop
      vertex -28.9778 48.2354 4
      vertex -27.7164 44.5195 0
      vertex -27.7164 44.5195 4
    endloop
  endfacet
  facet normal -0.896873 -0.442289 0
    outer loop
      vertex -27.7164 44.5195 0
      vertex -25.9808 41 0
      vertex -27.7164 44.5195 4
    endloop
  endfacet
  facet normal -0.896873 -0.442289 0
    outer loop
      vertex -27.7164 44.5195 4
      vertex -25.9808 41 0
      vertex -25.9808 41 4
    endloop
  endfacet
  facet normal -0.83147 -0.55557 0
    outer loop
      vertex -25.9808 41 0
      vertex -23.8006 37.7372 0
      vertex -25.9808 41 4
    endloop
  endfacet
  facet normal -0.83147 -0.55557 0
    outer loop
      vertex -25.9808 41 4
      vertex -23.8006 37.7372 0
      vertex -23.8006 37.7372 4
    endloop
  endfacet
  facet normal -0.75184 -0.659346 0
    outer loop
      vertex -23.8006 37.7372 0
      vertex -21.2132 34.7868 0
      vertex -23.8006 37.7372 4
    endloop
  endfacet
  facet normal -0.75184 -0.659346 0
    outer loop
      vertex -23.8006 37.7372 4
      vertex -21.2132 34.7868 0
      vertex -21.2132 34.7868 4
    endloop
  endfacet
  facet normal -0.659346 -0.75184 0
    outer loop
      vertex -21.2132 34.7868 4
      vertex -21.2132 34.7868 0
      vertex -18.2628 32.1994 0
    endloop
  endfacet
  facet normal -0.659346 -0.75184 0
    outer loop
      vertex -18.2628 32.1994 4
      vertex -21.2132 34.7868 4
      vertex -18.2628 32.1994 0
    endloop
  endfacet
  facet normal -0.55557 -0.83147 0
    outer loop
      vertex -18.2628 32.1994 4
      vertex -18.2628 32.1994 0
      vertex -15 30.0192 0
    endloop
  endfacet
  facet normal -0.55557 -0.83147 0
    outer loop
      vertex -15 30.0192 4
      vertex -18.2628 32.1994 4
      vertex -15 30.0192 0
    endloop
  endfacet
  facet normal -0.442289 -0.896873 0
    outer loop
      vertex -15 30.0192 4
      vertex -15 30.0192 0
      vertex -11.4805 28.2836 0
    endloop
  endfacet
  facet normal -0.442289 -0.896873 0
    outer loop
      vertex -11.4805 28.2836 4
      vertex -15 30.0192 4
      vertex -11.4805 28.2836 0
    endloop
  endfacet
  facet normal -0.321439 -0.94693 0
    outer loop
      vertex -11.4805 28.2836 4
      vertex -11.4805 28.2836 0
      vertex -10.645 28 0
    endloop
  endfacet
  facet normal -0.321439 -0.94693 0
    outer loop
      vertex -10.645 28 4
      vertex -11.4805 28.2836 4
      vertex -10.645 28 0
    endloop
  endfacet
  facet normal -0.321439 0.94693 0
    outer loop
      vertex -11.4805 27.7164 0
      vertex -11.4805 27.7164 4
      vertex -10.645 28 0
    endloop
  endfacet
  facet normal -0.321439 0.94693 0
    outer loop
      vertex -10.645 28 0
      vertex -11.4805 27.7164 4
      vertex -10.645 28 4
    endloop
  endfacet
  facet normal -0.442289 0.896873 0
    outer loop
      vertex -15 25.9808 0
      vertex -15 25.9808 4
      vertex -11.4805 27.7164 0
    endloop
  endfacet
  facet normal -0.442289 0.896873 0
    outer loop
      vertex -11.4805 27.7164 0
      vertex -15 25.9808 4
      vertex -11.4805 27.7164 4
    endloop
  endfacet
  facet normal -0.55557 0.83147 0
    outer loop
      vertex -18.2628 23.8006 0
      vertex -18.2628 23.8006 4
      vertex -15 25.9808 0
    endloop
  endfacet
  facet normal -0.55557 0.83147 0
    outer loop
      vertex -15 25.9808 0
      vertex -18.2628 23.8006 4
      vertex -15 25.9808 4
    endloop
  endfacet
  facet normal -0.659346 0.75184 0
    outer loop
      vertex -21.2132 21.2132 0
      vertex -21.2132 21.2132 4
      vertex -18.2628 23.8006 0
    endloop
  endfacet
  facet normal -0.659346 0.75184 0
    outer loop
      vertex -18.2628 23.8006 0
      vertex -21.2132 21.2132 4
      vertex -18.2628 23.8006 4
    endloop
  endfacet
  facet normal -0.75184 0.659346 0
    outer loop
      vertex -23.8006 18.2628 0
      vertex -23.8006 18.2628 4
      vertex -21.2132 21.2132 0
    endloop
  endfacet
  facet normal -0.75184 0.659346 0
    outer loop
      vertex -21.2132 21.2132 0
      vertex -23.8006 18.2628 4
      vertex -21.2132 21.2132 4
    endloop
  endfacet
  facet normal -0.83147 0.55557 0
    outer loop
      vertex -25.9808 15 0
      vertex -25.9808 15 4
      vertex -23.8006 18.2628 0
    endloop
  endfacet
  facet normal -0.83147 0.55557 0
    outer loop
      vertex -23.8006 18.2628 0
      vertex -25.9808 15 4
      vertex -23.8006 18.2628 4
    endloop
  endfacet
  facet normal -0.896873 0.442289 0
    outer loop
      vertex -27.7164 11.4805 0
      vertex -27.7164 11.4805 4
      vertex -25.9808 15 0
    endloop
  endfacet
  facet normal -0.896873 0.442289 0
    outer loop
      vertex -25.9808 15 0
      vertex -27.7164 11.4805 4
      vertex -25.9808 15 4
    endloop
  endfacet
  facet normal -0.94693 0.321439 0
    outer loop
      vertex -28.9778 7.76457 0
      vertex -28.9778 7.76457 4
      vertex -27.7164 11.4805 0
    endloop
  endfacet
  facet normal -0.94693 0.321439 0
    outer loop
      vertex -27.7164 11.4805 0
      vertex -28.9778 7.76457 4
      vertex -27.7164 11.4805 4
    endloop
  endfacet
  facet normal -0.980785 0.19509 0
    outer loop
      vertex -29.7433 3.91579 0
      vertex -29.7433 3.91579 4
      vertex -28.9778 7.76457 0
    endloop
  endfacet
  facet normal -0.980785 0.19509 0
    outer loop
      vertex -28.9778 7.76457 0
      vertex -29.7433 3.91579 4
      vertex -28.9778 7.76457 4
    endloop
  endfacet
  facet normal 0 0 1
    outer loop
      vertex -29.7433 3.91579 4
      vertex -30 0 4
      vertex -29.7433 -3.91579 4
    endloop
  endfacet
  facet normal 0 0 1
    outer loop
      vertex -27.7164 -11.4805 4
      vertex -29.7433 3.91579 4
      vertex -28.9778 -7.76457 4
    endloop
  endfacet
  facet normal 0 0 1
    outer loop
      vertex -28.9778 -7.76457 4
      vertex -29.7433 3.91579 4
      vertex -29.7433 -3.91579 4
    endloop
  endfacet
  facet normal 0 0 1
    outer loop
      vertex -25.9808 -15 4
      vertex -29.7433 3.91579 4
      vertex -27.7164 -11.4805 4
    endloop
  endfacet
  facet normal 0 0 1
    outer loop
      vertex -23.8006 -18.2628 4
      vertex -29.7433 3.91579 4
      vertex -25.9808 -15 4
    endloop
  endfacet
  facet normal 0 0 1
    outer loop
      vertex -21.2132 -21.2132 4
      vertex -29.7433 3.91579 4
      vertex -23.8006 -18.2628 4
    endloop
  endfacet
  facet normal 0 0 1
    outer loop
      vertex -24.0209 -9.94977 4
      vertex -29.7433 3.91579 4
      vertex -21.2132 -21.2132 4
    endloop
  endfacet
  facet normal 0 0 1
    outer loop
      vertex -24.0209 -9.94977 4
      vertex -25.1141 -6.72929 4
      vertex -29.7433 3.91579 4
    endloop
  endfacet
  facet normal 0 0 1
    outer loop
      vertex 25.7776 3.39368 4
      vertex 26 0 4
      vertex 30 0 4
    endloop
  endfacet
  facet normal 0 0 1
    outer loop
      vertex 25.1141 6.72929 4
      vertex 25.7776 3.39368 4
      vertex 29.7433 3.91579 4
    endloop
  endfacet
  facet normal 0 0 1
    outer loop
      vertex 24.0209 9.94977 4
      vertex 25.1141 6.72929 4
      vertex 28.9778 7.76457 4
    endloop
  endfacet
  facet normal 0 0 1
    outer loop
      vertex 22.5167 13 4
      vertex 24.0209 9.94977 4
      vertex 27.7164 11.4805 4
    endloop
  endfacet
  facet normal 0 0 1
    outer loop
      vertex 20.6272 15.8278 4
      vertex 22.5167 13 4
      vertex 25.9808 15 4
    endloop
  endfacet
  facet normal 0 0 1
    outer loop
      vertex 18.3848 18.3848 4
      vertex 20.6272 15.8278 4
      vertex 23.8006 18.2628 4
    endloop
  endfacet
  facet normal 0 0 1
    outer loop
      vertex 15.8278 20.6272 4
      vertex 18.3848 18.3848 4
      vertex 21.2132 21.2132 4
    endloop
  endfacet
  facet normal 0 0 1
    outer loop
      vertex 13 22.5167 4
      vertex 15.8278 20.6272 4
      vertex 18.2628 23.8006 4
    endloop
  endfacet
  facet normal 0 0 1
    outer loop
      vertex 3.39368 -25.7776 4
      vertex 0 -26 4
      vertex 3.91579 -29.7433 4
    endloop
  endfacet
  facet normal 0 0 1
    outer loop
      vertex -25.1141 6.72929 4
      vertex -24.0209 9.94977 4
      vertex -29.7433 3.91579 4
    endloop
  endfacet
  facet normal 0 0 1
    outer loop
      vertex 13 33.4833 4
      vertex 25.9808 41 4
      vertex 15.8278 35.3728 4
    endloop
  endfacet
  facet normal 0 0 1
    outer loop
      vertex 20.6272 40.1722 4
      vertex 18.3848 37.6152 4
      vertex 27.7164 44.5195 4
    endloop
  endfacet
  facet normal 0 0 1
    outer loop
      vertex 24.0209 46.0502 4
      vertex 22.5167 43 4
      vertex 28.9778 48.2354 4
    endloop
  endfacet
  facet normal 0 0 1
    outer loop
      vertex 25.1141 49.2707 4
      vertex 24.0209 46.0502 4
      vertex 29.7433 52.0842 4
    endloop
  endfacet
  facet normal 0 0 1
    outer loop
      vertex 25.7776 52.6063 4
      vertex 25.1141 49.2707 4
      vertex 30 56 4
    endloop
  endfacet
  facet normal 0 0 1
    outer loop
      vertex 15 30.0192 4
      vertex 10.645 28 4
      vertex 11.4805 28.2836 4
    endloop
  endfacet
  facet normal 0 0 1
    outer loop
      vertex 18.2628 32.1994 4
      vertex 10.645 28 4
      vertex 15 30.0192 4
    endloop
  endfacet
  facet normal 0 0 1
    outer loop
      vertex 21.2132 34.7868 4
      vertex 10.645 28 4
      vertex 18.2628 32.1994 4
    endloop
  endfacet
  facet normal 0 0 1
    outer loop
      vertex -13 22.5167 4
      vertex -10.645 28 4
      vertex -15.8278 20.6272 4
    endloop
  endfacet
  facet normal 0 0 1
    outer loop
      vertex 13 33.4833 4
      vertex 23.8006 37.7372 4
      vertex 25.9808 41 4
    endloop
  endfacet
  facet normal 0 0 1
    outer loop
      vertex -22.5167 13 4
      vertex -20.6272 15.8278 4
      vertex -29.7433 3.91579 4
    endloop
  endfacet
  facet normal 0 0 1
    outer loop
      vertex -20.6272 15.8278 4
      vertex -18.3848 18.3848 4
      vertex -11.4805 27.7164 4
    endloop
  endfacet
  facet normal 0 0 1
    outer loop
      vertex -18.3848 -18.3848 4
      vertex -20.6272 -15.8278 4
      vertex -15 -25.9808 4
    endloop
  endfacet
  facet normal 0 0 1
    outer loop
      vertex -15 25.9808 4
      vertex -18.2628 23.8006 4
      vertex -29.7433 3.91579 4
    endloop
  endfacet
  facet normal 0 0 1
    outer loop
      vertex 13 78.5167 4
      vertex 15.8278 76.6272 4
      vertex 15 81.9808 4
    endloop
  endfacet
  facet normal 0 0 1
    outer loop
      vertex 8.5 31.487 4
      vertex 21.2132 34.7868 4
      vertex 9.94977 31.9791 4
    endloop
  endfacet
  facet normal 0 0 1
    outer loop
      vertex -21.2132 21.2132 4
      vertex -23.8006 18.2628 4
      vertex -29.7433 3.91579 4
    endloop
  endfacet
  facet normal 0 0 1
    outer loop
      vertex -18.3848 37.6152 4
      vertex -20.6272 40.1722 4
      vertex -21.2132 34.7868 4
    endloop
  endfacet
  facet normal 0 0 1
    outer loop
      vertex -21.2132 34.7868 4
      vertex -18.2628 32.1994 4
      vertex -18.3848 37.6152 4
    endloop
  endfacet
  facet normal 0 0 1
    outer loop
      vertex 8.5 31.487 4
      vertex 10.645 28 4
      vertex 21.2132 34.7868 4
    endloop
  endfacet
  facet normal 0 0 1
    outer loop
      vertex -27.7164 11.4805 4
      vertex -28.9778 7.76457 4
      vertex -29.7433 3.91579 4
    endloop
  endfacet
  facet normal 0 0 1
    outer loop
      vertex -25.1141 49.2707 4
      vertex -25.7776 52.6063 4
      vertex -25.9808 41 4
    endloop
  endfacet
  facet normal 0 0 1
    outer loop
      vertex -28.9778 48.2354 4
      vertex -27.7164 44.5195 4
      vertex -27.7164 67.4805 4
    endloop
  endfacet
  facet normal 0 0 1
    outer loop
      vertex -29.7433 52.0842 4
      vertex -28.9778 48.2354 4
      vertex -28.9778 63.7646 4
    endloop
  endfacet
  facet normal 0 0 1
    outer loop
      vertex -29.7433 59.9158 4
      vertex -29.7433 52.0842 4
      vertex -28.9778 63.7646 4
    endloop
  endfacet
  facet normal 0 0 1
    outer loop
      vertex -28.9778 63.7646 4
      vertex -28.9778 48.2354 4
      vertex -27.7164 67.4805 4
    endloop
  endfacet
  facet normal 0 0 1
    outer loop
      vertex -27.7164 67.4805 4
      vertex -27.7164 44.5195 4
      vertex -25.9808 71 4
    endloop
  endfacet
  facet normal 0 0 1
    outer loop
      vertex -25.1141 62.7293 4
      vertex -24.0209 65.9498 4
      vertex -23.8006 74.2628 4
    endloop
  endfacet
  facet normal 0 0 1
    outer loop
      vertex -20.6272 40.1722 4
      vertex -22.5167 43 4
      vertex -23.8006 37.7372 4
    endloop
  endfacet
  facet normal 0 0 1
    outer loop
      vertex -3.39368 81.7776 4
      vertex 0 82 4
      vertex 0 86 4
    endloop
  endfacet
  facet normal 0 0 1
    outer loop
      vertex 9.94977 80.0209 4
      vertex 13 78.5167 4
      vertex 15 81.9808 4
    endloop
  endfacet
  facet normal 0 0 1
    outer loop
      vertex -18.2628 23.8006 4
      vertex -21.2132 21.2132 4
      vertex -29.7433 3.91579 4
    endloop
  endfacet
  facet normal 0 0 1
    outer loop
      vertex 22.5167 69 4
      vertex 24.0209 65.9498 4
      vertex 25.9808 71 4
    endloop
  endfacet
  facet normal 0 0 1
    outer loop
      vertex 20.6272 71.8278 4
      vertex 22.5167 69 4
      vertex 23.8006 74.2628 4
    endloop
  endfacet
  facet normal 0 0 1
    outer loop
      vertex -25.7776 -3.39368 4
      vertex -26 0 4
      vertex -29.7433 3.91579 4
    endloop
  endfacet
  facet normal 0 0 1
    outer loop
      vertex 13 -22.5167 4
      vertex 9.94977 -24.0209 4
      vertex 15 -25.9808 4
    endloop
  endfacet
  facet normal 0 0 1
    outer loop
      vertex -23.8006 18.2628 4
      vertex -25.9808 15 4
      vertex -29.7433 3.91579 4
    endloop
  endfacet
  facet normal 0 0 1
    outer loop
      vertex 3.39368 81.7776 4
      vertex 6.72929 81.1141 4
      vertex 7.76457 84.9778 4
    endloop
  endfacet
  facet normal 0 0 1
    outer loop
      vertex 9.94977 31.9791 4
      vertex 21.2132 34.7868 4
      vertex 23.8006 37.7372 4
    endloop
  endfacet
  facet normal 0 0 1
    outer loop
      vertex -18.2628 32.1994 4
      vertex -15 30.0192 4
      vertex -15.8278 35.3728 4
    endloop
  endfacet
  facet normal 0 0 1
    outer loop
      vertex -22.5167 -13 4
      vertex -24.0209 -9.94977 4
      vertex -18.2628 -23.8006 4
    endloop
  endfacet
  facet normal 0 0 1
    outer loop
      vertex 15.8278 -20.6272 4
      vertex 13 -22.5167 4
      vertex 18.2628 -23.8006 4
    endloop
  endfacet
  facet normal 0 0 1
    outer loop
      vertex -6.72929 -25.1141 4
      vertex -9.94977 -24.0209 4
      vertex -3.91579 -29.7433 4
    endloop
  endfacet
  facet normal 0 0 1
    outer loop
      vertex 24.0209 -9.94977 4
      vertex 22.5167 -13 4
      vertex 27.7164 -11.4805 4
    endloop
  endfacet
  facet normal 0 0 1
    outer loop
      vertex 24.0209 65.9498 4
      vertex 25.1141 62.7293 4
      vertex 27.7164 67.4805 4
    endloop
  endfacet
  facet normal 0 0 1
    outer loop
      vertex 8.5 31.487 4
      vertex 8.5 24.513 4
      vertex 10.645 28 4
    endloop
  endfacet
  facet normal 0 0 1
    outer loop
      vertex -11.4805 27.7164 4
      vertex -15 25.9808 4
      vertex -20.6272 15.8278 4
    endloop
  endfacet
  facet normal 0 0 1
    outer loop
      vertex -11.4805 27.7164 4
      vertex -18.3848 18.3848 4
      vertex -10.645 28 4
    endloop
  endfacet
  facet normal 0 0 1
    outer loop
      vertex -8.5 31.487 4
      vertex -9.94977 31.9791 4
      vertex -11.4805 28.2836 4
    endloop
  endfacet
  facet normal 0 0 1
    outer loop
      vertex -9.94977 31.9791 4
      vertex -13 33.4833 4
      vertex -15 30.0192 4
    endloop
  endfacet
  facet normal 0 0 1
    outer loop
      vertex 10.645 28 4
      vertex 8.5 24.513 4
      vertex 11.4805 27.7164 4
    endloop
  endfacet
  facet normal 0 0 1
    outer loop
      vertex 25.1141 62.7293 4
      vertex 25.7776 59.3937 4
      vertex 28.9778 63.7646 4
    endloop
  endfacet
  facet normal 0 0 1
    outer loop
      vertex -20.6272 15.8278 4
      vertex -15 25.9808 4
      vertex -29.7433 3.91579 4
    endloop
  endfacet
  facet normal 0 0 1
    outer loop
      vertex -25.1141 -6.72929 4
      vertex -25.7776 -3.39368 4
      vertex -29.7433 3.91579 4
    endloop
  endfacet
  facet normal 0 0 1
    outer loop
      vertex 15.8278 76.6272 4
      vertex 18.3848 74.3848 4
      vertex 18.2628 79.8006 4
    endloop
  endfacet
  facet normal 0 0 1
    outer loop
      vertex 6.72929 81.1141 4
      vertex 9.94977 80.0209 4
      vertex 11.4805 83.7164 4
    endloop
  endfacet
  facet normal 0 0 1
    outer loop
      vertex -15.8278 35.3728 4
      vertex -18.3848 37.6152 4
      vertex -18.2628 32.1994 4
    endloop
  endfacet
  facet normal 0 0 1
    outer loop
      vertex -25.9808 15 4
      vertex -27.7164 11.4805 4
      vertex -29.7433 3.91579 4
    endloop
  endfacet
  facet normal 0 0 1
    outer loop
      vertex -22.5167 43 4
      vertex -24.0209 46.0502 4
      vertex -23.8006 37.7372 4
    endloop
  endfacet
  facet normal 0 0 1
    outer loop
      vertex 25.7776 59.3937 4
      vertex 26 56 4
      vertex 29.7433 59.9158 4
    endloop
  endfacet
  facet normal 0 0 1
    outer loop
      vertex -15 30.0192 4
      vertex -11.4805 28.2836 4
      vertex -9.94977 31.9791 4
    endloop
  endfacet
  facet normal 0 0 1
    outer loop
      vertex -18.3848 74.3848 4
      vertex -15.8278 76.6272 4
      vertex -15 81.9808 4
    endloop
  endfacet
  facet normal 0 0 1
    outer loop
      vertex -26 56 4
      vertex -25.7776 59.3937 4
      vertex -25.9808 71 4
    endloop
  endfacet
  facet normal 0 0 1
    outer loop
      vertex -22.5167 69 4
      vertex -20.6272 71.8278 4
      vertex -21.2132 77.2132 4
    endloop
  endfacet
  facet normal 0 0 1
    outer loop
      vertex -20.6272 71.8278 4
      vertex -18.3848 74.3848 4
      vertex -18.2628 79.8006 4
    endloop
  endfacet
  facet normal 0 0 1
    outer loop
      vertex -25.9808 41 4
      vertex -23.8006 37.7372 4
      vertex -24.0209 46.0502 4
    endloop
  endfacet
  facet normal 0 0 1
    outer loop
      vertex -25.9808 71 4
      vertex -25.7776 59.3937 4
      vertex -23.8006 74.2628 4
    endloop
  endfacet
  facet normal 0 0 1
    outer loop
      vertex -25.7776 59.3937 4
      vertex -25.1141 62.7293 4
      vertex -23.8006 74.2628 4
    endloop
  endfacet
  facet normal 0 0 1
    outer loop
      vertex -23.8006 74.2628 4
      vertex -24.0209 65.9498 4
      vertex -21.2132 77.2132 4
    endloop
  endfacet
  facet normal 0 0 1
    outer loop
      vertex -24.0209 65.9498 4
      vertex -22.5167 69 4
      vertex -21.2132 77.2132 4
    endloop
  endfacet
  facet normal 0 0 1
    outer loop
      vertex -21.2132 77.2132 4
      vertex -20.6272 71.8278 4
      vertex -18.2628 79.8006 4
    endloop
  endfacet
  facet normal 0 0 1
    outer loop
      vertex -18.2628 79.8006 4
      vertex -18.3848 74.3848 4
      vertex -15 81.9808 4
    endloop
  endfacet
  facet normal 0 0 1
    outer loop
      vertex -24.0209 46.0502 4
      vertex -25.1141 49.2707 4
      vertex -25.9808 41 4
    endloop
  endfacet
  facet normal 0 0 1
    outer loop
      vertex -15 81.9808 4
      vertex -15.8278 76.6272 4
      vertex -11.4805 83.7164 4
    endloop
  endfacet
  facet normal 0 0 1
    outer loop
      vertex -15.8278 76.6272 4
      vertex -13 78.5167 4
      vertex -11.4805 83.7164 4
    endloop
  endfacet
  facet normal 0 0 1
    outer loop
      vertex 18.3848 74.3848 4
      vertex 20.6272 71.8278 4
      vertex 21.2132 77.2132 4
    endloop
  endfacet
  facet normal 0 0 1
    outer loop
      vertex -11.4805 83.7164 4
      vertex -9.94977 80.0209 4
      vertex -7.76457 84.9778 4
    endloop
  endfacet
  facet normal 0 0 1
    outer loop
      vertex -7.76457 84.9778 4
      vertex -6.72929 81.1141 4
      vertex -3.91579 85.7433 4
    endloop
  endfacet
  facet normal 0 0 1
    outer loop
      vertex -9.94977 80.0209 4
      vertex -6.72929 81.1141 4
      vertex -7.76457 84.9778 4
    endloop
  endfacet
  facet normal 0 0 1
    outer loop
      vertex -3.91579 85.7433 4
      vertex -3.39368 81.7776 4
      vertex 0 86 4
    endloop
  endfacet
  facet normal 0 0 1
    outer loop
      vertex 0 86 4
      vertex 0 82 4
      vertex 3.91579 85.7433 4
    endloop
  endfacet
  facet normal 0 0 1
    outer loop
      vertex 0 82 4
      vertex 3.39368 81.7776 4
      vertex 3.91579 85.7433 4
    endloop
  endfacet
  facet normal 0 0 1
    outer loop
      vertex 3.91579 85.7433 4
      vertex 3.39368 81.7776 4
      vertex 7.76457 84.9778 4
    endloop
  endfacet
  facet normal 0 0 1
    outer loop
      vertex 7.76457 84.9778 4
      vertex 6.72929 81.1141 4
      vertex 11.4805 83.7164 4
    endloop
  endfacet
  facet normal 0 0 1
    outer loop
      vertex 11.4805 83.7164 4
      vertex 9.94977 80.0209 4
      vertex 15 81.9808 4
    endloop
  endfacet
  facet normal 0 0 1
    outer loop
      vertex -13 33.4833 4
      vertex -15.8278 35.3728 4
      vertex -15 30.0192 4
    endloop
  endfacet
  facet normal 0 0 1
    outer loop
      vertex 9.94977 -24.0209 4
      vertex 6.72929 -25.1141 4
      vertex 11.4805 -27.7164 4
    endloop
  endfacet
  facet normal 0 0 1
    outer loop
      vertex 15 81.9808 4
      vertex 15.8278 76.6272 4
      vertex 18.2628 79.8006 4
    endloop
  endfacet
  facet normal 0 0 1
    outer loop
      vertex 18.2628 79.8006 4
      vertex 18.3848 74.3848 4
      vertex 21.2132 77.2132 4
    endloop
  endfacet
  facet normal 0 0 1
    outer loop
      vertex -11.4805 28.2836 4
      vertex -10.645 28 4
      vertex -8.5 31.487 4
    endloop
  endfacet
  facet normal 0 0 1
    outer loop
      vertex 21.2132 77.2132 4
      vertex 20.6272 71.8278 4
      vertex 23.8006 74.2628 4
    endloop
  endfacet
  facet normal 0 0 1
    outer loop
      vertex 23.8006 74.2628 4
      vertex 22.5167 69 4
      vertex 25.9808 71 4
    endloop
  endfacet
  facet normal 0 0 1
    outer loop
      vertex 25.9808 71 4
      vertex 24.0209 65.9498 4
      vertex 27.7164 67.4805 4
    endloop
  endfacet
  facet normal 0 0 1
    outer loop
      vertex 27.7164 67.4805 4
      vertex 25.1141 62.7293 4
      vertex 28.9778 63.7646 4
    endloop
  endfacet
  facet normal 0 0 1
    outer loop
      vertex 28.9778 63.7646 4
      vertex 25.7776 59.3937 4
      vertex 29.7433 59.9158 4
    endloop
  endfacet
  facet normal 0 0 1
    outer loop
      vertex 29.7433 59.9158 4
      vertex 26 56 4
      vertex 30 56 4
    endloop
  endfacet
  facet normal 0 0 1
    outer loop
      vertex -24.0209 9.94977 4
      vertex -22.5167 13 4
      vertex -29.7433 3.91579 4
    endloop
  endfacet
  facet normal 0 0 1
    outer loop
      vertex 26 56 4
      vertex 25.7776 52.6063 4
      vertex 30 56 4
    endloop
  endfacet
  facet normal 0 0 1
    outer loop
      vertex 30 56 4
      vertex 25.1141 49.2707 4
      vertex 29.7433 52.0842 4
    endloop
  endfacet
  facet normal 0 0 1
    outer loop
      vertex 9.94977 31.9791 4
      vertex 23.8006 37.7372 4
      vertex 13 33.4833 4
    endloop
  endfacet
  facet normal 0 0 1
    outer loop
      vertex 29.7433 52.0842 4
      vertex 24.0209 46.0502 4
      vertex 28.9778 48.2354 4
    endloop
  endfacet
  facet normal 0 0 1
    outer loop
      vertex -15.8278 20.6272 4
      vertex -10.645 28 4
      vertex -18.3848 18.3848 4
    endloop
  endfacet
  facet normal 0 0 1
    outer loop
      vertex 28.9778 48.2354 4
      vertex 22.5167 43 4
      vertex 27.7164 44.5195 4
    endloop
  endfacet
  facet normal 0 0 1
    outer loop
      vertex -9.94977 24.0209 4
      vertex -10.645 28 4
      vertex -13 22.5167 4
    endloop
  endfacet
  facet normal 0 0 1
    outer loop
      vertex 22.5167 43 4
      vertex 20.6272 40.1722 4
      vertex 27.7164 44.5195 4
    endloop
  endfacet
  facet normal 0 0 1
    outer loop
      vertex -8.5 24.513 4
      vertex -8.5 31.487 4
      vertex -10.645 28 4
    endloop
  endfacet
  facet normal 0 0 1
    outer loop
      vertex 27.7164 44.5195 4
      vertex 18.3848 37.6152 4
      vertex 25.9808 41 4
    endloop
  endfacet
  facet normal 0 0 1
    outer loop
      vertex 18.3848 37.6152 4
      vertex 15.8278 35.3728 4
      vertex 25.9808 41 4
    endloop
  endfacet
  facet normal 0 0 1
    outer loop
      vertex -8.5 24.513 4
      vertex -10.645 28 4
      vertex -9.94977 24.0209 4
    endloop
  endfacet
  facet normal 0 0 1
    outer loop
      vertex 11.4805 27.7164 4
      vertex 8.5 24.513 4
      vertex 15 25.9808 4
    endloop
  endfacet
  facet normal 0 0 1
    outer loop
      vertex 8.5 24.513 4
      vertex 9.94977 24.0209 4
      vertex 15 25.9808 4
    endloop
  endfacet
  facet normal 0 0 1
    outer loop
      vertex 15 25.9808 4
      vertex 13 22.5167 4
      vertex 18.2628 23.8006 4
    endloop
  endfacet
  facet normal 0 0 1
    outer loop
      vertex 18.2628 23.8006 4
      vertex 15.8278 20.6272 4
      vertex 21.2132 21.2132 4
    endloop
  endfacet
  facet normal 0 0 1
    outer loop
      vertex 21.2132 21.2132 4
      vertex 18.3848 18.3848 4
      vertex 23.8006 18.2628 4
    endloop
  endfacet
  facet normal 0 0 1
    outer loop
      vertex 23.8006 18.2628 4
      vertex 20.6272 15.8278 4
      vertex 25.9808 15 4
    endloop
  endfacet
  facet normal 0 0 1
    outer loop
      vertex 25.9808 15 4
      vertex 22.5167 13 4
      vertex 27.7164 11.4805 4
    endloop
  endfacet
  facet normal 0 0 1
    outer loop
      vertex 27.7164 11.4805 4
      vertex 24.0209 9.94977 4
      vertex 28.9778 7.76457 4
    endloop
  endfacet
  facet normal 0 0 1
    outer loop
      vertex 28.9778 7.76457 4
      vertex 25.1141 6.72929 4
      vertex 29.7433 3.91579 4
    endloop
  endfacet
  facet normal 0 0 1
    outer loop
      vertex 29.7433 3.91579 4
      vertex 25.7776 3.39368 4
      vertex 30 0 4
    endloop
  endfacet
  facet normal 0 0 1
    outer loop
      vertex 30 0 4
      vertex 26 0 4
      vertex 29.7433 -3.91579 4
    endloop
  endfacet
  facet normal 0 0 1
    outer loop
      vertex 26 0 4
      vertex 25.7776 -3.39368 4
      vertex 29.7433 -3.91579 4
    endloop
  endfacet
  facet normal 0 0 1
    outer loop
      vertex 29.7433 -3.91579 4
      vertex 25.1141 -6.72929 4
      vertex 28.9778 -7.76457 4
    endloop
  endfacet
  facet normal 0 0 1
    outer loop
      vertex 28.9778 -7.76457 4
      vertex 24.0209 -9.94977 4
      vertex 27.7164 -11.4805 4
    endloop
  endfacet
  facet normal 0 0 1
    outer loop
      vertex 9.94977 24.0209 4
      vertex 13 22.5167 4
      vertex 15 25.9808 4
    endloop
  endfacet
  facet normal 0 0 1
    outer loop
      vertex 27.7164 -11.4805 4
      vertex 22.5167 -13 4
      vertex 25.9808 -15 4
    endloop
  endfacet
  facet normal 0 0 1
    outer loop
      vertex 25.9808 -15 4
      vertex 20.6272 -15.8278 4
      vertex 23.8006 -18.2628 4
    endloop
  endfacet
  facet normal 0 0 1
    outer loop
      vertex 23.8006 -18.2628 4
      vertex 18.3848 -18.3848 4
      vertex 21.2132 -21.2132 4
    endloop
  endfacet
  facet normal 0 0 1
    outer loop
      vertex 21.2132 -21.2132 4
      vertex 15.8278 -20.6272 4
      vertex 18.2628 -23.8006 4
    endloop
  endfacet
  facet normal 0 0 1
    outer loop
      vertex 18.2628 -23.8006 4
      vertex 13 -22.5167 4
      vertex 15 -25.9808 4
    endloop
  endfacet
  facet normal 0 0 1
    outer loop
      vertex 15 -25.9808 4
      vertex 9.94977 -24.0209 4
      vertex 11.4805 -27.7164 4
    endloop
  endfacet
  facet normal 0 0 1
    outer loop
      vertex 11.4805 -27.7164 4
      vertex 6.72929 -25.1141 4
      vertex 7.76457 -28.9778 4
    endloop
  endfacet
  facet normal 0 0 1
    outer loop
      vertex 7.76457 -28.9778 4
      vertex 3.39368 -25.7776 4
      vertex 3.91579 -29.7433 4
    endloop
  endfacet
  facet normal 0 0 1
    outer loop
      vertex 3.91579 -29.7433 4
      vertex 0 -26 4
      vertex 0 -30 4
    endloop
  endfacet
  facet normal 0 0 1
    outer loop
      vertex 0 -26 4
      vertex -3.39368 -25.7776 4
      vertex 0 -30 4
    endloop
  endfacet
  facet normal 0 0 1
    outer loop
      vertex 0 -30 4
      vertex -6.72929 -25.1141 4
      vertex -3.91579 -29.7433 4
    endloop
  endfacet
  facet normal 0 0 1
    outer loop
      vertex 22.5167 -13 4
      vertex 20.6272 -15.8278 4
      vertex 25.9808 -15 4
    endloop
  endfacet
  facet normal 0 0 1
    outer loop
      vertex -3.91579 -29.7433 4
      vertex -9.94977 -24.0209 4
      vertex -7.76457 -28.9778 4
    endloop
  endfacet
  facet normal 0 0 1
    outer loop
      vertex 20.6272 -15.8278 4
      vertex 18.3848 -18.3848 4
      vertex 23.8006 -18.2628 4
    endloop
  endfacet
  facet normal 0 0 1
    outer loop
      vertex -7.76457 -28.9778 4
      vertex -13 -22.5167 4
      vertex -11.4805 -27.7164 4
    endloop
  endfacet
  facet normal 0 0 1
    outer loop
      vertex 18.3848 -18.3848 4
      vertex 15.8278 -20.6272 4
      vertex 21.2132 -21.2132 4
    endloop
  endfacet
  facet normal 0 0 1
    outer loop
      vertex -11.4805 -27.7164 4
      vertex -15.8278 -20.6272 4
      vertex -15 -25.9808 4
    endloop
  endfacet
  facet normal 0 0 1
    outer loop
      vertex -15.8278 -20.6272 4
      vertex -18.3848 -18.3848 4
      vertex -15 -25.9808 4
    endloop
  endfacet
  facet normal 0 0 1
    outer loop
      vertex -15 -25.9808 4
      vertex -20.6272 -15.8278 4
      vertex -18.2628 -23.8006 4
    endloop
  endfacet
  facet normal 0 0 1
    outer loop
      vertex -9.94977 -24.0209 4
      vertex -13 -22.5167 4
      vertex -7.76457 -28.9778 4
    endloop
  endfacet
  facet normal 0 0 1
    outer loop
      vertex -20.6272 -15.8278 4
      vertex -22.5167 -13 4
      vertex -18.2628 -23.8006 4
    endloop
  endfacet
  facet normal 0 0 1
    outer loop
      vertex -18.2628 -23.8006 4
      vertex -24.0209 -9.94977 4
      vertex -21.2132 -21.2132 4
    endloop
  endfacet
  facet normal 0 0 1
    outer loop
      vertex -30 56 4
      vertex -29.7433 52.0842 4
      vertex -29.7433 59.9158 4
    endloop
  endfacet
  facet normal 0 0 1
    outer loop
      vertex -27.7164 44.5195 4
      vertex -26 56 4
      vertex -25.9808 71 4
    endloop
  endfacet
  facet normal 0 0 1
    outer loop
      vertex -27.7164 44.5195 4
      vertex -25.7776 52.6063 4
      vertex -26 56 4
    endloop
  endfacet
  facet normal 0 0 1
    outer loop
      vertex -27.7164 44.5195 4
      vertex -25.9808 41 4
      vertex -25.7776 52.6063 4
    endloop
  endfacet
  facet normal 0 0 1
    outer loop
      vertex -13 78.5167 4
      vertex -9.94977 80.0209 4
      vertex -11.4805 83.7164 4
    endloop
  endfacet
  facet normal 0 0 1
    outer loop
      vertex -6.72929 81.1141 4
      vertex -3.39368 81.7776 4
      vertex -3.91579 85.7433 4
    endloop
  endfacet
  facet normal 0 0 1
    outer loop
      vertex -23.8006 37.7372 4
      vertex -21.2132 34.7868 4
      vertex -20.6272 40.1722 4
    endloop
  endfacet
  facet normal 0 0 1
    outer loop
      vertex 6.72929 -25.1141 4
      vertex 3.39368 -25.7776 4
      vertex 7.76457 -28.9778 4
    endloop
  endfacet
  facet normal 0 0 1
    outer loop
      vertex -13 -22.5167 4
      vertex -15.8278 -20.6272 4
      vertex -11.4805 -27.7164 4
    endloop
  endfacet
  facet normal 0 0 1
    outer loop
      vertex -3.39368 -25.7776 4
      vertex -6.72929 -25.1141 4
      vertex 0 -30 4
    endloop
  endfacet
  facet normal 0 0 1
    outer loop
      vertex -26 0 4
      vertex -25.7776 3.39368 4
      vertex -29.7433 3.91579 4
    endloop
  endfacet
  facet normal 0 0 1
    outer loop
      vertex 25.7776 -3.39368 4
      vertex 25.1141 -6.72929 4
      vertex 29.7433 -3.91579 4
    endloop
  endfacet
  facet normal 0 0 1
    outer loop
      vertex 25.1141 -6.72929 4
      vertex 24.0209 -9.94977 4
      vertex 28.9778 -7.76457 4
    endloop
  endfacet
  facet normal 0 0 1
    outer loop
      vertex -25.7776 3.39368 4
      vertex -25.1141 6.72929 4
      vertex -29.7433 3.91579 4
    endloop
  endfacet
  facet normal 0.980785 0.19509 0
    outer loop
      vertex -25.7776 -3.39368 4
      vertex -25.1141 -6.72929 4
      vertex -25.1141 -6.72929 1.2
    endloop
  endfacet
  facet normal 0.980785 0.19509 0
    outer loop
      vertex -25.7776 -3.39368 1.2
      vertex -25.7776 -3.39368 4
      vertex -25.1141 -6.72929 1.2
    endloop
  endfacet
  facet normal 0.997859 0.0654032 0
    outer loop
      vertex -26 0 4
      vertex -25.7776 -3.39368 4
      vertex -25.7776 -3.39368 1.2
    endloop
  endfacet
  facet normal 0.997859 0.0654032 0
    outer loop
      vertex -26 0 1.2
      vertex -26 0 4
      vertex -25.7776 -3.39368 1.2
    endloop
  endfacet
  facet normal 0.94693 0.321439 0
    outer loop
      vertex -25.1141 -6.72929 4
      vertex -24.0209 -9.94977 4
      vertex -24.0209 -9.94977 1.2
    endloop
  endfacet
  facet normal 0.94693 0.321439 0
    outer loop
      vertex -25.1141 -6.72929 1.2
      vertex -25.1141 -6.72929 4
      vertex -24.0209 -9.94977 1.2
    endloop
  endfacet
  facet normal 0.896873 0.442289 0
    outer loop
      vertex -24.0209 -9.94977 4
      vertex -22.5167 -13 4
      vertex -22.5167 -13 1.2
    endloop
  endfacet
  facet normal 0.896873 0.442289 0
    outer loop
      vertex -24.0209 -9.94977 1.2
      vertex -24.0209 -9.94977 4
      vertex -22.5167 -13 1.2
    endloop
  endfacet
  facet normal 0.83147 0.55557 0
    outer loop
      vertex -22.5167 -13 4
      vertex -20.6272 -15.8278 4
      vertex -20.6272 -15.8278 1.2
    endloop
  endfacet
  facet normal 0.83147 0.55557 0
    outer loop
      vertex -22.5167 -13 1.2
      vertex -22.5167 -13 4
      vertex -20.6272 -15.8278 1.2
    endloop
  endfacet
  facet normal 0.75184 0.659346 0
    outer loop
      vertex -20.6272 -15.8278 4
      vertex -18.3848 -18.3848 4
      vertex -18.3848 -18.3848 1.2
    endloop
  endfacet
  facet normal 0.75184 0.659346 0
    outer loop
      vertex -20.6272 -15.8278 1.2
      vertex -20.6272 -15.8278 4
      vertex -18.3848 -18.3848 1.2
    endloop
  endfacet
  facet normal 0.659346 0.75184 0
    outer loop
      vertex -15.8278 -20.6272 4
      vertex -15.8278 -20.6272 1.2
      vertex -18.3848 -18.3848 4
    endloop
  endfacet
  facet normal 0.659346 0.75184 0
    outer loop
      vertex -18.3848 -18.3848 4
      vertex -15.8278 -20.6272 1.2
      vertex -18.3848 -18.3848 1.2
    endloop
  endfacet
  facet normal 0.55557 0.83147 0
    outer loop
      vertex -13 -22.5167 4
      vertex -13 -22.5167 1.2
      vertex -15.8278 -20.6272 4
    endloop
  endfacet
  facet normal 0.55557 0.83147 0
    outer loop
      vertex -15.8278 -20.6272 4
      vertex -13 -22.5167 1.2
      vertex -15.8278 -20.6272 1.2
    endloop
  endfacet
  facet normal 0.442289 0.896873 0
    outer loop
      vertex -9.94977 -24.0209 4
      vertex -9.94977 -24.0209 1.2
      vertex -13 -22.5167 4
    endloop
  endfacet
  facet normal 0.442289 0.896873 0
    outer loop
      vertex -13 -22.5167 4
      vertex -9.94977 -24.0209 1.2
      vertex -13 -22.5167 1.2
    endloop
  endfacet
  facet normal 0.321439 0.94693 0
    outer loop
      vertex -6.72929 -25.1141 4
      vertex -6.72929 -25.1141 1.2
      vertex -9.94977 -24.0209 4
    endloop
  endfacet
  facet normal 0.321439 0.94693 0
    outer loop
      vertex -9.94977 -24.0209 4
      vertex -6.72929 -25.1141 1.2
      vertex -9.94977 -24.0209 1.2
    endloop
  endfacet
  facet normal 0.19509 0.980785 0
    outer loop
      vertex -3.39368 -25.7776 4
      vertex -3.39368 -25.7776 1.2
      vertex -6.72929 -25.1141 4
    endloop
  endfacet
  facet normal 0.19509 0.980785 0
    outer loop
      vertex -6.72929 -25.1141 4
      vertex -3.39368 -25.7776 1.2
      vertex -6.72929 -25.1141 1.2
    endloop
  endfacet
  facet normal 0.0654032 0.997859 0
    outer loop
      vertex 0 -26 4
      vertex 0 -26 1.2
      vertex -3.39368 -25.7776 4
    endloop
  endfacet
  facet normal 0.0654032 0.997859 0
    outer loop
      vertex -3.39368 -25.7776 4
      vertex 0 -26 1.2
      vertex -3.39368 -25.7776 1.2
    endloop
  endfacet
  facet normal -0.0654032 0.997859 0
    outer loop
      vertex 3.39368 -25.7776 4
      vertex 3.39368 -25.7776 1.2
      vertex 0 -26 4
    endloop
  endfacet
  facet normal -0.0654032 0.997859 0
    outer loop
      vertex 0 -26 4
      vertex 3.39368 -25.7776 1.2
      vertex 0 -26 1.2
    endloop
  endfacet
  facet normal -0.19509 0.980785 0
    outer loop
      vertex 6.72929 -25.1141 4
      vertex 6.72929 -25.1141 1.2
      vertex 3.39368 -25.7776 4
    endloop
  endfacet
  facet normal -0.19509 0.980785 0
    outer loop
      vertex 3.39368 -25.7776 4
      vertex 6.72929 -25.1141 1.2
      vertex 3.39368 -25.7776 1.2
    endloop
  endfacet
  facet normal -0.321439 0.94693 0
    outer loop
      vertex 9.94977 -24.0209 4
      vertex 9.94977 -24.0209 1.2
      vertex 6.72929 -25.1141 4
    endloop
  endfacet
  facet normal -0.321439 0.94693 0
    outer loop
      vertex 6.72929 -25.1141 4
      vertex 9.94977 -24.0209 1.2
      vertex 6.72929 -25.1141 1.2
    endloop
  endfacet
  facet normal -0.442289 0.896873 0
    outer loop
      vertex 13 -22.5167 4
      vertex 13 -22.5167 1.2
      vertex 9.94977 -24.0209 4
    endloop
  endfacet
  facet normal -0.442289 0.896873 0
    outer loop
      vertex 9.94977 -24.0209 4
      vertex 13 -22.5167 1.2
      vertex 9.94977 -24.0209 1.2
    endloop
  endfacet
  facet normal -0.55557 0.83147 0
    outer loop
      vertex 15.8278 -20.6272 4
      vertex 15.8278 -20.6272 1.2
      vertex 13 -22.5167 4
    endloop
  endfacet
  facet normal -0.55557 0.83147 0
    outer loop
      vertex 13 -22.5167 4
      vertex 15.8278 -20.6272 1.2
      vertex 13 -22.5167 1.2
    endloop
  endfacet
  facet normal -0.659346 0.75184 0
    outer loop
      vertex 18.3848 -18.3848 4
      vertex 18.3848 -18.3848 1.2
      vertex 15.8278 -20.6272 4
    endloop
  endfacet
  facet normal -0.659346 0.75184 0
    outer loop
      vertex 15.8278 -20.6272 4
      vertex 18.3848 -18.3848 1.2
      vertex 15.8278 -20.6272 1.2
    endloop
  endfacet
  facet normal -0.75184 0.659346 0
    outer loop
      vertex 20.6272 -15.8278 4
      vertex 20.6272 -15.8278 1.2
      vertex 18.3848 -18.3848 4
    endloop
  endfacet
  facet normal -0.75184 0.659346 0
    outer loop
      vertex 18.3848 -18.3848 4
      vertex 20.6272 -15.8278 1.2
      vertex 18.3848 -18.3848 1.2
    endloop
  endfacet
  facet normal -0.83147 0.55557 0
    outer loop
      vertex 22.5167 -13 4
      vertex 22.5167 -13 1.2
      vertex 20.6272 -15.8278 4
    endloop
  endfacet
  facet normal -0.83147 0.55557 0
    outer loop
      vertex 20.6272 -15.8278 4
      vertex 22.5167 -13 1.2
      vertex 20.6272 -15.8278 1.2
    endloop
  endfacet
  facet normal -0.896873 0.442289 0
    outer loop
      vertex 24.0209 -9.94977 4
      vertex 24.0209 -9.94977 1.2
      vertex 22.5167 -13 4
    endloop
  endfacet
  facet normal -0.896873 0.442289 0
    outer loop
      vertex 22.5167 -13 4
      vertex 24.0209 -9.94977 1.2
      vertex 22.5167 -13 1.2
    endloop
  endfacet
  facet normal -0.94693 0.321439 0
    outer loop
      vertex 25.1141 -6.72929 4
      vertex 25.1141 -6.72929 1.2
      vertex 24.0209 -9.94977 4
    endloop
  endfacet
  facet normal -0.94693 0.321439 0
    outer loop
      vertex 24.0209 -9.94977 4
      vertex 25.1141 -6.72929 1.2
      vertex 24.0209 -9.94977 1.2
    endloop
  endfacet
  facet normal -0.980785 0.19509 0
    outer loop
      vertex 25.7776 -3.39368 4
      vertex 25.7776 -3.39368 1.2
      vertex 25.1141 -6.72929 4
    endloop
  endfacet
  facet normal -0.980785 0.19509 0
    outer loop
      vertex 25.1141 -6.72929 4
      vertex 25.7776 -3.39368 1.2
      vertex 25.1141 -6.72929 1.2
    endloop
  endfacet
  facet normal -0.997859 0.0654032 0
    outer loop
      vertex 26 0 4
      vertex 26 0 1.2
      vertex 25.7776 -3.39368 4
    endloop
  endfacet
  facet normal -0.997859 0.0654032 0
    outer loop
      vertex 25.7776 -3.39368 4
      vertex 26 0 1.2
      vertex 25.7776 -3.39368 1.2
    endloop
  endfacet
  facet normal -0.997859 -0.0654032 0
    outer loop
      vertex 26 0 4
      vertex 25.7776 3.39368 4
      vertex 26 0 1.2
    endloop
  endfacet
  facet normal -0.997859 -0.0654032 0
    outer loop
      vertex 26 0 1.2
      vertex 25.7776 3.39368 4
      vertex 25.7776 3.39368 1.2
    endloop
  endfacet
  facet normal -0.980785 -0.19509 0
    outer loop
      vertex 25.7776 3.39368 4
      vertex 25.1141 6.72929 4
      vertex 25.7776 3.39368 1.2
    endloop
  endfacet
  facet normal -0.980785 -0.19509 0
    outer loop
      vertex 25.7776 3.39368 1.2
      vertex 25.1141 6.72929 4
      vertex 25.1141 6.72929 1.2
    endloop
  endfacet
  facet normal -0.94693 -0.321439 0
    outer loop
      vertex 25.1141 6.72929 4
      vertex 24.0209 9.94977 4
      vertex 25.1141 6.72929 1.2
    endloop
  endfacet
  facet normal -0.94693 -0.321439 0
    outer loop
      vertex 25.1141 6.72929 1.2
      vertex 24.0209 9.94977 4
      vertex 24.0209 9.94977 1.2
    endloop
  endfacet
  facet normal -0.896873 -0.442289 0
    outer loop
      vertex 24.0209 9.94977 4
      vertex 22.5167 13 4
      vertex 24.0209 9.94977 1.2
    endloop
  endfacet
  facet normal -0.896873 -0.442289 0
    outer loop
      vertex 24.0209 9.94977 1.2
      vertex 22.5167 13 4
      vertex 22.5167 13 1.2
    endloop
  endfacet
  facet normal -0.83147 -0.55557 0
    outer loop
      vertex 22.5167 13 4
      vertex 20.6272 15.8278 4
      vertex 22.5167 13 1.2
    endloop
  endfacet
  facet normal -0.83147 -0.55557 0
    outer loop
      vertex 22.5167 13 1.2
      vertex 20.6272 15.8278 4
      vertex 20.6272 15.8278 1.2
    endloop
  endfacet
  facet normal -0.75184 -0.659346 0
    outer loop
      vertex 20.6272 15.8278 4
      vertex 18.3848 18.3848 4
      vertex 20.6272 15.8278 1.2
    endloop
  endfacet
  facet normal -0.75184 -0.659346 0
    outer loop
      vertex 20.6272 15.8278 1.2
      vertex 18.3848 18.3848 4
      vertex 18.3848 18.3848 1.2
    endloop
  endfacet
  facet normal -0.659346 -0.75184 0
    outer loop
      vertex 18.3848 18.3848 1.2
      vertex 18.3848 18.3848 4
      vertex 15.8278 20.6272 4
    endloop
  endfacet
  facet normal -0.659346 -0.75184 0
    outer loop
      vertex 15.8278 20.6272 1.2
      vertex 18.3848 18.3848 1.2
      vertex 15.8278 20.6272 4
    endloop
  endfacet
  facet normal -0.55557 -0.83147 0
    outer loop
      vertex 15.8278 20.6272 1.2
      vertex 15.8278 20.6272 4
      vertex 13 22.5167 4
    endloop
  endfacet
  facet normal -0.55557 -0.83147 0
    outer loop
      vertex 13 22.5167 1.2
      vertex 15.8278 20.6272 1.2
      vertex 13 22.5167 4
    endloop
  endfacet
  facet normal -0.442289 -0.896873 0
    outer loop
      vertex 13 22.5167 1.2
      vertex 13 22.5167 4
      vertex 9.94977 24.0209 4
    endloop
  endfacet
  facet normal -0.442289 -0.896873 0
    outer loop
      vertex 9.94977 24.0209 1.2
      vertex 13 22.5167 1.2
      vertex 9.94977 24.0209 4
    endloop
  endfacet
  facet normal -0.321439 -0.94693 0
    outer loop
      vertex 9.94977 24.0209 1.2
      vertex 9.94977 24.0209 4
      vertex 8.5 24.513 4
    endloop
  endfacet
  facet normal -0.321439 -0.94693 0
    outer loop
      vertex 6.72929 25.1141 1.2
      vertex 9.94977 24.0209 1.2
      vertex 8.5 24.513 1.2
    endloop
  endfacet
  facet normal -0.321439 -0.94693 0
    outer loop
      vertex 8.5 24.513 1.2
      vertex 9.94977 24.0209 1.2
      vertex 8.5 24.513 4
    endloop
  endfacet
  facet normal -1 0 0
    outer loop
      vertex 8.5 31.487 4
      vertex 8.5 31.487 1.2
      vertex 8.5 24.513 4
    endloop
  endfacet
  facet normal -1 0 0
    outer loop
      vertex 8.5 24.513 4
      vertex 8.5 31.487 1.2
      vertex 8.5 24.513 1.2
    endloop
  endfacet
  facet normal -0.321439 0.94693 0
    outer loop
      vertex 8.5 31.487 1.2
      vertex 8.5 31.487 4
      vertex 9.94977 31.9791 4
    endloop
  endfacet
  facet normal -0.321439 0.94693 0
    outer loop
      vertex 8.5 31.487 1.2
      vertex 9.94977 31.9791 4
      vertex 9.94977 31.9791 1.2
    endloop
  endfacet
  facet normal -0.321439 0.94693 0
    outer loop
      vertex 8.5 31.487 1.2
      vertex 9.94977 31.9791 1.2
      vertex 6.72929 30.8859 1.2
    endloop
  endfacet
  facet normal -0.442289 0.896873 0
    outer loop
      vertex 13 33.4833 4
      vertex 13 33.4833 1.2
      vertex 9.94977 31.9791 4
    endloop
  endfacet
  facet normal -0.442289 0.896873 0
    outer loop
      vertex 9.94977 31.9791 4
      vertex 13 33.4833 1.2
      vertex 9.94977 31.9791 1.2
    endloop
  endfacet
  facet normal -0.55557 0.83147 0
    outer loop
      vertex 15.8278 35.3728 4
      vertex 15.8278 35.3728 1.2
      vertex 13 33.4833 4
    endloop
  endfacet
  facet normal -0.55557 0.83147 0
    outer loop
      vertex 13 33.4833 4
      vertex 15.8278 35.3728 1.2
      vertex 13 33.4833 1.2
    endloop
  endfacet
  facet normal -0.659346 0.75184 0
    outer loop
      vertex 18.3848 37.6152 4
      vertex 18.3848 37.6152 1.2
      vertex 15.8278 35.3728 4
    endloop
  endfacet
  facet normal -0.659346 0.75184 0
    outer loop
      vertex 15.8278 35.3728 4
      vertex 18.3848 37.6152 1.2
      vertex 15.8278 35.3728 1.2
    endloop
  endfacet
  facet normal -0.75184 0.659346 0
    outer loop
      vertex 20.6272 40.1722 4
      vertex 20.6272 40.1722 1.2
      vertex 18.3848 37.6152 4
    endloop
  endfacet
  facet normal -0.75184 0.659346 0
    outer loop
      vertex 18.3848 37.6152 4
      vertex 20.6272 40.1722 1.2
      vertex 18.3848 37.6152 1.2
    endloop
  endfacet
  facet normal -0.83147 0.55557 0
    outer loop
      vertex 22.5167 43 4
      vertex 22.5167 43 1.2
      vertex 20.6272 40.1722 4
    endloop
  endfacet
  facet normal -0.83147 0.55557 0
    outer loop
      vertex 20.6272 40.1722 4
      vertex 22.5167 43 1.2
      vertex 20.6272 40.1722 1.2
    endloop
  endfacet
  facet normal -0.896873 0.442289 0
    outer loop
      vertex 24.0209 46.0502 4
      vertex 24.0209 46.0502 1.2
      vertex 22.5167 43 4
    endloop
  endfacet
  facet normal -0.896873 0.442289 0
    outer loop
      vertex 22.5167 43 4
      vertex 24.0209 46.0502 1.2
      vertex 22.5167 43 1.2
    endloop
  endfacet
  facet normal -0.94693 0.321439 0
    outer loop
      vertex 25.1141 49.2707 4
      vertex 25.1141 49.2707 1.2
      vertex 24.0209 46.0502 4
    endloop
  endfacet
  facet normal -0.94693 0.321439 0
    outer loop
      vertex 24.0209 46.0502 4
      vertex 25.1141 49.2707 1.2
      vertex 24.0209 46.0502 1.2
    endloop
  endfacet
  facet normal -0.980785 0.19509 0
    outer loop
      vertex 25.7776 52.6063 4
      vertex 25.7776 52.6063 1.2
      vertex 25.1141 49.2707 4
    endloop
  endfacet
  facet normal -0.980785 0.19509 0
    outer loop
      vertex 25.1141 49.2707 4
      vertex 25.7776 52.6063 1.2
      vertex 25.1141 49.2707 1.2
    endloop
  endfacet
  facet normal -0.997859 0.0654032 0
    outer loop
      vertex 26 56 4
      vertex 26 56 1.2
      vertex 25.7776 52.6063 4
    endloop
  endfacet
  facet normal -0.997859 0.0654032 0
    outer loop
      vertex 25.7776 52.6063 4
      vertex 26 56 1.2
      vertex 25.7776 52.6063 1.2
    endloop
  endfacet
  facet normal -0.997859 -0.0654032 0
    outer loop
      vertex 26 56 4
      vertex 25.7776 59.3937 4
      vertex 26 56 1.2
    endloop
  endfacet
  facet normal -0.997859 -0.0654032 0
    outer loop
      vertex 26 56 1.2
      vertex 25.7776 59.3937 4
      vertex 25.7776 59.3937 1.2
    endloop
  endfacet
  facet normal -0.980785 -0.19509 0
    outer loop
      vertex 25.7776 59.3937 4
      vertex 25.1141 62.7293 4
      vertex 25.7776 59.3937 1.2
    endloop
  endfacet
  facet normal -0.980785 -0.19509 0
    outer loop
      vertex 25.7776 59.3937 1.2
      vertex 25.1141 62.7293 4
      vertex 25.1141 62.7293 1.2
    endloop
  endfacet
  facet normal -0.94693 -0.321439 0
    outer loop
      vertex 25.1141 62.7293 4
      vertex 24.0209 65.9498 4
      vertex 25.1141 62.7293 1.2
    endloop
  endfacet
  facet normal -0.94693 -0.321439 0
    outer loop
      vertex 25.1141 62.7293 1.2
      vertex 24.0209 65.9498 4
      vertex 24.0209 65.9498 1.2
    endloop
  endfacet
  facet normal -0.896873 -0.442289 0
    outer loop
      vertex 24.0209 65.9498 4
      vertex 22.5167 69 4
      vertex 24.0209 65.9498 1.2
    endloop
  endfacet
  facet normal -0.896873 -0.442289 0
    outer loop
      vertex 24.0209 65.9498 1.2
      vertex 22.5167 69 4
      vertex 22.5167 69 1.2
    endloop
  endfacet
  facet normal -0.83147 -0.55557 0
    outer loop
      vertex 22.5167 69 4
      vertex 20.6272 71.8278 4
      vertex 22.5167 69 1.2
    endloop
  endfacet
  facet normal -0.83147 -0.55557 0
    outer loop
      vertex 22.5167 69 1.2
      vertex 20.6272 71.8278 4
      vertex 20.6272 71.8278 1.2
    endloop
  endfacet
  facet normal -0.75184 -0.659346 0
    outer loop
      vertex 20.6272 71.8278 4
      vertex 18.3848 74.3848 4
      vertex 20.6272 71.8278 1.2
    endloop
  endfacet
  facet normal -0.75184 -0.659346 0
    outer loop
      vertex 20.6272 71.8278 1.2
      vertex 18.3848 74.3848 4
      vertex 18.3848 74.3848 1.2
    endloop
  endfacet
  facet normal -0.659346 -0.75184 0
    outer loop
      vertex 18.3848 74.3848 1.2
      vertex 18.3848 74.3848 4
      vertex 15.8278 76.6272 4
    endloop
  endfacet
  facet normal -0.659346 -0.75184 0
    outer loop
      vertex 15.8278 76.6272 1.2
      vertex 18.3848 74.3848 1.2
      vertex 15.8278 76.6272 4
    endloop
  endfacet
  facet normal -0.55557 -0.83147 0
    outer loop
      vertex 15.8278 76.6272 1.2
      vertex 15.8278 76.6272 4
      vertex 13 78.5167 4
    endloop
  endfacet
  facet normal -0.55557 -0.83147 0
    outer loop
      vertex 13 78.5167 1.2
      vertex 15.8278 76.6272 1.2
      vertex 13 78.5167 4
    endloop
  endfacet
  facet normal -0.442289 -0.896873 0
    outer loop
      vertex 13 78.5167 1.2
      vertex 13 78.5167 4
      vertex 9.94977 80.0209 4
    endloop
  endfacet
  facet normal -0.442289 -0.896873 0
    outer loop
      vertex 9.94977 80.0209 1.2
      vertex 13 78.5167 1.2
      vertex 9.94977 80.0209 4
    endloop
  endfacet
  facet normal -0.321439 -0.94693 0
    outer loop
      vertex 9.94977 80.0209 1.2
      vertex 9.94977 80.0209 4
      vertex 6.72929 81.1141 4
    endloop
  endfacet
  facet normal -0.321439 -0.94693 0
    outer loop
      vertex 6.72929 81.1141 1.2
      vertex 9.94977 80.0209 1.2
      vertex 6.72929 81.1141 4
    endloop
  endfacet
  facet normal -0.19509 -0.980785 0
    outer loop
      vertex 6.72929 81.1141 1.2
      vertex 6.72929 81.1141 4
      vertex 3.39368 81.7776 4
    endloop
  endfacet
  facet normal -0.19509 -0.980785 0
    outer loop
      vertex 3.39368 81.7776 1.2
      vertex 6.72929 81.1141 1.2
      vertex 3.39368 81.7776 4
    endloop
  endfacet
  facet normal -0.0654032 -0.997859 0
    outer loop
      vertex 3.39368 81.7776 1.2
      vertex 3.39368 81.7776 4
      vertex 0 82 4
    endloop
  endfacet
  facet normal -0.0654032 -0.997859 0
    outer loop
      vertex 0 82 1.2
      vertex 3.39368 81.7776 1.2
      vertex 0 82 4
    endloop
  endfacet
  facet normal 0.0654032 -0.997859 0
    outer loop
      vertex 0 82 1.2
      vertex 0 82 4
      vertex -3.39368 81.7776 4
    endloop
  endfacet
  facet normal 0.0654032 -0.997859 0
    outer loop
      vertex -3.39368 81.7776 1.2
      vertex 0 82 1.2
      vertex -3.39368 81.7776 4
    endloop
  endfacet
  facet normal 0.19509 -0.980785 0
    outer loop
      vertex -3.39368 81.7776 1.2
      vertex -3.39368 81.7776 4
      vertex -6.72929 81.1141 4
    endloop
  endfacet
  facet normal 0.19509 -0.980785 0
    outer loop
      vertex -6.72929 81.1141 1.2
      vertex -3.39368 81.7776 1.2
      vertex -6.72929 81.1141 4
    endloop
  endfacet
  facet normal 0.321439 -0.94693 0
    outer loop
      vertex -6.72929 81.1141 1.2
      vertex -6.72929 81.1141 4
      vertex -9.94977 80.0209 4
    endloop
  endfacet
  facet normal 0.321439 -0.94693 0
    outer loop
      vertex -9.94977 80.0209 1.2
      vertex -6.72929 81.1141 1.2
      vertex -9.94977 80.0209 4
    endloop
  endfacet
  facet normal 0.442289 -0.896873 0
    outer loop
      vertex -9.94977 80.0209 1.2
      vertex -9.94977 80.0209 4
      vertex -13 78.5167 4
    endloop
  endfacet
  facet normal 0.442289 -0.896873 0
    outer loop
      vertex -13 78.5167 1.2
      vertex -9.94977 80.0209 1.2
      vertex -13 78.5167 4
    endloop
  endfacet
  facet normal 0.55557 -0.83147 0
    outer loop
      vertex -13 78.5167 1.2
      vertex -13 78.5167 4
      vertex -15.8278 76.6272 4
    endloop
  endfacet
  facet normal 0.55557 -0.83147 0
    outer loop
      vertex -15.8278 76.6272 1.2
      vertex -13 78.5167 1.2
      vertex -15.8278 76.6272 4
    endloop
  endfacet
  facet normal 0.659346 -0.75184 0
    outer loop
      vertex -15.8278 76.6272 1.2
      vertex -15.8278 76.6272 4
      vertex -18.3848 74.3848 4
    endloop
  endfacet
  facet normal 0.659346 -0.75184 0
    outer loop
      vertex -18.3848 74.3848 1.2
      vertex -15.8278 76.6272 1.2
      vertex -18.3848 74.3848 4
    endloop
  endfacet
  facet normal 0.75184 -0.659346 0
    outer loop
      vertex -18.3848 74.3848 1.2
      vertex -18.3848 74.3848 4
      vertex -20.6272 71.8278 4
    endloop
  endfacet
  facet normal 0.75184 -0.659346 0
    outer loop
      vertex -20.6272 71.8278 1.2
      vertex -18.3848 74.3848 1.2
      vertex -20.6272 71.8278 4
    endloop
  endfacet
  facet normal 0.83147 -0.55557 0
    outer loop
      vertex -20.6272 71.8278 1.2
      vertex -20.6272 71.8278 4
      vertex -22.5167 69 4
    endloop
  endfacet
  facet normal 0.83147 -0.55557 0
    outer loop
      vertex -22.5167 69 1.2
      vertex -20.6272 71.8278 1.2
      vertex -22.5167 69 4
    endloop
  endfacet
  facet normal 0.896873 -0.442289 0
    outer loop
      vertex -22.5167 69 1.2
      vertex -22.5167 69 4
      vertex -24.0209 65.9498 4
    endloop
  endfacet
  facet normal 0.896873 -0.442289 0
    outer loop
      vertex -24.0209 65.9498 1.2
      vertex -22.5167 69 1.2
      vertex -24.0209 65.9498 4
    endloop
  endfacet
  facet normal 0.94693 -0.321439 0
    outer loop
      vertex -24.0209 65.9498 1.2
      vertex -24.0209 65.9498 4
      vertex -25.1141 62.7293 4
    endloop
  endfacet
  facet normal 0.94693 -0.321439 0
    outer loop
      vertex -25.1141 62.7293 1.2
      vertex -24.0209 65.9498 1.2
      vertex -25.1141 62.7293 4
    endloop
  endfacet
  facet normal 0.980785 -0.19509 0
    outer loop
      vertex -25.1141 62.7293 1.2
      vertex -25.1141 62.7293 4
      vertex -25.7776 59.3937 4
    endloop
  endfacet
  facet normal 0.980785 -0.19509 0
    outer loop
      vertex -25.7776 59.3937 1.2
      vertex -25.1141 62.7293 1.2
      vertex -25.7776 59.3937 4
    endloop
  endfacet
  facet normal 0.997859 -0.0654032 0
    outer loop
      vertex -25.7776 59.3937 1.2
      vertex -25.7776 59.3937 4
      vertex -26 56 4
    endloop
  endfacet
  facet normal 0.997859 -0.0654032 0
    outer loop
      vertex -26 56 1.2
      vertex -25.7776 59.3937 1.2
      vertex -26 56 4
    endloop
  endfacet
  facet normal 0.997859 0.0654032 0
    outer loop
      vertex -26 56 4
      vertex -25.7776 52.6063 4
      vertex -25.7776 52.6063 1.2
    endloop
  endfacet
  facet normal 0.997859 0.0654032 0
    outer loop
      vertex -26 56 1.2
      vertex -26 56 4
      vertex -25.7776 52.6063 1.2
    endloop
  endfacet
  facet normal 0.980785 0.19509 0
    outer loop
      vertex -25.7776 52.6063 4
      vertex -25.1141 49.2707 4
      vertex -25.1141 49.2707 1.2
    endloop
  endfacet
  facet normal 0.980785 0.19509 0
    outer loop
      vertex -25.7776 52.6063 1.2
      vertex -25.7776 52.6063 4
      vertex -25.1141 49.2707 1.2
    endloop
  endfacet
  facet normal 0.94693 0.321439 0
    outer loop
      vertex -25.1141 49.2707 4
      vertex -24.0209 46.0502 4
      vertex -24.0209 46.0502 1.2
    endloop
  endfacet
  facet normal 0.94693 0.321439 0
    outer loop
      vertex -25.1141 49.2707 1.2
      vertex -25.1141 49.2707 4
      vertex -24.0209 46.0502 1.2
    endloop
  endfacet
  facet normal 0.896873 0.442289 0
    outer loop
      vertex -24.0209 46.0502 4
      vertex -22.5167 43 4
      vertex -22.5167 43 1.2
    endloop
  endfacet
  facet normal 0.896873 0.442289 0
    outer loop
      vertex -24.0209 46.0502 1.2
      vertex -24.0209 46.0502 4
      vertex -22.5167 43 1.2
    endloop
  endfacet
  facet normal 0.83147 0.55557 0
    outer loop
      vertex -22.5167 43 4
      vertex -20.6272 40.1722 4
      vertex -20.6272 40.1722 1.2
    endloop
  endfacet
  facet normal 0.83147 0.55557 0
    outer loop
      vertex -22.5167 43 1.2
      vertex -22.5167 43 4
      vertex -20.6272 40.1722 1.2
    endloop
  endfacet
  facet normal 0.75184 0.659346 0
    outer loop
      vertex -20.6272 40.1722 4
      vertex -18.3848 37.6152 4
      vertex -18.3848 37.6152 1.2
    endloop
  endfacet
  facet normal 0.75184 0.659346 0
    outer loop
      vertex -20.6272 40.1722 1.2
      vertex -20.6272 40.1722 4
      vertex -18.3848 37.6152 1.2
    endloop
  endfacet
  facet normal 0.659346 0.75184 0
    outer loop
      vertex -15.8278 35.3728 4
      vertex -15.8278 35.3728 1.2
      vertex -18.3848 37.6152 4
    endloop
  endfacet
  facet normal 0.659346 0.75184 0
    outer loop
      vertex -18.3848 37.6152 4
      vertex -15.8278 35.3728 1.2
      vertex -18.3848 37.6152 1.2
    endloop
  endfacet
  facet normal 0.55557 0.83147 0
    outer loop
      vertex -13 33.4833 4
      vertex -13 33.4833 1.2
      vertex -15.8278 35.3728 4
    endloop
  endfacet
  facet normal 0.55557 0.83147 0
    outer loop
      vertex -15.8278 35.3728 4
      vertex -13 33.4833 1.2
      vertex -15.8278 35.3728 1.2
    endloop
  endfacet
  facet normal 0.442289 0.896873 0
    outer loop
      vertex -9.94977 31.9791 4
      vertex -9.94977 31.9791 1.2
      vertex -13 33.4833 4
    endloop
  endfacet
  facet normal 0.442289 0.896873 0
    outer loop
      vertex -13 33.4833 4
      vertex -9.94977 31.9791 1.2
      vertex -13 33.4833 1.2
    endloop
  endfacet
  facet normal 0.321439 0.94693 0
    outer loop
      vertex -8.5 31.487 4
      vertex -8.5 31.487 1.2
      vertex -9.94977 31.9791 4
    endloop
  endfacet
  facet normal 0.321439 0.94693 0
    outer loop
      vertex -9.94977 31.9791 1.2
      vertex -8.5 31.487 1.2
      vertex -6.72929 30.8859 1.2
    endloop
  endfacet
  facet normal 0.321439 0.94693 0
    outer loop
      vertex -9.94977 31.9791 4
      vertex -8.5 31.487 1.2
      vertex -9.94977 31.9791 1.2
    endloop
  endfacet
  facet normal 1 0 0
    outer loop
      vertex -8.5 31.487 1.2
      vertex -8.5 31.487 4
      vertex -8.5 24.513 4
    endloop
  endfacet
  facet normal 1 0 0
    outer loop
      vertex -8.5 24.513 1.2
      vertex -8.5 31.487 1.2
      vertex -8.5 24.513 4
    endloop
  endfacet
  facet normal 0.321439 -0.94693 0
    outer loop
      vertex -9.94977 24.0209 1.2
      vertex -6.72929 25.1141 1.2
      vertex -8.5 24.513 1.2
    endloop
  endfacet
  facet normal 0.321439 -0.94693 0
    outer loop
      vertex -8.5 24.513 4
      vertex -9.94977 24.0209 4
      vertex -8.5 24.513 1.2
    endloop
  endfacet
  facet normal 0.321439 -0.94693 0
    outer loop
      vertex -9.94977 24.0209 4
      vertex -9.94977 24.0209 1.2
      vertex -8.5 24.513 1.2
    endloop
  endfacet
  facet normal 0.442289 -0.896873 0
    outer loop
      vertex -9.94977 24.0209 1.2
      vertex -9.94977 24.0209 4
      vertex -13 22.5167 4
    endloop
  endfacet
  facet normal 0.442289 -0.896873 0
    outer loop
      vertex -13 22.5167 1.2
      vertex -9.94977 24.0209 1.2
      vertex -13 22.5167 4
    endloop
  endfacet
  facet normal 0.55557 -0.83147 0
    outer loop
      vertex -13 22.5167 1.2
      vertex -13 22.5167 4
      vertex -15.8278 20.6272 4
    endloop
  endfacet
  facet normal 0.55557 -0.83147 0
    outer loop
      vertex -15.8278 20.6272 1.2
      vertex -13 22.5167 1.2
      vertex -15.8278 20.6272 4
    endloop
  endfacet
  facet normal 0.659346 -0.75184 0
    outer loop
      vertex -15.8278 20.6272 1.2
      vertex -15.8278 20.6272 4
      vertex -18.3848 18.3848 4
    endloop
  endfacet
  facet normal 0.659346 -0.75184 0
    outer loop
      vertex -18.3848 18.3848 1.2
      vertex -15.8278 20.6272 1.2
      vertex -18.3848 18.3848 4
    endloop
  endfacet
  facet normal 0.75184 -0.659346 0
    outer loop
      vertex -18.3848 18.3848 1.2
      vertex -18.3848 18.3848 4
      vertex -20.6272 15.8278 4
    endloop
  endfacet
  facet normal 0.75184 -0.659346 0
    outer loop
      vertex -20.6272 15.8278 1.2
      vertex -18.3848 18.3848 1.2
      vertex -20.6272 15.8278 4
    endloop
  endfacet
  facet normal 0.83147 -0.55557 0
    outer loop
      vertex -20.6272 15.8278 1.2
      vertex -20.6272 15.8278 4
      vertex -22.5167 13 4
    endloop
  endfacet
  facet normal 0.83147 -0.55557 0
    outer loop
      vertex -22.5167 13 1.2
      vertex -20.6272 15.8278 1.2
      vertex -22.5167 13 4
    endloop
  endfacet
  facet normal 0.896873 -0.442289 0
    outer loop
      vertex -22.5167 13 1.2
      vertex -22.5167 13 4
      vertex -24.0209 9.94977 4
    endloop
  endfacet
  facet normal 0.896873 -0.442289 0
    outer loop
      vertex -24.0209 9.94977 1.2
      vertex -22.5167 13 1.2
      vertex -24.0209 9.94977 4
    endloop
  endfacet
  facet normal 0.94693 -0.321439 0
    outer loop
      vertex -24.0209 9.94977 1.2
      vertex -24.0209 9.94977 4
      vertex -25.1141 6.72929 4
    endloop
  endfacet
  facet normal 0.94693 -0.321439 0
    outer loop
      vertex -25.1141 6.72929 1.2
      vertex -24.0209 9.94977 1.2
      vertex -25.1141 6.72929 4
    endloop
  endfacet
  facet normal 0.980785 -0.19509 0
    outer loop
      vertex -25.1141 6.72929 1.2
      vertex -25.1141 6.72929 4
      vertex -25.7776 3.39368 4
    endloop
  endfacet
  facet normal 0.980785 -0.19509 0
    outer loop
      vertex -25.7776 3.39368 1.2
      vertex -25.1141 6.72929 1.2
      vertex -25.7776 3.39368 4
    endloop
  endfacet
  facet normal 0.997859 -0.0654032 0
    outer loop
      vertex -25.7776 3.39368 1.2
      vertex -25.7776 3.39368 4
      vertex -26 0 4
    endloop
  endfacet
  facet normal 0.997859 -0.0654032 0
    outer loop
      vertex -26 0 1.2
      vertex -25.7776 3.39368 1.2
      vertex -26 0 4
    endloop
  endfacet
  facet normal 0 0 1
    outer loop
      vertex -25.7776 -3.39368 1.2
      vertex -25.1141 -6.72929 1.2
      vertex -24.0209 -9.94977 1.2
    endloop
  endfacet
  facet normal 0 0 1
    outer loop
      vertex -20.6272 -15.8278 1.2
      vertex -25.7776 -3.39368 1.2
      vertex -22.5167 -13 1.2
    endloop
  endfacet
  facet normal 0 0 1
    outer loop
      vertex -22.5167 -13 1.2
      vertex -25.7776 -3.39368 1.2
      vertex -24.0209 -9.94977 1.2
    endloop
  endfacet
  facet normal 0 0 1
    outer loop
      vertex -18.3848 -18.3848 1.2
      vertex -25.7776 -3.39368 1.2
      vertex -20.6272 -15.8278 1.2
    endloop
  endfacet
  facet normal 0 0 1
    outer loop
      vertex -15.8278 -20.6272 1.2
      vertex -25.7776 -3.39368 1.2
      vertex -18.3848 -18.3848 1.2
    endloop
  endfacet
  facet normal 0 0 1
    outer loop
      vertex -13 -22.5167 1.2
      vertex -25.7776 -3.39368 1.2
      vertex -15.8278 -20.6272 1.2
    endloop
  endfacet
  facet normal 0 0 1
    outer loop
      vertex -9.94977 -24.0209 1.2
      vertex -25.7776 -3.39368 1.2
      vertex -13 -22.5167 1.2
    endloop
  endfacet
  facet normal 0 0 1
    outer loop
      vertex -6.72929 -25.1141 1.2
      vertex -25.7776 -3.39368 1.2
      vertex -9.94977 -24.0209 1.2
    endloop
  endfacet
  facet normal 0 0 1
    outer loop
      vertex -6.37656 -23.0625 1.2
      vertex -25.7776 -3.39368 1.2
      vertex -6.72929 -25.1141 1.2
    endloop
  endfacet
  facet normal 0 0 1
    outer loop
      vertex -4.88594 -15.5656 1.2
      vertex 6.25 -18.6937 1.2
      vertex -25.7776 -3.39368 1.2
    endloop
  endfacet
  facet normal 0 0 1
    outer loop
      vertex 6.25 -19.9453 1.2
      vertex -4.88594 -19.9453 1.2
      vertex 3.39368 -25.7776 1.2
    endloop
  endfacet
  facet normal 0 0 1
    outer loop
      vertex -6.37656 -11.2109 1.2
      vertex -25.7776 -3.39368 1.2
      vertex 15.8278 -20.6272 1.2
    endloop
  endfacet
  facet normal 0 0 1
    outer loop
      vertex -6.37656 12.9703 1.2
      vertex 2.56406 14.9391 1.2
      vertex 2.40781 15.7781 1.2
    endloop
  endfacet
  facet normal 0 0 1
    outer loop
      vertex 2.425 -0.204688 1.2
      vertex 2.425 -3.75156 1.2
      vertex 25.7776 -3.39368 1.2
    endloop
  endfacet
  facet normal 0 0 1
    outer loop
      vertex 2.425 -0.204688 1.2
      vertex 25.7776 -3.39368 1.2
      vertex 26 0 1.2
    endloop
  endfacet
  facet normal 0 0 1
    outer loop
      vertex 6.25 -4.68281 1.2
      vertex 6.25 -5.875 1.2
      vertex 25.1141 -6.72929 1.2
    endloop
  endfacet
  facet normal 0 0 1
    outer loop
      vertex 6.25 2.0625 1.2
      vertex 6.25 0.784375 1.2
      vertex 25.7776 3.39368 1.2
    endloop
  endfacet
  facet normal 0 0 1
    outer loop
      vertex 6.25 2.72031 1.2
      vertex -6.37656 2.72031 1.2
      vertex -25.7776 -3.39368 1.2
    endloop
  endfacet
  facet normal 0 0 1
    outer loop
      vertex 6.25 10.6094 1.2
      vertex 24.0209 9.94977 1.2
      vertex 22.5167 13 1.2
    endloop
  endfacet
  facet normal 0 0 1
    outer loop
      vertex 6.25 12.3734 1.2
      vertex 6.25 11.3125 1.2
      vertex 18.3848 18.3848 1.2
    endloop
  endfacet
  facet normal 0 0 1
    outer loop
      vertex -6.37656 11.3125 1.2
      vertex -6.37656 12.9703 1.2
      vertex -25.7776 -3.39368 1.2
    endloop
  endfacet
  facet normal 0 0 1
    outer loop
      vertex -6.37656 -23.0625 1.2
      vertex -6.37656 -15.5656 1.2
      vertex -25.7776 -3.39368 1.2
    endloop
  endfacet
  facet normal 0 0 1
    outer loop
      vertex 3.39368 25.7776 1.2
      vertex 2.425 22.0297 1.2
      vertex 6.72929 25.1141 1.2
    endloop
  endfacet
  facet normal 0 0 1
    outer loop
      vertex 9.94977 24.0209 1.2
      vertex 6.25 21.0984 1.2
      vertex 13 22.5167 1.2
    endloop
  endfacet
  facet normal 0 0 1
    outer loop
      vertex 6.25 21.0984 1.2
      vertex 6.25 19.9062 1.2
      vertex 13 22.5167 1.2
    endloop
  endfacet
  facet normal 0 0 1
    outer loop
      vertex -4.31875 18.1891 1.2
      vertex 6.25 15.7719 1.2
      vertex 6.25 18.1891 1.2
    endloop
  endfacet
  facet normal 0 0 1
    outer loop
      vertex -6.37656 24.3734 1.2
      vertex -25.7776 -3.39368 1.2
      vertex -6.37656 23.1641 1.2
    endloop
  endfacet
  facet normal 0 0 1
    outer loop
      vertex -6.72929 25.1141 1.2
      vertex -25.7776 -3.39368 1.2
      vertex -6.37656 24.3734 1.2
    endloop
  endfacet
  facet normal 0 0 1
    outer loop
      vertex -3.39368 25.7776 1.2
      vertex -6.37656 24.3734 1.2
      vertex -0.601944 25.9605 1.2
    endloop
  endfacet
  facet normal 0 0 1
    outer loop
      vertex -6.72929 25.1141 1.2
      vertex -6.37656 24.3734 1.2
      vertex -3.39368 25.7776 1.2
    endloop
  endfacet
  facet normal 0 0 1
    outer loop
      vertex -9.94977 24.0209 1.2
      vertex -25.7776 -3.39368 1.2
      vertex -6.72929 25.1141 1.2
    endloop
  endfacet
  facet normal 0 0 1
    outer loop
      vertex -13 22.5167 1.2
      vertex -25.7776 -3.39368 1.2
      vertex -9.94977 24.0209 1.2
    endloop
  endfacet
  facet normal 0 0 1
    outer loop
      vertex -15.8278 20.6272 1.2
      vertex -25.7776 -3.39368 1.2
      vertex -13 22.5167 1.2
    endloop
  endfacet
  facet normal 0 0 1
    outer loop
      vertex -18.3848 18.3848 1.2
      vertex -25.7776 -3.39368 1.2
      vertex -15.8278 20.6272 1.2
    endloop
  endfacet
  facet normal 0 0 1
    outer loop
      vertex -20.6272 15.8278 1.2
      vertex -25.7776 -3.39368 1.2
      vertex -18.3848 18.3848 1.2
    endloop
  endfacet
  facet normal 0 0 1
    outer loop
      vertex -22.5167 13 1.2
      vertex -25.7776 -3.39368 1.2
      vertex -20.6272 15.8278 1.2
    endloop
  endfacet
  facet normal 0 0 1
    outer loop
      vertex -24.0209 9.94977 1.2
      vertex -25.7776 -3.39368 1.2
      vertex -22.5167 13 1.2
    endloop
  endfacet
  facet normal 0 0 1
    outer loop
      vertex -25.1141 6.72929 1.2
      vertex -25.7776 -3.39368 1.2
      vertex -24.0209 9.94977 1.2
    endloop
  endfacet
  facet normal 0 0 1
    outer loop
      vertex -25.7776 3.39368 1.2
      vertex -25.7776 -3.39368 1.2
      vertex -25.1141 6.72929 1.2
    endloop
  endfacet
  facet normal 0 0 1
    outer loop
      vertex -26 0 1.2
      vertex -25.7776 -3.39368 1.2
      vertex -25.7776 3.39368 1.2
    endloop
  endfacet
  facet normal 0 0 1
    outer loop
      vertex 6.25 -19.9453 1.2
      vertex 6.72929 -25.1141 1.2
      vertex 9.94977 -24.0209 1.2
    endloop
  endfacet
  facet normal 0 0 1
    outer loop
      vertex -4.88594 -15.5656 1.2
      vertex -25.7776 -3.39368 1.2
      vertex -6.37656 -15.5656 1.2
    endloop
  endfacet
  facet normal 0 0 1
    outer loop
      vertex 2.425 -8.79844 1.2
      vertex 20.6272 -15.8278 1.2
      vertex 22.5167 -13 1.2
    endloop
  endfacet
  facet normal 0 0 1
    outer loop
      vertex 2.425 -8.79844 1.2
      vertex 2.425 -12.3453 1.2
      vertex 20.6272 -15.8278 1.2
    endloop
  endfacet
  facet normal 0 0 1
    outer loop
      vertex 6.25 -14.4688 1.2
      vertex -6.37656 -11.2109 1.2
      vertex 15.8278 -20.6272 1.2
    endloop
  endfacet
  facet normal 0 0 1
    outer loop
      vertex 15.8278 -20.6272 1.2
      vertex 6.25 -18.6937 1.2
      vertex 13 -22.5167 1.2
    endloop
  endfacet
  facet normal 0 0 1
    outer loop
      vertex 15.8278 -20.6272 1.2
      vertex -25.7776 -3.39368 1.2
      vertex 6.25 -18.6937 1.2
    endloop
  endfacet
  facet normal 0 0 1
    outer loop
      vertex 13 -22.5167 1.2
      vertex 6.25 -19.9453 1.2
      vertex 9.94977 -24.0209 1.2
    endloop
  endfacet
  facet normal 0 0 1
    outer loop
      vertex 6.25 -19.9453 1.2
      vertex 3.39368 -25.7776 1.2
      vertex 6.72929 -25.1141 1.2
    endloop
  endfacet
  facet normal 0 0 1
    outer loop
      vertex 3.39368 -25.7776 1.2
      vertex -4.88594 -19.9453 1.2
      vertex 0 -26 1.2
    endloop
  endfacet
  facet normal 0 0 1
    outer loop
      vertex 0 -26 1.2
      vertex -4.88594 -23.0625 1.2
      vertex -3.39368 -25.7776 1.2
    endloop
  endfacet
  facet normal 0 0 1
    outer loop
      vertex -4.88594 -18.6937 1.2
      vertex 6.25 -18.6937 1.2
      vertex -4.88594 -15.5656 1.2
    endloop
  endfacet
  facet normal 0 0 1
    outer loop
      vertex -3.39368 -25.7776 1.2
      vertex -6.37656 -23.0625 1.2
      vertex -6.72929 -25.1141 1.2
    endloop
  endfacet
  facet normal 0 0 1
    outer loop
      vertex -6.37656 -10.0016 1.2
      vertex 6.25 -6.53125 1.2
      vertex -25.7776 -3.39368 1.2
    endloop
  endfacet
  facet normal 0 0 1
    outer loop
      vertex -6.37656 -2.61719 1.2
      vertex -6.37656 -1.40781 1.2
      vertex -25.7776 -3.39368 1.2
    endloop
  endfacet
  facet normal 0 0 1
    outer loop
      vertex 25.1141 -6.72929 1.2
      vertex 6.25 -6.53125 1.2
      vertex 24.0209 -9.94977 1.2
    endloop
  endfacet
  facet normal 0 0 1
    outer loop
      vertex 6.25 -5.875 1.2
      vertex -25.7776 -3.39368 1.2
      vertex 6.25 -6.53125 1.2
    endloop
  endfacet
  facet normal 0 0 1
    outer loop
      vertex 24.0209 -9.94977 1.2
      vertex 6.25 -7.80938 1.2
      vertex 22.5167 -13 1.2
    endloop
  endfacet
  facet normal 0 0 1
    outer loop
      vertex 6.25 -7.80938 1.2
      vertex 2.425 -8.79844 1.2
      vertex 22.5167 -13 1.2
    endloop
  endfacet
  facet normal 0 0 1
    outer loop
      vertex 6.25 -13.2766 1.2
      vertex 6.25 -14.4688 1.2
      vertex 18.3848 -18.3848 1.2
    endloop
  endfacet
  facet normal 0 0 1
    outer loop
      vertex -6.37656 -1.40781 1.2
      vertex 6.25 2.0625 1.2
      vertex -25.7776 -3.39368 1.2
    endloop
  endfacet
  facet normal 0 0 1
    outer loop
      vertex 4.75937 4.39062 1.2
      vertex 4.75937 10.6094 1.2
      vertex -6.37656 4.39062 1.2
    endloop
  endfacet
  facet normal 0 0 1
    outer loop
      vertex 20.6272 -15.8278 1.2
      vertex 6.25 -13.2766 1.2
      vertex 18.3848 -18.3848 1.2
    endloop
  endfacet
  facet normal 0 0 1
    outer loop
      vertex 20.6272 -15.8278 1.2
      vertex 2.425 -12.3453 1.2
      vertex 6.25 -13.2766 1.2
    endloop
  endfacet
  facet normal 0 0 1
    outer loop
      vertex 18.3848 -18.3848 1.2
      vertex 6.25 -14.4688 1.2
      vertex 15.8278 -20.6272 1.2
    endloop
  endfacet
  facet normal 0 0 1
    outer loop
      vertex -6.37656 -10.0016 1.2
      vertex -25.7776 -3.39368 1.2
      vertex -6.37656 -11.2109 1.2
    endloop
  endfacet
  facet normal 0 0 1
    outer loop
      vertex -6.37656 4.39062 1.2
      vertex 4.75937 10.6094 1.2
      vertex -25.7776 -3.39368 1.2
    endloop
  endfacet
  facet normal 0 0 1
    outer loop
      vertex 25.1141 6.72929 1.2
      vertex 6.25 2.0625 1.2
      vertex 25.7776 3.39368 1.2
    endloop
  endfacet
  facet normal 0 0 1
    outer loop
      vertex 6.25 2.72031 1.2
      vertex -25.7776 -3.39368 1.2
      vertex 6.25 2.0625 1.2
    endloop
  endfacet
  facet normal 0 0 1
    outer loop
      vertex 6.25 0.784375 1.2
      vertex 2.425 -0.204688 1.2
      vertex 25.7776 3.39368 1.2
    endloop
  endfacet
  facet normal 0 0 1
    outer loop
      vertex 25.7776 3.39368 1.2
      vertex 2.425 -0.204688 1.2
      vertex 26 0 1.2
    endloop
  endfacet
  facet normal 0 0 1
    outer loop
      vertex -6.37656 19.25 1.2
      vertex 6.25 19.25 1.2
      vertex 6.25 19.9062 1.2
    endloop
  endfacet
  facet normal 0 0 1
    outer loop
      vertex 25.7776 -3.39368 1.2
      vertex 2.425 -3.75156 1.2
      vertex 25.1141 -6.72929 1.2
    endloop
  endfacet
  facet normal 0 0 1
    outer loop
      vertex 6.25 10.6094 1.2
      vertex 6.25 2.72031 1.2
      vertex 25.1141 6.72929 1.2
    endloop
  endfacet
  facet normal 0 0 1
    outer loop
      vertex 2.425 -3.75156 1.2
      vertex 6.25 -4.68281 1.2
      vertex 25.1141 -6.72929 1.2
    endloop
  endfacet
  facet normal 0 0 1
    outer loop
      vertex -6.37656 2.72031 1.2
      vertex -6.37656 4.39062 1.2
      vertex -25.7776 -3.39368 1.2
    endloop
  endfacet
  facet normal 0 0 1
    outer loop
      vertex 25.1141 -6.72929 1.2
      vertex 6.25 -5.875 1.2
      vertex 6.25 -6.53125 1.2
    endloop
  endfacet
  facet normal 0 0 1
    outer loop
      vertex 6.25 -5.875 1.2
      vertex -6.37656 -2.61719 1.2
      vertex -25.7776 -3.39368 1.2
    endloop
  endfacet
  facet normal 0 0 1
    outer loop
      vertex 6.25 10.6094 1.2
      vertex 25.1141 6.72929 1.2
      vertex 24.0209 9.94977 1.2
    endloop
  endfacet
  facet normal 0 0 1
    outer loop
      vertex 6.25 10.6094 1.2
      vertex 22.5167 13 1.2
      vertex 20.6272 15.8278 1.2
    endloop
  endfacet
  facet normal 0 0 1
    outer loop
      vertex 6.25 11.3125 1.2
      vertex 4.75937 10.6094 1.2
      vertex 20.6272 15.8278 1.2
    endloop
  endfacet
  facet normal 0 0 1
    outer loop
      vertex 4.75937 10.6094 1.2
      vertex 6.25 10.6094 1.2
      vertex 20.6272 15.8278 1.2
    endloop
  endfacet
  facet normal 0 0 1
    outer loop
      vertex 25.1141 6.72929 1.2
      vertex 6.25 2.72031 1.2
      vertex 6.25 2.0625 1.2
    endloop
  endfacet
  facet normal 0 0 1
    outer loop
      vertex 6.25 19.25 1.2
      vertex 6.25 18.1891 1.2
      vertex 13 22.5167 1.2
    endloop
  endfacet
  facet normal 0 0 1
    outer loop
      vertex -6.37656 12.9703 1.2
      vertex -6.37656 17.7703 1.2
      vertex -25.7776 -3.39368 1.2
    endloop
  endfacet
  facet normal 0 0 1
    outer loop
      vertex 6.25 18.1891 1.2
      vertex 15.8278 20.6272 1.2
      vertex 13 22.5167 1.2
    endloop
  endfacet
  facet normal 0 0 1
    outer loop
      vertex 2.40781 15.7781 1.2
      vertex -6.37656 17.7703 1.2
      vertex -6.37656 12.9703 1.2
    endloop
  endfacet
  facet normal 0 0 1
    outer loop
      vertex 6.25 14.7797 1.2
      vertex 6.25 12.3734 1.2
      vertex 18.3848 18.3848 1.2
    endloop
  endfacet
  facet normal 0 0 1
    outer loop
      vertex 6.25 11.3125 1.2
      vertex -25.7776 -3.39368 1.2
      vertex 4.75937 10.6094 1.2
    endloop
  endfacet
  facet normal 0 0 1
    outer loop
      vertex 4.43281 15.3359 1.2
      vertex 2.40781 15.7781 1.2
      vertex 2.56406 14.9391 1.2
    endloop
  endfacet
  facet normal 0 0 1
    outer loop
      vertex 6.25 -18.6937 1.2
      vertex 6.25 -19.9453 1.2
      vertex 13 -22.5167 1.2
    endloop
  endfacet
  facet normal 0 0 1
    outer loop
      vertex -6.37656 19.25 1.2
      vertex -25.7776 -3.39368 1.2
      vertex -6.37656 17.7703 1.2
    endloop
  endfacet
  facet normal 0 0 1
    outer loop
      vertex 6.25 -6.53125 1.2
      vertex 6.25 -7.80938 1.2
      vertex 24.0209 -9.94977 1.2
    endloop
  endfacet
  facet normal 0 0 1
    outer loop
      vertex -6.37656 23.1641 1.2
      vertex -25.7776 -3.39368 1.2
      vertex -6.37656 19.25 1.2
    endloop
  endfacet
  facet normal 0 0 1
    outer loop
      vertex 6.25 19.9062 1.2
      vertex 6.25 19.25 1.2
      vertex 13 22.5167 1.2
    endloop
  endfacet
  facet normal 0 0 1
    outer loop
      vertex 6.25 15.7719 1.2
      vertex 6.25 14.7797 1.2
      vertex 15.8278 20.6272 1.2
    endloop
  endfacet
  facet normal 0 0 1
    outer loop
      vertex 2.425 22.0297 1.2
      vertex 9.94977 24.0209 1.2
      vertex 6.72929 25.1141 1.2
    endloop
  endfacet
  facet normal 0 0 1
    outer loop
      vertex -4.88594 -19.9453 1.2
      vertex -4.88594 -23.0625 1.2
      vertex 0 -26 1.2
    endloop
  endfacet
  facet normal 0 0 1
    outer loop
      vertex 6.25 11.3125 1.2
      vertex -6.37656 11.3125 1.2
      vertex -25.7776 -3.39368 1.2
    endloop
  endfacet
  facet normal 0 0 1
    outer loop
      vertex -4.49844 12.3734 1.2
      vertex 6.25 12.3734 1.2
      vertex 6.25 14.7797 1.2
    endloop
  endfacet
  facet normal 0 0 1
    outer loop
      vertex 15.8278 20.6272 1.2
      vertex 6.25 14.7797 1.2
      vertex 18.3848 18.3848 1.2
    endloop
  endfacet
  facet normal 0 0 1
    outer loop
      vertex 18.3848 18.3848 1.2
      vertex 6.25 11.3125 1.2
      vertex 20.6272 15.8278 1.2
    endloop
  endfacet
  facet normal 0 0 1
    outer loop
      vertex -4.88594 -23.0625 1.2
      vertex -6.37656 -23.0625 1.2
      vertex -3.39368 -25.7776 1.2
    endloop
  endfacet
  facet normal 0 0 1
    outer loop
      vertex 2.425 25.5766 1.2
      vertex 3.39368 25.7776 1.2
      vertex 3.24103 25.7876 1.2
    endloop
  endfacet
  facet normal 0 0 1
    outer loop
      vertex 2.425 25.5766 1.2
      vertex 2.425 22.0297 1.2
      vertex 3.39368 25.7776 1.2
    endloop
  endfacet
  facet normal 0 0 1
    outer loop
      vertex 2.425 22.0297 1.2
      vertex 6.25 21.0984 1.2
      vertex 9.94977 24.0209 1.2
    endloop
  endfacet
  facet normal 0 0 1
    outer loop
      vertex 6.25 18.1891 1.2
      vertex 6.25 15.7719 1.2
      vertex 15.8278 20.6272 1.2
    endloop
  endfacet
  facet normal 0 0 1
    outer loop
      vertex 6.25 19.9062 1.2
      vertex -6.37656 23.1641 1.2
      vertex -6.37656 19.25 1.2
    endloop
  endfacet
  facet normal 0 0 1
    outer loop
      vertex -6.72929 25.1141 1.2
      vertex -3.39368 25.7776 1.2
      vertex 6.25 27.8437 1.2
    endloop
  endfacet
  facet normal 0 0 1
    outer loop
      vertex 3.24103 25.7876 1.2
      vertex 3.39368 25.7776 1.2
      vertex 6.25 26.5656 1.2
    endloop
  endfacet
  facet normal 0 0 1
    outer loop
      vertex 6.25 27.8437 1.2
      vertex -3.39368 25.7776 1.2
      vertex -0.601944 25.9605 1.2
    endloop
  endfacet
  facet normal 0 0 1
    outer loop
      vertex 6.25 28.5016 1.2
      vertex 6.25 27.8437 1.2
      vertex 8.5 31.487 1.2
    endloop
  endfacet
  facet normal 0 0 1
    outer loop
      vertex 6.72929 25.1141 1.2
      vertex 6.25 27.8437 1.2
      vertex 6.25 26.5656 1.2
    endloop
  endfacet
  facet normal 0 0 1
    outer loop
      vertex 3.39368 25.7776 1.2
      vertex 6.72929 25.1141 1.2
      vertex 6.25 26.5656 1.2
    endloop
  endfacet
  facet normal 0 0 1
    outer loop
      vertex 6.25 28.5016 1.2
      vertex -6.37656 28.5016 1.2
      vertex -6.72929 25.1141 1.2
    endloop
  endfacet
  facet normal 0 0 1
    outer loop
      vertex 6.72929 25.1141 1.2
      vertex 8.5 24.513 1.2
      vertex 6.25 27.8437 1.2
    endloop
  endfacet
  facet normal 0 0 1
    outer loop
      vertex 8.5 24.513 1.2
      vertex 8.5 31.487 1.2
      vertex 6.25 27.8437 1.2
    endloop
  endfacet
  facet normal 0 0 1
    outer loop
      vertex -5.08396 30.5587 1.2
      vertex -6.72929 30.8859 1.2
      vertex -6.37656 29.8687 1.2
    endloop
  endfacet
  facet normal 0 0 1
    outer loop
      vertex -6.37656 28.5016 1.2
      vertex -6.37656 29.8687 1.2
      vertex -6.72929 25.1141 1.2
    endloop
  endfacet
  facet normal 0 0 1
    outer loop
      vertex -6.72929 25.1141 1.2
      vertex 6.25 27.8437 1.2
      vertex 6.25 28.5016 1.2
    endloop
  endfacet
  facet normal 0 0 1
    outer loop
      vertex 6.25 29.7797 1.2
      vertex 6.25 28.5016 1.2
      vertex 8.5 31.487 1.2
    endloop
  endfacet
  facet normal 0 0 1
    outer loop
      vertex -6.37656 29.8687 1.2
      vertex -6.72929 30.8859 1.2
      vertex -6.72929 25.1141 1.2
    endloop
  endfacet
  facet normal 0 0 1
    outer loop
      vertex -6.72929 30.8859 1.2
      vertex -8.5 31.487 1.2
      vertex -6.72929 25.1141 1.2
    endloop
  endfacet
  facet normal 0 0 1
    outer loop
      vertex -8.5 31.487 1.2
      vertex -8.5 24.513 1.2
      vertex -6.72929 25.1141 1.2
    endloop
  endfacet
  facet normal 0 0 1
    outer loop
      vertex -3.67187 29.7797 1.2
      vertex 0 30 1.2
      vertex -2.902 30.1902 1.2
    endloop
  endfacet
  facet normal 0 0 1
    outer loop
      vertex 6.72929 30.8859 1.2
      vertex 6.25 29.7797 1.2
      vertex 8.5 31.487 1.2
    endloop
  endfacet
  facet normal 0 0 1
    outer loop
      vertex 3.39368 30.2224 1.2
      vertex 6.25 29.7797 1.2
      vertex 6.72929 30.8859 1.2
    endloop
  endfacet
  facet normal 0 0 1
    outer loop
      vertex 0 30 1.2
      vertex 6.25 29.7797 1.2
      vertex 3.39368 30.2224 1.2
    endloop
  endfacet
  facet normal 0 0 1
    outer loop
      vertex -3.67187 29.7797 1.2
      vertex 6.25 29.7797 1.2
      vertex 0 30 1.2
    endloop
  endfacet
  facet normal 0 0 1
    outer loop
      vertex -25.7776 52.6063 1.2
      vertex -25.1141 49.2707 1.2
      vertex -24.0209 46.0502 1.2
    endloop
  endfacet
  facet normal 0 0 1
    outer loop
      vertex -20.6272 40.1722 1.2
      vertex -25.7776 52.6063 1.2
      vertex -22.5167 43 1.2
    endloop
  endfacet
  facet normal 0 0 1
    outer loop
      vertex -22.5167 43 1.2
      vertex -25.7776 52.6063 1.2
      vertex -24.0209 46.0502 1.2
    endloop
  endfacet
  facet normal 0 0 1
    outer loop
      vertex -18.3848 37.6152 1.2
      vertex -25.7776 52.6063 1.2
      vertex -20.6272 40.1722 1.2
    endloop
  endfacet
  facet normal 0 0 1
    outer loop
      vertex -15.8278 35.3728 1.2
      vertex -25.7776 52.6063 1.2
      vertex -18.3848 37.6152 1.2
    endloop
  endfacet
  facet normal 0 0 1
    outer loop
      vertex -13 33.4833 1.2
      vertex -25.7776 52.6063 1.2
      vertex -15.8278 35.3728 1.2
    endloop
  endfacet
  facet normal 0 0 1
    outer loop
      vertex -9.94977 31.9791 1.2
      vertex -25.7776 52.6063 1.2
      vertex -13 33.4833 1.2
    endloop
  endfacet
  facet normal 0 0 1
    outer loop
      vertex -6.72929 30.8859 1.2
      vertex -25.7776 52.6063 1.2
      vertex -9.94977 31.9791 1.2
    endloop
  endfacet
  facet normal 0 0 1
    outer loop
      vertex -5.08396 30.5587 1.2
      vertex -25.7776 52.6063 1.2
      vertex -6.72929 30.8859 1.2
    endloop
  endfacet
  facet normal 0 0 1
    outer loop
      vertex -6.37656 35.1594 1.2
      vertex -25.7776 52.6063 1.2
      vertex -5.08396 30.5587 1.2
    endloop
  endfacet
  facet normal 0 0 1
    outer loop
      vertex 3.53594 35.1594 1.2
      vertex -6.37656 35.1594 1.2
      vertex -5.08396 30.5587 1.2
    endloop
  endfacet
  facet normal 0 0 1
    outer loop
      vertex -6.37656 36.4391 1.2
      vertex -25.7776 52.6063 1.2
      vertex -6.37656 35.1594 1.2
    endloop
  endfacet
  facet normal 0 0 1
    outer loop
      vertex 13 33.4833 1.2
      vertex -25.7776 52.6063 1.2
      vertex 6.25 36.4391 1.2
    endloop
  endfacet
  facet normal 0 0 1
    outer loop
      vertex 6.72929 30.8859 1.2
      vertex 6.25 36.4391 1.2
      vertex 6.25 35.0703 1.2
    endloop
  endfacet
  facet normal 0 0 1
    outer loop
      vertex 0 30 1.2
      vertex 6.25 35.0703 1.2
      vertex -2.902 30.1902 1.2
    endloop
  endfacet
  facet normal 0 0 1
    outer loop
      vertex 3.39368 30.2224 1.2
      vertex 6.25 35.0703 1.2
      vertex 0 30 1.2
    endloop
  endfacet
  facet normal 0 0 1
    outer loop
      vertex 6.72929 30.8859 1.2
      vertex 6.25 35.0703 1.2
      vertex 3.39368 30.2224 1.2
    endloop
  endfacet
  facet normal 0 0 1
    outer loop
      vertex 9.94977 31.9791 1.2
      vertex 6.25 36.4391 1.2
      vertex 6.72929 30.8859 1.2
    endloop
  endfacet
  facet normal 0 0 1
    outer loop
      vertex 13 33.4833 1.2
      vertex 6.25 36.4391 1.2
      vertex 9.94977 31.9791 1.2
    endloop
  endfacet
  facet normal 0 0 1
    outer loop
      vertex -4.77969 42.4625 1.2
      vertex -25.7776 52.6063 1.2
      vertex 13 33.4833 1.2
    endloop
  endfacet
  facet normal 0 0 1
    outer loop
      vertex 6.24531 40.0516 1.2
      vertex 6.24531 38.8031 1.2
      vertex 15.8278 35.3728 1.2
    endloop
  endfacet
  facet normal 0 0 1
    outer loop
      vertex -6.37656 62.875 1.2
      vertex -6.37656 64.2141 1.2
      vertex -25.7776 52.6063 1.2
    endloop
  endfacet
  facet normal 0 0 1
    outer loop
      vertex 6.25 53.625 1.2
      vertex 6.25 51.9484 1.2
      vertex 25.7776 52.6063 1.2
    endloop
  endfacet
  facet normal 0 0 1
    outer loop
      vertex 6.25 51.9484 1.2
      vertex -0.140625 48.5297 1.2
      vertex 24.0209 46.0502 1.2
    endloop
  endfacet
  facet normal 0 0 1
    outer loop
      vertex -1.26094 49.4203 1.2
      vertex 6.25 53.625 1.2
      vertex -6.37656 53.4484 1.2
    endloop
  endfacet
  facet normal 0 0 1
    outer loop
      vertex 3.0375 54.7578 1.2
      vertex -0.115625 54.2812 1.2
      vertex 26 56 1.2
    endloop
  endfacet
  facet normal 0 0 1
    outer loop
      vertex 5.47031 60.2656 1.2
      vertex 6.25 58.25 1.2
      vertex 25.1141 62.7293 1.2
    endloop
  endfacet
  facet normal 0 0 1
    outer loop
      vertex -3.65156 61.7344 1.2
      vertex -6.37656 62.875 1.2
      vertex -25.7776 52.6063 1.2
    endloop
  endfacet
  facet normal 0 0 1
    outer loop
      vertex 6.25 69.4734 1.2
      vertex 0.298438 64.2141 1.2
      vertex 20.6272 71.8278 1.2
    endloop
  endfacet
  facet normal 0 0 1
    outer loop
      vertex -6.37656 72.8375 1.2
      vertex -6.37656 78.1281 1.2
      vertex -25.7776 52.6063 1.2
    endloop
  endfacet
  facet normal 0 0 1
    outer loop
      vertex 6.25 62.875 1.2
      vertex -6.37656 62.875 1.2
      vertex -0.260937 62.2188 1.2
    endloop
  endfacet
  facet normal 0 0 1
    outer loop
      vertex -4.77969 43.7031 1.2
      vertex -6.37656 45.6875 1.2
      vertex -25.7776 52.6063 1.2
    endloop
  endfacet
  facet normal 0 0 1
    outer loop
      vertex -9.94977 80.0209 1.2
      vertex -25.7776 52.6063 1.2
      vertex -6.72929 81.1141 1.2
    endloop
  endfacet
  facet normal 0 0 1
    outer loop
      vertex -13 78.5167 1.2
      vertex -25.7776 52.6063 1.2
      vertex -9.94977 80.0209 1.2
    endloop
  endfacet
  facet normal 0 0 1
    outer loop
      vertex -15.8278 76.6272 1.2
      vertex -25.7776 52.6063 1.2
      vertex -13 78.5167 1.2
    endloop
  endfacet
  facet normal 0 0 1
    outer loop
      vertex -18.3848 74.3848 1.2
      vertex -25.7776 52.6063 1.2
      vertex -15.8278 76.6272 1.2
    endloop
  endfacet
  facet normal 0 0 1
    outer loop
      vertex -20.6272 71.8278 1.2
      vertex -25.7776 52.6063 1.2
      vertex -18.3848 74.3848 1.2
    endloop
  endfacet
  facet normal 0 0 1
    outer loop
      vertex -22.5167 69 1.2
      vertex -25.7776 52.6063 1.2
      vertex -20.6272 71.8278 1.2
    endloop
  endfacet
  facet normal 0 0 1
    outer loop
      vertex -24.0209 65.9498 1.2
      vertex -25.7776 52.6063 1.2
      vertex -22.5167 69 1.2
    endloop
  endfacet
  facet normal 0 0 1
    outer loop
      vertex -25.1141 62.7293 1.2
      vertex -25.7776 52.6063 1.2
      vertex -24.0209 65.9498 1.2
    endloop
  endfacet
  facet normal 0 0 1
    outer loop
      vertex -25.7776 59.3937 1.2
      vertex -25.7776 52.6063 1.2
      vertex -25.1141 62.7293 1.2
    endloop
  endfacet
  facet normal 0 0 1
    outer loop
      vertex -26 56 1.2
      vertex -25.7776 52.6063 1.2
      vertex -25.7776 59.3937 1.2
    endloop
  endfacet
  facet normal 0 0 1
    outer loop
      vertex 3.175 61.7094 1.2
      vertex 5.47031 60.2656 1.2
      vertex 24.0209 65.9498 1.2
    endloop
  endfacet
  facet normal 0 0 1
    outer loop
      vertex -3.65156 61.7344 1.2
      vertex -25.7776 52.6063 1.2
      vertex -5.98125 60.3281 1.2
    endloop
  endfacet
  facet normal 0 0 1
    outer loop
      vertex 22.5167 69 1.2
      vertex 3.175 61.7094 1.2
      vertex 24.0209 65.9498 1.2
    endloop
  endfacet
  facet normal 0 0 1
    outer loop
      vertex -0.260937 62.2188 1.2
      vertex 3.175 61.7094 1.2
      vertex 6.25 62.875 1.2
    endloop
  endfacet
  facet normal 0 0 1
    outer loop
      vertex 24.0209 65.9498 1.2
      vertex 5.47031 60.2656 1.2
      vertex 25.1141 62.7293 1.2
    endloop
  endfacet
  facet normal 0 0 1
    outer loop
      vertex -6.37656 45.6875 1.2
      vertex -6.37656 46.9578 1.2
      vertex -25.7776 52.6063 1.2
    endloop
  endfacet
  facet normal 0 0 1
    outer loop
      vertex 25.1141 62.7293 1.2
      vertex 6.25 58.25 1.2
      vertex 25.7776 59.3937 1.2
    endloop
  endfacet
  facet normal 0 0 1
    outer loop
      vertex 25.7776 59.3937 1.2
      vertex 5.38906 56.1562 1.2
      vertex 26 56 1.2
    endloop
  endfacet
  facet normal 0 0 1
    outer loop
      vertex -5.0375 55.3906 1.2
      vertex -6.81562 58.2562 1.2
      vertex -25.7776 52.6063 1.2
    endloop
  endfacet
  facet normal 0 0 1
    outer loop
      vertex 5.38906 56.1562 1.2
      vertex 3.0375 54.7578 1.2
      vertex 26 56 1.2
    endloop
  endfacet
  facet normal 0 0 1
    outer loop
      vertex 26 56 1.2
      vertex -0.115625 54.2812 1.2
      vertex 25.7776 52.6063 1.2
    endloop
  endfacet
  facet normal 0 0 1
    outer loop
      vertex -0.115625 54.2812 1.2
      vertex -5.0375 55.3906 1.2
      vertex -25.7776 52.6063 1.2
    endloop
  endfacet
  facet normal 0 0 1
    outer loop
      vertex 6.25 58.25 1.2
      vertex 5.38906 56.1562 1.2
      vertex 25.7776 59.3937 1.2
    endloop
  endfacet
  facet normal 0 0 1
    outer loop
      vertex 6.25 45.6875 1.2
      vertex 18.3848 37.6152 1.2
      vertex 20.6272 40.1722 1.2
    endloop
  endfacet
  facet normal 0 0 1
    outer loop
      vertex 0.298438 64.2141 1.2
      vertex 6.25 64.2141 1.2
      vertex 20.6272 71.8278 1.2
    endloop
  endfacet
  facet normal 0 0 1
    outer loop
      vertex 6.25 46.9578 1.2
      vertex 6.25 45.6875 1.2
      vertex 22.5167 43 1.2
    endloop
  endfacet
  facet normal 0 0 1
    outer loop
      vertex 6.25 51.9484 1.2
      vertex 24.0209 46.0502 1.2
      vertex 25.1141 49.2707 1.2
    endloop
  endfacet
  facet normal 0 0 1
    outer loop
      vertex -0.115625 54.2812 1.2
      vertex -25.7776 52.6063 1.2
      vertex -6.37656 53.4484 1.2
    endloop
  endfacet
  facet normal 0 0 1
    outer loop
      vertex -6.37656 51.7266 1.2
      vertex -6.37656 53.4484 1.2
      vertex -25.7776 52.6063 1.2
    endloop
  endfacet
  facet normal 0 0 1
    outer loop
      vertex -0.115625 54.2812 1.2
      vertex 6.25 53.625 1.2
      vertex 25.7776 52.6063 1.2
    endloop
  endfacet
  facet normal 0 0 1
    outer loop
      vertex -0.115625 54.2812 1.2
      vertex -6.37656 53.4484 1.2
      vertex 6.25 53.625 1.2
    endloop
  endfacet
  facet normal 0 0 1
    outer loop
      vertex 25.7776 52.6063 1.2
      vertex 6.25 51.9484 1.2
      vertex 25.1141 49.2707 1.2
    endloop
  endfacet
  facet normal 0 0 1
    outer loop
      vertex 24.0209 46.0502 1.2
      vertex -0.140625 48.5297 1.2
      vertex 22.5167 43 1.2
    endloop
  endfacet
  facet normal 0 0 1
    outer loop
      vertex 6.25 45.6875 1.2
      vertex -6.37656 45.6875 1.2
      vertex 18.3848 37.6152 1.2
    endloop
  endfacet
  facet normal 0 0 1
    outer loop
      vertex -6.37656 79.4078 1.2
      vertex 6.72929 81.1141 1.2
      vertex 3.39368 81.7776 1.2
    endloop
  endfacet
  facet normal 0 0 1
    outer loop
      vertex -0.140625 48.5297 1.2
      vertex 6.25 46.9578 1.2
      vertex 22.5167 43 1.2
    endloop
  endfacet
  facet normal 0 0 1
    outer loop
      vertex -6.37656 70.8125 1.2
      vertex 6.25 70.8125 1.2
      vertex 6.25 71.4703 1.2
    endloop
  endfacet
  facet normal 0 0 1
    outer loop
      vertex 22.5167 43 1.2
      vertex 6.25 45.6875 1.2
      vertex 20.6272 40.1722 1.2
    endloop
  endfacet
  facet normal 0 0 1
    outer loop
      vertex -6.37656 46.9578 1.2
      vertex -0.115625 46.9578 1.2
      vertex -25.7776 52.6063 1.2
    endloop
  endfacet
  facet normal 0 0 1
    outer loop
      vertex -6.37656 69.4734 1.2
      vertex -6.37656 70.8125 1.2
      vertex -25.7776 52.6063 1.2
    endloop
  endfacet
  facet normal 0 0 1
    outer loop
      vertex 0.298438 69.4734 1.2
      vertex 0.298438 64.2141 1.2
      vertex 6.25 69.4734 1.2
    endloop
  endfacet
  facet normal 0 0 1
    outer loop
      vertex -0.260937 62.2188 1.2
      vertex -6.37656 62.875 1.2
      vertex -3.65156 61.7344 1.2
    endloop
  endfacet
  facet normal 0 0 1
    outer loop
      vertex -3.67187 72.7484 1.2
      vertex 13 78.5167 1.2
      vertex 6.25 78.0391 1.2
    endloop
  endfacet
  facet normal 0 0 1
    outer loop
      vertex -6.37656 71.4703 1.2
      vertex -25.7776 52.6063 1.2
      vertex -6.37656 70.8125 1.2
    endloop
  endfacet
  facet normal 0 0 1
    outer loop
      vertex 15.8278 76.6272 1.2
      vertex 6.25 70.8125 1.2
      vertex 18.3848 74.3848 1.2
    endloop
  endfacet
  facet normal 0 0 1
    outer loop
      vertex 6.25 70.8125 1.2
      vertex 6.25 69.4734 1.2
      vertex 18.3848 74.3848 1.2
    endloop
  endfacet
  facet normal 0 0 1
    outer loop
      vertex 6.25 69.4734 1.2
      vertex 20.6272 71.8278 1.2
      vertex 18.3848 74.3848 1.2
    endloop
  endfacet
  facet normal 0 0 1
    outer loop
      vertex -1.19219 69.4734 1.2
      vertex -6.37656 69.4734 1.2
      vertex -25.7776 52.6063 1.2
    endloop
  endfacet
  facet normal 0 0 1
    outer loop
      vertex -6.37656 79.4078 1.2
      vertex 6.25 79.4078 1.2
      vertex 6.72929 81.1141 1.2
    endloop
  endfacet
  facet normal 0 0 1
    outer loop
      vertex -6.37656 71.4703 1.2
      vertex -6.37656 72.8375 1.2
      vertex -25.7776 52.6063 1.2
    endloop
  endfacet
  facet normal 0 0 1
    outer loop
      vertex 20.6272 71.8278 1.2
      vertex 6.25 64.2141 1.2
      vertex 22.5167 69 1.2
    endloop
  endfacet
  facet normal 0 0 1
    outer loop
      vertex 3.53594 78.1281 1.2
      vertex -6.37656 78.1281 1.2
      vertex -6.37656 72.8375 1.2
    endloop
  endfacet
  facet normal 0 0 1
    outer loop
      vertex 22.5167 69 1.2
      vertex 6.25 62.875 1.2
      vertex 3.175 61.7094 1.2
    endloop
  endfacet
  facet normal 0 0 1
    outer loop
      vertex 6.25 64.2141 1.2
      vertex 6.25 62.875 1.2
      vertex 22.5167 69 1.2
    endloop
  endfacet
  facet normal 0 0 1
    outer loop
      vertex 6.25 71.4703 1.2
      vertex 6.25 70.8125 1.2
      vertex 15.8278 76.6272 1.2
    endloop
  endfacet
  facet normal 0 0 1
    outer loop
      vertex -6.37656 79.4078 1.2
      vertex 3.39368 81.7776 1.2
      vertex 0 82 1.2
    endloop
  endfacet
  facet normal 0 0 1
    outer loop
      vertex -6.37656 79.4078 1.2
      vertex 0 82 1.2
      vertex -3.39368 81.7776 1.2
    endloop
  endfacet
  facet normal 0 0 1
    outer loop
      vertex 6.25 78.0391 1.2
      vertex 13 78.5167 1.2
      vertex 9.94977 80.0209 1.2
    endloop
  endfacet
  facet normal 0 0 1
    outer loop
      vertex -6.72929 81.1141 1.2
      vertex -25.7776 52.6063 1.2
      vertex -6.37656 78.1281 1.2
    endloop
  endfacet
  facet normal 0 0 1
    outer loop
      vertex -6.72929 81.1141 1.2
      vertex -6.37656 79.4078 1.2
      vertex -3.39368 81.7776 1.2
    endloop
  endfacet
  facet normal 0 0 1
    outer loop
      vertex -6.72929 81.1141 1.2
      vertex -6.37656 78.1281 1.2
      vertex -6.37656 79.4078 1.2
    endloop
  endfacet
  facet normal 0 0 1
    outer loop
      vertex 6.72929 81.1141 1.2
      vertex 6.25 79.4078 1.2
      vertex 9.94977 80.0209 1.2
    endloop
  endfacet
  facet normal 0 0 1
    outer loop
      vertex -4.77969 43.7031 1.2
      vertex 6.24531 40.0516 1.2
      vertex -6.37656 45.6875 1.2
    endloop
  endfacet
  facet normal 0 0 1
    outer loop
      vertex -3.67187 72.7484 1.2
      vertex 6.25 72.7484 1.2
      vertex 13 78.5167 1.2
    endloop
  endfacet
  facet normal 0 0 1
    outer loop
      vertex 13 78.5167 1.2
      vertex 6.25 72.7484 1.2
      vertex 15.8278 76.6272 1.2
    endloop
  endfacet
  facet normal 0 0 1
    outer loop
      vertex 6.25 72.7484 1.2
      vertex 6.25 71.4703 1.2
      vertex 15.8278 76.6272 1.2
    endloop
  endfacet
  facet normal 0 0 1
    outer loop
      vertex 6.25 71.4703 1.2
      vertex -6.37656 71.4703 1.2
      vertex -6.37656 70.8125 1.2
    endloop
  endfacet
  facet normal 0 0 1
    outer loop
      vertex 6.25 79.4078 1.2
      vertex 6.25 78.0391 1.2
      vertex 9.94977 80.0209 1.2
    endloop
  endfacet
  facet normal 0 0 1
    outer loop
      vertex 6.24531 38.8031 1.2
      vertex -4.77969 42.4625 1.2
      vertex 13 33.4833 1.2
    endloop
  endfacet
  facet normal 0 0 1
    outer loop
      vertex 18.3848 37.6152 1.2
      vertex 6.24531 40.0516 1.2
      vertex 15.8278 35.3728 1.2
    endloop
  endfacet
  facet normal 0 0 1
    outer loop
      vertex 18.3848 37.6152 1.2
      vertex -6.37656 45.6875 1.2
      vertex 6.24531 40.0516 1.2
    endloop
  endfacet
  facet normal 0 0 1
    outer loop
      vertex 15.8278 35.3728 1.2
      vertex 6.24531 38.8031 1.2
      vertex 13 33.4833 1.2
    endloop
  endfacet
  facet normal 0 0 1
    outer loop
      vertex -4.77969 43.7031 1.2
      vertex -25.7776 52.6063 1.2
      vertex -4.77969 42.4625 1.2
    endloop
  endfacet
  facet normal 0 0 1
    outer loop
      vertex -6.37656 36.4391 1.2
      vertex 6.25 36.4391 1.2
      vertex -25.7776 52.6063 1.2
    endloop
  endfacet
  facet normal 0 0 1
    outer loop
      vertex -6.81562 58.2562 1.2
      vertex -5.98125 60.3281 1.2
      vertex -25.7776 52.6063 1.2
    endloop
  endfacet
  facet normal 0 0 1
    outer loop
      vertex -0.140625 48.5297 1.2
      vertex 1.875 46.9578 1.2
      vertex 6.25 46.9578 1.2
    endloop
  endfacet
  facet normal 0 0 1
    outer loop
      vertex -0.115625 46.9578 1.2
      vertex -6.37656 51.7266 1.2
      vertex -25.7776 52.6063 1.2
    endloop
  endfacet
  facet normal 0 0 1
    outer loop
      vertex -6.37656 64.2141 1.2
      vertex -1.19219 69.4734 1.2
      vertex -25.7776 52.6063 1.2
    endloop
  endfacet
  facet normal 0 0 1
    outer loop
      vertex -1.19219 64.2141 1.2
      vertex -1.19219 69.4734 1.2
      vertex -6.37656 64.2141 1.2
    endloop
  endfacet
  facet normal 0.265015 -0.964244 0
    outer loop
      vertex 6.25 27.8437 0.6
      vertex 6.25 27.8437 1.2
      vertex -0.601944 25.9605 1.2
    endloop
  endfacet
  facet normal 0.265015 -0.964244 0
    outer loop
      vertex -6.37656 24.3734 1.2
      vertex 6.25 27.8437 0.6
      vertex -0.601944 25.9605 1.2
    endloop
  endfacet
  facet normal 0.265015 -0.964244 0
    outer loop
      vertex -6.37656 24.3734 0.6
      vertex 6.25 27.8437 0.6
      vertex -6.37656 24.3734 1.2
    endloop
  endfacet
  facet normal 1 -6.12323e-17 0
    outer loop
      vertex -6.37656 24.3734 0.6
      vertex -6.37656 24.3734 1.2
      vertex -6.37656 23.1641 1.2
    endloop
  endfacet
  facet normal 1 -6.12323e-17 0
    outer loop
      vertex -6.37656 23.1641 0.6
      vertex -6.37656 24.3734 0.6
      vertex -6.37656 23.1641 1.2
    endloop
  endfacet
  facet normal 0.249831 0.968289 0
    outer loop
      vertex 6.25 19.9062 1.2
      vertex 6.25 19.9062 0.6
      vertex -6.37656 23.1641 1.2
    endloop
  endfacet
  facet normal 0.249831 0.968289 0
    outer loop
      vertex -6.37656 23.1641 1.2
      vertex 6.25 19.9062 0.6
      vertex -6.37656 23.1641 0.6
    endloop
  endfacet
  facet normal -1 6.12323e-17 0
    outer loop
      vertex 6.25 21.0984 1.2
      vertex 6.25 21.0984 0.6
      vertex 6.25 19.9062 1.2
    endloop
  endfacet
  facet normal -1 6.12323e-17 0
    outer loop
      vertex 6.25 19.9062 1.2
      vertex 6.25 21.0984 0.6
      vertex 6.25 19.9062 0.6
    endloop
  endfacet
  facet normal -0.236554 -0.971618 0
    outer loop
      vertex 6.25 21.0984 0.6
      vertex 6.25 21.0984 1.2
      vertex 2.425 22.0297 1.2
    endloop
  endfacet
  facet normal -0.236554 -0.971618 0
    outer loop
      vertex 2.425 22.0297 0.6
      vertex 6.25 21.0984 0.6
      vertex 2.425 22.0297 1.2
    endloop
  endfacet
  facet normal -1 6.12323e-17 0
    outer loop
      vertex 2.425 25.5766 1.2
      vertex 2.425 25.5766 0.6
      vertex 2.425 22.0297 1.2
    endloop
  endfacet
  facet normal -1 6.12323e-17 0
    outer loop
      vertex 2.425 22.0297 1.2
      vertex 2.425 25.5766 0.6
      vertex 2.425 22.0297 0.6
    endloop
  endfacet
  facet normal -0.250344 0.968157 0
    outer loop
      vertex 3.24103 25.7876 1.2
      vertex 6.25 26.5656 1.2
      vertex 6.25 26.5656 0.6
    endloop
  endfacet
  facet normal -0.250344 0.968157 0
    outer loop
      vertex 3.24103 25.7876 1.2
      vertex 6.25 26.5656 0.6
      vertex 2.425 25.5766 1.2
    endloop
  endfacet
  facet normal -0.250344 0.968157 0
    outer loop
      vertex 6.25 26.5656 0.6
      vertex 2.425 25.5766 0.6
      vertex 2.425 25.5766 1.2
    endloop
  endfacet
  facet normal -6.12323e-17 -1 0
    outer loop
      vertex -4.88594 -15.5656 0.6
      vertex -4.88594 -15.5656 1.2
      vertex -6.37656 -15.5656 1.2
    endloop
  endfacet
  facet normal -6.12323e-17 -1 0
    outer loop
      vertex -6.37656 -15.5656 0.6
      vertex -4.88594 -15.5656 0.6
      vertex -6.37656 -15.5656 1.2
    endloop
  endfacet
  facet normal 1 -6.12323e-17 0
    outer loop
      vertex -6.37656 -15.5656 0.6
      vertex -6.37656 -15.5656 1.2
      vertex -6.37656 -23.0625 1.2
    endloop
  endfacet
  facet normal 1 -6.12323e-17 0
    outer loop
      vertex -6.37656 -23.0625 0.6
      vertex -6.37656 -15.5656 0.6
      vertex -6.37656 -23.0625 1.2
    endloop
  endfacet
  facet normal 6.12323e-17 1 0
    outer loop
      vertex -4.88594 -23.0625 1.2
      vertex -4.88594 -23.0625 0.6
      vertex -6.37656 -23.0625 1.2
    endloop
  endfacet
  facet normal 6.12323e-17 1 0
    outer loop
      vertex -6.37656 -23.0625 1.2
      vertex -4.88594 -23.0625 0.6
      vertex -6.37656 -23.0625 0.6
    endloop
  endfacet
  facet normal -1 6.12323e-17 0
    outer loop
      vertex -4.88594 -19.9453 1.2
      vertex -4.88594 -19.9453 0.6
      vertex -4.88594 -23.0625 1.2
    endloop
  endfacet
  facet normal -1 6.12323e-17 0
    outer loop
      vertex -4.88594 -23.0625 1.2
      vertex -4.88594 -19.9453 0.6
      vertex -4.88594 -23.0625 0.6
    endloop
  endfacet
  facet normal 6.12323e-17 1 0
    outer loop
      vertex 6.25 -19.9453 1.2
      vertex 6.25 -19.9453 0.6
      vertex -4.88594 -19.9453 1.2
    endloop
  endfacet
  facet normal 6.12323e-17 1 0
    outer loop
      vertex -4.88594 -19.9453 1.2
      vertex 6.25 -19.9453 0.6
      vertex -4.88594 -19.9453 0.6
    endloop
  endfacet
  facet normal -1 6.12323e-17 0
    outer loop
      vertex 6.25 -18.6937 1.2
      vertex 6.25 -18.6937 0.6
      vertex 6.25 -19.9453 1.2
    endloop
  endfacet
  facet normal -1 6.12323e-17 0
    outer loop
      vertex 6.25 -19.9453 1.2
      vertex 6.25 -18.6937 0.6
      vertex 6.25 -19.9453 0.6
    endloop
  endfacet
  facet normal -6.12323e-17 -1 0
    outer loop
      vertex 6.25 -18.6937 0.6
      vertex 6.25 -18.6937 1.2
      vertex -4.88594 -18.6937 1.2
    endloop
  endfacet
  facet normal -6.12323e-17 -1 0
    outer loop
      vertex -4.88594 -18.6937 0.6
      vertex 6.25 -18.6937 0.6
      vertex -4.88594 -18.6937 1.2
    endloop
  endfacet
  facet normal -1 6.12323e-17 0
    outer loop
      vertex -4.88594 -15.5656 1.2
      vertex -4.88594 -15.5656 0.6
      vertex -4.88594 -18.6937 1.2
    endloop
  endfacet
  facet normal -1 6.12323e-17 0
    outer loop
      vertex -4.88594 -18.6937 1.2
      vertex -4.88594 -15.5656 0.6
      vertex -4.88594 -18.6937 0.6
    endloop
  endfacet
  facet normal 0.265015 -0.964244 0
    outer loop
      vertex 6.25 -6.53125 0.6
      vertex 6.25 -6.53125 1.2
      vertex -6.37656 -10.0016 1.2
    endloop
  endfacet
  facet normal 0.265015 -0.964244 0
    outer loop
      vertex -6.37656 -10.0016 0.6
      vertex 6.25 -6.53125 0.6
      vertex -6.37656 -10.0016 1.2
    endloop
  endfacet
  facet normal 1 -6.12323e-17 0
    outer loop
      vertex -6.37656 -10.0016 0.6
      vertex -6.37656 -10.0016 1.2
      vertex -6.37656 -11.2109 1.2
    endloop
  endfacet
  facet normal 1 -6.12323e-17 0
    outer loop
      vertex -6.37656 -11.2109 0.6
      vertex -6.37656 -10.0016 0.6
      vertex -6.37656 -11.2109 1.2
    endloop
  endfacet
  facet normal 0.249831 0.968289 0
    outer loop
      vertex 6.25 -14.4688 1.2
      vertex 6.25 -14.4688 0.6
      vertex -6.37656 -11.2109 1.2
    endloop
  endfacet
  facet normal 0.249831 0.968289 0
    outer loop
      vertex -6.37656 -11.2109 1.2
      vertex 6.25 -14.4688 0.6
      vertex -6.37656 -11.2109 0.6
    endloop
  endfacet
  facet normal -1 6.12323e-17 0
    outer loop
      vertex 6.25 -13.2766 1.2
      vertex 6.25 -13.2766 0.6
      vertex 6.25 -14.4688 1.2
    endloop
  endfacet
  facet normal -1 6.12323e-17 0
    outer loop
      vertex 6.25 -14.4688 1.2
      vertex 6.25 -13.2766 0.6
      vertex 6.25 -14.4688 0.6
    endloop
  endfacet
  facet normal -0.236554 -0.971618 0
    outer loop
      vertex 6.25 -13.2766 0.6
      vertex 6.25 -13.2766 1.2
      vertex 2.425 -12.3453 1.2
    endloop
  endfacet
  facet normal -0.236554 -0.971618 0
    outer loop
      vertex 2.425 -12.3453 0.6
      vertex 6.25 -13.2766 0.6
      vertex 2.425 -12.3453 1.2
    endloop
  endfacet
  facet normal -1 6.12323e-17 0
    outer loop
      vertex 2.425 -8.79844 1.2
      vertex 2.425 -8.79844 0.6
      vertex 2.425 -12.3453 1.2
    endloop
  endfacet
  facet normal -1 6.12323e-17 0
    outer loop
      vertex 2.425 -12.3453 1.2
      vertex 2.425 -8.79844 0.6
      vertex 2.425 -12.3453 0.6
    endloop
  endfacet
  facet normal -0.250344 0.968157 0
    outer loop
      vertex 6.25 -7.80938 1.2
      vertex 6.25 -7.80938 0.6
      vertex 2.425 -8.79844 1.2
    endloop
  endfacet
  facet normal -0.250344 0.968157 0
    outer loop
      vertex 2.425 -8.79844 1.2
      vertex 6.25 -7.80938 0.6
      vertex 2.425 -8.79844 0.6
    endloop
  endfacet
  facet normal -1 6.12323e-17 0
    outer loop
      vertex 6.25 -6.53125 1.2
      vertex 6.25 -6.53125 0.6
      vertex 6.25 -7.80938 1.2
    endloop
  endfacet
  facet normal -1 6.12323e-17 0
    outer loop
      vertex 6.25 -7.80938 1.2
      vertex 6.25 -6.53125 0.6
      vertex 6.25 -7.80938 0.6
    endloop
  endfacet
  facet normal 0.265015 -0.964244 0
    outer loop
      vertex 6.25 2.0625 0.6
      vertex 6.25 2.0625 1.2
      vertex -6.37656 -1.40781 1.2
    endloop
  endfacet
  facet normal 0.265015 -0.964244 0
    outer loop
      vertex -6.37656 -1.40781 0.6
      vertex 6.25 2.0625 0.6
      vertex -6.37656 -1.40781 1.2
    endloop
  endfacet
  facet normal 1 -6.12323e-17 0
    outer loop
      vertex -6.37656 -1.40781 0.6
      vertex -6.37656 -1.40781 1.2
      vertex -6.37656 -2.61719 1.2
    endloop
  endfacet
  facet normal 1 -6.12323e-17 0
    outer loop
      vertex -6.37656 -2.61719 0.6
      vertex -6.37656 -1.40781 0.6
      vertex -6.37656 -2.61719 1.2
    endloop
  endfacet
  facet normal 0.249831 0.968289 0
    outer loop
      vertex 6.25 -5.875 1.2
      vertex 6.25 -5.875 0.6
      vertex -6.37656 -2.61719 1.2
    endloop
  endfacet
  facet normal 0.249831 0.968289 0
    outer loop
      vertex -6.37656 -2.61719 1.2
      vertex 6.25 -5.875 0.6
      vertex -6.37656 -2.61719 0.6
    endloop
  endfacet
  facet normal -1 6.12323e-17 0
    outer loop
      vertex 6.25 -4.68281 1.2
      vertex 6.25 -4.68281 0.6
      vertex 6.25 -5.875 1.2
    endloop
  endfacet
  facet normal -1 6.12323e-17 0
    outer loop
      vertex 6.25 -5.875 1.2
      vertex 6.25 -4.68281 0.6
      vertex 6.25 -5.875 0.6
    endloop
  endfacet
  facet normal -0.236554 -0.971618 0
    outer loop
      vertex 6.25 -4.68281 0.6
      vertex 6.25 -4.68281 1.2
      vertex 2.425 -3.75156 1.2
    endloop
  endfacet
  facet normal -0.236554 -0.971618 0
    outer loop
      vertex 2.425 -3.75156 0.6
      vertex 6.25 -4.68281 0.6
      vertex 2.425 -3.75156 1.2
    endloop
  endfacet
  facet normal -1 6.12323e-17 0
    outer loop
      vertex 2.425 -0.204688 1.2
      vertex 2.425 -0.204688 0.6
      vertex 2.425 -3.75156 1.2
    endloop
  endfacet
  facet normal -1 6.12323e-17 0
    outer loop
      vertex 2.425 -3.75156 1.2
      vertex 2.425 -0.204688 0.6
      vertex 2.425 -3.75156 0.6
    endloop
  endfacet
  facet normal -0.250344 0.968157 0
    outer loop
      vertex 6.25 0.784375 1.2
      vertex 6.25 0.784375 0.6
      vertex 2.425 -0.204688 1.2
    endloop
  endfacet
  facet normal -0.250344 0.968157 0
    outer loop
      vertex 2.425 -0.204688 1.2
      vertex 6.25 0.784375 0.6
      vertex 2.425 -0.204688 0.6
    endloop
  endfacet
  facet normal -1 6.12323e-17 0
    outer loop
      vertex 6.25 2.0625 1.2
      vertex 6.25 2.0625 0.6
      vertex 6.25 0.784375 1.2
    endloop
  endfacet
  facet normal -1 6.12323e-17 0
    outer loop
      vertex 6.25 0.784375 1.2
      vertex 6.25 2.0625 0.6
      vertex 6.25 0.784375 0.6
    endloop
  endfacet
  facet normal -6.12323e-17 -1 0
    outer loop
      vertex 4.75937 4.39062 0.6
      vertex 4.75937 4.39062 1.2
      vertex -6.37656 4.39062 1.2
    endloop
  endfacet
  facet normal -6.12323e-17 -1 0
    outer loop
      vertex -6.37656 4.39062 0.6
      vertex 4.75937 4.39062 0.6
      vertex -6.37656 4.39062 1.2
    endloop
  endfacet
  facet normal 1 -6.12323e-17 0
    outer loop
      vertex -6.37656 4.39062 0.6
      vertex -6.37656 4.39062 1.2
      vertex -6.37656 2.72031 1.2
    endloop
  endfacet
  facet normal 1 -6.12323e-17 0
    outer loop
      vertex -6.37656 2.72031 0.6
      vertex -6.37656 4.39062 0.6
      vertex -6.37656 2.72031 1.2
    endloop
  endfacet
  facet normal 6.12323e-17 1 0
    outer loop
      vertex 6.25 2.72031 1.2
      vertex 6.25 2.72031 0.6
      vertex -6.37656 2.72031 1.2
    endloop
  endfacet
  facet normal 6.12323e-17 1 0
    outer loop
      vertex -6.37656 2.72031 1.2
      vertex 6.25 2.72031 0.6
      vertex -6.37656 2.72031 0.6
    endloop
  endfacet
  facet normal -1 6.12323e-17 0
    outer loop
      vertex 6.25 10.6094 1.2
      vertex 6.25 10.6094 0.6
      vertex 6.25 2.72031 1.2
    endloop
  endfacet
  facet normal -1 6.12323e-17 0
    outer loop
      vertex 6.25 2.72031 1.2
      vertex 6.25 10.6094 0.6
      vertex 6.25 2.72031 0.6
    endloop
  endfacet
  facet normal -6.12323e-17 -1 0
    outer loop
      vertex 6.25 10.6094 0.6
      vertex 6.25 10.6094 1.2
      vertex 4.75937 10.6094 1.2
    endloop
  endfacet
  facet normal -6.12323e-17 -1 0
    outer loop
      vertex 4.75937 10.6094 0.6
      vertex 6.25 10.6094 0.6
      vertex 4.75937 10.6094 1.2
    endloop
  endfacet
  facet normal 1 -6.12323e-17 0
    outer loop
      vertex 4.75937 10.6094 0.6
      vertex 4.75937 10.6094 1.2
      vertex 4.75937 4.39062 1.2
    endloop
  endfacet
  facet normal 1 -6.12323e-17 0
    outer loop
      vertex 4.75937 4.39062 0.6
      vertex 4.75937 10.6094 0.6
      vertex 4.75937 4.39062 1.2
    endloop
  endfacet
  facet normal 0.215051 -0.976603 0
    outer loop
      vertex 2.56406 14.9391 0.6
      vertex 2.56406 14.9391 1.2
      vertex -6.37656 12.9703 1.2
    endloop
  endfacet
  facet normal 0.215051 -0.976603 0
    outer loop
      vertex -6.37656 12.9703 0.6
      vertex 2.56406 14.9391 0.6
      vertex -6.37656 12.9703 1.2
    endloop
  endfacet
  facet normal 1 -6.12323e-17 0
    outer loop
      vertex -6.37656 12.9703 0.6
      vertex -6.37656 12.9703 1.2
      vertex -6.37656 11.3125 1.2
    endloop
  endfacet
  facet normal 1 -6.12323e-17 0
    outer loop
      vertex -6.37656 11.3125 0.6
      vertex -6.37656 12.9703 0.6
      vertex -6.37656 11.3125 1.2
    endloop
  endfacet
  facet normal 6.12323e-17 1 0
    outer loop
      vertex 6.25 11.3125 1.2
      vertex 6.25 11.3125 0.6
      vertex -6.37656 11.3125 1.2
    endloop
  endfacet
  facet normal 6.12323e-17 1 0
    outer loop
      vertex -6.37656 11.3125 1.2
      vertex 6.25 11.3125 0.6
      vertex -6.37656 11.3125 0.6
    endloop
  endfacet
  facet normal -1 6.12323e-17 0
    outer loop
      vertex 6.25 12.3734 1.2
      vertex 6.25 12.3734 0.6
      vertex 6.25 11.3125 1.2
    endloop
  endfacet
  facet normal -1 6.12323e-17 0
    outer loop
      vertex 6.25 11.3125 1.2
      vertex 6.25 12.3734 0.6
      vertex 6.25 11.3125 0.6
    endloop
  endfacet
  facet normal -6.12323e-17 -1 0
    outer loop
      vertex 6.25 12.3734 0.6
      vertex 6.25 12.3734 1.2
      vertex -4.49844 12.3734 1.2
    endloop
  endfacet
  facet normal -6.12323e-17 -1 0
    outer loop
      vertex -4.49844 12.3734 0.6
      vertex 6.25 12.3734 0.6
      vertex -4.49844 12.3734 1.2
    endloop
  endfacet
  facet normal -0.218462 0.975845 0
    outer loop
      vertex 6.25 14.7797 1.2
      vertex 6.25 14.7797 0.6
      vertex -4.49844 12.3734 1.2
    endloop
  endfacet
  facet normal -0.218462 0.975845 0
    outer loop
      vertex -4.49844 12.3734 1.2
      vertex 6.25 14.7797 0.6
      vertex -4.49844 12.3734 0.6
    endloop
  endfacet
  facet normal -1 6.12323e-17 0
    outer loop
      vertex 6.25 15.7719 1.2
      vertex 6.25 15.7719 0.6
      vertex 6.25 14.7797 1.2
    endloop
  endfacet
  facet normal -1 6.12323e-17 0
    outer loop
      vertex 6.25 14.7797 1.2
      vertex 6.25 15.7719 0.6
      vertex 6.25 14.7797 0.6
    endloop
  endfacet
  facet normal -0.222954 -0.974829 0
    outer loop
      vertex 6.25 15.7719 0.6
      vertex 6.25 15.7719 1.2
      vertex -4.31875 18.1891 1.2
    endloop
  endfacet
  facet normal -0.222954 -0.974829 0
    outer loop
      vertex -4.31875 18.1891 0.6
      vertex 6.25 15.7719 0.6
      vertex -4.31875 18.1891 1.2
    endloop
  endfacet
  facet normal 6.12323e-17 1 0
    outer loop
      vertex 6.25 18.1891 1.2
      vertex 6.25 18.1891 0.6
      vertex -4.31875 18.1891 1.2
    endloop
  endfacet
  facet normal 6.12323e-17 1 0
    outer loop
      vertex -4.31875 18.1891 1.2
      vertex 6.25 18.1891 0.6
      vertex -4.31875 18.1891 0.6
    endloop
  endfacet
  facet normal -1 6.12323e-17 0
    outer loop
      vertex 6.25 19.25 1.2
      vertex 6.25 19.25 0.6
      vertex 6.25 18.1891 1.2
    endloop
  endfacet
  facet normal -1 6.12323e-17 0
    outer loop
      vertex 6.25 18.1891 1.2
      vertex 6.25 19.25 0.6
      vertex 6.25 18.1891 0.6
    endloop
  endfacet
  facet normal -6.12323e-17 -1 0
    outer loop
      vertex 6.25 19.25 0.6
      vertex 6.25 19.25 1.2
      vertex -6.37656 19.25 1.2
    endloop
  endfacet
  facet normal -6.12323e-17 -1 0
    outer loop
      vertex -6.37656 19.25 0.6
      vertex 6.25 19.25 0.6
      vertex -6.37656 19.25 1.2
    endloop
  endfacet
  facet normal 1 -6.12323e-17 0
    outer loop
      vertex -6.37656 19.25 0.6
      vertex -6.37656 19.25 1.2
      vertex -6.37656 17.7703 1.2
    endloop
  endfacet
  facet normal 1 -6.12323e-17 0
    outer loop
      vertex -6.37656 17.7703 0.6
      vertex -6.37656 19.25 0.6
      vertex -6.37656 17.7703 1.2
    endloop
  endfacet
  facet normal 0.221171 0.975235 0
    outer loop
      vertex 2.40781 15.7781 1.2
      vertex 2.40781 15.7781 0.6
      vertex -6.37656 17.7703 1.2
    endloop
  endfacet
  facet normal 0.221171 0.975235 0
    outer loop
      vertex -6.37656 17.7703 1.2
      vertex 2.40781 15.7781 0.6
      vertex -6.37656 17.7703 0.6
    endloop
  endfacet
  facet normal 0.213337 0.976979 0
    outer loop
      vertex 4.43281 15.3359 1.2
      vertex 4.43281 15.3359 0.6
      vertex 2.40781 15.7781 1.2
    endloop
  endfacet
  facet normal 0.213337 0.976979 0
    outer loop
      vertex 2.40781 15.7781 1.2
      vertex 4.43281 15.3359 0.6
      vertex 2.40781 15.7781 0.6
    endloop
  endfacet
  facet normal 0.207741 -0.978184 0
    outer loop
      vertex 4.43281 15.3359 0.6
      vertex 4.43281 15.3359 1.2
      vertex 2.56406 14.9391 1.2
    endloop
  endfacet
  facet normal 0.207741 -0.978184 0
    outer loop
      vertex 2.56406 14.9391 0.6
      vertex 4.43281 15.3359 0.6
      vertex 2.56406 14.9391 1.2
    endloop
  endfacet
  facet normal 0.470862 -0.882207 0
    outer loop
      vertex 3.53594 35.1594 0.6
      vertex 3.53594 35.1594 1.2
      vertex -5.08396 30.5587 1.2
    endloop
  endfacet
  facet normal 0.470862 -0.882207 0
    outer loop
      vertex -6.37656 29.8687 1.2
      vertex 3.53594 35.1594 0.6
      vertex -5.08396 30.5587 1.2
    endloop
  endfacet
  facet normal 0.470862 -0.882207 0
    outer loop
      vertex -6.37656 29.8687 1.2
      vertex -6.37656 29.8687 0.6
      vertex 3.53594 35.1594 0.6
    endloop
  endfacet
  facet normal 1 -6.12323e-17 0
    outer loop
      vertex -6.37656 29.8687 0.6
      vertex -6.37656 29.8687 1.2
      vertex -6.37656 28.5016 1.2
    endloop
  endfacet
  facet normal 1 -6.12323e-17 0
    outer loop
      vertex -6.37656 28.5016 0.6
      vertex -6.37656 29.8687 0.6
      vertex -6.37656 28.5016 1.2
    endloop
  endfacet
  facet normal 6.12323e-17 1 0
    outer loop
      vertex 6.25 28.5016 1.2
      vertex 6.25 28.5016 0.6
      vertex -6.37656 28.5016 1.2
    endloop
  endfacet
  facet normal 6.12323e-17 1 0
    outer loop
      vertex -6.37656 28.5016 1.2
      vertex 6.25 28.5016 0.6
      vertex -6.37656 28.5016 0.6
    endloop
  endfacet
  facet normal -1 6.12323e-17 0
    outer loop
      vertex 6.25 29.7797 1.2
      vertex 6.25 29.7797 0.6
      vertex 6.25 28.5016 1.2
    endloop
  endfacet
  facet normal -1 6.12323e-17 0
    outer loop
      vertex 6.25 28.5016 1.2
      vertex 6.25 29.7797 0.6
      vertex 6.25 28.5016 0.6
    endloop
  endfacet
  facet normal -6.12323e-17 -1 0
    outer loop
      vertex 6.25 29.7797 0.6
      vertex 6.25 29.7797 1.2
      vertex -3.67187 29.7797 1.2
    endloop
  endfacet
  facet normal -6.12323e-17 -1 0
    outer loop
      vertex -3.67187 29.7797 0.6
      vertex 6.25 29.7797 0.6
      vertex -3.67187 29.7797 1.2
    endloop
  endfacet
  facet normal -0.470516 0.882391 0
    outer loop
      vertex 6.25 35.0703 0.6
      vertex -2.902 30.1902 1.2
      vertex 6.25 35.0703 1.2
    endloop
  endfacet
  facet normal -0.470516 0.882391 0
    outer loop
      vertex -3.67187 29.7797 1.2
      vertex -2.902 30.1902 1.2
      vertex 6.25 35.0703 0.6
    endloop
  endfacet
  facet normal -0.470516 0.882391 0
    outer loop
      vertex -3.67187 29.7797 1.2
      vertex 6.25 35.0703 0.6
      vertex -3.67187 29.7797 0.6
    endloop
  endfacet
  facet normal -1 6.12323e-17 0
    outer loop
      vertex 6.25 27.8437 1.2
      vertex 6.25 27.8437 0.6
      vertex 6.25 26.5656 1.2
    endloop
  endfacet
  facet normal -1 6.12323e-17 0
    outer loop
      vertex 6.25 26.5656 1.2
      vertex 6.25 27.8437 0.6
      vertex 6.25 26.5656 0.6
    endloop
  endfacet
  facet normal -1 6.12323e-17 0
    outer loop
      vertex 6.25 36.4391 1.2
      vertex 6.25 36.4391 0.6
      vertex 6.25 35.0703 1.2
    endloop
  endfacet
  facet normal -1 6.12323e-17 0
    outer loop
      vertex 6.25 35.0703 1.2
      vertex 6.25 36.4391 0.6
      vertex 6.25 35.0703 0.6
    endloop
  endfacet
  facet normal -6.12323e-17 -1 0
    outer loop
      vertex 6.25 36.4391 0.6
      vertex 6.25 36.4391 1.2
      vertex -6.37656 36.4391 1.2
    endloop
  endfacet
  facet normal -6.12323e-17 -1 0
    outer loop
      vertex -6.37656 36.4391 0.6
      vertex 6.25 36.4391 0.6
      vertex -6.37656 36.4391 1.2
    endloop
  endfacet
  facet normal 1 -6.12323e-17 0
    outer loop
      vertex -6.37656 36.4391 0.6
      vertex -6.37656 36.4391 1.2
      vertex -6.37656 35.1594 1.2
    endloop
  endfacet
  facet normal 1 -6.12323e-17 0
    outer loop
      vertex -6.37656 35.1594 0.6
      vertex -6.37656 36.4391 0.6
      vertex -6.37656 35.1594 1.2
    endloop
  endfacet
  facet normal 6.12323e-17 1 0
    outer loop
      vertex 3.53594 35.1594 1.2
      vertex 3.53594 35.1594 0.6
      vertex -6.37656 35.1594 1.2
    endloop
  endfacet
  facet normal 6.12323e-17 1 0
    outer loop
      vertex -6.37656 35.1594 1.2
      vertex 3.53594 35.1594 0.6
      vertex -6.37656 35.1594 0.6
    endloop
  endfacet
  facet normal 0.516774 -0.856122 0
    outer loop
      vertex -3.65156 61.7344 0.6
      vertex -3.65156 61.7344 1.2
      vertex -5.98125 60.3281 1.2
    endloop
  endfacet
  facet normal 0.516774 -0.856122 0
    outer loop
      vertex -5.98125 60.3281 0.6
      vertex -3.65156 61.7344 0.6
      vertex -5.98125 60.3281 1.2
    endloop
  endfacet
  facet normal 0.927606 -0.373561 0
    outer loop
      vertex -5.98125 60.3281 0.6
      vertex -5.98125 60.3281 1.2
      vertex -6.81562 58.2562 1.2
    endloop
  endfacet
  facet normal 0.927606 -0.373561 0
    outer loop
      vertex -6.81562 58.2562 0.6
      vertex -5.98125 60.3281 0.6
      vertex -6.81562 58.2562 1.2
    endloop
  endfacet
  facet normal 0.849712 0.527248 0
    outer loop
      vertex -6.81562 58.2562 1.2
      vertex -5.0375 55.3906 1.2
      vertex -5.0375 55.3906 0.6
    endloop
  endfacet
  facet normal 0.849712 0.527248 0
    outer loop
      vertex -6.81562 58.2562 0.6
      vertex -6.81562 58.2562 1.2
      vertex -5.0375 55.3906 0.6
    endloop
  endfacet
  facet normal 0.219881 0.975527 0
    outer loop
      vertex -0.115625 54.2812 1.2
      vertex -0.115625 54.2812 0.6
      vertex -5.0375 55.3906 1.2
    endloop
  endfacet
  facet normal 0.219881 0.975527 0
    outer loop
      vertex -5.0375 55.3906 1.2
      vertex -0.115625 54.2812 0.6
      vertex -5.0375 55.3906 0.6
    endloop
  endfacet
  facet normal -0.149443 0.98877 0
    outer loop
      vertex 3.0375 54.7578 1.2
      vertex 3.0375 54.7578 0.6
      vertex -0.115625 54.2812 1.2
    endloop
  endfacet
  facet normal -0.149443 0.98877 0
    outer loop
      vertex -0.115625 54.2812 1.2
      vertex 3.0375 54.7578 0.6
      vertex -0.115625 54.2812 0.6
    endloop
  endfacet
  facet normal -0.511132 0.859502 0
    outer loop
      vertex 5.38906 56.1562 1.2
      vertex 5.38906 56.1562 0.6
      vertex 3.0375 54.7578 1.2
    endloop
  endfacet
  facet normal -0.511132 0.859502 0
    outer loop
      vertex 3.0375 54.7578 1.2
      vertex 5.38906 56.1562 0.6
      vertex 3.0375 54.7578 0.6
    endloop
  endfacet
  facet normal -0.924864 0.380298 0
    outer loop
      vertex 6.25 58.25 1.2
      vertex 6.25 58.25 0.6
      vertex 5.38906 56.1562 1.2
    endloop
  endfacet
  facet normal -0.924864 0.380298 0
    outer loop
      vertex 5.38906 56.1562 1.2
      vertex 6.25 58.25 0.6
      vertex 5.38906 56.1562 0.6
    endloop
  endfacet
  facet normal -0.932654 -0.360771 0
    outer loop
      vertex 6.25 58.25 1.2
      vertex 5.47031 60.2656 1.2
      vertex 6.25 58.25 0.6
    endloop
  endfacet
  facet normal -0.932654 -0.360771 0
    outer loop
      vertex 6.25 58.25 0.6
      vertex 5.47031 60.2656 1.2
      vertex 5.47031 60.2656 0.6
    endloop
  endfacet
  facet normal -0.532431 -0.846473 0
    outer loop
      vertex 5.47031 60.2656 0.6
      vertex 5.47031 60.2656 1.2
      vertex 3.175 61.7094 1.2
    endloop
  endfacet
  facet normal -0.532431 -0.846473 0
    outer loop
      vertex 3.175 61.7094 0.6
      vertex 5.47031 60.2656 0.6
      vertex 3.175 61.7094 1.2
    endloop
  endfacet
  facet normal -0.146646 -0.989189 0
    outer loop
      vertex 3.175 61.7094 0.6
      vertex 3.175 61.7094 1.2
      vertex -0.260937 62.2188 1.2
    endloop
  endfacet
  facet normal -0.146646 -0.989189 0
    outer loop
      vertex -0.260937 62.2188 0.6
      vertex 3.175 61.7094 0.6
      vertex -0.260937 62.2188 1.2
    endloop
  endfacet
  facet normal 0.141421 -0.989949 0
    outer loop
      vertex -0.260937 62.2188 0.6
      vertex -0.260937 62.2188 1.2
      vertex -3.65156 61.7344 1.2
    endloop
  endfacet
  facet normal 0.141421 -0.989949 0
    outer loop
      vertex -3.65156 61.7344 0.6
      vertex -0.260937 62.2188 0.6
      vertex -3.65156 61.7344 1.2
    endloop
  endfacet
  facet normal -6.12323e-17 -1 0
    outer loop
      vertex -0.115625 46.9578 0.6
      vertex -0.115625 46.9578 1.2
      vertex -6.37656 46.9578 1.2
    endloop
  endfacet
  facet normal -6.12323e-17 -1 0
    outer loop
      vertex -6.37656 46.9578 0.6
      vertex -0.115625 46.9578 0.6
      vertex -6.37656 46.9578 1.2
    endloop
  endfacet
  facet normal 1 -6.12323e-17 0
    outer loop
      vertex -6.37656 46.9578 0.6
      vertex -6.37656 46.9578 1.2
      vertex -6.37656 45.6875 1.2
    endloop
  endfacet
  facet normal 1 -6.12323e-17 0
    outer loop
      vertex -6.37656 45.6875 0.6
      vertex -6.37656 46.9578 0.6
      vertex -6.37656 45.6875 1.2
    endloop
  endfacet
  facet normal 6.12323e-17 1 0
    outer loop
      vertex 6.25 45.6875 1.2
      vertex 6.25 45.6875 0.6
      vertex -6.37656 45.6875 1.2
    endloop
  endfacet
  facet normal 6.12323e-17 1 0
    outer loop
      vertex -6.37656 45.6875 1.2
      vertex 6.25 45.6875 0.6
      vertex -6.37656 45.6875 0.6
    endloop
  endfacet
  facet normal -1 6.12323e-17 0
    outer loop
      vertex 6.25 46.9578 1.2
      vertex 6.25 46.9578 0.6
      vertex 6.25 45.6875 1.2
    endloop
  endfacet
  facet normal -1 6.12323e-17 0
    outer loop
      vertex 6.25 45.6875 1.2
      vertex 6.25 46.9578 0.6
      vertex 6.25 45.6875 0.6
    endloop
  endfacet
  facet normal -6.12323e-17 -1 0
    outer loop
      vertex 6.25 46.9578 0.6
      vertex 6.25 46.9578 1.2
      vertex 1.875 46.9578 1.2
    endloop
  endfacet
  facet normal -6.12323e-17 -1 0
    outer loop
      vertex 1.875 46.9578 0.6
      vertex 6.25 46.9578 0.6
      vertex 1.875 46.9578 1.2
    endloop
  endfacet
  facet normal -0.614956 -0.788562 0
    outer loop
      vertex 1.875 46.9578 0.6
      vertex 1.875 46.9578 1.2
      vertex -0.140625 48.5297 1.2
    endloop
  endfacet
  facet normal -0.614956 -0.788562 0
    outer loop
      vertex -0.140625 48.5297 0.6
      vertex 1.875 46.9578 0.6
      vertex -0.140625 48.5297 1.2
    endloop
  endfacet
  facet normal -0.471707 0.881755 0
    outer loop
      vertex 6.25 51.9484 1.2
      vertex 6.25 51.9484 0.6
      vertex -0.140625 48.5297 1.2
    endloop
  endfacet
  facet normal -0.471707 0.881755 0
    outer loop
      vertex -0.140625 48.5297 1.2
      vertex 6.25 51.9484 0.6
      vertex -0.140625 48.5297 0.6
    endloop
  endfacet
  facet normal -1 6.12323e-17 0
    outer loop
      vertex 6.25 53.625 1.2
      vertex 6.25 53.625 0.6
      vertex 6.25 51.9484 1.2
    endloop
  endfacet
  facet normal -1 6.12323e-17 0
    outer loop
      vertex 6.25 51.9484 1.2
      vertex 6.25 53.625 0.6
      vertex 6.25 51.9484 0.6
    endloop
  endfacet
  facet normal 0.488476 -0.872577 0
    outer loop
      vertex 6.25 53.625 0.6
      vertex 6.25 53.625 1.2
      vertex -1.26094 49.4203 1.2
    endloop
  endfacet
  facet normal 0.488476 -0.872577 0
    outer loop
      vertex -1.26094 49.4203 0.6
      vertex 6.25 53.625 0.6
      vertex -1.26094 49.4203 1.2
    endloop
  endfacet
  facet normal -0.618648 -0.785668 0
    outer loop
      vertex -1.26094 49.4203 0.6
      vertex -1.26094 49.4203 1.2
      vertex -6.37656 53.4484 1.2
    endloop
  endfacet
  facet normal -0.618648 -0.785668 0
    outer loop
      vertex -6.37656 53.4484 0.6
      vertex -1.26094 49.4203 0.6
      vertex -6.37656 53.4484 1.2
    endloop
  endfacet
  facet normal 1 -6.12323e-17 0
    outer loop
      vertex -6.37656 53.4484 0.6
      vertex -6.37656 53.4484 1.2
      vertex -6.37656 51.7266 1.2
    endloop
  endfacet
  facet normal 1 -6.12323e-17 0
    outer loop
      vertex -6.37656 51.7266 0.6
      vertex -6.37656 53.4484 0.6
      vertex -6.37656 51.7266 1.2
    endloop
  endfacet
  facet normal 0.605924 0.795523 0
    outer loop
      vertex -0.115625 46.9578 1.2
      vertex -0.115625 46.9578 0.6
      vertex -6.37656 51.7266 1.2
    endloop
  endfacet
  facet normal 0.605924 0.795523 0
    outer loop
      vertex -6.37656 51.7266 1.2
      vertex -0.115625 46.9578 0.6
      vertex -6.37656 51.7266 0.6
    endloop
  endfacet
  facet normal -6.12323e-17 -1 0
    outer loop
      vertex -1.19219 64.2141 0.6
      vertex -1.19219 64.2141 1.2
      vertex -6.37656 64.2141 1.2
    endloop
  endfacet
  facet normal -6.12323e-17 -1 0
    outer loop
      vertex -6.37656 64.2141 0.6
      vertex -1.19219 64.2141 0.6
      vertex -6.37656 64.2141 1.2
    endloop
  endfacet
  facet normal 1 -6.12323e-17 0
    outer loop
      vertex -6.37656 64.2141 0.6
      vertex -6.37656 64.2141 1.2
      vertex -6.37656 62.875 1.2
    endloop
  endfacet
  facet normal 1 -6.12323e-17 0
    outer loop
      vertex -6.37656 62.875 0.6
      vertex -6.37656 64.2141 0.6
      vertex -6.37656 62.875 1.2
    endloop
  endfacet
  facet normal 6.12323e-17 1 0
    outer loop
      vertex 6.25 62.875 1.2
      vertex 6.25 62.875 0.6
      vertex -6.37656 62.875 1.2
    endloop
  endfacet
  facet normal 6.12323e-17 1 0
    outer loop
      vertex -6.37656 62.875 1.2
      vertex 6.25 62.875 0.6
      vertex -6.37656 62.875 0.6
    endloop
  endfacet
  facet normal -1 6.12323e-17 0
    outer loop
      vertex 6.25 64.2141 1.2
      vertex 6.25 64.2141 0.6
      vertex 6.25 62.875 1.2
    endloop
  endfacet
  facet normal -1 6.12323e-17 0
    outer loop
      vertex 6.25 62.875 1.2
      vertex 6.25 64.2141 0.6
      vertex 6.25 62.875 0.6
    endloop
  endfacet
  facet normal -6.12323e-17 -1 0
    outer loop
      vertex 6.25 64.2141 0.6
      vertex 6.25 64.2141 1.2
      vertex 0.298438 64.2141 1.2
    endloop
  endfacet
  facet normal -6.12323e-17 -1 0
    outer loop
      vertex 0.298438 64.2141 0.6
      vertex 6.25 64.2141 0.6
      vertex 0.298438 64.2141 1.2
    endloop
  endfacet
  facet normal -1 6.12323e-17 0
    outer loop
      vertex 0.298438 69.4734 1.2
      vertex 0.298438 69.4734 0.6
      vertex 0.298438 64.2141 1.2
    endloop
  endfacet
  facet normal -1 6.12323e-17 0
    outer loop
      vertex 0.298438 64.2141 1.2
      vertex 0.298438 69.4734 0.6
      vertex 0.298438 64.2141 0.6
    endloop
  endfacet
  facet normal 6.12323e-17 1 0
    outer loop
      vertex 6.25 69.4734 1.2
      vertex 6.25 69.4734 0.6
      vertex 0.298438 69.4734 1.2
    endloop
  endfacet
  facet normal 6.12323e-17 1 0
    outer loop
      vertex 0.298438 69.4734 1.2
      vertex 6.25 69.4734 0.6
      vertex 0.298438 69.4734 0.6
    endloop
  endfacet
  facet normal -1 6.12323e-17 0
    outer loop
      vertex 6.25 70.8125 1.2
      vertex 6.25 70.8125 0.6
      vertex 6.25 69.4734 1.2
    endloop
  endfacet
  facet normal -1 6.12323e-17 0
    outer loop
      vertex 6.25 69.4734 1.2
      vertex 6.25 70.8125 0.6
      vertex 6.25 69.4734 0.6
    endloop
  endfacet
  facet normal -6.12323e-17 -1 0
    outer loop
      vertex 6.25 70.8125 0.6
      vertex 6.25 70.8125 1.2
      vertex -6.37656 70.8125 1.2
    endloop
  endfacet
  facet normal -6.12323e-17 -1 0
    outer loop
      vertex -6.37656 70.8125 0.6
      vertex 6.25 70.8125 0.6
      vertex -6.37656 70.8125 1.2
    endloop
  endfacet
  facet normal 1 -6.12323e-17 0
    outer loop
      vertex -6.37656 70.8125 0.6
      vertex -6.37656 70.8125 1.2
      vertex -6.37656 69.4734 1.2
    endloop
  endfacet
  facet normal 1 -6.12323e-17 0
    outer loop
      vertex -6.37656 69.4734 0.6
      vertex -6.37656 70.8125 0.6
      vertex -6.37656 69.4734 1.2
    endloop
  endfacet
  facet normal 6.12323e-17 1 0
    outer loop
      vertex -1.19219 69.4734 1.2
      vertex -1.19219 69.4734 0.6
      vertex -6.37656 69.4734 1.2
    endloop
  endfacet
  facet normal 6.12323e-17 1 0
    outer loop
      vertex -6.37656 69.4734 1.2
      vertex -1.19219 69.4734 0.6
      vertex -6.37656 69.4734 0.6
    endloop
  endfacet
  facet normal 1 -6.12323e-17 0
    outer loop
      vertex -1.19219 69.4734 0.6
      vertex -1.19219 69.4734 1.2
      vertex -1.19219 64.2141 1.2
    endloop
  endfacet
  facet normal 1 -6.12323e-17 0
    outer loop
      vertex -1.19219 64.2141 0.6
      vertex -1.19219 69.4734 0.6
      vertex -1.19219 64.2141 1.2
    endloop
  endfacet
  facet normal 0.470862 -0.882207 0
    outer loop
      vertex 3.53594 78.1281 0.6
      vertex 3.53594 78.1281 1.2
      vertex -6.37656 72.8375 1.2
    endloop
  endfacet
  facet normal 0.470862 -0.882207 0
    outer loop
      vertex -6.37656 72.8375 0.6
      vertex 3.53594 78.1281 0.6
      vertex -6.37656 72.8375 1.2
    endloop
  endfacet
  facet normal 1 -6.12323e-17 0
    outer loop
      vertex -6.37656 72.8375 0.6
      vertex -6.37656 72.8375 1.2
      vertex -6.37656 71.4703 1.2
    endloop
  endfacet
  facet normal 1 -6.12323e-17 0
    outer loop
      vertex -6.37656 71.4703 0.6
      vertex -6.37656 72.8375 0.6
      vertex -6.37656 71.4703 1.2
    endloop
  endfacet
  facet normal 6.12323e-17 1 0
    outer loop
      vertex 6.25 71.4703 1.2
      vertex 6.25 71.4703 0.6
      vertex -6.37656 71.4703 1.2
    endloop
  endfacet
  facet normal 6.12323e-17 1 0
    outer loop
      vertex -6.37656 71.4703 1.2
      vertex 6.25 71.4703 0.6
      vertex -6.37656 71.4703 0.6
    endloop
  endfacet
  facet normal -1 6.12323e-17 0
    outer loop
      vertex 6.25 72.7484 1.2
      vertex 6.25 72.7484 0.6
      vertex 6.25 71.4703 1.2
    endloop
  endfacet
  facet normal -1 6.12323e-17 0
    outer loop
      vertex 6.25 71.4703 1.2
      vertex 6.25 72.7484 0.6
      vertex 6.25 71.4703 0.6
    endloop
  endfacet
  facet normal -6.12323e-17 -1 0
    outer loop
      vertex 6.25 72.7484 0.6
      vertex 6.25 72.7484 1.2
      vertex -3.67187 72.7484 1.2
    endloop
  endfacet
  facet normal -6.12323e-17 -1 0
    outer loop
      vertex -3.67187 72.7484 0.6
      vertex 6.25 72.7484 0.6
      vertex -3.67187 72.7484 1.2
    endloop
  endfacet
  facet normal -0.470516 0.882391 0
    outer loop
      vertex 6.25 78.0391 1.2
      vertex 6.25 78.0391 0.6
      vertex -3.67187 72.7484 1.2
    endloop
  endfacet
  facet normal -0.470516 0.882391 0
    outer loop
      vertex -3.67187 72.7484 1.2
      vertex 6.25 78.0391 0.6
      vertex -3.67187 72.7484 0.6
    endloop
  endfacet
  facet normal -1 6.12323e-17 0
    outer loop
      vertex 6.25 79.4078 1.2
      vertex 6.25 79.4078 0.6
      vertex 6.25 78.0391 1.2
    endloop
  endfacet
  facet normal -1 6.12323e-17 0
    outer loop
      vertex 6.25 78.0391 1.2
      vertex 6.25 79.4078 0.6
      vertex 6.25 78.0391 0.6
    endloop
  endfacet
  facet normal -6.12323e-17 -1 0
    outer loop
      vertex 6.25 79.4078 0.6
      vertex 6.25 79.4078 1.2
      vertex -6.37656 79.4078 1.2
    endloop
  endfacet
  facet normal -6.12323e-17 -1 0
    outer loop
      vertex -6.37656 79.4078 0.6
      vertex 6.25 79.4078 0.6
      vertex -6.37656 79.4078 1.2
    endloop
  endfacet
  facet normal 1 -6.12323e-17 0
    outer loop
      vertex -6.37656 79.4078 0.6
      vertex -6.37656 79.4078 1.2
      vertex -6.37656 78.1281 1.2
    endloop
  endfacet
  facet normal 1 -6.12323e-17 0
    outer loop
      vertex -6.37656 78.1281 0.6
      vertex -6.37656 79.4078 0.6
      vertex -6.37656 78.1281 1.2
    endloop
  endfacet
  facet normal 6.12323e-17 1 0
    outer loop
      vertex 3.53594 78.1281 1.2
      vertex 3.53594 78.1281 0.6
      vertex -6.37656 78.1281 1.2
    endloop
  endfacet
  facet normal 6.12323e-17 1 0
    outer loop
      vertex -6.37656 78.1281 1.2
      vertex 3.53594 78.1281 0.6
      vertex -6.37656 78.1281 0.6
    endloop
  endfacet
  facet normal -0.314411 -0.949287 0
    outer loop
      vertex 6.24531 40.0516 0.6
      vertex 6.24531 40.0516 1.2
      vertex -4.77969 43.7031 1.2
    endloop
  endfacet
  facet normal -0.314411 -0.949287 0
    outer loop
      vertex -4.77969 43.7031 0.6
      vertex 6.24531 40.0516 0.6
      vertex -4.77969 43.7031 1.2
    endloop
  endfacet
  facet normal 1 -6.12323e-17 0
    outer loop
      vertex -4.77969 43.7031 0.6
      vertex -4.77969 43.7031 1.2
      vertex -4.77969 42.4625 1.2
    endloop
  endfacet
  facet normal 1 -6.12323e-17 0
    outer loop
      vertex -4.77969 42.4625 0.6
      vertex -4.77969 43.7031 0.6
      vertex -4.77969 42.4625 1.2
    endloop
  endfacet
  facet normal 0.315017 0.949086 0
    outer loop
      vertex 6.24531 38.8031 1.2
      vertex 6.24531 38.8031 0.6
      vertex -4.77969 42.4625 1.2
    endloop
  endfacet
  facet normal 0.315017 0.949086 0
    outer loop
      vertex -4.77969 42.4625 1.2
      vertex 6.24531 38.8031 0.6
      vertex -4.77969 42.4625 0.6
    endloop
  endfacet
  facet normal -1 6.12323e-17 0
    outer loop
      vertex 6.24531 40.0516 1.2
      vertex 6.24531 40.0516 0.6
      vertex 6.24531 38.8031 1.2
    endloop
  endfacet
  facet normal -1 6.12323e-17 0
    outer loop
      vertex 6.24531 38.8031 1.2
      vertex 6.24531 40.0516 0.6
      vertex 6.24531 38.8031 0.6
    endloop
  endfacet
  facet normal 0 0 1
    outer loop
      vertex 6.25 19.9062 0.6
      vertex 6.25 21.0984 0.6
      vertex 2.425 22.0297 0.6
    endloop
  endfacet
  facet normal 0 0 1
    outer loop
      vertex 1.06406 22.3531 0.6
      vertex 6.25 19.9062 0.6
      vertex 2.425 22.0297 0.6
    endloop
  endfacet
  facet normal 0 0 1
    outer loop
      vertex 6.25 26.5656 0.6
      vertex 6.25 27.8437 0.6
      vertex 2.425 25.5766 0.6
    endloop
  endfacet
  facet normal 0 0 1
    outer loop
      vertex 6.25 27.8437 0.6
      vertex -6.37656 24.3734 0.6
      vertex 2.425 25.5766 0.6
    endloop
  endfacet
  facet normal 0 0 1
    outer loop
      vertex -5.05 23.7422 0.6
      vertex -6.37656 23.1641 0.6
      vertex 6.25 19.9062 0.6
    endloop
  endfacet
  facet normal 0 0 1
    outer loop
      vertex -6.37656 24.3734 0.6
      vertex -6.37656 23.1641 0.6
      vertex -5.05 23.7422 0.6
    endloop
  endfacet
  facet normal 0 0 1
    outer loop
      vertex 2.425 25.5766 0.6
      vertex -6.37656 24.3734 0.6
      vertex -2.43281 24.3437 0.6
    endloop
  endfacet
  facet normal 0 0 1
    outer loop
      vertex 2.425 25.5766 0.6
      vertex 1.06406 25.2297 0.6
      vertex 2.425 22.0297 0.6
    endloop
  endfacet
  facet normal 0 0 1
    outer loop
      vertex 2.425 25.5766 0.6
      vertex -2.43281 24.3437 0.6
      vertex 1.06406 25.2297 0.6
    endloop
  endfacet
  facet normal 0 0 1
    outer loop
      vertex 1.06406 25.2297 0.6
      vertex 1.06406 22.3531 0.6
      vertex 2.425 22.0297 0.6
    endloop
  endfacet
  facet normal 0 0 1
    outer loop
      vertex -2.63906 23.2859 0.6
      vertex 6.25 19.9062 0.6
      vertex 1.06406 22.3531 0.6
    endloop
  endfacet
  facet normal 0 0 1
    outer loop
      vertex -2.63906 23.2859 0.6
      vertex -5.05 23.7422 0.6
      vertex 6.25 19.9062 0.6
    endloop
  endfacet
  facet normal 0 0 1
    outer loop
      vertex -5.05 23.7422 0.6
      vertex -2.43281 24.3437 0.6
      vertex -6.37656 24.3734 0.6
    endloop
  endfacet
  facet normal 0 0 1
    outer loop
      vertex 6.25 -18.6937 0.6
      vertex -4.88594 -19.9453 0.6
      vertex 6.25 -19.9453 0.6
    endloop
  endfacet
  facet normal 0 0 1
    outer loop
      vertex -4.88594 -18.6937 0.6
      vertex -4.88594 -19.9453 0.6
      vertex 6.25 -18.6937 0.6
    endloop
  endfacet
  facet normal 0 0 1
    outer loop
      vertex -4.88594 -23.0625 0.6
      vertex -4.88594 -19.9453 0.6
      vertex -6.37656 -15.5656 0.6
    endloop
  endfacet
  facet normal 0 0 1
    outer loop
      vertex -6.37656 -15.5656 0.6
      vertex -4.88594 -19.9453 0.6
      vertex -4.88594 -18.6937 0.6
    endloop
  endfacet
  facet normal 0 0 1
    outer loop
      vertex -6.37656 -15.5656 0.6
      vertex -4.88594 -18.6937 0.6
      vertex -4.88594 -15.5656 0.6
    endloop
  endfacet
  facet normal 0 0 1
    outer loop
      vertex -6.37656 -23.0625 0.6
      vertex -4.88594 -23.0625 0.6
      vertex -6.37656 -15.5656 0.6
    endloop
  endfacet
  facet normal 0 0 1
    outer loop
      vertex 6.25 -14.4688 0.6
      vertex 6.25 -13.2766 0.6
      vertex 2.425 -12.3453 0.6
    endloop
  endfacet
  facet normal 0 0 1
    outer loop
      vertex 1.06406 -12.0219 0.6
      vertex 6.25 -14.4688 0.6
      vertex 2.425 -12.3453 0.6
    endloop
  endfacet
  facet normal 0 0 1
    outer loop
      vertex 6.25 -7.80938 0.6
      vertex 6.25 -6.53125 0.6
      vertex 2.425 -8.79844 0.6
    endloop
  endfacet
  facet normal 0 0 1
    outer loop
      vertex 6.25 -6.53125 0.6
      vertex -6.37656 -10.0016 0.6
      vertex 2.425 -8.79844 0.6
    endloop
  endfacet
  facet normal 0 0 1
    outer loop
      vertex -5.05 -10.6328 0.6
      vertex -6.37656 -11.2109 0.6
      vertex 6.25 -14.4688 0.6
    endloop
  endfacet
  facet normal 0 0 1
    outer loop
      vertex -6.37656 -10.0016 0.6
      vertex -6.37656 -11.2109 0.6
      vertex -5.05 -10.6328 0.6
    endloop
  endfacet
  facet normal 0 0 1
    outer loop
      vertex 2.425 -8.79844 0.6
      vertex -6.37656 -10.0016 0.6
      vertex -2.43281 -10.0312 0.6
    endloop
  endfacet
  facet normal 0 0 1
    outer loop
      vertex 2.425 -8.79844 0.6
      vertex 1.06406 -9.14531 0.6
      vertex 2.425 -12.3453 0.6
    endloop
  endfacet
  facet normal 0 0 1
    outer loop
      vertex 2.425 -8.79844 0.6
      vertex -2.43281 -10.0312 0.6
      vertex 1.06406 -9.14531 0.6
    endloop
  endfacet
  facet normal 0 0 1
    outer loop
      vertex 1.06406 -9.14531 0.6
      vertex 1.06406 -12.0219 0.6
      vertex 2.425 -12.3453 0.6
    endloop
  endfacet
  facet normal 0 0 1
    outer loop
      vertex -2.63906 -11.0891 0.6
      vertex 6.25 -14.4688 0.6
      vertex 1.06406 -12.0219 0.6
    endloop
  endfacet
  facet normal 0 0 1
    outer loop
      vertex -2.63906 -11.0891 0.6
      vertex -5.05 -10.6328 0.6
      vertex 6.25 -14.4688 0.6
    endloop
  endfacet
  facet normal 0 0 1
    outer loop
      vertex -5.05 -10.6328 0.6
      vertex -2.43281 -10.0312 0.6
      vertex -6.37656 -10.0016 0.6
    endloop
  endfacet
  facet normal 0 0 1
    outer loop
      vertex 6.25 -5.875 0.6
      vertex 6.25 -4.68281 0.6
      vertex 2.425 -3.75156 0.6
    endloop
  endfacet
  facet normal 0 0 1
    outer loop
      vertex 1.06406 -3.42813 0.6
      vertex 6.25 -5.875 0.6
      vertex 2.425 -3.75156 0.6
    endloop
  endfacet
  facet normal 0 0 1
    outer loop
      vertex 6.25 0.784375 0.6
      vertex 6.25 2.0625 0.6
      vertex 2.425 -0.204688 0.6
    endloop
  endfacet
  facet normal 0 0 1
    outer loop
      vertex 6.25 2.0625 0.6
      vertex -6.37656 -1.40781 0.6
      vertex 2.425 -0.204688 0.6
    endloop
  endfacet
  facet normal 0 0 1
    outer loop
      vertex -5.05 -2.03906 0.6
      vertex -6.37656 -2.61719 0.6
      vertex 6.25 -5.875 0.6
    endloop
  endfacet
  facet normal 0 0 1
    outer loop
      vertex -6.37656 -1.40781 0.6
      vertex -6.37656 -2.61719 0.6
      vertex -5.05 -2.03906 0.6
    endloop
  endfacet
  facet normal 0 0 1
    outer loop
      vertex 2.425 -0.204688 0.6
      vertex -6.37656 -1.40781 0.6
      vertex -2.43281 -1.4375 0.6
    endloop
  endfacet
  facet normal 0 0 1
    outer loop
      vertex 2.425 -0.204688 0.6
      vertex 1.06406 -0.551562 0.6
      vertex 2.425 -3.75156 0.6
    endloop
  endfacet
  facet normal 0 0 1
    outer loop
      vertex 2.425 -0.204688 0.6
      vertex -2.43281 -1.4375 0.6
      vertex 1.06406 -0.551562 0.6
    endloop
  endfacet
  facet normal 0 0 1
    outer loop
      vertex 1.06406 -0.551562 0.6
      vertex 1.06406 -3.42813 0.6
      vertex 2.425 -3.75156 0.6
    endloop
  endfacet
  facet normal 0 0 1
    outer loop
      vertex -2.63906 -2.49531 0.6
      vertex 6.25 -5.875 0.6
      vertex 1.06406 -3.42813 0.6
    endloop
  endfacet
  facet normal 0 0 1
    outer loop
      vertex -2.63906 -2.49531 0.6
      vertex -5.05 -2.03906 0.6
      vertex 6.25 -5.875 0.6
    endloop
  endfacet
  facet normal 0 0 1
    outer loop
      vertex -5.05 -2.03906 0.6
      vertex -2.43281 -1.4375 0.6
      vertex -6.37656 -1.40781 0.6
    endloop
  endfacet
  facet normal 0 0 1
    outer loop
      vertex 6.25 2.72031 0.6
      vertex 6.25 10.6094 0.6
      vertex 4.75937 10.6094 0.6
    endloop
  endfacet
  facet normal 0 0 1
    outer loop
      vertex -6.37656 4.39062 0.6
      vertex 6.25 2.72031 0.6
      vertex 4.75937 4.39062 0.6
    endloop
  endfacet
  facet normal 0 0 1
    outer loop
      vertex 4.75937 4.39062 0.6
      vertex 6.25 2.72031 0.6
      vertex 4.75937 10.6094 0.6
    endloop
  endfacet
  facet normal 0 0 1
    outer loop
      vertex -6.37656 2.72031 0.6
      vertex 6.25 2.72031 0.6
      vertex -6.37656 4.39062 0.6
    endloop
  endfacet
  facet normal 0 0 1
    outer loop
      vertex 6.25 11.3125 0.6
      vertex 6.25 12.3734 0.6
      vertex -4.49844 12.3734 0.6
    endloop
  endfacet
  facet normal 0 0 1
    outer loop
      vertex -6.37656 11.3125 0.6
      vertex 6.25 11.3125 0.6
      vertex -4.49844 12.3734 0.6
    endloop
  endfacet
  facet normal 0 0 1
    outer loop
      vertex 6.25 14.7797 0.6
      vertex 6.25 15.7719 0.6
      vertex -4.49844 12.3734 0.6
    endloop
  endfacet
  facet normal 0 0 1
    outer loop
      vertex 6.25 18.1891 0.6
      vertex 6.25 19.25 0.6
      vertex -4.31875 18.1891 0.6
    endloop
  endfacet
  facet normal 0 0 1
    outer loop
      vertex 6.25 19.25 0.6
      vertex -6.37656 19.25 0.6
      vertex -4.31875 18.1891 0.6
    endloop
  endfacet
  facet normal 0 0 1
    outer loop
      vertex 2.56406 14.9391 0.6
      vertex -6.37656 12.9703 0.6
      vertex -4.49844 12.3734 0.6
    endloop
  endfacet
  facet normal 0 0 1
    outer loop
      vertex 6.25 15.7719 0.6
      vertex -4.31875 18.1891 0.6
      vertex 2.40781 15.7781 0.6
    endloop
  endfacet
  facet normal 0 0 1
    outer loop
      vertex 6.25 15.7719 0.6
      vertex 4.43281 15.3359 0.6
      vertex -4.49844 12.3734 0.6
    endloop
  endfacet
  facet normal 0 0 1
    outer loop
      vertex 6.25 15.7719 0.6
      vertex 2.40781 15.7781 0.6
      vertex 4.43281 15.3359 0.6
    endloop
  endfacet
  facet normal 0 0 1
    outer loop
      vertex 4.43281 15.3359 0.6
      vertex 2.56406 14.9391 0.6
      vertex -4.49844 12.3734 0.6
    endloop
  endfacet
  facet normal 0 0 1
    outer loop
      vertex -6.37656 12.9703 0.6
      vertex -6.37656 11.3125 0.6
      vertex -4.49844 12.3734 0.6
    endloop
  endfacet
  facet normal 0 0 1
    outer loop
      vertex -6.37656 17.7703 0.6
      vertex -4.31875 18.1891 0.6
      vertex -6.37656 19.25 0.6
    endloop
  endfacet
  facet normal 0 0 1
    outer loop
      vertex -6.37656 17.7703 0.6
      vertex 2.40781 15.7781 0.6
      vertex -4.31875 18.1891 0.6
    endloop
  endfacet
  facet normal 0 0 1
    outer loop
      vertex 6.25 28.5016 0.6
      vertex 6.25 29.7797 0.6
      vertex -3.67187 29.7797 0.6
    endloop
  endfacet
  facet normal 0 0 1
    outer loop
      vertex -6.37656 29.8687 0.6
      vertex 6.25 28.5016 0.6
      vertex -3.67187 29.7797 0.6
    endloop
  endfacet
  facet normal 0 0 1
    outer loop
      vertex 6.25 35.0703 0.6
      vertex 6.25 36.4391 0.6
      vertex -3.67187 29.7797 0.6
    endloop
  endfacet
  facet normal 0 0 1
    outer loop
      vertex 3.53594 35.1594 0.6
      vertex -6.37656 29.8687 0.6
      vertex -3.67187 29.7797 0.6
    endloop
  endfacet
  facet normal 0 0 1
    outer loop
      vertex 6.25 36.4391 0.6
      vertex 3.53594 35.1594 0.6
      vertex -3.67187 29.7797 0.6
    endloop
  endfacet
  facet normal 0 0 1
    outer loop
      vertex 6.25 36.4391 0.6
      vertex -6.37656 36.4391 0.6
      vertex 3.53594 35.1594 0.6
    endloop
  endfacet
  facet normal 0 0 1
    outer loop
      vertex -6.37656 29.8687 0.6
      vertex -6.37656 28.5016 0.6
      vertex 6.25 28.5016 0.6
    endloop
  endfacet
  facet normal 0 0 1
    outer loop
      vertex -6.37656 35.1594 0.6
      vertex 3.53594 35.1594 0.6
      vertex -6.37656 36.4391 0.6
    endloop
  endfacet
  facet normal 0 0 1
    outer loop
      vertex -5.0375 55.3906 0.6
      vertex -0.115625 54.2812 0.6
      vertex 3.0375 54.7578 0.6
    endloop
  endfacet
  facet normal 0 0 1
    outer loop
      vertex -0.0890625 55.4141 0.6
      vertex -5.0375 55.3906 0.6
      vertex 3.0375 54.7578 0.6
    endloop
  endfacet
  facet normal 0 0 1
    outer loop
      vertex 3.50625 56.2203 0.6
      vertex -0.0890625 55.4141 0.6
      vertex 5.38906 56.1562 0.6
    endloop
  endfacet
  facet normal 0 0 1
    outer loop
      vertex 4.82031 58.2453 0.6
      vertex 3.50625 56.2203 0.6
      vertex 6.25 58.25 0.6
    endloop
  endfacet
  facet normal 0 0 1
    outer loop
      vertex 3.49375 60.2859 0.6
      vertex 4.82031 58.2453 0.6
      vertex 5.47031 60.2656 0.6
    endloop
  endfacet
  facet normal 0 0 1
    outer loop
      vertex -2.96094 60.7437 0.6
      vertex -0.270312 61.0875 0.6
      vertex -0.260937 62.2188 0.6
    endloop
  endfacet
  facet normal 0 0 1
    outer loop
      vertex -6.81562 58.2562 0.6
      vertex -5.0375 55.3906 0.6
      vertex -5.98125 60.3281 0.6
    endloop
  endfacet
  facet normal 0 0 1
    outer loop
      vertex -5.98125 60.3281 0.6
      vertex -4.74375 59.7422 0.6
      vertex -3.65156 61.7344 0.6
    endloop
  endfacet
  facet normal 0 0 1
    outer loop
      vertex -3.65156 61.7344 0.6
      vertex -2.96094 60.7437 0.6
      vertex -0.260937 62.2188 0.6
    endloop
  endfacet
  facet normal 0 0 1
    outer loop
      vertex -0.260937 62.2188 0.6
      vertex -0.270312 61.0875 0.6
      vertex 3.175 61.7094 0.6
    endloop
  endfacet
  facet normal 0 0 1
    outer loop
      vertex 3.175 61.7094 0.6
      vertex 3.49375 60.2859 0.6
      vertex 5.47031 60.2656 0.6
    endloop
  endfacet
  facet normal 0 0 1
    outer loop
      vertex 5.47031 60.2656 0.6
      vertex 4.82031 58.2453 0.6
      vertex 6.25 58.25 0.6
    endloop
  endfacet
  facet normal 0 0 1
    outer loop
      vertex 6.25 58.25 0.6
      vertex 3.50625 56.2203 0.6
      vertex 5.38906 56.1562 0.6
    endloop
  endfacet
  facet normal 0 0 1
    outer loop
      vertex -4.15937 56.2547 0.6
      vertex -5.37812 58.2625 0.6
      vertex -5.0375 55.3906 0.6
    endloop
  endfacet
  facet normal 0 0 1
    outer loop
      vertex 5.38906 56.1562 0.6
      vertex -0.0890625 55.4141 0.6
      vertex 3.0375 54.7578 0.6
    endloop
  endfacet
  facet normal 0 0 1
    outer loop
      vertex -5.98125 60.3281 0.6
      vertex -5.37812 58.2625 0.6
      vertex -4.74375 59.7422 0.6
    endloop
  endfacet
  facet normal 0 0 1
    outer loop
      vertex -5.98125 60.3281 0.6
      vertex -5.0375 55.3906 0.6
      vertex -5.37812 58.2625 0.6
    endloop
  endfacet
  facet normal 0 0 1
    outer loop
      vertex -4.74375 59.7422 0.6
      vertex -2.96094 60.7437 0.6
      vertex -3.65156 61.7344 0.6
    endloop
  endfacet
  facet normal 0 0 1
    outer loop
      vertex -0.270312 61.0875 0.6
      vertex 3.49375 60.2859 0.6
      vertex 3.175 61.7094 0.6
    endloop
  endfacet
  facet normal 0 0 1
    outer loop
      vertex -0.0890625 55.4141 0.6
      vertex -4.15937 56.2547 0.6
      vertex -5.0375 55.3906 0.6
    endloop
  endfacet
  facet normal 0 0 1
    outer loop
      vertex -0.140625 48.5297 0.6
      vertex -6.37656 51.7266 0.6
      vertex 1.875 46.9578 0.6
    endloop
  endfacet
  facet normal 0 0 1
    outer loop
      vertex 6.25 45.6875 0.6
      vertex 6.25 46.9578 0.6
      vertex 1.875 46.9578 0.6
    endloop
  endfacet
  facet normal 0 0 1
    outer loop
      vertex -1.26094 49.4203 0.6
      vertex -6.37656 53.4484 0.6
      vertex -0.140625 48.5297 0.6
    endloop
  endfacet
  facet normal 0 0 1
    outer loop
      vertex -0.115625 46.9578 0.6
      vertex 6.25 45.6875 0.6
      vertex 1.875 46.9578 0.6
    endloop
  endfacet
  facet normal 0 0 1
    outer loop
      vertex 6.25 51.9484 0.6
      vertex 6.25 53.625 0.6
      vertex -0.140625 48.5297 0.6
    endloop
  endfacet
  facet normal 0 0 1
    outer loop
      vertex 6.25 53.625 0.6
      vertex -1.26094 49.4203 0.6
      vertex -0.140625 48.5297 0.6
    endloop
  endfacet
  facet normal 0 0 1
    outer loop
      vertex -6.37656 53.4484 0.6
      vertex -6.37656 51.7266 0.6
      vertex -0.140625 48.5297 0.6
    endloop
  endfacet
  facet normal 0 0 1
    outer loop
      vertex -6.37656 51.7266 0.6
      vertex -0.115625 46.9578 0.6
      vertex 1.875 46.9578 0.6
    endloop
  endfacet
  facet normal 0 0 1
    outer loop
      vertex -0.115625 46.9578 0.6
      vertex -6.37656 46.9578 0.6
      vertex 6.25 45.6875 0.6
    endloop
  endfacet
  facet normal 0 0 1
    outer loop
      vertex -6.37656 46.9578 0.6
      vertex -6.37656 45.6875 0.6
      vertex 6.25 45.6875 0.6
    endloop
  endfacet
  facet normal 0 0 1
    outer loop
      vertex 6.25 62.875 0.6
      vertex 6.25 64.2141 0.6
      vertex 0.298438 64.2141 0.6
    endloop
  endfacet
  facet normal 0 0 1
    outer loop
      vertex -1.19219 64.2141 0.6
      vertex 6.25 62.875 0.6
      vertex 0.298438 64.2141 0.6
    endloop
  endfacet
  facet normal 0 0 1
    outer loop
      vertex 6.25 69.4734 0.6
      vertex 6.25 70.8125 0.6
      vertex 0.298438 69.4734 0.6
    endloop
  endfacet
  facet normal 0 0 1
    outer loop
      vertex 6.25 70.8125 0.6
      vertex -6.37656 70.8125 0.6
      vertex 0.298438 69.4734 0.6
    endloop
  endfacet
  facet normal 0 0 1
    outer loop
      vertex -1.19219 69.4734 0.6
      vertex -1.19219 64.2141 0.6
      vertex 0.298438 64.2141 0.6
    endloop
  endfacet
  facet normal 0 0 1
    outer loop
      vertex 0.298438 69.4734 0.6
      vertex -1.19219 69.4734 0.6
      vertex 0.298438 64.2141 0.6
    endloop
  endfacet
  facet normal 0 0 1
    outer loop
      vertex 0.298438 69.4734 0.6
      vertex -6.37656 70.8125 0.6
      vertex -1.19219 69.4734 0.6
    endloop
  endfacet
  facet normal 0 0 1
    outer loop
      vertex -1.19219 64.2141 0.6
      vertex -6.37656 64.2141 0.6
      vertex 6.25 62.875 0.6
    endloop
  endfacet
  facet normal 0 0 1
    outer loop
      vertex -6.37656 64.2141 0.6
      vertex -6.37656 62.875 0.6
      vertex 6.25 62.875 0.6
    endloop
  endfacet
  facet normal 0 0 1
    outer loop
      vertex -6.37656 69.4734 0.6
      vertex -1.19219 69.4734 0.6
      vertex -6.37656 70.8125 0.6
    endloop
  endfacet
  facet normal 0 0 1
    outer loop
      vertex 6.25 71.4703 0.6
      vertex 6.25 72.7484 0.6
      vertex -3.67187 72.7484 0.6
    endloop
  endfacet
  facet normal 0 0 1
    outer loop
      vertex -6.37656 72.8375 0.6
      vertex 6.25 71.4703 0.6
      vertex -3.67187 72.7484 0.6
    endloop
  endfacet
  facet normal 0 0 1
    outer loop
      vertex 6.25 78.0391 0.6
      vertex 6.25 79.4078 0.6
      vertex -3.67187 72.7484 0.6
    endloop
  endfacet
  facet normal 0 0 1
    outer loop
      vertex 3.53594 78.1281 0.6
      vertex -6.37656 72.8375 0.6
      vertex -3.67187 72.7484 0.6
    endloop
  endfacet
  facet normal 0 0 1
    outer loop
      vertex 6.25 79.4078 0.6
      vertex 3.53594 78.1281 0.6
      vertex -3.67187 72.7484 0.6
    endloop
  endfacet
  facet normal 0 0 1
    outer loop
      vertex 6.25 79.4078 0.6
      vertex -6.37656 79.4078 0.6
      vertex 3.53594 78.1281 0.6
    endloop
  endfacet
  facet normal 0 0 1
    outer loop
      vertex -6.37656 72.8375 0.6
      vertex -6.37656 71.4703 0.6
      vertex 6.25 71.4703 0.6
    endloop
  endfacet
  facet normal 0 0 1
    outer loop
      vertex -6.37656 78.1281 0.6
      vertex 3.53594 78.1281 0.6
      vertex -6.37656 79.4078 0.6
    endloop
  endfacet
  facet normal 0 0 1
    outer loop
      vertex 6.24531 38.8031 0.6
      vertex 6.24531 40.0516 0.6
      vertex -4.77969 43.7031 0.6
    endloop
  endfacet
  facet normal 0 0 1
    outer loop
      vertex -4.77969 42.4625 0.6
      vertex 6.24531 38.8031 0.6
      vertex -4.77969 43.7031 0.6
    endloop
  endfacet
  facet normal -0.22401 0.974587 0
    outer loop
      vertex -2.43281 24.3437 1.2
      vertex -2.43281 24.3437 0.6
      vertex -5.05 23.7422 1.2
    endloop
  endfacet
  facet normal -0.22401 0.974587 0
    outer loop
      vertex -5.05 23.7422 1.2
      vertex -2.43281 24.3437 0.6
      vertex -5.05 23.7422 0.6
    endloop
  endfacet
  facet normal -0.185942 -0.982561 0
    outer loop
      vertex -2.63906 23.2859 0.6
      vertex -2.63906 23.2859 1.2
      vertex -5.05 23.7422 1.2
    endloop
  endfacet
  facet normal -0.185942 -0.982561 0
    outer loop
      vertex -5.05 23.7422 0.6
      vertex -2.63906 23.2859 0.6
      vertex -5.05 23.7422 1.2
    endloop
  endfacet
  facet normal -0.244268 -0.969708 0
    outer loop
      vertex 1.06406 22.3531 0.6
      vertex 1.06406 22.3531 1.2
      vertex -2.63906 23.2859 1.2
    endloop
  endfacet
  facet normal -0.244268 -0.969708 0
    outer loop
      vertex -2.63906 23.2859 0.6
      vertex 1.06406 22.3531 0.6
      vertex -2.63906 23.2859 1.2
    endloop
  endfacet
  facet normal 1 -6.12323e-17 0
    outer loop
      vertex 1.06406 25.2297 0.6
      vertex 1.06406 25.2297 1.2
      vertex 1.06406 22.3531 1.2
    endloop
  endfacet
  facet normal 1 -6.12323e-17 0
    outer loop
      vertex 1.06406 22.3531 0.6
      vertex 1.06406 25.2297 0.6
      vertex 1.06406 22.3531 1.2
    endloop
  endfacet
  facet normal -0.245592 0.969373 0
    outer loop
      vertex 1.06406 25.2297 1.2
      vertex 1.06406 25.2297 0.6
      vertex -2.43281 24.3437 1.2
    endloop
  endfacet
  facet normal -0.245592 0.969373 0
    outer loop
      vertex -2.43281 24.3437 1.2
      vertex 1.06406 25.2297 0.6
      vertex -2.43281 24.3437 0.6
    endloop
  endfacet
  facet normal -0.22401 0.974587 0
    outer loop
      vertex -2.43281 -10.0312 1.2
      vertex -2.43281 -10.0312 0.6
      vertex -5.05 -10.6328 1.2
    endloop
  endfacet
  facet normal -0.22401 0.974587 0
    outer loop
      vertex -5.05 -10.6328 1.2
      vertex -2.43281 -10.0312 0.6
      vertex -5.05 -10.6328 0.6
    endloop
  endfacet
  facet normal -0.185942 -0.982561 0
    outer loop
      vertex -2.63906 -11.0891 0.6
      vertex -2.63906 -11.0891 1.2
      vertex -5.05 -10.6328 1.2
    endloop
  endfacet
  facet normal -0.185942 -0.982561 0
    outer loop
      vertex -5.05 -10.6328 0.6
      vertex -2.63906 -11.0891 0.6
      vertex -5.05 -10.6328 1.2
    endloop
  endfacet
  facet normal -0.244268 -0.969708 0
    outer loop
      vertex 1.06406 -12.0219 0.6
      vertex 1.06406 -12.0219 1.2
      vertex -2.63906 -11.0891 1.2
    endloop
  endfacet
  facet normal -0.244268 -0.969708 0
    outer loop
      vertex -2.63906 -11.0891 0.6
      vertex 1.06406 -12.0219 0.6
      vertex -2.63906 -11.0891 1.2
    endloop
  endfacet
  facet normal 1 -6.12323e-17 0
    outer loop
      vertex 1.06406 -9.14531 0.6
      vertex 1.06406 -9.14531 1.2
      vertex 1.06406 -12.0219 1.2
    endloop
  endfacet
  facet normal 1 -6.12323e-17 0
    outer loop
      vertex 1.06406 -12.0219 0.6
      vertex 1.06406 -9.14531 0.6
      vertex 1.06406 -12.0219 1.2
    endloop
  endfacet
  facet normal -0.245592 0.969373 0
    outer loop
      vertex 1.06406 -9.14531 1.2
      vertex 1.06406 -9.14531 0.6
      vertex -2.43281 -10.0312 1.2
    endloop
  endfacet
  facet normal -0.245592 0.969373 0
    outer loop
      vertex -2.43281 -10.0312 1.2
      vertex 1.06406 -9.14531 0.6
      vertex -2.43281 -10.0312 0.6
    endloop
  endfacet
  facet normal -0.22401 0.974587 0
    outer loop
      vertex -2.43281 -1.4375 1.2
      vertex -2.43281 -1.4375 0.6
      vertex -5.05 -2.03906 1.2
    endloop
  endfacet
  facet normal -0.22401 0.974587 0
    outer loop
      vertex -5.05 -2.03906 1.2
      vertex -2.43281 -1.4375 0.6
      vertex -5.05 -2.03906 0.6
    endloop
  endfacet
  facet normal -0.185942 -0.982561 0
    outer loop
      vertex -2.63906 -2.49531 0.6
      vertex -2.63906 -2.49531 1.2
      vertex -5.05 -2.03906 1.2
    endloop
  endfacet
  facet normal -0.185942 -0.982561 0
    outer loop
      vertex -5.05 -2.03906 0.6
      vertex -2.63906 -2.49531 0.6
      vertex -5.05 -2.03906 1.2
    endloop
  endfacet
  facet normal -0.244268 -0.969708 0
    outer loop
      vertex 1.06406 -3.42813 0.6
      vertex 1.06406 -3.42813 1.2
      vertex -2.63906 -2.49531 1.2
    endloop
  endfacet
  facet normal -0.244268 -0.969708 0
    outer loop
      vertex -2.63906 -2.49531 0.6
      vertex 1.06406 -3.42813 0.6
      vertex -2.63906 -2.49531 1.2
    endloop
  endfacet
  facet normal 1 -6.12323e-17 0
    outer loop
      vertex 1.06406 -0.551562 0.6
      vertex 1.06406 -0.551562 1.2
      vertex 1.06406 -3.42813 1.2
    endloop
  endfacet
  facet normal 1 -6.12323e-17 0
    outer loop
      vertex 1.06406 -3.42813 0.6
      vertex 1.06406 -0.551562 0.6
      vertex 1.06406 -3.42813 1.2
    endloop
  endfacet
  facet normal -0.245592 0.969373 0
    outer loop
      vertex 1.06406 -0.551562 1.2
      vertex 1.06406 -0.551562 0.6
      vertex -2.43281 -1.4375 1.2
    endloop
  endfacet
  facet normal -0.245592 0.969373 0
    outer loop
      vertex -2.43281 -1.4375 1.2
      vertex 1.06406 -0.551562 0.6
      vertex -2.43281 -1.4375 0.6
    endloop
  endfacet
  facet normal -0.48979 0.871841 0
    outer loop
      vertex -2.96094 60.7437 1.2
      vertex -2.96094 60.7437 0.6
      vertex -4.74375 59.7422 1.2
    endloop
  endfacet
  facet normal -0.48979 0.871841 0
    outer loop
      vertex -4.74375 59.7422 1.2
      vertex -2.96094 60.7437 0.6
      vertex -4.74375 59.7422 0.6
    endloop
  endfacet
  facet normal -0.919095 0.394036 0
    outer loop
      vertex -4.74375 59.7422 1.2
      vertex -4.74375 59.7422 0.6
      vertex -5.37812 58.2625 1.2
    endloop
  endfacet
  facet normal -0.919095 0.394036 0
    outer loop
      vertex -5.37812 58.2625 1.2
      vertex -4.74375 59.7422 0.6
      vertex -5.37812 58.2625 0.6
    endloop
  endfacet
  facet normal -0.85484 -0.518891 0
    outer loop
      vertex -4.15937 56.2547 1.2
      vertex -5.37812 58.2625 1.2
      vertex -4.15937 56.2547 0.6
    endloop
  endfacet
  facet normal -0.85484 -0.518891 0
    outer loop
      vertex -4.15937 56.2547 0.6
      vertex -5.37812 58.2625 1.2
      vertex -5.37812 58.2625 0.6
    endloop
  endfacet
  facet normal -0.202258 -0.979332 0
    outer loop
      vertex -0.0890625 55.4141 0.6
      vertex -0.0890625 55.4141 1.2
      vertex -4.15937 56.2547 1.2
    endloop
  endfacet
  facet normal -0.202258 -0.979332 0
    outer loop
      vertex -4.15937 56.2547 0.6
      vertex -0.0890625 55.4141 0.6
      vertex -4.15937 56.2547 1.2
    endloop
  endfacet
  facet normal 0.218816 -0.975766 0
    outer loop
      vertex 3.50625 56.2203 0.6
      vertex 3.50625 56.2203 1.2
      vertex -0.0890625 55.4141 1.2
    endloop
  endfacet
  facet normal 0.218816 -0.975766 0
    outer loop
      vertex -0.0890625 55.4141 0.6
      vertex 3.50625 56.2203 0.6
      vertex -0.0890625 55.4141 1.2
    endloop
  endfacet
  facet normal 0.838857 -0.544351 0
    outer loop
      vertex 4.82031 58.2453 0.6
      vertex 4.82031 58.2453 1.2
      vertex 3.50625 56.2203 1.2
    endloop
  endfacet
  facet normal 0.838857 -0.544351 0
    outer loop
      vertex 3.50625 56.2203 0.6
      vertex 4.82031 58.2453 0.6
      vertex 3.50625 56.2203 1.2
    endloop
  endfacet
  facet normal 0.838414 0.545033 0
    outer loop
      vertex 3.49375 60.2859 1.2
      vertex 4.82031 58.2453 1.2
      vertex 4.82031 58.2453 0.6
    endloop
  endfacet
  facet normal 0.838414 0.545033 0
    outer loop
      vertex 3.49375 60.2859 0.6
      vertex 3.49375 60.2859 1.2
      vertex 4.82031 58.2453 0.6
    endloop
  endfacet
  facet normal 0.208281 0.978069 0
    outer loop
      vertex 3.49375 60.2859 1.2
      vertex 3.49375 60.2859 0.6
      vertex -0.270312 61.0875 1.2
    endloop
  endfacet
  facet normal 0.208281 0.978069 0
    outer loop
      vertex -0.270312 61.0875 1.2
      vertex 3.49375 60.2859 0.6
      vertex -0.270312 61.0875 0.6
    endloop
  endfacet
  facet normal -0.126728 0.991937 0
    outer loop
      vertex -0.270312 61.0875 1.2
      vertex -0.270312 61.0875 0.6
      vertex -2.96094 60.7437 1.2
    endloop
  endfacet
  facet normal -0.126728 0.991937 0
    outer loop
      vertex -2.96094 60.7437 1.2
      vertex -0.270312 61.0875 0.6
      vertex -2.96094 60.7437 0.6
    endloop
  endfacet
  facet normal 0 0 1
    outer loop
      vertex -2.63906 23.2859 1.2
      vertex 1.06406 22.3531 1.2
      vertex 1.06406 25.2297 1.2
    endloop
  endfacet
  facet normal 0 0 1
    outer loop
      vertex -5.05 23.7422 1.2
      vertex -2.63906 23.2859 1.2
      vertex -2.43281 24.3437 1.2
    endloop
  endfacet
  facet normal 0 0 1
    outer loop
      vertex -2.43281 24.3437 1.2
      vertex -2.63906 23.2859 1.2
      vertex 1.06406 25.2297 1.2
    endloop
  endfacet
  facet normal 0 0 1
    outer loop
      vertex -2.63906 -11.0891 1.2
      vertex 1.06406 -12.0219 1.2
      vertex 1.06406 -9.14531 1.2
    endloop
  endfacet
  facet normal 0 0 1
    outer loop
      vertex -5.05 -10.6328 1.2
      vertex -2.63906 -11.0891 1.2
      vertex -2.43281 -10.0312 1.2
    endloop
  endfacet
  facet normal 0 0 1
    outer loop
      vertex -2.43281 -10.0312 1.2
      vertex -2.63906 -11.0891 1.2
      vertex 1.06406 -9.14531 1.2
    endloop
  endfacet
  facet normal 0 0 1
    outer loop
      vertex -2.63906 -2.49531 1.2
      vertex 1.06406 -3.42813 1.2
      vertex 1.06406 -0.551562 1.2
    endloop
  endfacet
  facet normal 0 0 1
    outer loop
      vertex -5.05 -2.03906 1.2
      vertex -2.63906 -2.49531 1.2
      vertex -2.43281 -1.4375 1.2
    endloop
  endfacet
  facet normal 0 0 1
    outer loop
      vertex -2.43281 -1.4375 1.2
      vertex -2.63906 -2.49531 1.2
      vertex 1.06406 -0.551562 1.2
    endloop
  endfacet
  facet normal 0 0 1
    outer loop
      vertex -4.15937 56.2547 1.2
      vertex -0.0890625 55.4141 1.2
      vertex 3.50625 56.2203 1.2
    endloop
  endfacet
  facet normal 0 0 1
    outer loop
      vertex 3.49375 60.2859 1.2
      vertex -4.15937 56.2547 1.2
      vertex 4.82031 58.2453 1.2
    endloop
  endfacet
  facet normal 0 0 1
    outer loop
      vertex 4.82031 58.2453 1.2
      vertex -4.15937 56.2547 1.2
      vertex 3.50625 56.2203 1.2
    endloop
  endfacet
  facet normal 0 0 1
    outer loop
      vertex -0.270312 61.0875 1.2
      vertex -4.15937 56.2547 1.2
      vertex 3.49375 60.2859 1.2
    endloop
  endfacet
  facet normal 0 0 1
    outer loop
      vertex -2.96094 60.7437 1.2
      vertex -4.15937 56.2547 1.2
      vertex -0.270312 61.0875 1.2
    endloop
  endfacet
  facet normal 0 0 1
    outer loop
      vertex -4.74375 59.7422 1.2
      vertex -4.15937 56.2547 1.2
      vertex -2.96094 60.7437 1.2
    endloop
  endfacet
  facet normal 0 0 1
    outer loop
      vertex -5.37812 58.2625 1.2
      vertex -4.15937 56.2547 1.2
      vertex -4.74375 59.7422 1.2
    endloop
  endfacet
endsolid OpenSCAD_Model
