solid OpenSCAD_Model
  facet normal 0 0 -1
    outer loop
      vertex -2.725 0 0
      vertex -2.70169 0.355684 0
      vertex -2.70169 -0.355684 0
    endloop
  endfacet
  facet normal 0 0 -1
    outer loop
      vertex -2.70169 -0.355684 0
      vertex -2.70169 0.355684 0
      vertex -2.63215 0.705282 0
    endloop
  endfacet
  facet normal 0 0 -1
    outer loop
      vertex -2.70169 -0.355684 0
      vertex -2.63215 0.705282 0
      vertex -2.51757 1.04281 0
    endloop
  endfacet
  facet normal 0 0 -1
    outer loop
      vertex -2.70169 -0.355684 0
      vertex -2.51757 1.04281 0
      vertex -2.35992 1.3625 0
    endloop
  endfacet
  facet normal 0 0 -1
    outer loop
      vertex -2.70169 -0.355684 0
      vertex -2.35992 1.3625 0
      vertex -2.16189 1.65887 0
    endloop
  endfacet
  facet normal 0 0 -1
    outer loop
      vertex -2.70169 -0.355684 0
      vertex -2.16189 1.65887 0
      vertex -1.92687 1.92687 0
    endloop
  endfacet
  facet normal 0 0 -1
    outer loop
      vertex -2.70169 -0.355684 0
      vertex -1.92687 1.92687 0
      vertex -1.65887 2.16189 0
    endloop
  endfacet
  facet normal 0 0 -1
    outer loop
      vertex -2.70169 -0.355684 0
      vertex -1.65887 2.16189 0
      vertex -1.3625 2.35992 0
    endloop
  endfacet
  facet normal 0 0 -1
    outer loop
      vertex -2.70169 -0.355684 0
      vertex -1.3625 2.35992 0
      vertex -1.04281 2.51757 0
    endloop
  endfacet
  facet normal 0 0 -1
    outer loop
      vertex -2.70169 -0.355684 0
      vertex -1.04281 2.51757 0
      vertex -0.705282 2.63215 0
    endloop
  endfacet
  facet normal 0 0 -1
    outer loop
      vertex -2.70169 -0.355684 0
      vertex -0.705282 2.63215 0
      vertex -0.355684 2.70169 0
    endloop
  endfacet
  facet normal 0 0 -1
    outer loop
      vertex -2.70169 -0.355684 0
      vertex -0.355684 2.70169 0
      vertex 0 2.725 0
    endloop
  endfacet
  facet normal 0 0 -1
    outer loop
      vertex -2.70169 -0.355684 0
      vertex 0 2.725 0
      vertex 0.355684 2.70169 0
    endloop
  endfacet
  facet normal 0 0 -1
    outer loop
      vertex -2.70169 -0.355684 0
      vertex 0.355684 2.70169 0
      vertex 0.705282 2.63215 0
    endloop
  endfacet
  facet normal 0 0 -1
    outer loop
      vertex -2.70169 -0.355684 0
      vertex 0.705282 2.63215 0
      vertex 1.04281 2.51757 0
    endloop
  endfacet
  facet normal 0 0 -1
    outer loop
      vertex -2.70169 -0.355684 0
      vertex 1.04281 2.51757 0
      vertex 1.3625 2.35992 0
    endloop
  endfacet
  facet normal 0 0 -1
    outer loop
      vertex -2.70169 -0.355684 0
      vertex 1.3625 2.35992 0
      vertex 1.65887 2.16189 0
    endloop
  endfacet
  facet normal 0 0 -1
    outer loop
      vertex -2.70169 -0.355684 0
      vertex 1.65887 2.16189 0
      vertex 1.92687 1.92687 0
    endloop
  endfacet
  facet normal 0 0 -1
    outer loop
      vertex -2.70169 -0.355684 0
      vertex 1.92687 1.92687 0
      vertex 2.16189 1.65887 0
    endloop
  endfacet
  facet normal 0 0 -1
    outer loop
      vertex -2.70169 -0.355684 0
      vertex 2.16189 1.65887 0
      vertex 2.35992 1.3625 0
    endloop
  endfacet
  facet normal 0 0 -1
    outer loop
      vertex -2.70169 -0.355684 0
      vertex 2.35992 1.3625 0
      vertex 2.51757 1.04281 0
    endloop
  endfacet
  facet normal 0 0 -1
    outer loop
      vertex -2.70169 -0.355684 0
      vertex 2.51757 1.04281 0
      vertex 2.63215 0.705282 0
    endloop
  endfacet
  facet normal 0 0 -1
    outer loop
      vertex -2.70169 -0.355684 0
      vertex 2.63215 0.705282 0
      vertex 2.70169 0.355684 0
    endloop
  endfacet
  facet normal 0 0 -1
    outer loop
      vertex -2.70169 -0.355684 0
      vertex 2.70169 0.355684 0
      vertex 2.725 0 0
    endloop
  endfacet
  facet normal 0 0 -1
    outer loop
      vertex -2.70169 -0.355684 0
      vertex 2.725 0 0
      vertex 2.70169 -0.355684 0
    endloop
  endfacet
  facet normal 0 0 -1
    outer loop
      vertex -2.70169 -0.355684 0
      vertex 2.70169 -0.355684 0
      vertex 2.63215 -0.705282 0
    endloop
  endfacet
  facet normal 0 0 -1
    outer loop
      vertex -2.70169 -0.355684 0
      vertex 2.63215 -0.705282 0
      vertex 2.51757 -1.04281 0
    endloop
  endfacet
  facet normal 0 0 -1
    outer loop
      vertex -2.70169 -0.355684 0
      vertex 2.51757 -1.04281 0
      vertex 2.35992 -1.3625 0
    endloop
  endfacet
  facet normal 0 0 -1
    outer loop
      vertex -2.70169 -0.355684 0
      vertex 2.35992 -1.3625 0
      vertex 2.16189 -1.65887 0
    endloop
  endfacet
  facet normal 0 0 -1
    outer loop
      vertex -2.70169 -0.355684 0
      vertex 2.16189 -1.65887 0
      vertex 1.92687 -1.92687 0
    endloop
  endfacet
  facet normal 0 0 -1
    outer loop
      vertex -2.70169 -0.355684 0
      vertex 1.92687 -1.92687 0
      vertex 1.65887 -2.16189 0
    endloop
  endfacet
  facet normal 0 0 -1
    outer loop
      vertex -2.70169 -0.355684 0
      vertex 1.65887 -2.16189 0
      vertex 1.3625 -2.35992 0
    endloop
  endfacet
  facet normal 0 0 -1
    outer loop
      vertex -2.70169 -0.355684 0
      vertex 1.3625 -2.35992 0
      vertex 1.04281 -2.51757 0
    endloop
  endfacet
  facet normal 0 0 -1
    outer loop
      vertex -2.70169 -0.355684 0
      vertex 1.04281 -2.51757 0
      vertex 0.705282 -2.63215 0
    endloop
  endfacet
  facet normal 0 0 -1
    outer loop
      vertex -2.70169 -0.355684 0
      vertex 0.705282 -2.63215 0
      vertex 0.355684 -2.70169 0
    endloop
  endfacet
  facet normal 0 0 -1
    outer loop
      vertex -2.70169 -0.355684 0
      vertex 0.355684 -2.70169 0
      vertex 0 -2.725 0
    endloop
  endfacet
  facet normal 0 0 -1
    outer loop
      vertex -2.70169 -0.355684 0
      vertex 0 -2.725 0
      vertex -0.355684 -2.70169 0
    endloop
  endfacet
  facet normal 0 0 -1
    outer loop
      vertex -2.70169 -0.355684 0
      vertex -0.355684 -2.70169 0
      vertex -0.705282 -2.63215 0
    endloop
  endfacet
  facet normal 0 0 -1
    outer loop
      vertex -2.70169 -0.355684 0
      vertex -0.705282 -2.63215 0
      vertex -1.04281 -2.51757 0
    endloop
  endfacet
  facet normal 0 0 -1
    outer loop
      vertex -2.70169 -0.355684 0
      vertex -1.04281 -2.51757 0
      vertex -1.3625 -2.35992 0
    endloop
  endfacet
  facet normal 0 0 -1
    outer loop
      vertex -2.70169 -0.355684 0
      vertex -1.3625 -2.35992 0
      vertex -1.65887 -2.16189 0
    endloop
  endfacet
  facet normal 0 0 -1
    outer loop
      vertex -2.70169 -0.355684 0
      vertex -1.65887 -2.16189 0
      vertex -1.92687 -1.92687 0
    endloop
  endfacet
  facet normal 0 0 -1
    outer loop
      vertex -2.70169 -0.355684 0
      vertex -1.92687 -1.92687 0
      vertex -2.16189 -1.65887 0
    endloop
  endfacet
  facet normal 0 0 -1
    outer loop
      vertex -2.70169 -0.355684 0
      vertex -2.16189 -1.65887 0
      vertex -2.35992 -1.3625 0
    endloop
  endfacet
  facet normal 0 0 -1
    outer loop
      vertex -2.70169 -0.355684 0
      vertex -2.35992 -1.3625 0
      vertex -2.51757 -1.04281 0
    endloop
  endfacet
  facet normal 0 0 -1
    outer loop
      vertex -2.70169 -0.355684 0
      vertex -2.51757 -1.04281 0
      vertex -2.63215 -0.705282 0
    endloop
  endfacet
  facet normal -0.997859 0.0654038 0
    outer loop
      vertex -2.725 0 0
      vertex -2.725 0 49.8047
      vertex -2.70169 0.355684 0
    endloop
  endfacet
  facet normal -0.997859 0.0654038 0
    outer loop
      vertex -2.70169 0.355684 0
      vertex -2.725 0 49.8047
      vertex -2.70169 0.355684 49.8047
    endloop
  endfacet
  facet normal -0.997859 -0.0654038 0
    outer loop
      vertex -2.725 0 0
      vertex -2.70169 -0.355684 0
      vertex -2.725 0 49.8047
    endloop
  endfacet
  facet normal -0.997859 -0.0654038 0
    outer loop
      vertex -2.725 0 49.8047
      vertex -2.70169 -0.355684 0
      vertex -2.70169 -0.355684 49.8047
    endloop
  endfacet
  facet normal -0.980785 -0.195089 0
    outer loop
      vertex -2.70169 -0.355684 0
      vertex -2.63215 -0.705282 0
      vertex -2.70169 -0.355684 49.8047
    endloop
  endfacet
  facet normal -0.980785 -0.195089 0
    outer loop
      vertex -2.70169 -0.355684 49.8047
      vertex -2.63215 -0.705282 0
      vertex -2.63215 -0.705282 49.8047
    endloop
  endfacet
  facet normal -0.94693 -0.321439 0
    outer loop
      vertex -2.63215 -0.705282 0
      vertex -2.51757 -1.04281 0
      vertex -2.63215 -0.705282 49.8047
    endloop
  endfacet
  facet normal -0.94693 -0.321439 0
    outer loop
      vertex -2.63215 -0.705282 49.8047
      vertex -2.51757 -1.04281 0
      vertex -2.51757 -1.04281 49.8047
    endloop
  endfacet
  facet normal -0.896872 -0.442289 0
    outer loop
      vertex -2.51757 -1.04281 0
      vertex -2.35992 -1.3625 0
      vertex -2.51757 -1.04281 49.8047
    endloop
  endfacet
  facet normal -0.896872 -0.442289 0
    outer loop
      vertex -2.51757 -1.04281 49.8047
      vertex -2.35992 -1.3625 0
      vertex -2.35992 -1.3625 49.8047
    endloop
  endfacet
  facet normal -0.83147 -0.555569 0
    outer loop
      vertex -2.35992 -1.3625 0
      vertex -2.16189 -1.65887 0
      vertex -2.35992 -1.3625 49.8047
    endloop
  endfacet
  facet normal -0.83147 -0.555569 0
    outer loop
      vertex -2.35992 -1.3625 49.8047
      vertex -2.16189 -1.65887 0
      vertex -2.16189 -1.65887 49.8047
    endloop
  endfacet
  facet normal -0.75184 -0.659346 0
    outer loop
      vertex -2.16189 -1.65887 0
      vertex -1.92687 -1.92687 0
      vertex -2.16189 -1.65887 49.8047
    endloop
  endfacet
  facet normal -0.75184 -0.659346 0
    outer loop
      vertex -2.16189 -1.65887 49.8047
      vertex -1.92687 -1.92687 0
      vertex -1.92687 -1.92687 49.8047
    endloop
  endfacet
  facet normal -0.659346 -0.75184 0
    outer loop
      vertex -1.92687 -1.92687 49.8047
      vertex -1.92687 -1.92687 0
      vertex -1.65887 -2.16189 0
    endloop
  endfacet
  facet normal -0.659346 -0.75184 0
    outer loop
      vertex -1.65887 -2.16189 49.8047
      vertex -1.92687 -1.92687 49.8047
      vertex -1.65887 -2.16189 0
    endloop
  endfacet
  facet normal -0.555569 -0.83147 0
    outer loop
      vertex -1.65887 -2.16189 49.8047
      vertex -1.65887 -2.16189 0
      vertex -1.3625 -2.35992 0
    endloop
  endfacet
  facet normal -0.555569 -0.83147 0
    outer loop
      vertex -1.3625 -2.35992 49.8047
      vertex -1.65887 -2.16189 49.8047
      vertex -1.3625 -2.35992 0
    endloop
  endfacet
  facet normal -0.442289 -0.896872 0
    outer loop
      vertex -1.3625 -2.35992 49.8047
      vertex -1.3625 -2.35992 0
      vertex -1.04281 -2.51757 0
    endloop
  endfacet
  facet normal -0.442289 -0.896872 0
    outer loop
      vertex -1.04281 -2.51757 49.8047
      vertex -1.3625 -2.35992 49.8047
      vertex -1.04281 -2.51757 0
    endloop
  endfacet
  facet normal -0.321439 -0.94693 0
    outer loop
      vertex -1.04281 -2.51757 49.8047
      vertex -1.04281 -2.51757 0
      vertex -0.705282 -2.63215 0
    endloop
  endfacet
  facet normal -0.321439 -0.94693 0
    outer loop
      vertex -0.705282 -2.63215 49.8047
      vertex -1.04281 -2.51757 49.8047
      vertex -0.705282 -2.63215 0
    endloop
  endfacet
  facet normal -0.195089 -0.980785 0
    outer loop
      vertex -0.705282 -2.63215 49.8047
      vertex -0.705282 -2.63215 0
      vertex -0.355684 -2.70169 0
    endloop
  endfacet
  facet normal -0.195089 -0.980785 0
    outer loop
      vertex -0.355684 -2.70169 49.8047
      vertex -0.705282 -2.63215 49.8047
      vertex -0.355684 -2.70169 0
    endloop
  endfacet
  facet normal -0.0654038 -0.997859 0
    outer loop
      vertex -0.355684 -2.70169 49.8047
      vertex -0.355684 -2.70169 0
      vertex 0 -2.725 0
    endloop
  endfacet
  facet normal -0.0654038 -0.997859 0
    outer loop
      vertex 0 -2.725 49.8047
      vertex -0.355684 -2.70169 49.8047
      vertex 0 -2.725 0
    endloop
  endfacet
  facet normal 0.0654038 -0.997859 0
    outer loop
      vertex 0 -2.725 49.8047
      vertex 0 -2.725 0
      vertex 0.355684 -2.70169 0
    endloop
  endfacet
  facet normal 0.0654038 -0.997859 0
    outer loop
      vertex 0.355684 -2.70169 49.8047
      vertex 0 -2.725 49.8047
      vertex 0.355684 -2.70169 0
    endloop
  endfacet
  facet normal 0.195089 -0.980785 0
    outer loop
      vertex 0.355684 -2.70169 49.8047
      vertex 0.355684 -2.70169 0
      vertex 0.705282 -2.63215 0
    endloop
  endfacet
  facet normal 0.195089 -0.980785 0
    outer loop
      vertex 0.705282 -2.63215 49.8047
      vertex 0.355684 -2.70169 49.8047
      vertex 0.705282 -2.63215 0
    endloop
  endfacet
  facet normal 0.321439 -0.94693 0
    outer loop
      vertex 0.705282 -2.63215 49.8047
      vertex 0.705282 -2.63215 0
      vertex 1.04281 -2.51757 0
    endloop
  endfacet
  facet normal 0.321439 -0.94693 0
    outer loop
      vertex 1.04281 -2.51757 49.8047
      vertex 0.705282 -2.63215 49.8047
      vertex 1.04281 -2.51757 0
    endloop
  endfacet
  facet normal 0.442289 -0.896872 0
    outer loop
      vertex 1.04281 -2.51757 49.8047
      vertex 1.04281 -2.51757 0
      vertex 1.3625 -2.35992 0
    endloop
  endfacet
  facet normal 0.442289 -0.896872 0
    outer loop
      vertex 1.3625 -2.35992 49.8047
      vertex 1.04281 -2.51757 49.8047
      vertex 1.3625 -2.35992 0
    endloop
  endfacet
  facet normal 0.555569 -0.83147 0
    outer loop
      vertex 1.3625 -2.35992 49.8047
      vertex 1.3625 -2.35992 0
      vertex 1.65887 -2.16189 0
    endloop
  endfacet
  facet normal 0.555569 -0.83147 0
    outer loop
      vertex 1.65887 -2.16189 49.8047
      vertex 1.3625 -2.35992 49.8047
      vertex 1.65887 -2.16189 0
    endloop
  endfacet
  facet normal 0.659346 -0.75184 0
    outer loop
      vertex 1.65887 -2.16189 49.8047
      vertex 1.65887 -2.16189 0
      vertex 1.92687 -1.92687 0
    endloop
  endfacet
  facet normal 0.659346 -0.75184 0
    outer loop
      vertex 1.92687 -1.92687 49.8047
      vertex 1.65887 -2.16189 49.8047
      vertex 1.92687 -1.92687 0
    endloop
  endfacet
  facet normal 0.75184 -0.659346 0
    outer loop
      vertex 1.92687 -1.92687 49.8047
      vertex 1.92687 -1.92687 0
      vertex 2.16189 -1.65887 0
    endloop
  endfacet
  facet normal 0.75184 -0.659346 0
    outer loop
      vertex 2.16189 -1.65887 49.8047
      vertex 1.92687 -1.92687 49.8047
      vertex 2.16189 -1.65887 0
    endloop
  endfacet
  facet normal 0.83147 -0.555569 0
    outer loop
      vertex 2.16189 -1.65887 49.8047
      vertex 2.16189 -1.65887 0
      vertex 2.35992 -1.3625 0
    endloop
  endfacet
  facet normal 0.83147 -0.555569 0
    outer loop
      vertex 2.35992 -1.3625 49.8047
      vertex 2.16189 -1.65887 49.8047
      vertex 2.35992 -1.3625 0
    endloop
  endfacet
  facet normal 0.896872 -0.442289 0
    outer loop
      vertex 2.35992 -1.3625 49.8047
      vertex 2.35992 -1.3625 0
      vertex 2.51757 -1.04281 0
    endloop
  endfacet
  facet normal 0.896872 -0.442289 0
    outer loop
      vertex 2.51757 -1.04281 49.8047
      vertex 2.35992 -1.3625 49.8047
      vertex 2.51757 -1.04281 0
    endloop
  endfacet
  facet normal 0.94693 -0.321439 0
    outer loop
      vertex 2.51757 -1.04281 49.8047
      vertex 2.51757 -1.04281 0
      vertex 2.63215 -0.705282 0
    endloop
  endfacet
  facet normal 0.94693 -0.321439 0
    outer loop
      vertex 2.63215 -0.705282 49.8047
      vertex 2.51757 -1.04281 49.8047
      vertex 2.63215 -0.705282 0
    endloop
  endfacet
  facet normal 0.980785 -0.195089 0
    outer loop
      vertex 2.63215 -0.705282 49.8047
      vertex 2.63215 -0.705282 0
      vertex 2.70169 -0.355684 0
    endloop
  endfacet
  facet normal 0.980785 -0.195089 0
    outer loop
      vertex 2.70169 -0.355684 49.8047
      vertex 2.63215 -0.705282 49.8047
      vertex 2.70169 -0.355684 0
    endloop
  endfacet
  facet normal 0.997859 -0.0654038 0
    outer loop
      vertex 2.70169 -0.355684 49.8047
      vertex 2.70169 -0.355684 0
      vertex 2.725 0 0
    endloop
  endfacet
  facet normal 0.997859 -0.0654038 0
    outer loop
      vertex 2.725 0 49.8047
      vertex 2.70169 -0.355684 49.8047
      vertex 2.725 0 0
    endloop
  endfacet
  facet normal 0.997859 0.0654038 0
    outer loop
      vertex 2.725 0 0
      vertex 2.70169 0.355684 0
      vertex 2.70169 0.355684 49.8047
    endloop
  endfacet
  facet normal 0.997859 0.0654038 0
    outer loop
      vertex 2.725 0 49.8047
      vertex 2.725 0 0
      vertex 2.70169 0.355684 49.8047
    endloop
  endfacet
  facet normal 0.980785 0.195089 0
    outer loop
      vertex 2.70169 0.355684 0
      vertex 2.63215 0.705282 0
      vertex 2.63215 0.705282 49.8047
    endloop
  endfacet
  facet normal 0.980785 0.195089 0
    outer loop
      vertex 2.70169 0.355684 49.8047
      vertex 2.70169 0.355684 0
      vertex 2.63215 0.705282 49.8047
    endloop
  endfacet
  facet normal 0.94693 0.321439 0
    outer loop
      vertex 2.63215 0.705282 0
      vertex 2.51757 1.04281 0
      vertex 2.51757 1.04281 49.8047
    endloop
  endfacet
  facet normal 0.94693 0.321439 0
    outer loop
      vertex 2.63215 0.705282 49.8047
      vertex 2.63215 0.705282 0
      vertex 2.51757 1.04281 49.8047
    endloop
  endfacet
  facet normal 0.896872 0.442289 0
    outer loop
      vertex 2.51757 1.04281 0
      vertex 2.35992 1.3625 0
      vertex 2.35992 1.3625 49.8047
    endloop
  endfacet
  facet normal 0.896872 0.442289 0
    outer loop
      vertex 2.51757 1.04281 49.8047
      vertex 2.51757 1.04281 0
      vertex 2.35992 1.3625 49.8047
    endloop
  endfacet
  facet normal 0.83147 0.555569 0
    outer loop
      vertex 2.35992 1.3625 0
      vertex 2.16189 1.65887 0
      vertex 2.16189 1.65887 49.8047
    endloop
  endfacet
  facet normal 0.83147 0.555569 0
    outer loop
      vertex 2.35992 1.3625 49.8047
      vertex 2.35992 1.3625 0
      vertex 2.16189 1.65887 49.8047
    endloop
  endfacet
  facet normal 0.75184 0.659346 0
    outer loop
      vertex 2.16189 1.65887 0
      vertex 1.92687 1.92687 0
      vertex 1.92687 1.92687 49.8047
    endloop
  endfacet
  facet normal 0.75184 0.659346 0
    outer loop
      vertex 2.16189 1.65887 49.8047
      vertex 2.16189 1.65887 0
      vertex 1.92687 1.92687 49.8047
    endloop
  endfacet
  facet normal 0.659346 0.75184 0
    outer loop
      vertex 1.65887 2.16189 0
      vertex 1.65887 2.16189 49.8047
      vertex 1.92687 1.92687 0
    endloop
  endfacet
  facet normal 0.659346 0.75184 0
    outer loop
      vertex 1.92687 1.92687 0
      vertex 1.65887 2.16189 49.8047
      vertex 1.92687 1.92687 49.8047
    endloop
  endfacet
  facet normal 0.555569 0.83147 0
    outer loop
      vertex 1.3625 2.35992 0
      vertex 1.3625 2.35992 49.8047
      vertex 1.65887 2.16189 0
    endloop
  endfacet
  facet normal 0.555569 0.83147 0
    outer loop
      vertex 1.65887 2.16189 0
      vertex 1.3625 2.35992 49.8047
      vertex 1.65887 2.16189 49.8047
    endloop
  endfacet
  facet normal 0.442289 0.896872 0
    outer loop
      vertex 1.04281 2.51757 0
      vertex 1.04281 2.51757 49.8047
      vertex 1.3625 2.35992 0
    endloop
  endfacet
  facet normal 0.442289 0.896872 0
    outer loop
      vertex 1.3625 2.35992 0
      vertex 1.04281 2.51757 49.8047
      vertex 1.3625 2.35992 49.8047
    endloop
  endfacet
  facet normal 0.321439 0.94693 0
    outer loop
      vertex 0.705282 2.63215 0
      vertex 0.705282 2.63215 49.8047
      vertex 1.04281 2.51757 0
    endloop
  endfacet
  facet normal 0.321439 0.94693 0
    outer loop
      vertex 1.04281 2.51757 0
      vertex 0.705282 2.63215 49.8047
      vertex 1.04281 2.51757 49.8047
    endloop
  endfacet
  facet normal 0.195089 0.980785 0
    outer loop
      vertex 0.355684 2.70169 0
      vertex 0.355684 2.70169 49.8047
      vertex 0.705282 2.63215 0
    endloop
  endfacet
  facet normal 0.195089 0.980785 0
    outer loop
      vertex 0.705282 2.63215 0
      vertex 0.355684 2.70169 49.8047
      vertex 0.705282 2.63215 49.8047
    endloop
  endfacet
  facet normal 0.0654038 0.997859 0
    outer loop
      vertex 0 2.725 0
      vertex 0 2.725 49.8047
      vertex 0.355684 2.70169 0
    endloop
  endfacet
  facet normal 0.0654038 0.997859 0
    outer loop
      vertex 0.355684 2.70169 0
      vertex 0 2.725 49.8047
      vertex 0.355684 2.70169 49.8047
    endloop
  endfacet
  facet normal -0.0654038 0.997859 0
    outer loop
      vertex -0.355684 2.70169 0
      vertex -0.355684 2.70169 49.8047
      vertex 0 2.725 0
    endloop
  endfacet
  facet normal -0.0654038 0.997859 0
    outer loop
      vertex 0 2.725 0
      vertex -0.355684 2.70169 49.8047
      vertex 0 2.725 49.8047
    endloop
  endfacet
  facet normal -0.195089 0.980785 0
    outer loop
      vertex -0.705282 2.63215 0
      vertex -0.705282 2.63215 49.8047
      vertex -0.355684 2.70169 0
    endloop
  endfacet
  facet normal -0.195089 0.980785 0
    outer loop
      vertex -0.355684 2.70169 0
      vertex -0.705282 2.63215 49.8047
      vertex -0.355684 2.70169 49.8047
    endloop
  endfacet
  facet normal -0.321439 0.94693 0
    outer loop
      vertex -1.04281 2.51757 0
      vertex -1.04281 2.51757 49.8047
      vertex -0.705282 2.63215 0
    endloop
  endfacet
  facet normal -0.321439 0.94693 0
    outer loop
      vertex -0.705282 2.63215 0
      vertex -1.04281 2.51757 49.8047
      vertex -0.705282 2.63215 49.8047
    endloop
  endfacet
  facet normal -0.442289 0.896872 0
    outer loop
      vertex -1.3625 2.35992 0
      vertex -1.3625 2.35992 49.8047
      vertex -1.04281 2.51757 0
    endloop
  endfacet
  facet normal -0.442289 0.896872 0
    outer loop
      vertex -1.04281 2.51757 0
      vertex -1.3625 2.35992 49.8047
      vertex -1.04281 2.51757 49.8047
    endloop
  endfacet
  facet normal -0.555569 0.83147 0
    outer loop
      vertex -1.65887 2.16189 0
      vertex -1.65887 2.16189 49.8047
      vertex -1.3625 2.35992 0
    endloop
  endfacet
  facet normal -0.555569 0.83147 0
    outer loop
      vertex -1.3625 2.35992 0
      vertex -1.65887 2.16189 49.8047
      vertex -1.3625 2.35992 49.8047
    endloop
  endfacet
  facet normal -0.659346 0.75184 0
    outer loop
      vertex -1.92687 1.92687 0
      vertex -1.92687 1.92687 49.8047
      vertex -1.65887 2.16189 0
    endloop
  endfacet
  facet normal -0.659346 0.75184 0
    outer loop
      vertex -1.65887 2.16189 0
      vertex -1.92687 1.92687 49.8047
      vertex -1.65887 2.16189 49.8047
    endloop
  endfacet
  facet normal -0.75184 0.659346 0
    outer loop
      vertex -2.16189 1.65887 0
      vertex -2.16189 1.65887 49.8047
      vertex -1.92687 1.92687 0
    endloop
  endfacet
  facet normal -0.75184 0.659346 0
    outer loop
      vertex -1.92687 1.92687 0
      vertex -2.16189 1.65887 49.8047
      vertex -1.92687 1.92687 49.8047
    endloop
  endfacet
  facet normal -0.83147 0.555569 0
    outer loop
      vertex -2.35992 1.3625 0
      vertex -2.35992 1.3625 49.8047
      vertex -2.16189 1.65887 0
    endloop
  endfacet
  facet normal -0.83147 0.555569 0
    outer loop
      vertex -2.16189 1.65887 0
      vertex -2.35992 1.3625 49.8047
      vertex -2.16189 1.65887 49.8047
    endloop
  endfacet
  facet normal -0.896872 0.442289 0
    outer loop
      vertex -2.51757 1.04281 0
      vertex -2.51757 1.04281 49.8047
      vertex -2.35992 1.3625 0
    endloop
  endfacet
  facet normal -0.896872 0.442289 0
    outer loop
      vertex -2.35992 1.3625 0
      vertex -2.51757 1.04281 49.8047
      vertex -2.35992 1.3625 49.8047
    endloop
  endfacet
  facet normal -0.94693 0.321439 0
    outer loop
      vertex -2.63215 0.705282 0
      vertex -2.63215 0.705282 49.8047
      vertex -2.51757 1.04281 0
    endloop
  endfacet
  facet normal -0.94693 0.321439 0
    outer loop
      vertex -2.51757 1.04281 0
      vertex -2.63215 0.705282 49.8047
      vertex -2.51757 1.04281 49.8047
    endloop
  endfacet
  facet normal -0.980785 0.195089 0
    outer loop
      vertex -2.70169 0.355684 0
      vertex -2.70169 0.355684 49.8047
      vertex -2.63215 0.705282 0
    endloop
  endfacet
  facet normal -0.980785 0.195089 0
    outer loop
      vertex -2.63215 0.705282 0
      vertex -2.70169 0.355684 49.8047
      vertex -2.63215 0.705282 49.8047
    endloop
  endfacet
  facet normal 0 0 1
    outer loop
      vertex -2.70169 0.355684 49.8047
      vertex -2.725 0 49.8047
      vertex -2.70169 -0.355684 49.8047
    endloop
  endfacet
  facet normal 0 0 1
    outer loop
      vertex -2.51757 -1.04281 49.8047
      vertex -2.70169 0.355684 49.8047
      vertex -2.63215 -0.705282 49.8047
    endloop
  endfacet
  facet normal 0 0 1
    outer loop
      vertex -2.63215 -0.705282 49.8047
      vertex -2.70169 0.355684 49.8047
      vertex -2.70169 -0.355684 49.8047
    endloop
  endfacet
  facet normal 0 0 1
    outer loop
      vertex -2.35992 -1.3625 49.8047
      vertex -2.70169 0.355684 49.8047
      vertex -2.51757 -1.04281 49.8047
    endloop
  endfacet
  facet normal 0 0 1
    outer loop
      vertex -2.16189 -1.65887 49.8047
      vertex -2.70169 0.355684 49.8047
      vertex -2.35992 -1.3625 49.8047
    endloop
  endfacet
  facet normal 0 0 1
    outer loop
      vertex -1.92687 -1.92687 49.8047
      vertex -2.70169 0.355684 49.8047
      vertex -2.16189 -1.65887 49.8047
    endloop
  endfacet
  facet normal 0 0 1
    outer loop
      vertex -1.65887 -2.16189 49.8047
      vertex -2.70169 0.355684 49.8047
      vertex -1.92687 -1.92687 49.8047
    endloop
  endfacet
  facet normal 0 0 1
    outer loop
      vertex -1.3625 -2.35992 49.8047
      vertex -2.70169 0.355684 49.8047
      vertex -1.65887 -2.16189 49.8047
    endloop
  endfacet
  facet normal 0 0 1
    outer loop
      vertex -1.04281 -2.51757 49.8047
      vertex -2.70169 0.355684 49.8047
      vertex -1.3625 -2.35992 49.8047
    endloop
  endfacet
  facet normal 0 0 1
    outer loop
      vertex -0.705282 -2.63215 49.8047
      vertex -2.70169 0.355684 49.8047
      vertex -1.04281 -2.51757 49.8047
    endloop
  endfacet
  facet normal 0 0 1
    outer loop
      vertex -0.355684 -2.70169 49.8047
      vertex -2.70169 0.355684 49.8047
      vertex -0.705282 -2.63215 49.8047
    endloop
  endfacet
  facet normal 0 0 1
    outer loop
      vertex 0 -2.725 49.8047
      vertex -2.70169 0.355684 49.8047
      vertex -0.355684 -2.70169 49.8047
    endloop
  endfacet
  facet normal 0 0 1
    outer loop
      vertex 0.355684 -2.70169 49.8047
      vertex -2.70169 0.355684 49.8047
      vertex 0 -2.725 49.8047
    endloop
  endfacet
  facet normal 0 0 1
    outer loop
      vertex 0.705282 -2.63215 49.8047
      vertex -2.70169 0.355684 49.8047
      vertex 0.355684 -2.70169 49.8047
    endloop
  endfacet
  facet normal 0 0 1
    outer loop
      vertex 1.04281 -2.51757 49.8047
      vertex -2.70169 0.355684 49.8047
      vertex 0.705282 -2.63215 49.8047
    endloop
  endfacet
  facet normal 0 0 1
    outer loop
      vertex 1.3625 -2.35992 49.8047
      vertex -2.70169 0.355684 49.8047
      vertex 1.04281 -2.51757 49.8047
    endloop
  endfacet
  facet normal 0 0 1
    outer loop
      vertex 1.65887 -2.16189 49.8047
      vertex -2.70169 0.355684 49.8047
      vertex 1.3625 -2.35992 49.8047
    endloop
  endfacet
  facet normal 0 0 1
    outer loop
      vertex 1.92687 -1.92687 49.8047
      vertex -2.70169 0.355684 49.8047
      vertex 1.65887 -2.16189 49.8047
    endloop
  endfacet
  facet normal 0 0 1
    outer loop
      vertex 2.16189 -1.65887 49.8047
      vertex -2.70169 0.355684 49.8047
      vertex 1.92687 -1.92687 49.8047
    endloop
  endfacet
  facet normal 0 0 1
    outer loop
      vertex 2.35992 -1.3625 49.8047
      vertex -2.70169 0.355684 49.8047
      vertex 2.16189 -1.65887 49.8047
    endloop
  endfacet
  facet normal 0 0 1
    outer loop
      vertex 2.51757 -1.04281 49.8047
      vertex -2.70169 0.355684 49.8047
      vertex 2.35992 -1.3625 49.8047
    endloop
  endfacet
  facet normal 0 0 1
    outer loop
      vertex 2.63215 -0.705282 49.8047
      vertex -2.70169 0.355684 49.8047
      vertex 2.51757 -1.04281 49.8047
    endloop
  endfacet
  facet normal 0 0 1
    outer loop
      vertex 2.70169 -0.355684 49.8047
      vertex -2.70169 0.355684 49.8047
      vertex 2.63215 -0.705282 49.8047
    endloop
  endfacet
  facet normal 0 0 1
    outer loop
      vertex 2.725 0 49.8047
      vertex -2.70169 0.355684 49.8047
      vertex 2.70169 -0.355684 49.8047
    endloop
  endfacet
  facet normal 0 0 1
    outer loop
      vertex 2.70169 0.355684 49.8047
      vertex -2.70169 0.355684 49.8047
      vertex 2.725 0 49.8047
    endloop
  endfacet
  facet normal 0 0 1
    outer loop
      vertex 2.63215 0.705282 49.8047
      vertex -2.70169 0.355684 49.8047
      vertex 2.70169 0.355684 49.8047
    endloop
  endfacet
  facet normal 0 0 1
    outer loop
      vertex 2.51757 1.04281 49.8047
      vertex -2.70169 0.355684 49.8047
      vertex 2.63215 0.705282 49.8047
    endloop
  endfacet
  facet normal 0 0 1
    outer loop
      vertex 2.35992 1.3625 49.8047
      vertex -2.70169 0.355684 49.8047
      vertex 2.51757 1.04281 49.8047
    endloop
  endfacet
  facet normal 0 0 1
    outer loop
      vertex 2.16189 1.65887 49.8047
      vertex -2.70169 0.355684 49.8047
      vertex 2.35992 1.3625 49.8047
    endloop
  endfacet
  facet normal 0 0 1
    outer loop
      vertex 1.92687 1.92687 49.8047
      vertex -2.70169 0.355684 49.8047
      vertex 2.16189 1.65887 49.8047
    endloop
  endfacet
  facet normal 0 0 1
    outer loop
      vertex 1.65887 2.16189 49.8047
      vertex -2.70169 0.355684 49.8047
      vertex 1.92687 1.92687 49.8047
    endloop
  endfacet
  facet normal 0 0 1
    outer loop
      vertex 1.3625 2.35992 49.8047
      vertex -2.70169 0.355684 49.8047
      vertex 1.65887 2.16189 49.8047
    endloop
  endfacet
  facet normal 0 0 1
    outer loop
      vertex 1.04281 2.51757 49.8047
      vertex -2.70169 0.355684 49.8047
      vertex 1.3625 2.35992 49.8047
    endloop
  endfacet
  facet normal 0 0 1
    outer loop
      vertex 0.705282 2.63215 49.8047
      vertex -2.70169 0.355684 49.8047
      vertex 1.04281 2.51757 49.8047
    endloop
  endfacet
  facet normal 0 0 1
    outer loop
      vertex 0.355684 2.70169 49.8047
      vertex -2.70169 0.355684 49.8047
      vertex 0.705282 2.63215 49.8047
    endloop
  endfacet
  facet normal 0 0 1
    outer loop
      vertex 0 2.725 49.8047
      vertex -2.70169 0.355684 49.8047
      vertex 0.355684 2.70169 49.8047
    endloop
  endfacet
  facet normal 0 0 1
    outer loop
      vertex -0.355684 2.70169 49.8047
      vertex -2.70169 0.355684 49.8047
      vertex 0 2.725 49.8047
    endloop
  endfacet
  facet normal 0 0 1
    outer loop
      vertex -0.705282 2.63215 49.8047
      vertex -2.70169 0.355684 49.8047
      vertex -0.355684 2.70169 49.8047
    endloop
  endfacet
  facet normal 0 0 1
    outer loop
      vertex -1.04281 2.51757 49.8047
      vertex -2.70169 0.355684 49.8047
      vertex -0.705282 2.63215 49.8047
    endloop
  endfacet
  facet normal 0 0 1
    outer loop
      vertex -1.3625 2.35992 49.8047
      vertex -2.70169 0.355684 49.8047
      vertex -1.04281 2.51757 49.8047
    endloop
  endfacet
  facet normal 0 0 1
    outer loop
      vertex -1.65887 2.16189 49.8047
      vertex -2.70169 0.355684 49.8047
      vertex -1.3625 2.35992 49.8047
    endloop
  endfacet
  facet normal 0 0 1
    outer loop
      vertex -1.92687 1.92687 49.8047
      vertex -2.70169 0.355684 49.8047
      vertex -1.65887 2.16189 49.8047
    endloop
  endfacet
  facet normal 0 0 1
    outer loop
      vertex -2.16189 1.65887 49.8047
      vertex -2.70169 0.355684 49.8047
      vertex -1.92687 1.92687 49.8047
    endloop
  endfacet
  facet normal 0 0 1
    outer loop
      vertex -2.35992 1.3625 49.8047
      vertex -2.70169 0.355684 49.8047
      vertex -2.16189 1.65887 49.8047
    endloop
  endfacet
  facet normal 0 0 1
    outer loop
      vertex -2.51757 1.04281 49.8047
      vertex -2.70169 0.355684 49.8047
      vertex -2.35992 1.3625 49.8047
    endloop
  endfacet
  facet normal 0 0 1
    outer loop
      vertex -2.63215 0.705282 49.8047
      vertex -2.70169 0.355684 49.8047
      vertex -2.51757 1.04281 49.8047
    endloop
  endfacet
  facet normal 0 0 -1
    outer loop
      vertex -5.85 0 0
      vertex -5.79995 0.763578 0
      vertex -5.79995 -0.763578 0
    endloop
  endfacet
  facet normal 0 0 -1
    outer loop
      vertex -5.79995 -0.763578 0
      vertex -5.79995 0.763578 0
      vertex -5.65067 1.51409 0
    endloop
  endfacet
  facet normal 0 0 -1
    outer loop
      vertex -5.79995 -0.763578 0
      vertex -5.65067 1.51409 0
      vertex -5.40469 2.2387 0
    endloop
  endfacet
  facet normal 0 0 -1
    outer loop
      vertex -5.79995 -0.763578 0
      vertex -5.40469 2.2387 0
      vertex -5.06625 2.925 0
    endloop
  endfacet
  facet normal 0 0 -1
    outer loop
      vertex -5.79995 -0.763578 0
      vertex -5.06625 2.925 0
      vertex -4.64112 3.56125 0
    endloop
  endfacet
  facet normal 0 0 -1
    outer loop
      vertex -5.79995 -0.763578 0
      vertex -4.64112 3.56125 0
      vertex -4.13657 4.13657 0
    endloop
  endfacet
  facet normal 0 0 -1
    outer loop
      vertex -5.79995 -0.763578 0
      vertex -4.13657 4.13657 0
      vertex -3.56125 4.64112 0
    endloop
  endfacet
  facet normal 0 0 -1
    outer loop
      vertex -5.79995 -0.763578 0
      vertex -3.56125 4.64112 0
      vertex -2.925 5.06625 0
    endloop
  endfacet
  facet normal 0 0 -1
    outer loop
      vertex -5.79995 -0.763578 0
      vertex -2.925 5.06625 0
      vertex -2.2387 5.40469 0
    endloop
  endfacet
  facet normal 0 0 -1
    outer loop
      vertex -5.79995 -0.763578 0
      vertex -2.2387 5.40469 0
      vertex -1.51409 5.65067 0
    endloop
  endfacet
  facet normal 0 0 -1
    outer loop
      vertex -5.79995 -0.763578 0
      vertex -1.51409 5.65067 0
      vertex -0.763578 5.79995 0
    endloop
  endfacet
  facet normal 0 0 -1
    outer loop
      vertex -5.79995 -0.763578 0
      vertex -0.763578 5.79995 0
      vertex 0 5.85 0
    endloop
  endfacet
  facet normal 0 0 -1
    outer loop
      vertex -5.79995 -0.763578 0
      vertex 0 5.85 0
      vertex 0.763578 5.79995 0
    endloop
  endfacet
  facet normal 0 0 -1
    outer loop
      vertex -1.34896 3.25667 0
      vertex 0.763578 5.79995 0
      vertex 1.51409 5.65067 0
    endloop
  endfacet
  facet normal 0 0 -1
    outer loop
      vertex -0.460105 3.49484 0
      vertex 1.51409 5.65067 0
      vertex 2.2387 5.40469 0
    endloop
  endfacet
  facet normal 0 0 -1
    outer loop
      vertex 0.460105 3.49484 0
      vertex 2.2387 5.40469 0
      vertex 2.925 5.06625 0
    endloop
  endfacet
  facet normal 0 0 -1
    outer loop
      vertex 0.912337 3.40489 0
      vertex 2.925 5.06625 0
      vertex 3.56125 4.64112 0
    endloop
  endfacet
  facet normal 0 0 -1
    outer loop
      vertex 1.7625 3.05274 0
      vertex 3.56125 4.64112 0
      vertex 4.13657 4.13657 0
    endloop
  endfacet
  facet normal 0 0 -1
    outer loop
      vertex 2.14588 2.79657 0
      vertex 4.13657 4.13657 0
      vertex 4.64112 3.56125 0
    endloop
  endfacet
  facet normal 0 0 -1
    outer loop
      vertex 2.49255 2.49255 0
      vertex 4.64112 3.56125 0
      vertex 5.06625 2.925 0
    endloop
  endfacet
  facet normal 0 0 -1
    outer loop
      vertex 3.05274 1.7625 0
      vertex 5.06625 2.925 0
      vertex 5.40469 2.2387 0
    endloop
  endfacet
  facet normal 0 0 -1
    outer loop
      vertex 3.25667 1.34896 0
      vertex 5.40469 2.2387 0
      vertex 5.65067 1.51409 0
    endloop
  endfacet
  facet normal 0 0 -1
    outer loop
      vertex 3.49484 0.460105 0
      vertex 5.65067 1.51409 0
      vertex 5.79995 0.763578 0
    endloop
  endfacet
  facet normal 0 0 -1
    outer loop
      vertex 3.525 0 0
      vertex 5.79995 0.763578 0
      vertex 5.85 0 0
    endloop
  endfacet
  facet normal 0 0 -1
    outer loop
      vertex 3.49484 -0.460105 0
      vertex 5.85 0 0
      vertex 5.79995 -0.763578 0
    endloop
  endfacet
  facet normal 0 0 -1
    outer loop
      vertex 3.25667 -1.34896 0
      vertex 5.79995 -0.763578 0
      vertex 5.65067 -1.51409 0
    endloop
  endfacet
  facet normal 0 0 -1
    outer loop
      vertex 3.05274 -1.7625 0
      vertex 5.65067 -1.51409 0
      vertex 5.40469 -2.2387 0
    endloop
  endfacet
  facet normal 0 0 -1
    outer loop
      vertex 2.79657 -2.14588 0
      vertex 5.40469 -2.2387 0
      vertex 5.06625 -2.925 0
    endloop
  endfacet
  facet normal 0 0 -1
    outer loop
      vertex 2.14588 -2.79657 0
      vertex 5.06625 -2.925 0
      vertex 4.64112 -3.56125 0
    endloop
  endfacet
  facet normal 0 0 -1
    outer loop
      vertex 1.7625 -3.05274 0
      vertex 4.64112 -3.56125 0
      vertex 4.13657 -4.13657 0
    endloop
  endfacet
  facet normal 0 0 -1
    outer loop
      vertex 0.912337 -3.40489 0
      vertex 4.13657 -4.13657 0
      vertex 3.56125 -4.64112 0
    endloop
  endfacet
  facet normal 0 0 -1
    outer loop
      vertex 0 -3.525 0
      vertex 3.56125 -4.64112 0
      vertex 2.925 -5.06625 0
    endloop
  endfacet
  facet normal 0 0 -1
    outer loop
      vertex -0.912337 -3.40489 0
      vertex 2.925 -5.06625 0
      vertex 2.2387 -5.40469 0
    endloop
  endfacet
  facet normal 0 0 -1
    outer loop
      vertex -5.79995 -0.763578 0
      vertex 2.2387 -5.40469 0
      vertex 1.51409 -5.65067 0
    endloop
  endfacet
  facet normal 0 0 -1
    outer loop
      vertex -5.79995 -0.763578 0
      vertex 1.51409 -5.65067 0
      vertex 0.763578 -5.79995 0
    endloop
  endfacet
  facet normal 0 0 -1
    outer loop
      vertex -5.79995 -0.763578 0
      vertex 0.763578 -5.79995 0
      vertex 0 -5.85 0
    endloop
  endfacet
  facet normal 0 0 -1
    outer loop
      vertex -5.79995 -0.763578 0
      vertex 0 -5.85 0
      vertex -0.763578 -5.79995 0
    endloop
  endfacet
  facet normal 0 0 -1
    outer loop
      vertex -5.79995 -0.763578 0
      vertex -0.763578 -5.79995 0
      vertex -1.51409 -5.65067 0
    endloop
  endfacet
  facet normal 0 0 -1
    outer loop
      vertex -5.79995 -0.763578 0
      vertex -1.51409 -5.65067 0
      vertex -2.2387 -5.40469 0
    endloop
  endfacet
  facet normal 0 0 -1
    outer loop
      vertex -5.79995 -0.763578 0
      vertex -2.2387 -5.40469 0
      vertex -2.925 -5.06625 0
    endloop
  endfacet
  facet normal 0 0 -1
    outer loop
      vertex -5.79995 -0.763578 0
      vertex -2.925 -5.06625 0
      vertex -3.56125 -4.64112 0
    endloop
  endfacet
  facet normal 0 0 -1
    outer loop
      vertex -5.79995 -0.763578 0
      vertex -3.56125 -4.64112 0
      vertex -4.13657 -4.13657 0
    endloop
  endfacet
  facet normal 0 0 -1
    outer loop
      vertex -5.79995 -0.763578 0
      vertex -4.13657 -4.13657 0
      vertex -4.64112 -3.56125 0
    endloop
  endfacet
  facet normal 0 0 -1
    outer loop
      vertex -5.79995 -0.763578 0
      vertex -4.64112 -3.56125 0
      vertex -5.06625 -2.925 0
    endloop
  endfacet
  facet normal 0 0 -1
    outer loop
      vertex -5.79995 -0.763578 0
      vertex -5.06625 -2.925 0
      vertex -5.40469 -2.2387 0
    endloop
  endfacet
  facet normal 0 0 -1
    outer loop
      vertex -5.79995 -0.763578 0
      vertex -5.40469 -2.2387 0
      vertex -5.65067 -1.51409 0
    endloop
  endfacet
  facet normal 0 0 -1
    outer loop
      vertex -3.49484 -0.460105 0
      vertex -5.79995 -0.763578 0
      vertex -3.525 0 0
    endloop
  endfacet
  facet normal 0 0 -1
    outer loop
      vertex -3.40489 -0.912337 0
      vertex -5.79995 -0.763578 0
      vertex -3.49484 -0.460105 0
    endloop
  endfacet
  facet normal 0 0 -1
    outer loop
      vertex -3.25667 -1.34896 0
      vertex -5.79995 -0.763578 0
      vertex -3.40489 -0.912337 0
    endloop
  endfacet
  facet normal 0 0 -1
    outer loop
      vertex -3.05274 -1.7625 0
      vertex -5.79995 -0.763578 0
      vertex -3.25667 -1.34896 0
    endloop
  endfacet
  facet normal 0 0 -1
    outer loop
      vertex -2.79657 -2.14588 0
      vertex -5.79995 -0.763578 0
      vertex -3.05274 -1.7625 0
    endloop
  endfacet
  facet normal 0 0 -1
    outer loop
      vertex -2.49255 -2.49255 0
      vertex -5.79995 -0.763578 0
      vertex -2.79657 -2.14588 0
    endloop
  endfacet
  facet normal 0 0 -1
    outer loop
      vertex -1.34896 -3.25667 0
      vertex 2.2387 -5.40469 0
      vertex -1.7625 -3.05274 0
    endloop
  endfacet
  facet normal 0 0 -1
    outer loop
      vertex -5.79995 -0.763578 0
      vertex -2.49255 -2.49255 0
      vertex -2.14588 -2.79657 0
    endloop
  endfacet
  facet normal 0 0 -1
    outer loop
      vertex -5.79995 -0.763578 0
      vertex -2.14588 -2.79657 0
      vertex -1.7625 -3.05274 0
    endloop
  endfacet
  facet normal 0 0 -1
    outer loop
      vertex -5.79995 -0.763578 0
      vertex -1.7625 -3.05274 0
      vertex 2.2387 -5.40469 0
    endloop
  endfacet
  facet normal 0 0 -1
    outer loop
      vertex -0.912337 -3.40489 0
      vertex 2.2387 -5.40469 0
      vertex -1.34896 -3.25667 0
    endloop
  endfacet
  facet normal 0 0 -1
    outer loop
      vertex -0.460105 -3.49484 0
      vertex 2.925 -5.06625 0
      vertex -0.912337 -3.40489 0
    endloop
  endfacet
  facet normal 0 0 -1
    outer loop
      vertex 0 -3.525 0
      vertex 2.925 -5.06625 0
      vertex -0.460105 -3.49484 0
    endloop
  endfacet
  facet normal 0 0 -1
    outer loop
      vertex 0.460105 -3.49484 0
      vertex 3.56125 -4.64112 0
      vertex 0 -3.525 0
    endloop
  endfacet
  facet normal 0 0 -1
    outer loop
      vertex 0.912337 -3.40489 0
      vertex 3.56125 -4.64112 0
      vertex 0.460105 -3.49484 0
    endloop
  endfacet
  facet normal 0 0 -1
    outer loop
      vertex 1.34896 -3.25667 0
      vertex 4.13657 -4.13657 0
      vertex 0.912337 -3.40489 0
    endloop
  endfacet
  facet normal 0 0 -1
    outer loop
      vertex 1.7625 -3.05274 0
      vertex 4.13657 -4.13657 0
      vertex 1.34896 -3.25667 0
    endloop
  endfacet
  facet normal 0 0 -1
    outer loop
      vertex 2.49255 -2.49255 0
      vertex 5.06625 -2.925 0
      vertex 2.14588 -2.79657 0
    endloop
  endfacet
  facet normal 0 0 -1
    outer loop
      vertex 2.79657 -2.14588 0
      vertex 5.06625 -2.925 0
      vertex 2.49255 -2.49255 0
    endloop
  endfacet
  facet normal 0 0 -1
    outer loop
      vertex 2.14588 -2.79657 0
      vertex 4.64112 -3.56125 0
      vertex 1.7625 -3.05274 0
    endloop
  endfacet
  facet normal 0 0 -1
    outer loop
      vertex 3.40489 -0.912337 0
      vertex 5.79995 -0.763578 0
      vertex 3.25667 -1.34896 0
    endloop
  endfacet
  facet normal 0 0 -1
    outer loop
      vertex 3.49484 -0.460105 0
      vertex 5.79995 -0.763578 0
      vertex 3.40489 -0.912337 0
    endloop
  endfacet
  facet normal 0 0 -1
    outer loop
      vertex 3.25667 -1.34896 0
      vertex 5.65067 -1.51409 0
      vertex 3.05274 -1.7625 0
    endloop
  endfacet
  facet normal 0 0 -1
    outer loop
      vertex 3.49484 0.460105 0
      vertex 5.79995 0.763578 0
      vertex 3.525 0 0
    endloop
  endfacet
  facet normal 0 0 -1
    outer loop
      vertex 3.40489 0.912337 0
      vertex 5.65067 1.51409 0
      vertex 3.49484 0.460105 0
    endloop
  endfacet
  facet normal 0 0 -1
    outer loop
      vertex 3.525 0 0
      vertex 5.85 0 0
      vertex 3.49484 -0.460105 0
    endloop
  endfacet
  facet normal 0 0 -1
    outer loop
      vertex 3.05274 -1.7625 0
      vertex 5.40469 -2.2387 0
      vertex 2.79657 -2.14588 0
    endloop
  endfacet
  facet normal 0 0 -1
    outer loop
      vertex 2.79657 2.14588 0
      vertex 5.06625 2.925 0
      vertex 3.05274 1.7625 0
    endloop
  endfacet
  facet normal 0 0 -1
    outer loop
      vertex 2.49255 2.49255 0
      vertex 5.06625 2.925 0
      vertex 2.79657 2.14588 0
    endloop
  endfacet
  facet normal 0 0 -1
    outer loop
      vertex 3.05274 1.7625 0
      vertex 5.40469 2.2387 0
      vertex 3.25667 1.34896 0
    endloop
  endfacet
  facet normal 0 0 -1
    outer loop
      vertex 1.34896 3.25667 0
      vertex 3.56125 4.64112 0
      vertex 1.7625 3.05274 0
    endloop
  endfacet
  facet normal 0 0 -1
    outer loop
      vertex 3.25667 1.34896 0
      vertex 5.65067 1.51409 0
      vertex 3.40489 0.912337 0
    endloop
  endfacet
  facet normal 0 0 -1
    outer loop
      vertex 0.460105 3.49484 0
      vertex 2.925 5.06625 0
      vertex 0.912337 3.40489 0
    endloop
  endfacet
  facet normal 0 0 -1
    outer loop
      vertex 0 3.525 0
      vertex 2.2387 5.40469 0
      vertex 0.460105 3.49484 0
    endloop
  endfacet
  facet normal 0 0 -1
    outer loop
      vertex -0.460105 3.49484 0
      vertex 2.2387 5.40469 0
      vertex 0 3.525 0
    endloop
  endfacet
  facet normal 0 0 -1
    outer loop
      vertex -0.912337 3.40489 0
      vertex 1.51409 5.65067 0
      vertex -0.460105 3.49484 0
    endloop
  endfacet
  facet normal 0 0 -1
    outer loop
      vertex -1.34896 3.25667 0
      vertex 1.51409 5.65067 0
      vertex -0.912337 3.40489 0
    endloop
  endfacet
  facet normal 0 0 -1
    outer loop
      vertex -1.7625 3.05274 0
      vertex 0.763578 5.79995 0
      vertex -1.34896 3.25667 0
    endloop
  endfacet
  facet normal 0 0 -1
    outer loop
      vertex -2.79657 2.14588 0
      vertex -5.79995 -0.763578 0
      vertex -2.49255 2.49255 0
    endloop
  endfacet
  facet normal 0 0 -1
    outer loop
      vertex -2.14588 2.79657 0
      vertex 0.763578 5.79995 0
      vertex -1.7625 3.05274 0
    endloop
  endfacet
  facet normal 0 0 -1
    outer loop
      vertex -2.49255 2.49255 0
      vertex 0.763578 5.79995 0
      vertex -2.14588 2.79657 0
    endloop
  endfacet
  facet normal 0 0 -1
    outer loop
      vertex -5.79995 -0.763578 0
      vertex 0.763578 5.79995 0
      vertex -2.49255 2.49255 0
    endloop
  endfacet
  facet normal 0 0 -1
    outer loop
      vertex -3.05274 1.7625 0
      vertex -5.79995 -0.763578 0
      vertex -2.79657 2.14588 0
    endloop
  endfacet
  facet normal 0 0 -1
    outer loop
      vertex -3.25667 1.34896 0
      vertex -5.79995 -0.763578 0
      vertex -3.05274 1.7625 0
    endloop
  endfacet
  facet normal 0 0 -1
    outer loop
      vertex -3.40489 0.912337 0
      vertex -5.79995 -0.763578 0
      vertex -3.25667 1.34896 0
    endloop
  endfacet
  facet normal 0 0 -1
    outer loop
      vertex -3.49484 0.460105 0
      vertex -5.79995 -0.763578 0
      vertex -3.40489 0.912337 0
    endloop
  endfacet
  facet normal 0 0 -1
    outer loop
      vertex -3.525 0 0
      vertex -5.79995 -0.763578 0
      vertex -3.49484 0.460105 0
    endloop
  endfacet
  facet normal 0 0 -1
    outer loop
      vertex 0.912337 3.40489 0
      vertex 3.56125 4.64112 0
      vertex 1.34896 3.25667 0
    endloop
  endfacet
  facet normal 0 0 -1
    outer loop
      vertex 1.7625 3.05274 0
      vertex 4.13657 4.13657 0
      vertex 2.14588 2.79657 0
    endloop
  endfacet
  facet normal 0 0 -1
    outer loop
      vertex 2.14588 2.79657 0
      vertex 4.64112 3.56125 0
      vertex 2.49255 2.49255 0
    endloop
  endfacet
  facet normal -0.997859 0.0654037 0
    outer loop
      vertex -5.85 0 0
      vertex -5.85 0 48.2422
      vertex -5.79995 0.763578 0
    endloop
  endfacet
  facet normal -0.997859 0.0654037 0
    outer loop
      vertex -5.79995 0.763578 0
      vertex -5.85 0 48.2422
      vertex -5.79995 0.763578 48.2422
    endloop
  endfacet
  facet normal -0.997859 -0.0654037 0
    outer loop
      vertex -5.85 0 0
      vertex -5.79995 -0.763578 0
      vertex -5.85 0 48.2422
    endloop
  endfacet
  facet normal -0.997859 -0.0654037 0
    outer loop
      vertex -5.85 0 48.2422
      vertex -5.79995 -0.763578 0
      vertex -5.79995 -0.763578 48.2422
    endloop
  endfacet
  facet normal -0.980785 -0.19509 0
    outer loop
      vertex -5.79995 -0.763578 0
      vertex -5.65067 -1.51409 0
      vertex -5.79995 -0.763578 48.2422
    endloop
  endfacet
  facet normal -0.980785 -0.19509 0
    outer loop
      vertex -5.79995 -0.763578 48.2422
      vertex -5.65067 -1.51409 0
      vertex -5.65067 -1.51409 48.2422
    endloop
  endfacet
  facet normal -0.94693 -0.32144 0
    outer loop
      vertex -5.65067 -1.51409 0
      vertex -5.40469 -2.2387 0
      vertex -5.65067 -1.51409 48.2422
    endloop
  endfacet
  facet normal -0.94693 -0.32144 0
    outer loop
      vertex -5.65067 -1.51409 48.2422
      vertex -5.40469 -2.2387 0
      vertex -5.40469 -2.2387 48.2422
    endloop
  endfacet
  facet normal -0.896873 -0.442288 0
    outer loop
      vertex -5.40469 -2.2387 0
      vertex -5.06625 -2.925 0
      vertex -5.40469 -2.2387 48.2422
    endloop
  endfacet
  facet normal -0.896873 -0.442288 0
    outer loop
      vertex -5.40469 -2.2387 48.2422
      vertex -5.06625 -2.925 0
      vertex -5.06625 -2.925 48.2422
    endloop
  endfacet
  facet normal -0.831469 -0.555571 0
    outer loop
      vertex -5.06625 -2.925 0
      vertex -4.64112 -3.56125 0
      vertex -5.06625 -2.925 48.2422
    endloop
  endfacet
  facet normal -0.831469 -0.555571 0
    outer loop
      vertex -5.06625 -2.925 48.2422
      vertex -4.64112 -3.56125 0
      vertex -4.64112 -3.56125 48.2422
    endloop
  endfacet
  facet normal -0.75184 -0.659345 0
    outer loop
      vertex -4.64112 -3.56125 0
      vertex -4.13657 -4.13657 0
      vertex -4.64112 -3.56125 48.2422
    endloop
  endfacet
  facet normal -0.75184 -0.659345 0
    outer loop
      vertex -4.64112 -3.56125 48.2422
      vertex -4.13657 -4.13657 0
      vertex -4.13657 -4.13657 48.2422
    endloop
  endfacet
  facet normal -0.659345 -0.75184 0
    outer loop
      vertex -4.13657 -4.13657 48.2422
      vertex -4.13657 -4.13657 0
      vertex -3.56125 -4.64112 0
    endloop
  endfacet
  facet normal -0.659345 -0.75184 0
    outer loop
      vertex -3.56125 -4.64112 48.2422
      vertex -4.13657 -4.13657 48.2422
      vertex -3.56125 -4.64112 0
    endloop
  endfacet
  facet normal -0.555571 -0.831469 0
    outer loop
      vertex -3.56125 -4.64112 48.2422
      vertex -3.56125 -4.64112 0
      vertex -2.925 -5.06625 0
    endloop
  endfacet
  facet normal -0.555571 -0.831469 0
    outer loop
      vertex -2.925 -5.06625 48.2422
      vertex -3.56125 -4.64112 48.2422
      vertex -2.925 -5.06625 0
    endloop
  endfacet
  facet normal -0.442288 -0.896873 0
    outer loop
      vertex -2.925 -5.06625 48.2422
      vertex -2.925 -5.06625 0
      vertex -2.2387 -5.40469 0
    endloop
  endfacet
  facet normal -0.442288 -0.896873 0
    outer loop
      vertex -2.2387 -5.40469 48.2422
      vertex -2.925 -5.06625 48.2422
      vertex -2.2387 -5.40469 0
    endloop
  endfacet
  facet normal -0.32144 -0.94693 0
    outer loop
      vertex -2.2387 -5.40469 48.2422
      vertex -2.2387 -5.40469 0
      vertex -1.51409 -5.65067 0
    endloop
  endfacet
  facet normal -0.32144 -0.94693 0
    outer loop
      vertex -1.51409 -5.65067 48.2422
      vertex -2.2387 -5.40469 48.2422
      vertex -1.51409 -5.65067 0
    endloop
  endfacet
  facet normal -0.19509 -0.980785 0
    outer loop
      vertex -1.51409 -5.65067 48.2422
      vertex -1.51409 -5.65067 0
      vertex -0.763578 -5.79995 0
    endloop
  endfacet
  facet normal -0.19509 -0.980785 0
    outer loop
      vertex -0.763578 -5.79995 48.2422
      vertex -1.51409 -5.65067 48.2422
      vertex -0.763578 -5.79995 0
    endloop
  endfacet
  facet normal -0.0654037 -0.997859 0
    outer loop
      vertex -0.763578 -5.79995 48.2422
      vertex -0.763578 -5.79995 0
      vertex 0 -5.85 0
    endloop
  endfacet
  facet normal -0.0654037 -0.997859 0
    outer loop
      vertex 0 -5.85 48.2422
      vertex -0.763578 -5.79995 48.2422
      vertex 0 -5.85 0
    endloop
  endfacet
  facet normal 0.0654037 -0.997859 0
    outer loop
      vertex 0 -5.85 48.2422
      vertex 0 -5.85 0
      vertex 0.763578 -5.79995 0
    endloop
  endfacet
  facet normal 0.0654037 -0.997859 0
    outer loop
      vertex 0.763578 -5.79995 48.2422
      vertex 0 -5.85 48.2422
      vertex 0.763578 -5.79995 0
    endloop
  endfacet
  facet normal 0.19509 -0.980785 0
    outer loop
      vertex 0.763578 -5.79995 48.2422
      vertex 0.763578 -5.79995 0
      vertex 1.51409 -5.65067 0
    endloop
  endfacet
  facet normal 0.19509 -0.980785 0
    outer loop
      vertex 1.51409 -5.65067 48.2422
      vertex 0.763578 -5.79995 48.2422
      vertex 1.51409 -5.65067 0
    endloop
  endfacet
  facet normal 0.32144 -0.94693 0
    outer loop
      vertex 1.51409 -5.65067 48.2422
      vertex 1.51409 -5.65067 0
      vertex 2.2387 -5.40469 0
    endloop
  endfacet
  facet normal 0.32144 -0.94693 0
    outer loop
      vertex 2.2387 -5.40469 48.2422
      vertex 1.51409 -5.65067 48.2422
      vertex 2.2387 -5.40469 0
    endloop
  endfacet
  facet normal 0.442288 -0.896873 0
    outer loop
      vertex 2.2387 -5.40469 48.2422
      vertex 2.2387 -5.40469 0
      vertex 2.925 -5.06625 0
    endloop
  endfacet
  facet normal 0.442288 -0.896873 0
    outer loop
      vertex 2.925 -5.06625 48.2422
      vertex 2.2387 -5.40469 48.2422
      vertex 2.925 -5.06625 0
    endloop
  endfacet
  facet normal 0.555571 -0.831469 0
    outer loop
      vertex 2.925 -5.06625 48.2422
      vertex 2.925 -5.06625 0
      vertex 3.56125 -4.64112 0
    endloop
  endfacet
  facet normal 0.555571 -0.831469 0
    outer loop
      vertex 3.56125 -4.64112 48.2422
      vertex 2.925 -5.06625 48.2422
      vertex 3.56125 -4.64112 0
    endloop
  endfacet
  facet normal 0.659345 -0.75184 0
    outer loop
      vertex 3.56125 -4.64112 48.2422
      vertex 3.56125 -4.64112 0
      vertex 4.13657 -4.13657 0
    endloop
  endfacet
  facet normal 0.659345 -0.75184 0
    outer loop
      vertex 4.13657 -4.13657 48.2422
      vertex 3.56125 -4.64112 48.2422
      vertex 4.13657 -4.13657 0
    endloop
  endfacet
  facet normal 0.75184 -0.659345 0
    outer loop
      vertex 4.13657 -4.13657 48.2422
      vertex 4.13657 -4.13657 0
      vertex 4.64112 -3.56125 0
    endloop
  endfacet
  facet normal 0.75184 -0.659345 0
    outer loop
      vertex 4.64112 -3.56125 48.2422
      vertex 4.13657 -4.13657 48.2422
      vertex 4.64112 -3.56125 0
    endloop
  endfacet
  facet normal 0.831469 -0.555571 0
    outer loop
      vertex 4.64112 -3.56125 48.2422
      vertex 4.64112 -3.56125 0
      vertex 5.06625 -2.925 0
    endloop
  endfacet
  facet normal 0.831469 -0.555571 0
    outer loop
      vertex 5.06625 -2.925 48.2422
      vertex 4.64112 -3.56125 48.2422
      vertex 5.06625 -2.925 0
    endloop
  endfacet
  facet normal 0.896873 -0.442288 0
    outer loop
      vertex 5.06625 -2.925 48.2422
      vertex 5.06625 -2.925 0
      vertex 5.40469 -2.2387 0
    endloop
  endfacet
  facet normal 0.896873 -0.442288 0
    outer loop
      vertex 5.40469 -2.2387 48.2422
      vertex 5.06625 -2.925 48.2422
      vertex 5.40469 -2.2387 0
    endloop
  endfacet
  facet normal 0.94693 -0.32144 0
    outer loop
      vertex 5.40469 -2.2387 48.2422
      vertex 5.40469 -2.2387 0
      vertex 5.65067 -1.51409 0
    endloop
  endfacet
  facet normal 0.94693 -0.32144 0
    outer loop
      vertex 5.65067 -1.51409 48.2422
      vertex 5.40469 -2.2387 48.2422
      vertex 5.65067 -1.51409 0
    endloop
  endfacet
  facet normal 0.980785 -0.19509 0
    outer loop
      vertex 5.65067 -1.51409 48.2422
      vertex 5.65067 -1.51409 0
      vertex 5.79995 -0.763578 0
    endloop
  endfacet
  facet normal 0.980785 -0.19509 0
    outer loop
      vertex 5.79995 -0.763578 48.2422
      vertex 5.65067 -1.51409 48.2422
      vertex 5.79995 -0.763578 0
    endloop
  endfacet
  facet normal 0.997859 -0.0654037 0
    outer loop
      vertex 5.79995 -0.763578 48.2422
      vertex 5.79995 -0.763578 0
      vertex 5.85 0 0
    endloop
  endfacet
  facet normal 0.997859 -0.0654037 0
    outer loop
      vertex 5.85 0 48.2422
      vertex 5.79995 -0.763578 48.2422
      vertex 5.85 0 0
    endloop
  endfacet
  facet normal 0.997859 0.0654037 0
    outer loop
      vertex 5.85 0 0
      vertex 5.79995 0.763578 0
      vertex 5.79995 0.763578 48.2422
    endloop
  endfacet
  facet normal 0.997859 0.0654037 0
    outer loop
      vertex 5.85 0 48.2422
      vertex 5.85 0 0
      vertex 5.79995 0.763578 48.2422
    endloop
  endfacet
  facet normal 0.980785 0.19509 0
    outer loop
      vertex 5.79995 0.763578 0
      vertex 5.65067 1.51409 0
      vertex 5.65067 1.51409 48.2422
    endloop
  endfacet
  facet normal 0.980785 0.19509 0
    outer loop
      vertex 5.79995 0.763578 48.2422
      vertex 5.79995 0.763578 0
      vertex 5.65067 1.51409 48.2422
    endloop
  endfacet
  facet normal 0.94693 0.32144 0
    outer loop
      vertex 5.65067 1.51409 0
      vertex 5.40469 2.2387 0
      vertex 5.40469 2.2387 48.2422
    endloop
  endfacet
  facet normal 0.94693 0.32144 0
    outer loop
      vertex 5.65067 1.51409 48.2422
      vertex 5.65067 1.51409 0
      vertex 5.40469 2.2387 48.2422
    endloop
  endfacet
  facet normal 0.896873 0.442288 0
    outer loop
      vertex 5.40469 2.2387 0
      vertex 5.06625 2.925 0
      vertex 5.06625 2.925 48.2422
    endloop
  endfacet
  facet normal 0.896873 0.442288 0
    outer loop
      vertex 5.40469 2.2387 48.2422
      vertex 5.40469 2.2387 0
      vertex 5.06625 2.925 48.2422
    endloop
  endfacet
  facet normal 0.831469 0.555571 0
    outer loop
      vertex 5.06625 2.925 0
      vertex 4.64112 3.56125 0
      vertex 4.64112 3.56125 48.2422
    endloop
  endfacet
  facet normal 0.831469 0.555571 0
    outer loop
      vertex 5.06625 2.925 48.2422
      vertex 5.06625 2.925 0
      vertex 4.64112 3.56125 48.2422
    endloop
  endfacet
  facet normal 0.75184 0.659345 0
    outer loop
      vertex 4.64112 3.56125 0
      vertex 4.13657 4.13657 0
      vertex 4.13657 4.13657 48.2422
    endloop
  endfacet
  facet normal 0.75184 0.659345 0
    outer loop
      vertex 4.64112 3.56125 48.2422
      vertex 4.64112 3.56125 0
      vertex 4.13657 4.13657 48.2422
    endloop
  endfacet
  facet normal 0.659345 0.75184 0
    outer loop
      vertex 3.56125 4.64112 0
      vertex 3.56125 4.64112 48.2422
      vertex 4.13657 4.13657 0
    endloop
  endfacet
  facet normal 0.659345 0.75184 0
    outer loop
      vertex 4.13657 4.13657 0
      vertex 3.56125 4.64112 48.2422
      vertex 4.13657 4.13657 48.2422
    endloop
  endfacet
  facet normal 0.555571 0.831469 0
    outer loop
      vertex 2.925 5.06625 0
      vertex 2.925 5.06625 48.2422
      vertex 3.56125 4.64112 0
    endloop
  endfacet
  facet normal 0.555571 0.831469 0
    outer loop
      vertex 3.56125 4.64112 0
      vertex 2.925 5.06625 48.2422
      vertex 3.56125 4.64112 48.2422
    endloop
  endfacet
  facet normal 0.442288 0.896873 0
    outer loop
      vertex 2.2387 5.40469 0
      vertex 2.2387 5.40469 48.2422
      vertex 2.925 5.06625 0
    endloop
  endfacet
  facet normal 0.442288 0.896873 0
    outer loop
      vertex 2.925 5.06625 0
      vertex 2.2387 5.40469 48.2422
      vertex 2.925 5.06625 48.2422
    endloop
  endfacet
  facet normal 0.32144 0.94693 0
    outer loop
      vertex 1.51409 5.65067 0
      vertex 1.51409 5.65067 48.2422
      vertex 2.2387 5.40469 0
    endloop
  endfacet
  facet normal 0.32144 0.94693 0
    outer loop
      vertex 2.2387 5.40469 0
      vertex 1.51409 5.65067 48.2422
      vertex 2.2387 5.40469 48.2422
    endloop
  endfacet
  facet normal 0.19509 0.980785 0
    outer loop
      vertex 0.763578 5.79995 0
      vertex 0.763578 5.79995 48.2422
      vertex 1.51409 5.65067 0
    endloop
  endfacet
  facet normal 0.19509 0.980785 0
    outer loop
      vertex 1.51409 5.65067 0
      vertex 0.763578 5.79995 48.2422
      vertex 1.51409 5.65067 48.2422
    endloop
  endfacet
  facet normal 0.0654037 0.997859 0
    outer loop
      vertex 0 5.85 0
      vertex 0 5.85 48.2422
      vertex 0.763578 5.79995 0
    endloop
  endfacet
  facet normal 0.0654037 0.997859 0
    outer loop
      vertex 0.763578 5.79995 0
      vertex 0 5.85 48.2422
      vertex 0.763578 5.79995 48.2422
    endloop
  endfacet
  facet normal -0.0654037 0.997859 0
    outer loop
      vertex -0.763578 5.79995 0
      vertex -0.763578 5.79995 48.2422
      vertex 0 5.85 0
    endloop
  endfacet
  facet normal -0.0654037 0.997859 0
    outer loop
      vertex 0 5.85 0
      vertex -0.763578 5.79995 48.2422
      vertex 0 5.85 48.2422
    endloop
  endfacet
  facet normal -0.19509 0.980785 0
    outer loop
      vertex -1.51409 5.65067 0
      vertex -1.51409 5.65067 48.2422
      vertex -0.763578 5.79995 0
    endloop
  endfacet
  facet normal -0.19509 0.980785 0
    outer loop
      vertex -0.763578 5.79995 0
      vertex -1.51409 5.65067 48.2422
      vertex -0.763578 5.79995 48.2422
    endloop
  endfacet
  facet normal -0.32144 0.94693 0
    outer loop
      vertex -2.2387 5.40469 0
      vertex -2.2387 5.40469 48.2422
      vertex -1.51409 5.65067 0
    endloop
  endfacet
  facet normal -0.32144 0.94693 0
    outer loop
      vertex -1.51409 5.65067 0
      vertex -2.2387 5.40469 48.2422
      vertex -1.51409 5.65067 48.2422
    endloop
  endfacet
  facet normal -0.442288 0.896873 0
    outer loop
      vertex -2.925 5.06625 0
      vertex -2.925 5.06625 48.2422
      vertex -2.2387 5.40469 0
    endloop
  endfacet
  facet normal -0.442288 0.896873 0
    outer loop
      vertex -2.2387 5.40469 0
      vertex -2.925 5.06625 48.2422
      vertex -2.2387 5.40469 48.2422
    endloop
  endfacet
  facet normal -0.555571 0.831469 0
    outer loop
      vertex -3.56125 4.64112 0
      vertex -3.56125 4.64112 48.2422
      vertex -2.925 5.06625 0
    endloop
  endfacet
  facet normal -0.555571 0.831469 0
    outer loop
      vertex -2.925 5.06625 0
      vertex -3.56125 4.64112 48.2422
      vertex -2.925 5.06625 48.2422
    endloop
  endfacet
  facet normal -0.659345 0.75184 0
    outer loop
      vertex -4.13657 4.13657 0
      vertex -4.13657 4.13657 48.2422
      vertex -3.56125 4.64112 0
    endloop
  endfacet
  facet normal -0.659345 0.75184 0
    outer loop
      vertex -3.56125 4.64112 0
      vertex -4.13657 4.13657 48.2422
      vertex -3.56125 4.64112 48.2422
    endloop
  endfacet
  facet normal -0.75184 0.659345 0
    outer loop
      vertex -4.64112 3.56125 0
      vertex -4.64112 3.56125 48.2422
      vertex -4.13657 4.13657 0
    endloop
  endfacet
  facet normal -0.75184 0.659345 0
    outer loop
      vertex -4.13657 4.13657 0
      vertex -4.64112 3.56125 48.2422
      vertex -4.13657 4.13657 48.2422
    endloop
  endfacet
  facet normal -0.831469 0.555571 0
    outer loop
      vertex -5.06625 2.925 0
      vertex -5.06625 2.925 48.2422
      vertex -4.64112 3.56125 0
    endloop
  endfacet
  facet normal -0.831469 0.555571 0
    outer loop
      vertex -4.64112 3.56125 0
      vertex -5.06625 2.925 48.2422
      vertex -4.64112 3.56125 48.2422
    endloop
  endfacet
  facet normal -0.896873 0.442288 0
    outer loop
      vertex -5.40469 2.2387 0
      vertex -5.40469 2.2387 48.2422
      vertex -5.06625 2.925 0
    endloop
  endfacet
  facet normal -0.896873 0.442288 0
    outer loop
      vertex -5.06625 2.925 0
      vertex -5.40469 2.2387 48.2422
      vertex -5.06625 2.925 48.2422
    endloop
  endfacet
  facet normal -0.94693 0.32144 0
    outer loop
      vertex -5.65067 1.51409 0
      vertex -5.65067 1.51409 48.2422
      vertex -5.40469 2.2387 0
    endloop
  endfacet
  facet normal -0.94693 0.32144 0
    outer loop
      vertex -5.40469 2.2387 0
      vertex -5.65067 1.51409 48.2422
      vertex -5.40469 2.2387 48.2422
    endloop
  endfacet
  facet normal -0.980785 0.19509 0
    outer loop
      vertex -5.79995 0.763578 0
      vertex -5.79995 0.763578 48.2422
      vertex -5.65067 1.51409 0
    endloop
  endfacet
  facet normal -0.980785 0.19509 0
    outer loop
      vertex -5.65067 1.51409 0
      vertex -5.79995 0.763578 48.2422
      vertex -5.65067 1.51409 48.2422
    endloop
  endfacet
  facet normal 0.997859 -0.0654034 0
    outer loop
      vertex -3.49484 0.460105 0
      vertex -3.49484 0.460105 48.2422
      vertex -3.525 0 48.2422
    endloop
  endfacet
  facet normal 0.997859 -0.0654034 0
    outer loop
      vertex -3.525 0 0
      vertex -3.49484 0.460105 0
      vertex -3.525 0 48.2422
    endloop
  endfacet
  facet normal 0.997859 0.0654034 0
    outer loop
      vertex -3.525 0 48.2422
      vertex -3.49484 -0.460105 48.2422
      vertex -3.49484 -0.460105 0
    endloop
  endfacet
  facet normal 0.997859 0.0654034 0
    outer loop
      vertex -3.525 0 0
      vertex -3.525 0 48.2422
      vertex -3.49484 -0.460105 0
    endloop
  endfacet
  facet normal 0.980786 -0.195089 0
    outer loop
      vertex -3.40489 0.912337 0
      vertex -3.40489 0.912337 48.2422
      vertex -3.49484 0.460105 48.2422
    endloop
  endfacet
  facet normal 0.980786 -0.195089 0
    outer loop
      vertex -3.49484 0.460105 0
      vertex -3.40489 0.912337 0
      vertex -3.49484 0.460105 48.2422
    endloop
  endfacet
  facet normal 0.94693 -0.321441 0
    outer loop
      vertex -3.25667 1.34896 0
      vertex -3.25667 1.34896 48.2422
      vertex -3.40489 0.912337 48.2422
    endloop
  endfacet
  facet normal 0.94693 -0.321441 0
    outer loop
      vertex -3.40489 0.912337 0
      vertex -3.25667 1.34896 0
      vertex -3.40489 0.912337 48.2422
    endloop
  endfacet
  facet normal 0.896873 -0.442287 0
    outer loop
      vertex -3.05274 1.7625 0
      vertex -3.05274 1.7625 48.2422
      vertex -3.25667 1.34896 48.2422
    endloop
  endfacet
  facet normal 0.896873 -0.442287 0
    outer loop
      vertex -3.25667 1.34896 0
      vertex -3.05274 1.7625 0
      vertex -3.25667 1.34896 48.2422
    endloop
  endfacet
  facet normal 0.83147 -0.55557 0
    outer loop
      vertex -2.79657 2.14588 0
      vertex -2.79657 2.14588 48.2422
      vertex -3.05274 1.7625 48.2422
    endloop
  endfacet
  facet normal 0.83147 -0.55557 0
    outer loop
      vertex -3.05274 1.7625 0
      vertex -2.79657 2.14588 0
      vertex -3.05274 1.7625 48.2422
    endloop
  endfacet
  facet normal 0.751839 -0.659347 0
    outer loop
      vertex -2.49255 2.49255 0
      vertex -2.49255 2.49255 48.2422
      vertex -2.79657 2.14588 48.2422
    endloop
  endfacet
  facet normal 0.751839 -0.659347 0
    outer loop
      vertex -2.79657 2.14588 0
      vertex -2.49255 2.49255 0
      vertex -2.79657 2.14588 48.2422
    endloop
  endfacet
  facet normal 0.659347 -0.751839 0
    outer loop
      vertex -2.14588 2.79657 0
      vertex -2.14588 2.79657 48.2422
      vertex -2.49255 2.49255 48.2422
    endloop
  endfacet
  facet normal 0.659347 -0.751839 0
    outer loop
      vertex -2.49255 2.49255 0
      vertex -2.14588 2.79657 0
      vertex -2.49255 2.49255 48.2422
    endloop
  endfacet
  facet normal 0.55557 -0.83147 0
    outer loop
      vertex -1.7625 3.05274 0
      vertex -1.7625 3.05274 48.2422
      vertex -2.14588 2.79657 48.2422
    endloop
  endfacet
  facet normal 0.55557 -0.83147 0
    outer loop
      vertex -2.14588 2.79657 0
      vertex -1.7625 3.05274 0
      vertex -2.14588 2.79657 48.2422
    endloop
  endfacet
  facet normal 0.442287 -0.896873 0
    outer loop
      vertex -1.34896 3.25667 0
      vertex -1.34896 3.25667 48.2422
      vertex -1.7625 3.05274 48.2422
    endloop
  endfacet
  facet normal 0.442287 -0.896873 0
    outer loop
      vertex -1.7625 3.05274 0
      vertex -1.34896 3.25667 0
      vertex -1.7625 3.05274 48.2422
    endloop
  endfacet
  facet normal 0.321441 -0.94693 0
    outer loop
      vertex -0.912337 3.40489 0
      vertex -0.912337 3.40489 48.2422
      vertex -1.34896 3.25667 48.2422
    endloop
  endfacet
  facet normal 0.321441 -0.94693 0
    outer loop
      vertex -1.34896 3.25667 0
      vertex -0.912337 3.40489 0
      vertex -1.34896 3.25667 48.2422
    endloop
  endfacet
  facet normal 0.195089 -0.980786 0
    outer loop
      vertex -0.460105 3.49484 0
      vertex -0.460105 3.49484 48.2422
      vertex -0.912337 3.40489 48.2422
    endloop
  endfacet
  facet normal 0.195089 -0.980786 0
    outer loop
      vertex -0.912337 3.40489 0
      vertex -0.460105 3.49484 0
      vertex -0.912337 3.40489 48.2422
    endloop
  endfacet
  facet normal 0.0654034 -0.997859 0
    outer loop
      vertex 0 3.525 0
      vertex 0 3.525 48.2422
      vertex -0.460105 3.49484 48.2422
    endloop
  endfacet
  facet normal 0.0654034 -0.997859 0
    outer loop
      vertex -0.460105 3.49484 0
      vertex 0 3.525 0
      vertex -0.460105 3.49484 48.2422
    endloop
  endfacet
  facet normal -0.0654034 -0.997859 0
    outer loop
      vertex 0.460105 3.49484 0
      vertex 0.460105 3.49484 48.2422
      vertex 0 3.525 48.2422
    endloop
  endfacet
  facet normal -0.0654034 -0.997859 0
    outer loop
      vertex 0 3.525 0
      vertex 0.460105 3.49484 0
      vertex 0 3.525 48.2422
    endloop
  endfacet
  facet normal -0.195089 -0.980786 0
    outer loop
      vertex 0.912337 3.40489 0
      vertex 0.912337 3.40489 48.2422
      vertex 0.460105 3.49484 48.2422
    endloop
  endfacet
  facet normal -0.195089 -0.980786 0
    outer loop
      vertex 0.460105 3.49484 0
      vertex 0.912337 3.40489 0
      vertex 0.460105 3.49484 48.2422
    endloop
  endfacet
  facet normal -0.321441 -0.94693 0
    outer loop
      vertex 1.34896 3.25667 0
      vertex 1.34896 3.25667 48.2422
      vertex 0.912337 3.40489 48.2422
    endloop
  endfacet
  facet normal -0.321441 -0.94693 0
    outer loop
      vertex 0.912337 3.40489 0
      vertex 1.34896 3.25667 0
      vertex 0.912337 3.40489 48.2422
    endloop
  endfacet
  facet normal -0.442287 -0.896873 0
    outer loop
      vertex 1.7625 3.05274 0
      vertex 1.7625 3.05274 48.2422
      vertex 1.34896 3.25667 48.2422
    endloop
  endfacet
  facet normal -0.442287 -0.896873 0
    outer loop
      vertex 1.34896 3.25667 0
      vertex 1.7625 3.05274 0
      vertex 1.34896 3.25667 48.2422
    endloop
  endfacet
  facet normal -0.55557 -0.83147 0
    outer loop
      vertex 2.14588 2.79657 0
      vertex 2.14588 2.79657 48.2422
      vertex 1.7625 3.05274 48.2422
    endloop
  endfacet
  facet normal -0.55557 -0.83147 0
    outer loop
      vertex 1.7625 3.05274 0
      vertex 2.14588 2.79657 0
      vertex 1.7625 3.05274 48.2422
    endloop
  endfacet
  facet normal -0.659347 -0.751839 0
    outer loop
      vertex 2.49255 2.49255 0
      vertex 2.49255 2.49255 48.2422
      vertex 2.14588 2.79657 48.2422
    endloop
  endfacet
  facet normal -0.659347 -0.751839 0
    outer loop
      vertex 2.14588 2.79657 0
      vertex 2.49255 2.49255 0
      vertex 2.14588 2.79657 48.2422
    endloop
  endfacet
  facet normal -0.751839 -0.659347 0
    outer loop
      vertex 2.79657 2.14588 48.2422
      vertex 2.49255 2.49255 48.2422
      vertex 2.79657 2.14588 0
    endloop
  endfacet
  facet normal -0.751839 -0.659347 0
    outer loop
      vertex 2.79657 2.14588 0
      vertex 2.49255 2.49255 48.2422
      vertex 2.49255 2.49255 0
    endloop
  endfacet
  facet normal -0.83147 -0.55557 0
    outer loop
      vertex 3.05274 1.7625 48.2422
      vertex 2.79657 2.14588 48.2422
      vertex 3.05274 1.7625 0
    endloop
  endfacet
  facet normal -0.83147 -0.55557 0
    outer loop
      vertex 3.05274 1.7625 0
      vertex 2.79657 2.14588 48.2422
      vertex 2.79657 2.14588 0
    endloop
  endfacet
  facet normal -0.896873 -0.442287 0
    outer loop
      vertex 3.25667 1.34896 48.2422
      vertex 3.05274 1.7625 48.2422
      vertex 3.25667 1.34896 0
    endloop
  endfacet
  facet normal -0.896873 -0.442287 0
    outer loop
      vertex 3.25667 1.34896 0
      vertex 3.05274 1.7625 48.2422
      vertex 3.05274 1.7625 0
    endloop
  endfacet
  facet normal -0.94693 -0.321441 0
    outer loop
      vertex 3.40489 0.912337 48.2422
      vertex 3.25667 1.34896 48.2422
      vertex 3.40489 0.912337 0
    endloop
  endfacet
  facet normal -0.94693 -0.321441 0
    outer loop
      vertex 3.40489 0.912337 0
      vertex 3.25667 1.34896 48.2422
      vertex 3.25667 1.34896 0
    endloop
  endfacet
  facet normal -0.980786 -0.195089 0
    outer loop
      vertex 3.49484 0.460105 48.2422
      vertex 3.40489 0.912337 48.2422
      vertex 3.49484 0.460105 0
    endloop
  endfacet
  facet normal -0.980786 -0.195089 0
    outer loop
      vertex 3.49484 0.460105 0
      vertex 3.40489 0.912337 48.2422
      vertex 3.40489 0.912337 0
    endloop
  endfacet
  facet normal -0.997859 -0.0654034 0
    outer loop
      vertex 3.525 0 48.2422
      vertex 3.49484 0.460105 48.2422
      vertex 3.525 0 0
    endloop
  endfacet
  facet normal -0.997859 -0.0654034 0
    outer loop
      vertex 3.525 0 0
      vertex 3.49484 0.460105 48.2422
      vertex 3.49484 0.460105 0
    endloop
  endfacet
  facet normal -0.997859 0.0654034 0
    outer loop
      vertex 3.525 0 48.2422
      vertex 3.525 0 0
      vertex 3.49484 -0.460105 48.2422
    endloop
  endfacet
  facet normal -0.997859 0.0654034 0
    outer loop
      vertex 3.49484 -0.460105 48.2422
      vertex 3.525 0 0
      vertex 3.49484 -0.460105 0
    endloop
  endfacet
  facet normal -0.980786 0.195089 0
    outer loop
      vertex 3.49484 -0.460105 48.2422
      vertex 3.49484 -0.460105 0
      vertex 3.40489 -0.912337 48.2422
    endloop
  endfacet
  facet normal -0.980786 0.195089 0
    outer loop
      vertex 3.40489 -0.912337 48.2422
      vertex 3.49484 -0.460105 0
      vertex 3.40489 -0.912337 0
    endloop
  endfacet
  facet normal -0.94693 0.321441 0
    outer loop
      vertex 3.40489 -0.912337 48.2422
      vertex 3.40489 -0.912337 0
      vertex 3.25667 -1.34896 48.2422
    endloop
  endfacet
  facet normal -0.94693 0.321441 0
    outer loop
      vertex 3.25667 -1.34896 48.2422
      vertex 3.40489 -0.912337 0
      vertex 3.25667 -1.34896 0
    endloop
  endfacet
  facet normal -0.896873 0.442287 0
    outer loop
      vertex 3.25667 -1.34896 48.2422
      vertex 3.25667 -1.34896 0
      vertex 3.05274 -1.7625 48.2422
    endloop
  endfacet
  facet normal -0.896873 0.442287 0
    outer loop
      vertex 3.05274 -1.7625 48.2422
      vertex 3.25667 -1.34896 0
      vertex 3.05274 -1.7625 0
    endloop
  endfacet
  facet normal -0.83147 0.55557 0
    outer loop
      vertex 3.05274 -1.7625 48.2422
      vertex 3.05274 -1.7625 0
      vertex 2.79657 -2.14588 48.2422
    endloop
  endfacet
  facet normal -0.83147 0.55557 0
    outer loop
      vertex 2.79657 -2.14588 48.2422
      vertex 3.05274 -1.7625 0
      vertex 2.79657 -2.14588 0
    endloop
  endfacet
  facet normal -0.751839 0.659347 0
    outer loop
      vertex 2.79657 -2.14588 48.2422
      vertex 2.79657 -2.14588 0
      vertex 2.49255 -2.49255 48.2422
    endloop
  endfacet
  facet normal -0.751839 0.659347 0
    outer loop
      vertex 2.49255 -2.49255 48.2422
      vertex 2.79657 -2.14588 0
      vertex 2.49255 -2.49255 0
    endloop
  endfacet
  facet normal -0.659347 0.751839 0
    outer loop
      vertex 2.49255 -2.49255 48.2422
      vertex 2.49255 -2.49255 0
      vertex 2.14588 -2.79657 48.2422
    endloop
  endfacet
  facet normal -0.659347 0.751839 0
    outer loop
      vertex 2.14588 -2.79657 48.2422
      vertex 2.49255 -2.49255 0
      vertex 2.14588 -2.79657 0
    endloop
  endfacet
  facet normal -0.55557 0.83147 0
    outer loop
      vertex 2.14588 -2.79657 48.2422
      vertex 2.14588 -2.79657 0
      vertex 1.7625 -3.05274 48.2422
    endloop
  endfacet
  facet normal -0.55557 0.83147 0
    outer loop
      vertex 1.7625 -3.05274 48.2422
      vertex 2.14588 -2.79657 0
      vertex 1.7625 -3.05274 0
    endloop
  endfacet
  facet normal -0.442287 0.896873 0
    outer loop
      vertex 1.7625 -3.05274 48.2422
      vertex 1.7625 -3.05274 0
      vertex 1.34896 -3.25667 48.2422
    endloop
  endfacet
  facet normal -0.442287 0.896873 0
    outer loop
      vertex 1.34896 -3.25667 48.2422
      vertex 1.7625 -3.05274 0
      vertex 1.34896 -3.25667 0
    endloop
  endfacet
  facet normal -0.321441 0.94693 0
    outer loop
      vertex 1.34896 -3.25667 48.2422
      vertex 1.34896 -3.25667 0
      vertex 0.912337 -3.40489 48.2422
    endloop
  endfacet
  facet normal -0.321441 0.94693 0
    outer loop
      vertex 0.912337 -3.40489 48.2422
      vertex 1.34896 -3.25667 0
      vertex 0.912337 -3.40489 0
    endloop
  endfacet
  facet normal -0.195089 0.980786 0
    outer loop
      vertex 0.912337 -3.40489 48.2422
      vertex 0.912337 -3.40489 0
      vertex 0.460105 -3.49484 48.2422
    endloop
  endfacet
  facet normal -0.195089 0.980786 0
    outer loop
      vertex 0.460105 -3.49484 48.2422
      vertex 0.912337 -3.40489 0
      vertex 0.460105 -3.49484 0
    endloop
  endfacet
  facet normal -0.0654034 0.997859 0
    outer loop
      vertex 0.460105 -3.49484 48.2422
      vertex 0.460105 -3.49484 0
      vertex 0 -3.525 48.2422
    endloop
  endfacet
  facet normal -0.0654034 0.997859 0
    outer loop
      vertex 0 -3.525 48.2422
      vertex 0.460105 -3.49484 0
      vertex 0 -3.525 0
    endloop
  endfacet
  facet normal 0.0654034 0.997859 0
    outer loop
      vertex 0 -3.525 48.2422
      vertex 0 -3.525 0
      vertex -0.460105 -3.49484 48.2422
    endloop
  endfacet
  facet normal 0.0654034 0.997859 0
    outer loop
      vertex -0.460105 -3.49484 48.2422
      vertex 0 -3.525 0
      vertex -0.460105 -3.49484 0
    endloop
  endfacet
  facet normal 0.195089 0.980786 0
    outer loop
      vertex -0.460105 -3.49484 48.2422
      vertex -0.460105 -3.49484 0
      vertex -0.912337 -3.40489 48.2422
    endloop
  endfacet
  facet normal 0.195089 0.980786 0
    outer loop
      vertex -0.912337 -3.40489 48.2422
      vertex -0.460105 -3.49484 0
      vertex -0.912337 -3.40489 0
    endloop
  endfacet
  facet normal 0.321441 0.94693 0
    outer loop
      vertex -0.912337 -3.40489 48.2422
      vertex -0.912337 -3.40489 0
      vertex -1.34896 -3.25667 48.2422
    endloop
  endfacet
  facet normal 0.321441 0.94693 0
    outer loop
      vertex -1.34896 -3.25667 48.2422
      vertex -0.912337 -3.40489 0
      vertex -1.34896 -3.25667 0
    endloop
  endfacet
  facet normal 0.442287 0.896873 0
    outer loop
      vertex -1.34896 -3.25667 48.2422
      vertex -1.34896 -3.25667 0
      vertex -1.7625 -3.05274 48.2422
    endloop
  endfacet
  facet normal 0.442287 0.896873 0
    outer loop
      vertex -1.7625 -3.05274 48.2422
      vertex -1.34896 -3.25667 0
      vertex -1.7625 -3.05274 0
    endloop
  endfacet
  facet normal 0.55557 0.83147 0
    outer loop
      vertex -1.7625 -3.05274 48.2422
      vertex -1.7625 -3.05274 0
      vertex -2.14588 -2.79657 48.2422
    endloop
  endfacet
  facet normal 0.55557 0.83147 0
    outer loop
      vertex -2.14588 -2.79657 48.2422
      vertex -1.7625 -3.05274 0
      vertex -2.14588 -2.79657 0
    endloop
  endfacet
  facet normal 0.659347 0.751839 0
    outer loop
      vertex -2.14588 -2.79657 48.2422
      vertex -2.14588 -2.79657 0
      vertex -2.49255 -2.49255 48.2422
    endloop
  endfacet
  facet normal 0.659347 0.751839 0
    outer loop
      vertex -2.49255 -2.49255 48.2422
      vertex -2.14588 -2.79657 0
      vertex -2.49255 -2.49255 0
    endloop
  endfacet
  facet normal 0.751839 0.659347 0
    outer loop
      vertex -2.79657 -2.14588 48.2422
      vertex -2.49255 -2.49255 48.2422
      vertex -2.49255 -2.49255 0
    endloop
  endfacet
  facet normal 0.751839 0.659347 0
    outer loop
      vertex -2.79657 -2.14588 0
      vertex -2.79657 -2.14588 48.2422
      vertex -2.49255 -2.49255 0
    endloop
  endfacet
  facet normal 0.83147 0.55557 0
    outer loop
      vertex -3.05274 -1.7625 48.2422
      vertex -2.79657 -2.14588 48.2422
      vertex -2.79657 -2.14588 0
    endloop
  endfacet
  facet normal 0.83147 0.55557 0
    outer loop
      vertex -3.05274 -1.7625 0
      vertex -3.05274 -1.7625 48.2422
      vertex -2.79657 -2.14588 0
    endloop
  endfacet
  facet normal 0.896873 0.442287 0
    outer loop
      vertex -3.25667 -1.34896 48.2422
      vertex -3.05274 -1.7625 48.2422
      vertex -3.05274 -1.7625 0
    endloop
  endfacet
  facet normal 0.896873 0.442287 0
    outer loop
      vertex -3.25667 -1.34896 0
      vertex -3.25667 -1.34896 48.2422
      vertex -3.05274 -1.7625 0
    endloop
  endfacet
  facet normal 0.94693 0.321441 0
    outer loop
      vertex -3.40489 -0.912337 48.2422
      vertex -3.25667 -1.34896 48.2422
      vertex -3.25667 -1.34896 0
    endloop
  endfacet
  facet normal 0.94693 0.321441 0
    outer loop
      vertex -3.40489 -0.912337 0
      vertex -3.40489 -0.912337 48.2422
      vertex -3.25667 -1.34896 0
    endloop
  endfacet
  facet normal 0.980786 0.195089 0
    outer loop
      vertex -3.49484 -0.460105 48.2422
      vertex -3.40489 -0.912337 48.2422
      vertex -3.40489 -0.912337 0
    endloop
  endfacet
  facet normal 0.980786 0.195089 0
    outer loop
      vertex -3.49484 -0.460105 0
      vertex -3.49484 -0.460105 48.2422
      vertex -3.40489 -0.912337 0
    endloop
  endfacet
  facet normal 0 0 1
    outer loop
      vertex -5.79995 0.763578 48.2422
      vertex -5.85 0 48.2422
      vertex -5.79995 -0.763578 48.2422
    endloop
  endfacet
  facet normal 0 0 1
    outer loop
      vertex -5.40469 -2.2387 48.2422
      vertex -5.79995 0.763578 48.2422
      vertex -5.65067 -1.51409 48.2422
    endloop
  endfacet
  facet normal 0 0 1
    outer loop
      vertex -5.65067 -1.51409 48.2422
      vertex -5.79995 0.763578 48.2422
      vertex -5.79995 -0.763578 48.2422
    endloop
  endfacet
  facet normal 0 0 1
    outer loop
      vertex -5.06625 -2.925 48.2422
      vertex -5.79995 0.763578 48.2422
      vertex -5.40469 -2.2387 48.2422
    endloop
  endfacet
  facet normal 0 0 1
    outer loop
      vertex -4.64112 -3.56125 48.2422
      vertex -5.79995 0.763578 48.2422
      vertex -5.06625 -2.925 48.2422
    endloop
  endfacet
  facet normal 0 0 1
    outer loop
      vertex -4.13657 -4.13657 48.2422
      vertex -5.79995 0.763578 48.2422
      vertex -4.64112 -3.56125 48.2422
    endloop
  endfacet
  facet normal 0 0 1
    outer loop
      vertex -3.56125 -4.64112 48.2422
      vertex -5.79995 0.763578 48.2422
      vertex -4.13657 -4.13657 48.2422
    endloop
  endfacet
  facet normal 0 0 1
    outer loop
      vertex -2.925 -5.06625 48.2422
      vertex -5.79995 0.763578 48.2422
      vertex -3.56125 -4.64112 48.2422
    endloop
  endfacet
  facet normal 0 0 1
    outer loop
      vertex -2.2387 -5.40469 48.2422
      vertex -5.79995 0.763578 48.2422
      vertex -2.925 -5.06625 48.2422
    endloop
  endfacet
  facet normal 0 0 1
    outer loop
      vertex -1.51409 -5.65067 48.2422
      vertex -5.79995 0.763578 48.2422
      vertex -2.2387 -5.40469 48.2422
    endloop
  endfacet
  facet normal 0 0 1
    outer loop
      vertex -0.763578 -5.79995 48.2422
      vertex -5.79995 0.763578 48.2422
      vertex -1.51409 -5.65067 48.2422
    endloop
  endfacet
  facet normal 0 0 1
    outer loop
      vertex 0 -5.85 48.2422
      vertex -5.79995 0.763578 48.2422
      vertex -0.763578 -5.79995 48.2422
    endloop
  endfacet
  facet normal 0 0 1
    outer loop
      vertex 0.763578 -5.79995 48.2422
      vertex -5.79995 0.763578 48.2422
      vertex 0 -5.85 48.2422
    endloop
  endfacet
  facet normal 0 0 1
    outer loop
      vertex -2.49255 -2.49255 48.2422
      vertex -5.79995 0.763578 48.2422
      vertex 0.763578 -5.79995 48.2422
    endloop
  endfacet
  facet normal 0 0 1
    outer loop
      vertex -2.49255 -2.49255 48.2422
      vertex -2.79657 -2.14588 48.2422
      vertex -5.79995 0.763578 48.2422
    endloop
  endfacet
  facet normal 0 0 1
    outer loop
      vertex -0.912337 -3.40489 48.2422
      vertex -1.34896 -3.25667 48.2422
      vertex 1.51409 -5.65067 48.2422
    endloop
  endfacet
  facet normal 0 0 1
    outer loop
      vertex 2.14588 -2.79657 48.2422
      vertex 1.7625 -3.05274 48.2422
      vertex 4.13657 -4.13657 48.2422
    endloop
  endfacet
  facet normal 0 0 1
    outer loop
      vertex -3.40489 0.912337 48.2422
      vertex -3.25667 1.34896 48.2422
      vertex -5.79995 0.763578 48.2422
    endloop
  endfacet
  facet normal 0 0 1
    outer loop
      vertex -3.49484 0.460105 48.2422
      vertex -3.40489 0.912337 48.2422
      vertex -5.79995 0.763578 48.2422
    endloop
  endfacet
  facet normal 0 0 1
    outer loop
      vertex 2.49255 2.49255 48.2422
      vertex 2.79657 2.14588 48.2422
      vertex 5.06625 2.925 48.2422
    endloop
  endfacet
  facet normal 0 0 1
    outer loop
      vertex -0.460105 3.49484 48.2422
      vertex 0 3.525 48.2422
      vertex 2.925 5.06625 48.2422
    endloop
  endfacet
  facet normal 0 0 1
    outer loop
      vertex 1.34896 3.25667 48.2422
      vertex 1.7625 3.05274 48.2422
      vertex 4.13657 4.13657 48.2422
    endloop
  endfacet
  facet normal 0 0 1
    outer loop
      vertex 1.51409 5.65067 48.2422
      vertex -5.79995 0.763578 48.2422
      vertex 2.2387 5.40469 48.2422
    endloop
  endfacet
  facet normal 0 0 1
    outer loop
      vertex 0.763578 5.79995 48.2422
      vertex -5.79995 0.763578 48.2422
      vertex 1.51409 5.65067 48.2422
    endloop
  endfacet
  facet normal 0 0 1
    outer loop
      vertex 0 5.85 48.2422
      vertex -5.79995 0.763578 48.2422
      vertex 0.763578 5.79995 48.2422
    endloop
  endfacet
  facet normal 0 0 1
    outer loop
      vertex -0.763578 5.79995 48.2422
      vertex -5.79995 0.763578 48.2422
      vertex 0 5.85 48.2422
    endloop
  endfacet
  facet normal 0 0 1
    outer loop
      vertex -1.51409 5.65067 48.2422
      vertex -5.79995 0.763578 48.2422
      vertex -0.763578 5.79995 48.2422
    endloop
  endfacet
  facet normal 0 0 1
    outer loop
      vertex -2.2387 5.40469 48.2422
      vertex -5.79995 0.763578 48.2422
      vertex -1.51409 5.65067 48.2422
    endloop
  endfacet
  facet normal 0 0 1
    outer loop
      vertex -2.925 5.06625 48.2422
      vertex -5.79995 0.763578 48.2422
      vertex -2.2387 5.40469 48.2422
    endloop
  endfacet
  facet normal 0 0 1
    outer loop
      vertex -3.56125 4.64112 48.2422
      vertex -5.79995 0.763578 48.2422
      vertex -2.925 5.06625 48.2422
    endloop
  endfacet
  facet normal 0 0 1
    outer loop
      vertex -4.13657 4.13657 48.2422
      vertex -5.79995 0.763578 48.2422
      vertex -3.56125 4.64112 48.2422
    endloop
  endfacet
  facet normal 0 0 1
    outer loop
      vertex -4.64112 3.56125 48.2422
      vertex -5.79995 0.763578 48.2422
      vertex -4.13657 4.13657 48.2422
    endloop
  endfacet
  facet normal 0 0 1
    outer loop
      vertex -5.06625 2.925 48.2422
      vertex -5.79995 0.763578 48.2422
      vertex -4.64112 3.56125 48.2422
    endloop
  endfacet
  facet normal 0 0 1
    outer loop
      vertex -5.40469 2.2387 48.2422
      vertex -5.79995 0.763578 48.2422
      vertex -5.06625 2.925 48.2422
    endloop
  endfacet
  facet normal 0 0 1
    outer loop
      vertex -5.65067 1.51409 48.2422
      vertex -5.79995 0.763578 48.2422
      vertex -5.40469 2.2387 48.2422
    endloop
  endfacet
  facet normal 0 0 1
    outer loop
      vertex 0.912337 -3.40489 48.2422
      vertex 0.460105 -3.49484 48.2422
      vertex 2.925 -5.06625 48.2422
    endloop
  endfacet
  facet normal 0 0 1
    outer loop
      vertex 2.79657 -2.14588 48.2422
      vertex 2.49255 -2.49255 48.2422
      vertex 5.06625 -2.925 48.2422
    endloop
  endfacet
  facet normal 0 0 1
    outer loop
      vertex 2.49255 -2.49255 48.2422
      vertex 2.14588 -2.79657 48.2422
      vertex 4.64112 -3.56125 48.2422
    endloop
  endfacet
  facet normal 0 0 1
    outer loop
      vertex 3.40489 -0.912337 48.2422
      vertex 3.25667 -1.34896 48.2422
      vertex 5.65067 -1.51409 48.2422
    endloop
  endfacet
  facet normal 0 0 1
    outer loop
      vertex 3.49484 0.460105 48.2422
      vertex 3.525 0 48.2422
      vertex 5.85 0 48.2422
    endloop
  endfacet
  facet normal 0 0 1
    outer loop
      vertex 2.79657 2.14588 48.2422
      vertex 3.05274 1.7625 48.2422
      vertex 5.40469 2.2387 48.2422
    endloop
  endfacet
  facet normal 0 0 1
    outer loop
      vertex -2.79657 2.14588 48.2422
      vertex -2.49255 2.49255 48.2422
      vertex -5.79995 0.763578 48.2422
    endloop
  endfacet
  facet normal 0 0 1
    outer loop
      vertex 1.7625 3.05274 48.2422
      vertex 2.14588 2.79657 48.2422
      vertex 4.64112 3.56125 48.2422
    endloop
  endfacet
  facet normal 0 0 1
    outer loop
      vertex -1.7625 3.05274 48.2422
      vertex -1.34896 3.25667 48.2422
      vertex 2.2387 5.40469 48.2422
    endloop
  endfacet
  facet normal 0 0 1
    outer loop
      vertex 0.460105 3.49484 48.2422
      vertex 0.912337 3.40489 48.2422
      vertex 3.56125 4.64112 48.2422
    endloop
  endfacet
  facet normal 0 0 1
    outer loop
      vertex -2.14588 2.79657 48.2422
      vertex -5.79995 0.763578 48.2422
      vertex -2.49255 2.49255 48.2422
    endloop
  endfacet
  facet normal 0 0 1
    outer loop
      vertex -1.7625 3.05274 48.2422
      vertex -5.79995 0.763578 48.2422
      vertex -2.14588 2.79657 48.2422
    endloop
  endfacet
  facet normal 0 0 1
    outer loop
      vertex -1.34896 3.25667 48.2422
      vertex -0.912337 3.40489 48.2422
      vertex 2.2387 5.40469 48.2422
    endloop
  endfacet
  facet normal 0 0 1
    outer loop
      vertex 2.2387 5.40469 48.2422
      vertex -5.79995 0.763578 48.2422
      vertex -1.7625 3.05274 48.2422
    endloop
  endfacet
  facet normal 0 0 1
    outer loop
      vertex 2.2387 5.40469 48.2422
      vertex -0.912337 3.40489 48.2422
      vertex 2.925 5.06625 48.2422
    endloop
  endfacet
  facet normal 0 0 1
    outer loop
      vertex -0.912337 3.40489 48.2422
      vertex -0.460105 3.49484 48.2422
      vertex 2.925 5.06625 48.2422
    endloop
  endfacet
  facet normal 0 0 1
    outer loop
      vertex 2.925 5.06625 48.2422
      vertex 0 3.525 48.2422
      vertex 3.56125 4.64112 48.2422
    endloop
  endfacet
  facet normal 0 0 1
    outer loop
      vertex 0 3.525 48.2422
      vertex 0.460105 3.49484 48.2422
      vertex 3.56125 4.64112 48.2422
    endloop
  endfacet
  facet normal 0 0 1
    outer loop
      vertex 3.56125 4.64112 48.2422
      vertex 0.912337 3.40489 48.2422
      vertex 4.13657 4.13657 48.2422
    endloop
  endfacet
  facet normal 0 0 1
    outer loop
      vertex 0.912337 3.40489 48.2422
      vertex 1.34896 3.25667 48.2422
      vertex 4.13657 4.13657 48.2422
    endloop
  endfacet
  facet normal 0 0 1
    outer loop
      vertex 4.13657 4.13657 48.2422
      vertex 1.7625 3.05274 48.2422
      vertex 4.64112 3.56125 48.2422
    endloop
  endfacet
  facet normal 0 0 1
    outer loop
      vertex -3.05274 1.7625 48.2422
      vertex -2.79657 2.14588 48.2422
      vertex -5.79995 0.763578 48.2422
    endloop
  endfacet
  facet normal 0 0 1
    outer loop
      vertex 4.64112 3.56125 48.2422
      vertex 2.14588 2.79657 48.2422
      vertex 5.06625 2.925 48.2422
    endloop
  endfacet
  facet normal 0 0 1
    outer loop
      vertex 2.14588 2.79657 48.2422
      vertex 2.49255 2.49255 48.2422
      vertex 5.06625 2.925 48.2422
    endloop
  endfacet
  facet normal 0 0 1
    outer loop
      vertex 5.06625 2.925 48.2422
      vertex 2.79657 2.14588 48.2422
      vertex 5.40469 2.2387 48.2422
    endloop
  endfacet
  facet normal 0 0 1
    outer loop
      vertex 3.05274 1.7625 48.2422
      vertex 3.25667 1.34896 48.2422
      vertex 5.65067 1.51409 48.2422
    endloop
  endfacet
  facet normal 0 0 1
    outer loop
      vertex 5.40469 2.2387 48.2422
      vertex 3.05274 1.7625 48.2422
      vertex 5.65067 1.51409 48.2422
    endloop
  endfacet
  facet normal 0 0 1
    outer loop
      vertex -3.25667 1.34896 48.2422
      vertex -3.05274 1.7625 48.2422
      vertex -5.79995 0.763578 48.2422
    endloop
  endfacet
  facet normal 0 0 1
    outer loop
      vertex 5.65067 1.51409 48.2422
      vertex 3.25667 1.34896 48.2422
      vertex 5.79995 0.763578 48.2422
    endloop
  endfacet
  facet normal 0 0 1
    outer loop
      vertex 3.25667 1.34896 48.2422
      vertex 3.40489 0.912337 48.2422
      vertex 5.79995 0.763578 48.2422
    endloop
  endfacet
  facet normal 0 0 1
    outer loop
      vertex 5.79995 0.763578 48.2422
      vertex 3.49484 0.460105 48.2422
      vertex 5.85 0 48.2422
    endloop
  endfacet
  facet normal 0 0 1
    outer loop
      vertex 5.85 0 48.2422
      vertex 3.525 0 48.2422
      vertex 5.79995 -0.763578 48.2422
    endloop
  endfacet
  facet normal 0 0 1
    outer loop
      vertex 5.79995 -0.763578 48.2422
      vertex 3.49484 -0.460105 48.2422
      vertex 5.65067 -1.51409 48.2422
    endloop
  endfacet
  facet normal 0 0 1
    outer loop
      vertex 3.25667 -1.34896 48.2422
      vertex 3.05274 -1.7625 48.2422
      vertex 5.40469 -2.2387 48.2422
    endloop
  endfacet
  facet normal 0 0 1
    outer loop
      vertex 3.49484 -0.460105 48.2422
      vertex 3.40489 -0.912337 48.2422
      vertex 5.65067 -1.51409 48.2422
    endloop
  endfacet
  facet normal 0 0 1
    outer loop
      vertex 3.525 0 48.2422
      vertex 3.49484 -0.460105 48.2422
      vertex 5.79995 -0.763578 48.2422
    endloop
  endfacet
  facet normal 0 0 1
    outer loop
      vertex 5.65067 -1.51409 48.2422
      vertex 3.25667 -1.34896 48.2422
      vertex 5.40469 -2.2387 48.2422
    endloop
  endfacet
  facet normal 0 0 1
    outer loop
      vertex 3.40489 0.912337 48.2422
      vertex 3.49484 0.460105 48.2422
      vertex 5.79995 0.763578 48.2422
    endloop
  endfacet
  facet normal 0 0 1
    outer loop
      vertex 5.40469 -2.2387 48.2422
      vertex 3.05274 -1.7625 48.2422
      vertex 5.06625 -2.925 48.2422
    endloop
  endfacet
  facet normal 0 0 1
    outer loop
      vertex 3.05274 -1.7625 48.2422
      vertex 2.79657 -2.14588 48.2422
      vertex 5.06625 -2.925 48.2422
    endloop
  endfacet
  facet normal 0 0 1
    outer loop
      vertex 5.06625 -2.925 48.2422
      vertex 2.49255 -2.49255 48.2422
      vertex 4.64112 -3.56125 48.2422
    endloop
  endfacet
  facet normal 0 0 1
    outer loop
      vertex 4.64112 -3.56125 48.2422
      vertex 2.14588 -2.79657 48.2422
      vertex 4.13657 -4.13657 48.2422
    endloop
  endfacet
  facet normal 0 0 1
    outer loop
      vertex 4.13657 -4.13657 48.2422
      vertex 1.7625 -3.05274 48.2422
      vertex 3.56125 -4.64112 48.2422
    endloop
  endfacet
  facet normal 0 0 1
    outer loop
      vertex 1.7625 -3.05274 48.2422
      vertex 1.34896 -3.25667 48.2422
      vertex 3.56125 -4.64112 48.2422
    endloop
  endfacet
  facet normal 0 0 1
    outer loop
      vertex 3.56125 -4.64112 48.2422
      vertex 0.912337 -3.40489 48.2422
      vertex 2.925 -5.06625 48.2422
    endloop
  endfacet
  facet normal 0 0 1
    outer loop
      vertex 2.925 -5.06625 48.2422
      vertex 0.460105 -3.49484 48.2422
      vertex 2.2387 -5.40469 48.2422
    endloop
  endfacet
  facet normal 0 0 1
    outer loop
      vertex -3.05274 -1.7625 48.2422
      vertex -3.25667 -1.34896 48.2422
      vertex -5.79995 0.763578 48.2422
    endloop
  endfacet
  facet normal 0 0 1
    outer loop
      vertex 0.460105 -3.49484 48.2422
      vertex 0 -3.525 48.2422
      vertex 2.2387 -5.40469 48.2422
    endloop
  endfacet
  facet normal 0 0 1
    outer loop
      vertex 2.2387 -5.40469 48.2422
      vertex -0.460105 -3.49484 48.2422
      vertex 1.51409 -5.65067 48.2422
    endloop
  endfacet
  facet normal 0 0 1
    outer loop
      vertex -0.460105 -3.49484 48.2422
      vertex -0.912337 -3.40489 48.2422
      vertex 1.51409 -5.65067 48.2422
    endloop
  endfacet
  facet normal 0 0 1
    outer loop
      vertex 1.51409 -5.65067 48.2422
      vertex -1.34896 -3.25667 48.2422
      vertex 0.763578 -5.79995 48.2422
    endloop
  endfacet
  facet normal 0 0 1
    outer loop
      vertex -1.34896 -3.25667 48.2422
      vertex -1.7625 -3.05274 48.2422
      vertex 0.763578 -5.79995 48.2422
    endloop
  endfacet
  facet normal 0 0 1
    outer loop
      vertex -1.7625 -3.05274 48.2422
      vertex -2.14588 -2.79657 48.2422
      vertex 0.763578 -5.79995 48.2422
    endloop
  endfacet
  facet normal 0 0 1
    outer loop
      vertex -2.14588 -2.79657 48.2422
      vertex -2.49255 -2.49255 48.2422
      vertex 0.763578 -5.79995 48.2422
    endloop
  endfacet
  facet normal 0 0 1
    outer loop
      vertex -2.79657 -2.14588 48.2422
      vertex -3.05274 -1.7625 48.2422
      vertex -5.79995 0.763578 48.2422
    endloop
  endfacet
  facet normal 0 0 1
    outer loop
      vertex -3.25667 -1.34896 48.2422
      vertex -3.40489 -0.912337 48.2422
      vertex -5.79995 0.763578 48.2422
    endloop
  endfacet
  facet normal 0 0 1
    outer loop
      vertex 1.34896 -3.25667 48.2422
      vertex 0.912337 -3.40489 48.2422
      vertex 3.56125 -4.64112 48.2422
    endloop
  endfacet
  facet normal 0 0 1
    outer loop
      vertex 0 -3.525 48.2422
      vertex -0.460105 -3.49484 48.2422
      vertex 2.2387 -5.40469 48.2422
    endloop
  endfacet
  facet normal 0 0 1
    outer loop
      vertex -3.40489 -0.912337 48.2422
      vertex -3.49484 -0.460105 48.2422
      vertex -5.79995 0.763578 48.2422
    endloop
  endfacet
  facet normal 0 0 1
    outer loop
      vertex -3.49484 -0.460105 48.2422
      vertex -3.525 0 48.2422
      vertex -5.79995 0.763578 48.2422
    endloop
  endfacet
  facet normal 0 0 1
    outer loop
      vertex -3.525 0 48.2422
      vertex -3.49484 0.460105 48.2422
      vertex -5.79995 0.763578 48.2422
    endloop
  endfacet
  facet normal 0 0 -1
    outer loop
      vertex -8.975 0 0
      vertex -8.89822 1.17147 0
      vertex -8.89822 -1.17147 0
    endloop
  endfacet
  facet normal 0 0 -1
    outer loop
      vertex -8.89822 -1.17147 0
      vertex -8.89822 1.17147 0
      vertex -8.66918 2.3229 0
    endloop
  endfacet
  facet normal 0 0 -1
    outer loop
      vertex -8.89822 -1.17147 0
      vertex -8.66918 2.3229 0
      vertex -8.29182 3.43458 0
    endloop
  endfacet
  facet normal 0 0 -1
    outer loop
      vertex -8.89822 -1.17147 0
      vertex -8.29182 3.43458 0
      vertex -7.77258 4.4875 0
    endloop
  endfacet
  facet normal 0 0 -1
    outer loop
      vertex -8.89822 -1.17147 0
      vertex -7.77258 4.4875 0
      vertex -7.12035 5.46363 0
    endloop
  endfacet
  facet normal 0 0 -1
    outer loop
      vertex -8.89822 -1.17147 0
      vertex -7.12035 5.46363 0
      vertex -6.34628 6.34628 0
    endloop
  endfacet
  facet normal 0 0 -1
    outer loop
      vertex -8.89822 -1.17147 0
      vertex -6.34628 6.34628 0
      vertex -5.46363 7.12035 0
    endloop
  endfacet
  facet normal 0 0 -1
    outer loop
      vertex -8.89822 -1.17147 0
      vertex -5.46363 7.12035 0
      vertex -4.4875 7.77258 0
    endloop
  endfacet
  facet normal 0 0 -1
    outer loop
      vertex -8.89822 -1.17147 0
      vertex -4.4875 7.77258 0
      vertex -3.43458 8.29182 0
    endloop
  endfacet
  facet normal 0 0 -1
    outer loop
      vertex -8.89822 -1.17147 0
      vertex -3.43458 8.29182 0
      vertex -2.3229 8.66918 0
    endloop
  endfacet
  facet normal 0 0 -1
    outer loop
      vertex -4.04826 5.2758 0
      vertex -2.3229 8.66918 0
      vertex -1.17147 8.89822 0
    endloop
  endfacet
  facet normal 0 0 -1
    outer loop
      vertex -2.54485 6.1438 0
      vertex -1.17147 8.89822 0
      vertex 0 8.975 0
    endloop
  endfacet
  facet normal 0 0 -1
    outer loop
      vertex -1.72115 6.42341 0
      vertex 0 8.975 0
      vertex 1.17147 8.89822 0
    endloop
  endfacet
  facet normal 0 0 -1
    outer loop
      vertex 0 6.65 0
      vertex 1.17147 8.89822 0
      vertex 2.3229 8.66918 0
    endloop
  endfacet
  facet normal 0 0 -1
    outer loop
      vertex 0.867999 6.59311 0
      vertex 2.3229 8.66918 0
      vertex 3.43458 8.29182 0
    endloop
  endfacet
  facet normal 0 0 -1
    outer loop
      vertex 1.72115 6.42341 0
      vertex 3.43458 8.29182 0
      vertex 4.4875 7.77258 0
    endloop
  endfacet
  facet normal 0 0 -1
    outer loop
      vertex 2.54485 6.1438 0
      vertex 4.4875 7.77258 0
      vertex 5.46363 7.12035 0
    endloop
  endfacet
  facet normal 0 0 -1
    outer loop
      vertex 4.04826 5.2758 0
      vertex 5.46363 7.12035 0
      vertex 6.34628 6.34628 0
    endloop
  endfacet
  facet normal 0 0 -1
    outer loop
      vertex 4.70226 4.70226 0
      vertex 6.34628 6.34628 0
      vertex 7.12035 5.46363 0
    endloop
  endfacet
  facet normal 0 0 -1
    outer loop
      vertex 5.2758 4.04826 0
      vertex 7.12035 5.46363 0
      vertex 7.77258 4.4875 0
    endloop
  endfacet
  facet normal 0 0 -1
    outer loop
      vertex 5.75907 3.325 0
      vertex 7.77258 4.4875 0
      vertex 8.29182 3.43458 0
    endloop
  endfacet
  facet normal 0 0 -1
    outer loop
      vertex 6.1438 2.54485 0
      vertex 8.29182 3.43458 0
      vertex 8.66918 2.3229 0
    endloop
  endfacet
  facet normal 0 0 -1
    outer loop
      vertex 6.42341 1.72115 0
      vertex 8.66918 2.3229 0
      vertex 8.89822 1.17147 0
    endloop
  endfacet
  facet normal 0 0 -1
    outer loop
      vertex 6.65 0 0
      vertex 8.89822 1.17147 0
      vertex 8.975 0 0
    endloop
  endfacet
  facet normal 0 0 -1
    outer loop
      vertex 6.59311 -0.867999 0
      vertex 8.975 0 0
      vertex 8.89822 -1.17147 0
    endloop
  endfacet
  facet normal 0 0 -1
    outer loop
      vertex 6.42341 -1.72115 0
      vertex 8.89822 -1.17147 0
      vertex 8.66918 -2.3229 0
    endloop
  endfacet
  facet normal 0 0 -1
    outer loop
      vertex 6.1438 -2.54485 0
      vertex 8.66918 -2.3229 0
      vertex 8.29182 -3.43458 0
    endloop
  endfacet
  facet normal 0 0 -1
    outer loop
      vertex 5.75907 -3.325 0
      vertex 8.29182 -3.43458 0
      vertex 7.77258 -4.4875 0
    endloop
  endfacet
  facet normal 0 0 -1
    outer loop
      vertex 4.70226 -4.70226 0
      vertex 7.77258 -4.4875 0
      vertex 7.12035 -5.46363 0
    endloop
  endfacet
  facet normal 0 0 -1
    outer loop
      vertex 4.04826 -5.2758 0
      vertex 7.12035 -5.46363 0
      vertex 6.34628 -6.34628 0
    endloop
  endfacet
  facet normal 0 0 -1
    outer loop
      vertex 3.325 -5.75907 0
      vertex 6.34628 -6.34628 0
      vertex 5.46363 -7.12035 0
    endloop
  endfacet
  facet normal 0 0 -1
    outer loop
      vertex 2.54485 -6.1438 0
      vertex 5.46363 -7.12035 0
      vertex 4.4875 -7.77258 0
    endloop
  endfacet
  facet normal 0 0 -1
    outer loop
      vertex 0.867999 -6.59311 0
      vertex 4.4875 -7.77258 0
      vertex 3.43458 -8.29182 0
    endloop
  endfacet
  facet normal 0 0 -1
    outer loop
      vertex 0 -6.65 0
      vertex 3.43458 -8.29182 0
      vertex 2.3229 -8.66918 0
    endloop
  endfacet
  facet normal 0 0 -1
    outer loop
      vertex -1.72115 -6.42341 0
      vertex 2.3229 -8.66918 0
      vertex 1.17147 -8.89822 0
    endloop
  endfacet
  facet normal 0 0 -1
    outer loop
      vertex -3.325 -5.75907 0
      vertex 1.17147 -8.89822 0
      vertex 0 -8.975 0
    endloop
  endfacet
  facet normal 0 0 -1
    outer loop
      vertex -8.89822 -1.17147 0
      vertex 0 -8.975 0
      vertex -1.17147 -8.89822 0
    endloop
  endfacet
  facet normal 0 0 -1
    outer loop
      vertex -8.89822 -1.17147 0
      vertex -1.17147 -8.89822 0
      vertex -2.3229 -8.66918 0
    endloop
  endfacet
  facet normal 0 0 -1
    outer loop
      vertex -8.89822 -1.17147 0
      vertex -2.3229 -8.66918 0
      vertex -3.43458 -8.29182 0
    endloop
  endfacet
  facet normal 0 0 -1
    outer loop
      vertex -8.89822 -1.17147 0
      vertex -3.43458 -8.29182 0
      vertex -4.4875 -7.77258 0
    endloop
  endfacet
  facet normal 0 0 -1
    outer loop
      vertex -8.89822 -1.17147 0
      vertex -4.4875 -7.77258 0
      vertex -5.46363 -7.12035 0
    endloop
  endfacet
  facet normal 0 0 -1
    outer loop
      vertex -8.89822 -1.17147 0
      vertex -5.46363 -7.12035 0
      vertex -6.34628 -6.34628 0
    endloop
  endfacet
  facet normal 0 0 -1
    outer loop
      vertex -8.89822 -1.17147 0
      vertex -6.34628 -6.34628 0
      vertex -7.12035 -5.46363 0
    endloop
  endfacet
  facet normal 0 0 -1
    outer loop
      vertex -8.89822 -1.17147 0
      vertex -7.12035 -5.46363 0
      vertex -7.77258 -4.4875 0
    endloop
  endfacet
  facet normal 0 0 -1
    outer loop
      vertex -8.89822 -1.17147 0
      vertex -7.77258 -4.4875 0
      vertex -8.29182 -3.43458 0
    endloop
  endfacet
  facet normal 0 0 -1
    outer loop
      vertex -8.89822 -1.17147 0
      vertex -8.29182 -3.43458 0
      vertex -8.66918 -2.3229 0
    endloop
  endfacet
  facet normal 0 0 -1
    outer loop
      vertex -6.59311 -0.867999 0
      vertex -8.89822 -1.17147 0
      vertex -6.65 0 0
    endloop
  endfacet
  facet normal 0 0 -1
    outer loop
      vertex 6.42341 -1.72115 0
      vertex 8.66918 -2.3229 0
      vertex 6.1438 -2.54485 0
    endloop
  endfacet
  facet normal 0 0 -1
    outer loop
      vertex -6.42341 -1.72115 0
      vertex -8.89822 -1.17147 0
      vertex -6.59311 -0.867999 0
    endloop
  endfacet
  facet normal 0 0 -1
    outer loop
      vertex -6.1438 -2.54485 0
      vertex -8.89822 -1.17147 0
      vertex -6.42341 -1.72115 0
    endloop
  endfacet
  facet normal 0 0 -1
    outer loop
      vertex -5.75907 -3.325 0
      vertex -8.89822 -1.17147 0
      vertex -6.1438 -2.54485 0
    endloop
  endfacet
  facet normal 0 0 -1
    outer loop
      vertex -5.2758 -4.04826 0
      vertex -8.89822 -1.17147 0
      vertex -5.75907 -3.325 0
    endloop
  endfacet
  facet normal 0 0 -1
    outer loop
      vertex -3.325 -5.75907 0
      vertex 0 -8.975 0
      vertex -4.04826 -5.2758 0
    endloop
  endfacet
  facet normal 0 0 -1
    outer loop
      vertex -8.89822 -1.17147 0
      vertex -5.2758 -4.04826 0
      vertex -4.70226 -4.70226 0
    endloop
  endfacet
  facet normal 0 0 -1
    outer loop
      vertex -8.89822 -1.17147 0
      vertex -4.70226 -4.70226 0
      vertex 0 -8.975 0
    endloop
  endfacet
  facet normal 0 0 -1
    outer loop
      vertex -4.70226 -4.70226 0
      vertex -4.04826 -5.2758 0
      vertex 0 -8.975 0
    endloop
  endfacet
  facet normal 0 0 -1
    outer loop
      vertex -2.54485 -6.1438 0
      vertex 1.17147 -8.89822 0
      vertex -3.325 -5.75907 0
    endloop
  endfacet
  facet normal 0 0 -1
    outer loop
      vertex -1.72115 -6.42341 0
      vertex 1.17147 -8.89822 0
      vertex -2.54485 -6.1438 0
    endloop
  endfacet
  facet normal 0 0 -1
    outer loop
      vertex -0.867999 -6.59311 0
      vertex 2.3229 -8.66918 0
      vertex -1.72115 -6.42341 0
    endloop
  endfacet
  facet normal 0 0 -1
    outer loop
      vertex 0 -6.65 0
      vertex 2.3229 -8.66918 0
      vertex -0.867999 -6.59311 0
    endloop
  endfacet
  facet normal 0 0 -1
    outer loop
      vertex 1.72115 -6.42341 0
      vertex 4.4875 -7.77258 0
      vertex 0.867999 -6.59311 0
    endloop
  endfacet
  facet normal 0 0 -1
    outer loop
      vertex 2.54485 -6.1438 0
      vertex 4.4875 -7.77258 0
      vertex 1.72115 -6.42341 0
    endloop
  endfacet
  facet normal 0 0 -1
    outer loop
      vertex 0.867999 -6.59311 0
      vertex 3.43458 -8.29182 0
      vertex 0 -6.65 0
    endloop
  endfacet
  facet normal 0 0 -1
    outer loop
      vertex 5.2758 -4.04826 0
      vertex 7.77258 -4.4875 0
      vertex 4.70226 -4.70226 0
    endloop
  endfacet
  facet normal 0 0 -1
    outer loop
      vertex 5.75907 -3.325 0
      vertex 7.77258 -4.4875 0
      vertex 5.2758 -4.04826 0
    endloop
  endfacet
  facet normal 0 0 -1
    outer loop
      vertex 4.70226 -4.70226 0
      vertex 7.12035 -5.46363 0
      vertex 4.04826 -5.2758 0
    endloop
  endfacet
  facet normal 0 0 -1
    outer loop
      vertex 4.04826 -5.2758 0
      vertex 6.34628 -6.34628 0
      vertex 3.325 -5.75907 0
    endloop
  endfacet
  facet normal 0 0 -1
    outer loop
      vertex 3.325 -5.75907 0
      vertex 5.46363 -7.12035 0
      vertex 2.54485 -6.1438 0
    endloop
  endfacet
  facet normal 0 0 -1
    outer loop
      vertex 6.59311 0.867999 0
      vertex 8.89822 1.17147 0
      vertex 6.65 0 0
    endloop
  endfacet
  facet normal 0 0 -1
    outer loop
      vertex 6.1438 2.54485 0
      vertex 8.66918 2.3229 0
      vertex 6.42341 1.72115 0
    endloop
  endfacet
  facet normal 0 0 -1
    outer loop
      vertex 6.42341 1.72115 0
      vertex 8.89822 1.17147 0
      vertex 6.59311 0.867999 0
    endloop
  endfacet
  facet normal 0 0 -1
    outer loop
      vertex 6.65 0 0
      vertex 8.975 0 0
      vertex 6.59311 -0.867999 0
    endloop
  endfacet
  facet normal 0 0 -1
    outer loop
      vertex 6.59311 -0.867999 0
      vertex 8.89822 -1.17147 0
      vertex 6.42341 -1.72115 0
    endloop
  endfacet
  facet normal 0 0 -1
    outer loop
      vertex 3.325 5.75907 0
      vertex 5.46363 7.12035 0
      vertex 4.04826 5.2758 0
    endloop
  endfacet
  facet normal 0 0 -1
    outer loop
      vertex 2.54485 6.1438 0
      vertex 5.46363 7.12035 0
      vertex 3.325 5.75907 0
    endloop
  endfacet
  facet normal 0 0 -1
    outer loop
      vertex 4.04826 5.2758 0
      vertex 6.34628 6.34628 0
      vertex 4.70226 4.70226 0
    endloop
  endfacet
  facet normal 0 0 -1
    outer loop
      vertex 4.70226 4.70226 0
      vertex 7.12035 5.46363 0
      vertex 5.2758 4.04826 0
    endloop
  endfacet
  facet normal 0 0 -1
    outer loop
      vertex 5.2758 4.04826 0
      vertex 7.77258 4.4875 0
      vertex 5.75907 3.325 0
    endloop
  endfacet
  facet normal 0 0 -1
    outer loop
      vertex -0.867999 6.59311 0
      vertex 1.17147 8.89822 0
      vertex 0 6.65 0
    endloop
  endfacet
  facet normal 0 0 -1
    outer loop
      vertex -2.54485 6.1438 0
      vertex 0 8.975 0
      vertex -1.72115 6.42341 0
    endloop
  endfacet
  facet normal 0 0 -1
    outer loop
      vertex -3.325 5.75907 0
      vertex -1.17147 8.89822 0
      vertex -2.54485 6.1438 0
    endloop
  endfacet
  facet normal 0 0 -1
    outer loop
      vertex -4.04826 5.2758 0
      vertex -1.17147 8.89822 0
      vertex -3.325 5.75907 0
    endloop
  endfacet
  facet normal 0 0 -1
    outer loop
      vertex -4.70226 4.70226 0
      vertex -2.3229 8.66918 0
      vertex -4.04826 5.2758 0
    endloop
  endfacet
  facet normal 0 0 -1
    outer loop
      vertex -6.1438 2.54485 0
      vertex -8.89822 -1.17147 0
      vertex -5.75907 3.325 0
    endloop
  endfacet
  facet normal 0 0 -1
    outer loop
      vertex -5.2758 4.04826 0
      vertex -2.3229 8.66918 0
      vertex -4.70226 4.70226 0
    endloop
  endfacet
  facet normal 0 0 -1
    outer loop
      vertex -8.89822 -1.17147 0
      vertex -2.3229 8.66918 0
      vertex -5.2758 4.04826 0
    endloop
  endfacet
  facet normal 0 0 -1
    outer loop
      vertex -8.89822 -1.17147 0
      vertex -5.2758 4.04826 0
      vertex -5.75907 3.325 0
    endloop
  endfacet
  facet normal 0 0 -1
    outer loop
      vertex -6.42341 1.72115 0
      vertex -8.89822 -1.17147 0
      vertex -6.1438 2.54485 0
    endloop
  endfacet
  facet normal 0 0 -1
    outer loop
      vertex -6.59311 0.867999 0
      vertex -8.89822 -1.17147 0
      vertex -6.42341 1.72115 0
    endloop
  endfacet
  facet normal 0 0 -1
    outer loop
      vertex 5.75907 3.325 0
      vertex 8.29182 3.43458 0
      vertex 6.1438 2.54485 0
    endloop
  endfacet
  facet normal 0 0 -1
    outer loop
      vertex -6.65 0 0
      vertex -8.89822 -1.17147 0
      vertex -6.59311 0.867999 0
    endloop
  endfacet
  facet normal 0 0 -1
    outer loop
      vertex -1.72115 6.42341 0
      vertex 1.17147 8.89822 0
      vertex -0.867999 6.59311 0
    endloop
  endfacet
  facet normal 0 0 -1
    outer loop
      vertex 0 6.65 0
      vertex 2.3229 8.66918 0
      vertex 0.867999 6.59311 0
    endloop
  endfacet
  facet normal 0 0 -1
    outer loop
      vertex 0.867999 6.59311 0
      vertex 3.43458 8.29182 0
      vertex 1.72115 6.42341 0
    endloop
  endfacet
  facet normal 0 0 -1
    outer loop
      vertex 1.72115 6.42341 0
      vertex 4.4875 7.77258 0
      vertex 2.54485 6.1438 0
    endloop
  endfacet
  facet normal 0 0 -1
    outer loop
      vertex 6.1438 -2.54485 0
      vertex 8.29182 -3.43458 0
      vertex 5.75907 -3.325 0
    endloop
  endfacet
  facet normal -0.997859 0.0654028 0
    outer loop
      vertex -8.975 0 0
      vertex -8.975 0 45.1172
      vertex -8.89822 1.17147 0
    endloop
  endfacet
  facet normal -0.997859 0.0654028 0
    outer loop
      vertex -8.89822 1.17147 0
      vertex -8.975 0 45.1172
      vertex -8.89822 1.17147 45.1172
    endloop
  endfacet
  facet normal -0.997859 -0.0654028 0
    outer loop
      vertex -8.975 0 0
      vertex -8.89822 -1.17147 0
      vertex -8.975 0 45.1172
    endloop
  endfacet
  facet normal -0.997859 -0.0654028 0
    outer loop
      vertex -8.975 0 45.1172
      vertex -8.89822 -1.17147 0
      vertex -8.89822 -1.17147 45.1172
    endloop
  endfacet
  facet normal -0.980785 -0.195091 0
    outer loop
      vertex -8.89822 -1.17147 0
      vertex -8.66918 -2.3229 0
      vertex -8.89822 -1.17147 45.1172
    endloop
  endfacet
  facet normal -0.980785 -0.195091 0
    outer loop
      vertex -8.89822 -1.17147 45.1172
      vertex -8.66918 -2.3229 0
      vertex -8.66918 -2.3229 45.1172
    endloop
  endfacet
  facet normal -0.94693 -0.321439 0
    outer loop
      vertex -8.66918 -2.3229 0
      vertex -8.29182 -3.43458 0
      vertex -8.66918 -2.3229 45.1172
    endloop
  endfacet
  facet normal -0.94693 -0.321439 0
    outer loop
      vertex -8.66918 -2.3229 45.1172
      vertex -8.29182 -3.43458 0
      vertex -8.29182 -3.43458 45.1172
    endloop
  endfacet
  facet normal -0.896873 -0.442289 0
    outer loop
      vertex -8.29182 -3.43458 0
      vertex -7.77258 -4.4875 0
      vertex -8.29182 -3.43458 45.1172
    endloop
  endfacet
  facet normal -0.896873 -0.442289 0
    outer loop
      vertex -8.29182 -3.43458 45.1172
      vertex -7.77258 -4.4875 0
      vertex -7.77258 -4.4875 45.1172
    endloop
  endfacet
  facet normal -0.83147 -0.55557 0
    outer loop
      vertex -7.77258 -4.4875 0
      vertex -7.12035 -5.46363 0
      vertex -7.77258 -4.4875 45.1172
    endloop
  endfacet
  facet normal -0.83147 -0.55557 0
    outer loop
      vertex -7.77258 -4.4875 45.1172
      vertex -7.12035 -5.46363 0
      vertex -7.12035 -5.46363 45.1172
    endloop
  endfacet
  facet normal -0.75184 -0.659346 0
    outer loop
      vertex -7.12035 -5.46363 0
      vertex -6.34628 -6.34628 0
      vertex -7.12035 -5.46363 45.1172
    endloop
  endfacet
  facet normal -0.75184 -0.659346 0
    outer loop
      vertex -7.12035 -5.46363 45.1172
      vertex -6.34628 -6.34628 0
      vertex -6.34628 -6.34628 45.1172
    endloop
  endfacet
  facet normal -0.659346 -0.75184 0
    outer loop
      vertex -6.34628 -6.34628 45.1172
      vertex -6.34628 -6.34628 0
      vertex -5.46363 -7.12035 0
    endloop
  endfacet
  facet normal -0.659346 -0.75184 0
    outer loop
      vertex -5.46363 -7.12035 45.1172
      vertex -6.34628 -6.34628 45.1172
      vertex -5.46363 -7.12035 0
    endloop
  endfacet
  facet normal -0.55557 -0.83147 0
    outer loop
      vertex -5.46363 -7.12035 45.1172
      vertex -5.46363 -7.12035 0
      vertex -4.4875 -7.77258 0
    endloop
  endfacet
  facet normal -0.55557 -0.83147 0
    outer loop
      vertex -4.4875 -7.77258 45.1172
      vertex -5.46363 -7.12035 45.1172
      vertex -4.4875 -7.77258 0
    endloop
  endfacet
  facet normal -0.442289 -0.896873 0
    outer loop
      vertex -4.4875 -7.77258 45.1172
      vertex -4.4875 -7.77258 0
      vertex -3.43458 -8.29182 0
    endloop
  endfacet
  facet normal -0.442289 -0.896873 0
    outer loop
      vertex -3.43458 -8.29182 45.1172
      vertex -4.4875 -7.77258 45.1172
      vertex -3.43458 -8.29182 0
    endloop
  endfacet
  facet normal -0.321439 -0.94693 0
    outer loop
      vertex -3.43458 -8.29182 45.1172
      vertex -3.43458 -8.29182 0
      vertex -2.3229 -8.66918 0
    endloop
  endfacet
  facet normal -0.321439 -0.94693 0
    outer loop
      vertex -2.3229 -8.66918 45.1172
      vertex -3.43458 -8.29182 45.1172
      vertex -2.3229 -8.66918 0
    endloop
  endfacet
  facet normal -0.195091 -0.980785 0
    outer loop
      vertex -2.3229 -8.66918 45.1172
      vertex -2.3229 -8.66918 0
      vertex -1.17147 -8.89822 0
    endloop
  endfacet
  facet normal -0.195091 -0.980785 0
    outer loop
      vertex -1.17147 -8.89822 45.1172
      vertex -2.3229 -8.66918 45.1172
      vertex -1.17147 -8.89822 0
    endloop
  endfacet
  facet normal -0.0654028 -0.997859 0
    outer loop
      vertex -1.17147 -8.89822 45.1172
      vertex -1.17147 -8.89822 0
      vertex 0 -8.975 0
    endloop
  endfacet
  facet normal -0.0654028 -0.997859 0
    outer loop
      vertex 0 -8.975 45.1172
      vertex -1.17147 -8.89822 45.1172
      vertex 0 -8.975 0
    endloop
  endfacet
  facet normal 0.0654028 -0.997859 0
    outer loop
      vertex 0 -8.975 45.1172
      vertex 0 -8.975 0
      vertex 1.17147 -8.89822 0
    endloop
  endfacet
  facet normal 0.0654028 -0.997859 0
    outer loop
      vertex 1.17147 -8.89822 45.1172
      vertex 0 -8.975 45.1172
      vertex 1.17147 -8.89822 0
    endloop
  endfacet
  facet normal 0.195091 -0.980785 0
    outer loop
      vertex 1.17147 -8.89822 45.1172
      vertex 1.17147 -8.89822 0
      vertex 2.3229 -8.66918 0
    endloop
  endfacet
  facet normal 0.195091 -0.980785 0
    outer loop
      vertex 2.3229 -8.66918 45.1172
      vertex 1.17147 -8.89822 45.1172
      vertex 2.3229 -8.66918 0
    endloop
  endfacet
  facet normal 0.321439 -0.94693 0
    outer loop
      vertex 2.3229 -8.66918 45.1172
      vertex 2.3229 -8.66918 0
      vertex 3.43458 -8.29182 0
    endloop
  endfacet
  facet normal 0.321439 -0.94693 0
    outer loop
      vertex 3.43458 -8.29182 45.1172
      vertex 2.3229 -8.66918 45.1172
      vertex 3.43458 -8.29182 0
    endloop
  endfacet
  facet normal 0.442289 -0.896873 0
    outer loop
      vertex 3.43458 -8.29182 45.1172
      vertex 3.43458 -8.29182 0
      vertex 4.4875 -7.77258 0
    endloop
  endfacet
  facet normal 0.442289 -0.896873 0
    outer loop
      vertex 4.4875 -7.77258 45.1172
      vertex 3.43458 -8.29182 45.1172
      vertex 4.4875 -7.77258 0
    endloop
  endfacet
  facet normal 0.55557 -0.83147 0
    outer loop
      vertex 4.4875 -7.77258 45.1172
      vertex 4.4875 -7.77258 0
      vertex 5.46363 -7.12035 0
    endloop
  endfacet
  facet normal 0.55557 -0.83147 0
    outer loop
      vertex 5.46363 -7.12035 45.1172
      vertex 4.4875 -7.77258 45.1172
      vertex 5.46363 -7.12035 0
    endloop
  endfacet
  facet normal 0.659346 -0.75184 0
    outer loop
      vertex 5.46363 -7.12035 45.1172
      vertex 5.46363 -7.12035 0
      vertex 6.34628 -6.34628 0
    endloop
  endfacet
  facet normal 0.659346 -0.75184 0
    outer loop
      vertex 6.34628 -6.34628 45.1172
      vertex 5.46363 -7.12035 45.1172
      vertex 6.34628 -6.34628 0
    endloop
  endfacet
  facet normal 0.75184 -0.659346 0
    outer loop
      vertex 6.34628 -6.34628 45.1172
      vertex 6.34628 -6.34628 0
      vertex 7.12035 -5.46363 0
    endloop
  endfacet
  facet normal 0.75184 -0.659346 0
    outer loop
      vertex 7.12035 -5.46363 45.1172
      vertex 6.34628 -6.34628 45.1172
      vertex 7.12035 -5.46363 0
    endloop
  endfacet
  facet normal 0.83147 -0.55557 0
    outer loop
      vertex 7.12035 -5.46363 45.1172
      vertex 7.12035 -5.46363 0
      vertex 7.77258 -4.4875 0
    endloop
  endfacet
  facet normal 0.83147 -0.55557 0
    outer loop
      vertex 7.77258 -4.4875 45.1172
      vertex 7.12035 -5.46363 45.1172
      vertex 7.77258 -4.4875 0
    endloop
  endfacet
  facet normal 0.896873 -0.442289 0
    outer loop
      vertex 7.77258 -4.4875 45.1172
      vertex 7.77258 -4.4875 0
      vertex 8.29182 -3.43458 0
    endloop
  endfacet
  facet normal 0.896873 -0.442289 0
    outer loop
      vertex 8.29182 -3.43458 45.1172
      vertex 7.77258 -4.4875 45.1172
      vertex 8.29182 -3.43458 0
    endloop
  endfacet
  facet normal 0.94693 -0.321439 0
    outer loop
      vertex 8.29182 -3.43458 45.1172
      vertex 8.29182 -3.43458 0
      vertex 8.66918 -2.3229 0
    endloop
  endfacet
  facet normal 0.94693 -0.321439 0
    outer loop
      vertex 8.66918 -2.3229 45.1172
      vertex 8.29182 -3.43458 45.1172
      vertex 8.66918 -2.3229 0
    endloop
  endfacet
  facet normal 0.980785 -0.195091 0
    outer loop
      vertex 8.66918 -2.3229 45.1172
      vertex 8.66918 -2.3229 0
      vertex 8.89822 -1.17147 0
    endloop
  endfacet
  facet normal 0.980785 -0.195091 0
    outer loop
      vertex 8.89822 -1.17147 45.1172
      vertex 8.66918 -2.3229 45.1172
      vertex 8.89822 -1.17147 0
    endloop
  endfacet
  facet normal 0.997859 -0.0654028 0
    outer loop
      vertex 8.89822 -1.17147 45.1172
      vertex 8.89822 -1.17147 0
      vertex 8.975 0 0
    endloop
  endfacet
  facet normal 0.997859 -0.0654028 0
    outer loop
      vertex 8.975 0 45.1172
      vertex 8.89822 -1.17147 45.1172
      vertex 8.975 0 0
    endloop
  endfacet
  facet normal 0.997859 0.0654028 0
    outer loop
      vertex 8.975 0 0
      vertex 8.89822 1.17147 0
      vertex 8.89822 1.17147 45.1172
    endloop
  endfacet
  facet normal 0.997859 0.0654028 0
    outer loop
      vertex 8.975 0 45.1172
      vertex 8.975 0 0
      vertex 8.89822 1.17147 45.1172
    endloop
  endfacet
  facet normal 0.980785 0.195091 0
    outer loop
      vertex 8.89822 1.17147 0
      vertex 8.66918 2.3229 0
      vertex 8.66918 2.3229 45.1172
    endloop
  endfacet
  facet normal 0.980785 0.195091 0
    outer loop
      vertex 8.89822 1.17147 45.1172
      vertex 8.89822 1.17147 0
      vertex 8.66918 2.3229 45.1172
    endloop
  endfacet
  facet normal 0.94693 0.321439 0
    outer loop
      vertex 8.66918 2.3229 0
      vertex 8.29182 3.43458 0
      vertex 8.29182 3.43458 45.1172
    endloop
  endfacet
  facet normal 0.94693 0.321439 0
    outer loop
      vertex 8.66918 2.3229 45.1172
      vertex 8.66918 2.3229 0
      vertex 8.29182 3.43458 45.1172
    endloop
  endfacet
  facet normal 0.896873 0.442289 0
    outer loop
      vertex 8.29182 3.43458 0
      vertex 7.77258 4.4875 0
      vertex 7.77258 4.4875 45.1172
    endloop
  endfacet
  facet normal 0.896873 0.442289 0
    outer loop
      vertex 8.29182 3.43458 45.1172
      vertex 8.29182 3.43458 0
      vertex 7.77258 4.4875 45.1172
    endloop
  endfacet
  facet normal 0.83147 0.55557 0
    outer loop
      vertex 7.77258 4.4875 0
      vertex 7.12035 5.46363 0
      vertex 7.12035 5.46363 45.1172
    endloop
  endfacet
  facet normal 0.83147 0.55557 0
    outer loop
      vertex 7.77258 4.4875 45.1172
      vertex 7.77258 4.4875 0
      vertex 7.12035 5.46363 45.1172
    endloop
  endfacet
  facet normal 0.75184 0.659346 0
    outer loop
      vertex 7.12035 5.46363 0
      vertex 6.34628 6.34628 0
      vertex 6.34628 6.34628 45.1172
    endloop
  endfacet
  facet normal 0.75184 0.659346 0
    outer loop
      vertex 7.12035 5.46363 45.1172
      vertex 7.12035 5.46363 0
      vertex 6.34628 6.34628 45.1172
    endloop
  endfacet
  facet normal 0.659346 0.75184 0
    outer loop
      vertex 5.46363 7.12035 0
      vertex 5.46363 7.12035 45.1172
      vertex 6.34628 6.34628 0
    endloop
  endfacet
  facet normal 0.659346 0.75184 0
    outer loop
      vertex 6.34628 6.34628 0
      vertex 5.46363 7.12035 45.1172
      vertex 6.34628 6.34628 45.1172
    endloop
  endfacet
  facet normal 0.55557 0.83147 0
    outer loop
      vertex 4.4875 7.77258 0
      vertex 4.4875 7.77258 45.1172
      vertex 5.46363 7.12035 0
    endloop
  endfacet
  facet normal 0.55557 0.83147 0
    outer loop
      vertex 5.46363 7.12035 0
      vertex 4.4875 7.77258 45.1172
      vertex 5.46363 7.12035 45.1172
    endloop
  endfacet
  facet normal 0.442289 0.896873 0
    outer loop
      vertex 3.43458 8.29182 0
      vertex 3.43458 8.29182 45.1172
      vertex 4.4875 7.77258 0
    endloop
  endfacet
  facet normal 0.442289 0.896873 0
    outer loop
      vertex 4.4875 7.77258 0
      vertex 3.43458 8.29182 45.1172
      vertex 4.4875 7.77258 45.1172
    endloop
  endfacet
  facet normal 0.321439 0.94693 0
    outer loop
      vertex 2.3229 8.66918 0
      vertex 2.3229 8.66918 45.1172
      vertex 3.43458 8.29182 0
    endloop
  endfacet
  facet normal 0.321439 0.94693 0
    outer loop
      vertex 3.43458 8.29182 0
      vertex 2.3229 8.66918 45.1172
      vertex 3.43458 8.29182 45.1172
    endloop
  endfacet
  facet normal 0.195091 0.980785 0
    outer loop
      vertex 1.17147 8.89822 0
      vertex 1.17147 8.89822 45.1172
      vertex 2.3229 8.66918 0
    endloop
  endfacet
  facet normal 0.195091 0.980785 0
    outer loop
      vertex 2.3229 8.66918 0
      vertex 1.17147 8.89822 45.1172
      vertex 2.3229 8.66918 45.1172
    endloop
  endfacet
  facet normal 0.0654028 0.997859 0
    outer loop
      vertex 0 8.975 0
      vertex 0 8.975 45.1172
      vertex 1.17147 8.89822 0
    endloop
  endfacet
  facet normal 0.0654028 0.997859 0
    outer loop
      vertex 1.17147 8.89822 0
      vertex 0 8.975 45.1172
      vertex 1.17147 8.89822 45.1172
    endloop
  endfacet
  facet normal -0.0654028 0.997859 0
    outer loop
      vertex -1.17147 8.89822 0
      vertex -1.17147 8.89822 45.1172
      vertex 0 8.975 0
    endloop
  endfacet
  facet normal -0.0654028 0.997859 0
    outer loop
      vertex 0 8.975 0
      vertex -1.17147 8.89822 45.1172
      vertex 0 8.975 45.1172
    endloop
  endfacet
  facet normal -0.195091 0.980785 0
    outer loop
      vertex -2.3229 8.66918 0
      vertex -2.3229 8.66918 45.1172
      vertex -1.17147 8.89822 0
    endloop
  endfacet
  facet normal -0.195091 0.980785 0
    outer loop
      vertex -1.17147 8.89822 0
      vertex -2.3229 8.66918 45.1172
      vertex -1.17147 8.89822 45.1172
    endloop
  endfacet
  facet normal -0.321439 0.94693 0
    outer loop
      vertex -3.43458 8.29182 0
      vertex -3.43458 8.29182 45.1172
      vertex -2.3229 8.66918 0
    endloop
  endfacet
  facet normal -0.321439 0.94693 0
    outer loop
      vertex -2.3229 8.66918 0
      vertex -3.43458 8.29182 45.1172
      vertex -2.3229 8.66918 45.1172
    endloop
  endfacet
  facet normal -0.442289 0.896873 0
    outer loop
      vertex -4.4875 7.77258 0
      vertex -4.4875 7.77258 45.1172
      vertex -3.43458 8.29182 0
    endloop
  endfacet
  facet normal -0.442289 0.896873 0
    outer loop
      vertex -3.43458 8.29182 0
      vertex -4.4875 7.77258 45.1172
      vertex -3.43458 8.29182 45.1172
    endloop
  endfacet
  facet normal -0.55557 0.83147 0
    outer loop
      vertex -5.46363 7.12035 0
      vertex -5.46363 7.12035 45.1172
      vertex -4.4875 7.77258 0
    endloop
  endfacet
  facet normal -0.55557 0.83147 0
    outer loop
      vertex -4.4875 7.77258 0
      vertex -5.46363 7.12035 45.1172
      vertex -4.4875 7.77258 45.1172
    endloop
  endfacet
  facet normal -0.659346 0.75184 0
    outer loop
      vertex -6.34628 6.34628 0
      vertex -6.34628 6.34628 45.1172
      vertex -5.46363 7.12035 0
    endloop
  endfacet
  facet normal -0.659346 0.75184 0
    outer loop
      vertex -5.46363 7.12035 0
      vertex -6.34628 6.34628 45.1172
      vertex -5.46363 7.12035 45.1172
    endloop
  endfacet
  facet normal -0.75184 0.659346 0
    outer loop
      vertex -7.12035 5.46363 0
      vertex -7.12035 5.46363 45.1172
      vertex -6.34628 6.34628 0
    endloop
  endfacet
  facet normal -0.75184 0.659346 0
    outer loop
      vertex -6.34628 6.34628 0
      vertex -7.12035 5.46363 45.1172
      vertex -6.34628 6.34628 45.1172
    endloop
  endfacet
  facet normal -0.83147 0.55557 0
    outer loop
      vertex -7.77258 4.4875 0
      vertex -7.77258 4.4875 45.1172
      vertex -7.12035 5.46363 0
    endloop
  endfacet
  facet normal -0.83147 0.55557 0
    outer loop
      vertex -7.12035 5.46363 0
      vertex -7.77258 4.4875 45.1172
      vertex -7.12035 5.46363 45.1172
    endloop
  endfacet
  facet normal -0.896873 0.442289 0
    outer loop
      vertex -8.29182 3.43458 0
      vertex -8.29182 3.43458 45.1172
      vertex -7.77258 4.4875 0
    endloop
  endfacet
  facet normal -0.896873 0.442289 0
    outer loop
      vertex -7.77258 4.4875 0
      vertex -8.29182 3.43458 45.1172
      vertex -7.77258 4.4875 45.1172
    endloop
  endfacet
  facet normal -0.94693 0.321439 0
    outer loop
      vertex -8.66918 2.3229 0
      vertex -8.66918 2.3229 45.1172
      vertex -8.29182 3.43458 0
    endloop
  endfacet
  facet normal -0.94693 0.321439 0
    outer loop
      vertex -8.29182 3.43458 0
      vertex -8.66918 2.3229 45.1172
      vertex -8.29182 3.43458 45.1172
    endloop
  endfacet
  facet normal -0.980785 0.195091 0
    outer loop
      vertex -8.89822 1.17147 0
      vertex -8.89822 1.17147 45.1172
      vertex -8.66918 2.3229 0
    endloop
  endfacet
  facet normal -0.980785 0.195091 0
    outer loop
      vertex -8.66918 2.3229 0
      vertex -8.89822 1.17147 45.1172
      vertex -8.66918 2.3229 45.1172
    endloop
  endfacet
  facet normal 0.997859 -0.0654035 0
    outer loop
      vertex -6.59311 0.867999 0
      vertex -6.59311 0.867999 45.1172
      vertex -6.65 0 45.1172
    endloop
  endfacet
  facet normal 0.997859 -0.0654035 0
    outer loop
      vertex -6.65 0 0
      vertex -6.59311 0.867999 0
      vertex -6.65 0 45.1172
    endloop
  endfacet
  facet normal 0.997859 0.0654035 0
    outer loop
      vertex -6.65 0 45.1172
      vertex -6.59311 -0.867999 45.1172
      vertex -6.59311 -0.867999 0
    endloop
  endfacet
  facet normal 0.997859 0.0654035 0
    outer loop
      vertex -6.65 0 0
      vertex -6.65 0 45.1172
      vertex -6.59311 -0.867999 0
    endloop
  endfacet
  facet normal 0.980785 -0.19509 0
    outer loop
      vertex -6.42341 1.72115 0
      vertex -6.42341 1.72115 45.1172
      vertex -6.59311 0.867999 45.1172
    endloop
  endfacet
  facet normal 0.980785 -0.19509 0
    outer loop
      vertex -6.59311 0.867999 0
      vertex -6.42341 1.72115 0
      vertex -6.59311 0.867999 45.1172
    endloop
  endfacet
  facet normal 0.94693 -0.32144 0
    outer loop
      vertex -6.1438 2.54485 0
      vertex -6.1438 2.54485 45.1172
      vertex -6.42341 1.72115 45.1172
    endloop
  endfacet
  facet normal 0.94693 -0.32144 0
    outer loop
      vertex -6.42341 1.72115 0
      vertex -6.1438 2.54485 0
      vertex -6.42341 1.72115 45.1172
    endloop
  endfacet
  facet normal 0.896873 -0.442289 0
    outer loop
      vertex -5.75907 3.325 0
      vertex -5.75907 3.325 45.1172
      vertex -6.1438 2.54485 45.1172
    endloop
  endfacet
  facet normal 0.896873 -0.442289 0
    outer loop
      vertex -6.1438 2.54485 0
      vertex -5.75907 3.325 0
      vertex -6.1438 2.54485 45.1172
    endloop
  endfacet
  facet normal 0.83147 -0.55557 0
    outer loop
      vertex -5.2758 4.04826 0
      vertex -5.2758 4.04826 45.1172
      vertex -5.75907 3.325 45.1172
    endloop
  endfacet
  facet normal 0.83147 -0.55557 0
    outer loop
      vertex -5.75907 3.325 0
      vertex -5.2758 4.04826 0
      vertex -5.75907 3.325 45.1172
    endloop
  endfacet
  facet normal 0.751839 -0.659346 0
    outer loop
      vertex -4.70226 4.70226 0
      vertex -4.70226 4.70226 45.1172
      vertex -5.2758 4.04826 45.1172
    endloop
  endfacet
  facet normal 0.751839 -0.659346 0
    outer loop
      vertex -5.2758 4.04826 0
      vertex -4.70226 4.70226 0
      vertex -5.2758 4.04826 45.1172
    endloop
  endfacet
  facet normal 0.659346 -0.751839 0
    outer loop
      vertex -4.04826 5.2758 0
      vertex -4.04826 5.2758 45.1172
      vertex -4.70226 4.70226 45.1172
    endloop
  endfacet
  facet normal 0.659346 -0.751839 0
    outer loop
      vertex -4.70226 4.70226 0
      vertex -4.04826 5.2758 0
      vertex -4.70226 4.70226 45.1172
    endloop
  endfacet
  facet normal 0.55557 -0.83147 0
    outer loop
      vertex -3.325 5.75907 0
      vertex -3.325 5.75907 45.1172
      vertex -4.04826 5.2758 45.1172
    endloop
  endfacet
  facet normal 0.55557 -0.83147 0
    outer loop
      vertex -4.04826 5.2758 0
      vertex -3.325 5.75907 0
      vertex -4.04826 5.2758 45.1172
    endloop
  endfacet
  facet normal 0.442289 -0.896873 0
    outer loop
      vertex -2.54485 6.1438 0
      vertex -2.54485 6.1438 45.1172
      vertex -3.325 5.75907 45.1172
    endloop
  endfacet
  facet normal 0.442289 -0.896873 0
    outer loop
      vertex -3.325 5.75907 0
      vertex -2.54485 6.1438 0
      vertex -3.325 5.75907 45.1172
    endloop
  endfacet
  facet normal 0.32144 -0.94693 0
    outer loop
      vertex -1.72115 6.42341 0
      vertex -1.72115 6.42341 45.1172
      vertex -2.54485 6.1438 45.1172
    endloop
  endfacet
  facet normal 0.32144 -0.94693 0
    outer loop
      vertex -2.54485 6.1438 0
      vertex -1.72115 6.42341 0
      vertex -2.54485 6.1438 45.1172
    endloop
  endfacet
  facet normal 0.19509 -0.980785 0
    outer loop
      vertex -0.867999 6.59311 0
      vertex -0.867999 6.59311 45.1172
      vertex -1.72115 6.42341 45.1172
    endloop
  endfacet
  facet normal 0.19509 -0.980785 0
    outer loop
      vertex -1.72115 6.42341 0
      vertex -0.867999 6.59311 0
      vertex -1.72115 6.42341 45.1172
    endloop
  endfacet
  facet normal 0.0654035 -0.997859 0
    outer loop
      vertex 0 6.65 0
      vertex 0 6.65 45.1172
      vertex -0.867999 6.59311 45.1172
    endloop
  endfacet
  facet normal 0.0654035 -0.997859 0
    outer loop
      vertex -0.867999 6.59311 0
      vertex 0 6.65 0
      vertex -0.867999 6.59311 45.1172
    endloop
  endfacet
  facet normal -0.0654035 -0.997859 0
    outer loop
      vertex 0.867999 6.59311 0
      vertex 0.867999 6.59311 45.1172
      vertex 0 6.65 45.1172
    endloop
  endfacet
  facet normal -0.0654035 -0.997859 0
    outer loop
      vertex 0 6.65 0
      vertex 0.867999 6.59311 0
      vertex 0 6.65 45.1172
    endloop
  endfacet
  facet normal -0.19509 -0.980785 0
    outer loop
      vertex 1.72115 6.42341 0
      vertex 1.72115 6.42341 45.1172
      vertex 0.867999 6.59311 45.1172
    endloop
  endfacet
  facet normal -0.19509 -0.980785 0
    outer loop
      vertex 0.867999 6.59311 0
      vertex 1.72115 6.42341 0
      vertex 0.867999 6.59311 45.1172
    endloop
  endfacet
  facet normal -0.32144 -0.94693 0
    outer loop
      vertex 2.54485 6.1438 0
      vertex 2.54485 6.1438 45.1172
      vertex 1.72115 6.42341 45.1172
    endloop
  endfacet
  facet normal -0.32144 -0.94693 0
    outer loop
      vertex 1.72115 6.42341 0
      vertex 2.54485 6.1438 0
      vertex 1.72115 6.42341 45.1172
    endloop
  endfacet
  facet normal -0.442289 -0.896873 0
    outer loop
      vertex 3.325 5.75907 0
      vertex 3.325 5.75907 45.1172
      vertex 2.54485 6.1438 45.1172
    endloop
  endfacet
  facet normal -0.442289 -0.896873 0
    outer loop
      vertex 2.54485 6.1438 0
      vertex 3.325 5.75907 0
      vertex 2.54485 6.1438 45.1172
    endloop
  endfacet
  facet normal -0.55557 -0.83147 0
    outer loop
      vertex 4.04826 5.2758 0
      vertex 4.04826 5.2758 45.1172
      vertex 3.325 5.75907 45.1172
    endloop
  endfacet
  facet normal -0.55557 -0.83147 0
    outer loop
      vertex 3.325 5.75907 0
      vertex 4.04826 5.2758 0
      vertex 3.325 5.75907 45.1172
    endloop
  endfacet
  facet normal -0.659346 -0.751839 0
    outer loop
      vertex 4.70226 4.70226 0
      vertex 4.70226 4.70226 45.1172
      vertex 4.04826 5.2758 45.1172
    endloop
  endfacet
  facet normal -0.659346 -0.751839 0
    outer loop
      vertex 4.04826 5.2758 0
      vertex 4.70226 4.70226 0
      vertex 4.04826 5.2758 45.1172
    endloop
  endfacet
  facet normal -0.751839 -0.659346 0
    outer loop
      vertex 5.2758 4.04826 45.1172
      vertex 4.70226 4.70226 45.1172
      vertex 5.2758 4.04826 0
    endloop
  endfacet
  facet normal -0.751839 -0.659346 0
    outer loop
      vertex 5.2758 4.04826 0
      vertex 4.70226 4.70226 45.1172
      vertex 4.70226 4.70226 0
    endloop
  endfacet
  facet normal -0.83147 -0.55557 0
    outer loop
      vertex 5.75907 3.325 45.1172
      vertex 5.2758 4.04826 45.1172
      vertex 5.75907 3.325 0
    endloop
  endfacet
  facet normal -0.83147 -0.55557 0
    outer loop
      vertex 5.75907 3.325 0
      vertex 5.2758 4.04826 45.1172
      vertex 5.2758 4.04826 0
    endloop
  endfacet
  facet normal -0.896873 -0.442289 0
    outer loop
      vertex 6.1438 2.54485 45.1172
      vertex 5.75907 3.325 45.1172
      vertex 6.1438 2.54485 0
    endloop
  endfacet
  facet normal -0.896873 -0.442289 0
    outer loop
      vertex 6.1438 2.54485 0
      vertex 5.75907 3.325 45.1172
      vertex 5.75907 3.325 0
    endloop
  endfacet
  facet normal -0.94693 -0.32144 0
    outer loop
      vertex 6.42341 1.72115 45.1172
      vertex 6.1438 2.54485 45.1172
      vertex 6.42341 1.72115 0
    endloop
  endfacet
  facet normal -0.94693 -0.32144 0
    outer loop
      vertex 6.42341 1.72115 0
      vertex 6.1438 2.54485 45.1172
      vertex 6.1438 2.54485 0
    endloop
  endfacet
  facet normal -0.980785 -0.19509 0
    outer loop
      vertex 6.59311 0.867999 45.1172
      vertex 6.42341 1.72115 45.1172
      vertex 6.59311 0.867999 0
    endloop
  endfacet
  facet normal -0.980785 -0.19509 0
    outer loop
      vertex 6.59311 0.867999 0
      vertex 6.42341 1.72115 45.1172
      vertex 6.42341 1.72115 0
    endloop
  endfacet
  facet normal -0.997859 -0.0654035 0
    outer loop
      vertex 6.65 0 45.1172
      vertex 6.59311 0.867999 45.1172
      vertex 6.65 0 0
    endloop
  endfacet
  facet normal -0.997859 -0.0654035 0
    outer loop
      vertex 6.65 0 0
      vertex 6.59311 0.867999 45.1172
      vertex 6.59311 0.867999 0
    endloop
  endfacet
  facet normal -0.997859 0.0654035 0
    outer loop
      vertex 6.65 0 45.1172
      vertex 6.65 0 0
      vertex 6.59311 -0.867999 45.1172
    endloop
  endfacet
  facet normal -0.997859 0.0654035 0
    outer loop
      vertex 6.59311 -0.867999 45.1172
      vertex 6.65 0 0
      vertex 6.59311 -0.867999 0
    endloop
  endfacet
  facet normal -0.980785 0.19509 0
    outer loop
      vertex 6.59311 -0.867999 45.1172
      vertex 6.59311 -0.867999 0
      vertex 6.42341 -1.72115 45.1172
    endloop
  endfacet
  facet normal -0.980785 0.19509 0
    outer loop
      vertex 6.42341 -1.72115 45.1172
      vertex 6.59311 -0.867999 0
      vertex 6.42341 -1.72115 0
    endloop
  endfacet
  facet normal -0.94693 0.32144 0
    outer loop
      vertex 6.42341 -1.72115 45.1172
      vertex 6.42341 -1.72115 0
      vertex 6.1438 -2.54485 45.1172
    endloop
  endfacet
  facet normal -0.94693 0.32144 0
    outer loop
      vertex 6.1438 -2.54485 45.1172
      vertex 6.42341 -1.72115 0
      vertex 6.1438 -2.54485 0
    endloop
  endfacet
  facet normal -0.896873 0.442289 0
    outer loop
      vertex 6.1438 -2.54485 45.1172
      vertex 6.1438 -2.54485 0
      vertex 5.75907 -3.325 45.1172
    endloop
  endfacet
  facet normal -0.896873 0.442289 0
    outer loop
      vertex 5.75907 -3.325 45.1172
      vertex 6.1438 -2.54485 0
      vertex 5.75907 -3.325 0
    endloop
  endfacet
  facet normal -0.83147 0.55557 0
    outer loop
      vertex 5.75907 -3.325 45.1172
      vertex 5.75907 -3.325 0
      vertex 5.2758 -4.04826 45.1172
    endloop
  endfacet
  facet normal -0.83147 0.55557 0
    outer loop
      vertex 5.2758 -4.04826 45.1172
      vertex 5.75907 -3.325 0
      vertex 5.2758 -4.04826 0
    endloop
  endfacet
  facet normal -0.751839 0.659346 0
    outer loop
      vertex 5.2758 -4.04826 45.1172
      vertex 5.2758 -4.04826 0
      vertex 4.70226 -4.70226 45.1172
    endloop
  endfacet
  facet normal -0.751839 0.659346 0
    outer loop
      vertex 4.70226 -4.70226 45.1172
      vertex 5.2758 -4.04826 0
      vertex 4.70226 -4.70226 0
    endloop
  endfacet
  facet normal -0.659346 0.751839 0
    outer loop
      vertex 4.70226 -4.70226 45.1172
      vertex 4.70226 -4.70226 0
      vertex 4.04826 -5.2758 45.1172
    endloop
  endfacet
  facet normal -0.659346 0.751839 0
    outer loop
      vertex 4.04826 -5.2758 45.1172
      vertex 4.70226 -4.70226 0
      vertex 4.04826 -5.2758 0
    endloop
  endfacet
  facet normal -0.55557 0.83147 0
    outer loop
      vertex 4.04826 -5.2758 45.1172
      vertex 4.04826 -5.2758 0
      vertex 3.325 -5.75907 45.1172
    endloop
  endfacet
  facet normal -0.55557 0.83147 0
    outer loop
      vertex 3.325 -5.75907 45.1172
      vertex 4.04826 -5.2758 0
      vertex 3.325 -5.75907 0
    endloop
  endfacet
  facet normal -0.442289 0.896873 0
    outer loop
      vertex 3.325 -5.75907 45.1172
      vertex 3.325 -5.75907 0
      vertex 2.54485 -6.1438 45.1172
    endloop
  endfacet
  facet normal -0.442289 0.896873 0
    outer loop
      vertex 2.54485 -6.1438 45.1172
      vertex 3.325 -5.75907 0
      vertex 2.54485 -6.1438 0
    endloop
  endfacet
  facet normal -0.32144 0.94693 0
    outer loop
      vertex 2.54485 -6.1438 45.1172
      vertex 2.54485 -6.1438 0
      vertex 1.72115 -6.42341 45.1172
    endloop
  endfacet
  facet normal -0.32144 0.94693 0
    outer loop
      vertex 1.72115 -6.42341 45.1172
      vertex 2.54485 -6.1438 0
      vertex 1.72115 -6.42341 0
    endloop
  endfacet
  facet normal -0.19509 0.980785 0
    outer loop
      vertex 1.72115 -6.42341 45.1172
      vertex 1.72115 -6.42341 0
      vertex 0.867999 -6.59311 45.1172
    endloop
  endfacet
  facet normal -0.19509 0.980785 0
    outer loop
      vertex 0.867999 -6.59311 45.1172
      vertex 1.72115 -6.42341 0
      vertex 0.867999 -6.59311 0
    endloop
  endfacet
  facet normal -0.0654035 0.997859 0
    outer loop
      vertex 0.867999 -6.59311 45.1172
      vertex 0.867999 -6.59311 0
      vertex 0 -6.65 45.1172
    endloop
  endfacet
  facet normal -0.0654035 0.997859 0
    outer loop
      vertex 0 -6.65 45.1172
      vertex 0.867999 -6.59311 0
      vertex 0 -6.65 0
    endloop
  endfacet
  facet normal 0.0654035 0.997859 0
    outer loop
      vertex 0 -6.65 45.1172
      vertex 0 -6.65 0
      vertex -0.867999 -6.59311 45.1172
    endloop
  endfacet
  facet normal 0.0654035 0.997859 0
    outer loop
      vertex -0.867999 -6.59311 45.1172
      vertex 0 -6.65 0
      vertex -0.867999 -6.59311 0
    endloop
  endfacet
  facet normal 0.19509 0.980785 0
    outer loop
      vertex -0.867999 -6.59311 45.1172
      vertex -0.867999 -6.59311 0
      vertex -1.72115 -6.42341 45.1172
    endloop
  endfacet
  facet normal 0.19509 0.980785 0
    outer loop
      vertex -1.72115 -6.42341 45.1172
      vertex -0.867999 -6.59311 0
      vertex -1.72115 -6.42341 0
    endloop
  endfacet
  facet normal 0.32144 0.94693 0
    outer loop
      vertex -1.72115 -6.42341 45.1172
      vertex -1.72115 -6.42341 0
      vertex -2.54485 -6.1438 45.1172
    endloop
  endfacet
  facet normal 0.32144 0.94693 0
    outer loop
      vertex -2.54485 -6.1438 45.1172
      vertex -1.72115 -6.42341 0
      vertex -2.54485 -6.1438 0
    endloop
  endfacet
  facet normal 0.442289 0.896873 0
    outer loop
      vertex -2.54485 -6.1438 45.1172
      vertex -2.54485 -6.1438 0
      vertex -3.325 -5.75907 45.1172
    endloop
  endfacet
  facet normal 0.442289 0.896873 0
    outer loop
      vertex -3.325 -5.75907 45.1172
      vertex -2.54485 -6.1438 0
      vertex -3.325 -5.75907 0
    endloop
  endfacet
  facet normal 0.55557 0.83147 0
    outer loop
      vertex -3.325 -5.75907 45.1172
      vertex -3.325 -5.75907 0
      vertex -4.04826 -5.2758 45.1172
    endloop
  endfacet
  facet normal 0.55557 0.83147 0
    outer loop
      vertex -4.04826 -5.2758 45.1172
      vertex -3.325 -5.75907 0
      vertex -4.04826 -5.2758 0
    endloop
  endfacet
  facet normal 0.659346 0.751839 0
    outer loop
      vertex -4.04826 -5.2758 45.1172
      vertex -4.04826 -5.2758 0
      vertex -4.70226 -4.70226 45.1172
    endloop
  endfacet
  facet normal 0.659346 0.751839 0
    outer loop
      vertex -4.70226 -4.70226 45.1172
      vertex -4.04826 -5.2758 0
      vertex -4.70226 -4.70226 0
    endloop
  endfacet
  facet normal 0.751839 0.659346 0
    outer loop
      vertex -5.2758 -4.04826 45.1172
      vertex -4.70226 -4.70226 45.1172
      vertex -4.70226 -4.70226 0
    endloop
  endfacet
  facet normal 0.751839 0.659346 0
    outer loop
      vertex -5.2758 -4.04826 0
      vertex -5.2758 -4.04826 45.1172
      vertex -4.70226 -4.70226 0
    endloop
  endfacet
  facet normal 0.83147 0.55557 0
    outer loop
      vertex -5.75907 -3.325 45.1172
      vertex -5.2758 -4.04826 45.1172
      vertex -5.2758 -4.04826 0
    endloop
  endfacet
  facet normal 0.83147 0.55557 0
    outer loop
      vertex -5.75907 -3.325 0
      vertex -5.75907 -3.325 45.1172
      vertex -5.2758 -4.04826 0
    endloop
  endfacet
  facet normal 0.896873 0.442289 0
    outer loop
      vertex -6.1438 -2.54485 45.1172
      vertex -5.75907 -3.325 45.1172
      vertex -5.75907 -3.325 0
    endloop
  endfacet
  facet normal 0.896873 0.442289 0
    outer loop
      vertex -6.1438 -2.54485 0
      vertex -6.1438 -2.54485 45.1172
      vertex -5.75907 -3.325 0
    endloop
  endfacet
  facet normal 0.94693 0.32144 0
    outer loop
      vertex -6.42341 -1.72115 45.1172
      vertex -6.1438 -2.54485 45.1172
      vertex -6.1438 -2.54485 0
    endloop
  endfacet
  facet normal 0.94693 0.32144 0
    outer loop
      vertex -6.42341 -1.72115 0
      vertex -6.42341 -1.72115 45.1172
      vertex -6.1438 -2.54485 0
    endloop
  endfacet
  facet normal 0.980785 0.19509 0
    outer loop
      vertex -6.59311 -0.867999 45.1172
      vertex -6.42341 -1.72115 45.1172
      vertex -6.42341 -1.72115 0
    endloop
  endfacet
  facet normal 0.980785 0.19509 0
    outer loop
      vertex -6.59311 -0.867999 0
      vertex -6.59311 -0.867999 45.1172
      vertex -6.42341 -1.72115 0
    endloop
  endfacet
  facet normal 0 0 1
    outer loop
      vertex -8.89822 1.17147 45.1172
      vertex -8.975 0 45.1172
      vertex -8.89822 -1.17147 45.1172
    endloop
  endfacet
  facet normal 0 0 1
    outer loop
      vertex -8.29182 -3.43458 45.1172
      vertex -8.89822 1.17147 45.1172
      vertex -8.66918 -2.3229 45.1172
    endloop
  endfacet
  facet normal 0 0 1
    outer loop
      vertex -8.66918 -2.3229 45.1172
      vertex -8.89822 1.17147 45.1172
      vertex -8.89822 -1.17147 45.1172
    endloop
  endfacet
  facet normal 0 0 1
    outer loop
      vertex -7.77258 -4.4875 45.1172
      vertex -8.89822 1.17147 45.1172
      vertex -8.29182 -3.43458 45.1172
    endloop
  endfacet
  facet normal 0 0 1
    outer loop
      vertex -7.12035 -5.46363 45.1172
      vertex -8.89822 1.17147 45.1172
      vertex -7.77258 -4.4875 45.1172
    endloop
  endfacet
  facet normal 0 0 1
    outer loop
      vertex -6.34628 -6.34628 45.1172
      vertex -8.89822 1.17147 45.1172
      vertex -7.12035 -5.46363 45.1172
    endloop
  endfacet
  facet normal 0 0 1
    outer loop
      vertex -5.46363 -7.12035 45.1172
      vertex -8.89822 1.17147 45.1172
      vertex -6.34628 -6.34628 45.1172
    endloop
  endfacet
  facet normal 0 0 1
    outer loop
      vertex -4.4875 -7.77258 45.1172
      vertex -8.89822 1.17147 45.1172
      vertex -5.46363 -7.12035 45.1172
    endloop
  endfacet
  facet normal 0 0 1
    outer loop
      vertex -3.43458 -8.29182 45.1172
      vertex -8.89822 1.17147 45.1172
      vertex -4.4875 -7.77258 45.1172
    endloop
  endfacet
  facet normal 0 0 1
    outer loop
      vertex -2.3229 -8.66918 45.1172
      vertex -8.89822 1.17147 45.1172
      vertex -3.43458 -8.29182 45.1172
    endloop
  endfacet
  facet normal 0 0 1
    outer loop
      vertex -5.2758 -4.04826 45.1172
      vertex -8.89822 1.17147 45.1172
      vertex -2.3229 -8.66918 45.1172
    endloop
  endfacet
  facet normal 0 0 1
    outer loop
      vertex -5.75907 -3.325 45.1172
      vertex -6.1438 -2.54485 45.1172
      vertex -8.89822 1.17147 45.1172
    endloop
  endfacet
  facet normal 0 0 1
    outer loop
      vertex 5.2758 4.04826 45.1172
      vertex 5.75907 3.325 45.1172
      vertex 7.77258 4.4875 45.1172
    endloop
  endfacet
  facet normal 0 0 1
    outer loop
      vertex 1.72115 6.42341 45.1172
      vertex 2.54485 6.1438 45.1172
      vertex 4.4875 7.77258 45.1172
    endloop
  endfacet
  facet normal 0 0 1
    outer loop
      vertex -2.54485 6.1438 45.1172
      vertex -1.72115 6.42341 45.1172
      vertex 1.17147 8.89822 45.1172
    endloop
  endfacet
  facet normal 0 0 1
    outer loop
      vertex -0.867999 6.59311 45.1172
      vertex 0 6.65 45.1172
      vertex 2.3229 8.66918 45.1172
    endloop
  endfacet
  facet normal 0 0 1
    outer loop
      vertex -1.17147 8.89822 45.1172
      vertex -8.89822 1.17147 45.1172
      vertex 0 8.975 45.1172
    endloop
  endfacet
  facet normal 0 0 1
    outer loop
      vertex -2.3229 8.66918 45.1172
      vertex -8.89822 1.17147 45.1172
      vertex -1.17147 8.89822 45.1172
    endloop
  endfacet
  facet normal 0 0 1
    outer loop
      vertex -3.43458 8.29182 45.1172
      vertex -8.89822 1.17147 45.1172
      vertex -2.3229 8.66918 45.1172
    endloop
  endfacet
  facet normal 0 0 1
    outer loop
      vertex -4.4875 7.77258 45.1172
      vertex -8.89822 1.17147 45.1172
      vertex -3.43458 8.29182 45.1172
    endloop
  endfacet
  facet normal 0 0 1
    outer loop
      vertex -5.46363 7.12035 45.1172
      vertex -8.89822 1.17147 45.1172
      vertex -4.4875 7.77258 45.1172
    endloop
  endfacet
  facet normal 0 0 1
    outer loop
      vertex -6.34628 6.34628 45.1172
      vertex -8.89822 1.17147 45.1172
      vertex -5.46363 7.12035 45.1172
    endloop
  endfacet
  facet normal 0 0 1
    outer loop
      vertex -7.12035 5.46363 45.1172
      vertex -8.89822 1.17147 45.1172
      vertex -6.34628 6.34628 45.1172
    endloop
  endfacet
  facet normal 0 0 1
    outer loop
      vertex -7.77258 4.4875 45.1172
      vertex -8.89822 1.17147 45.1172
      vertex -7.12035 5.46363 45.1172
    endloop
  endfacet
  facet normal 0 0 1
    outer loop
      vertex -8.29182 3.43458 45.1172
      vertex -8.89822 1.17147 45.1172
      vertex -7.77258 4.4875 45.1172
    endloop
  endfacet
  facet normal 0 0 1
    outer loop
      vertex -8.66918 2.3229 45.1172
      vertex -8.89822 1.17147 45.1172
      vertex -8.29182 3.43458 45.1172
    endloop
  endfacet
  facet normal 0 0 1
    outer loop
      vertex -1.72115 -6.42341 45.1172
      vertex -2.54485 -6.1438 45.1172
      vertex 0 -8.975 45.1172
    endloop
  endfacet
  facet normal 0 0 1
    outer loop
      vertex 0.867999 -6.59311 45.1172
      vertex 0 -6.65 45.1172
      vertex 2.3229 -8.66918 45.1172
    endloop
  endfacet
  facet normal 0 0 1
    outer loop
      vertex 2.54485 -6.1438 45.1172
      vertex 1.72115 -6.42341 45.1172
      vertex 4.4875 -7.77258 45.1172
    endloop
  endfacet
  facet normal 0 0 1
    outer loop
      vertex 6.1438 -2.54485 45.1172
      vertex 5.75907 -3.325 45.1172
      vertex 8.29182 -3.43458 45.1172
    endloop
  endfacet
  facet normal 0 0 1
    outer loop
      vertex 5.75907 3.325 45.1172
      vertex 6.1438 2.54485 45.1172
      vertex 8.29182 3.43458 45.1172
    endloop
  endfacet
  facet normal 0 0 1
    outer loop
      vertex 2.54485 6.1438 45.1172
      vertex 3.325 5.75907 45.1172
      vertex 5.46363 7.12035 45.1172
    endloop
  endfacet
  facet normal 0 0 1
    outer loop
      vertex -4.04826 5.2758 45.1172
      vertex -3.325 5.75907 45.1172
      vertex 0 8.975 45.1172
    endloop
  endfacet
  facet normal 0 0 1
    outer loop
      vertex 0 6.65 45.1172
      vertex 0.867999 6.59311 45.1172
      vertex 3.43458 8.29182 45.1172
    endloop
  endfacet
  facet normal 0 0 1
    outer loop
      vertex -4.70226 4.70226 45.1172
      vertex -8.89822 1.17147 45.1172
      vertex -5.2758 4.04826 45.1172
    endloop
  endfacet
  facet normal 0 0 1
    outer loop
      vertex 0 8.975 45.1172
      vertex -8.89822 1.17147 45.1172
      vertex -4.70226 4.70226 45.1172
    endloop
  endfacet
  facet normal 0 0 1
    outer loop
      vertex 0 8.975 45.1172
      vertex -4.70226 4.70226 45.1172
      vertex -4.04826 5.2758 45.1172
    endloop
  endfacet
  facet normal 0 0 1
    outer loop
      vertex 0 8.975 45.1172
      vertex -3.325 5.75907 45.1172
      vertex 1.17147 8.89822 45.1172
    endloop
  endfacet
  facet normal 0 0 1
    outer loop
      vertex -3.325 5.75907 45.1172
      vertex -2.54485 6.1438 45.1172
      vertex 1.17147 8.89822 45.1172
    endloop
  endfacet
  facet normal 0 0 1
    outer loop
      vertex 1.17147 8.89822 45.1172
      vertex -1.72115 6.42341 45.1172
      vertex 2.3229 8.66918 45.1172
    endloop
  endfacet
  facet normal 0 0 1
    outer loop
      vertex -1.72115 6.42341 45.1172
      vertex -0.867999 6.59311 45.1172
      vertex 2.3229 8.66918 45.1172
    endloop
  endfacet
  facet normal 0 0 1
    outer loop
      vertex 2.3229 8.66918 45.1172
      vertex 0 6.65 45.1172
      vertex 3.43458 8.29182 45.1172
    endloop
  endfacet
  facet normal 0 0 1
    outer loop
      vertex -5.75907 3.325 45.1172
      vertex -5.2758 4.04826 45.1172
      vertex -8.89822 1.17147 45.1172
    endloop
  endfacet
  facet normal 0 0 1
    outer loop
      vertex 3.43458 8.29182 45.1172
      vertex 0.867999 6.59311 45.1172
      vertex 4.4875 7.77258 45.1172
    endloop
  endfacet
  facet normal 0 0 1
    outer loop
      vertex 0.867999 6.59311 45.1172
      vertex 1.72115 6.42341 45.1172
      vertex 4.4875 7.77258 45.1172
    endloop
  endfacet
  facet normal 0 0 1
    outer loop
      vertex 4.4875 7.77258 45.1172
      vertex 2.54485 6.1438 45.1172
      vertex 5.46363 7.12035 45.1172
    endloop
  endfacet
  facet normal 0 0 1
    outer loop
      vertex 4.04826 5.2758 45.1172
      vertex 4.70226 4.70226 45.1172
      vertex 7.12035 5.46363 45.1172
    endloop
  endfacet
  facet normal 0 0 1
    outer loop
      vertex 5.46363 7.12035 45.1172
      vertex 3.325 5.75907 45.1172
      vertex 6.34628 6.34628 45.1172
    endloop
  endfacet
  facet normal 0 0 1
    outer loop
      vertex -6.1438 2.54485 45.1172
      vertex -5.75907 3.325 45.1172
      vertex -8.89822 1.17147 45.1172
    endloop
  endfacet
  facet normal 0 0 1
    outer loop
      vertex 6.34628 6.34628 45.1172
      vertex 4.04826 5.2758 45.1172
      vertex 7.12035 5.46363 45.1172
    endloop
  endfacet
  facet normal 0 0 1
    outer loop
      vertex 7.12035 5.46363 45.1172
      vertex 4.70226 4.70226 45.1172
      vertex 7.77258 4.4875 45.1172
    endloop
  endfacet
  facet normal 0 0 1
    outer loop
      vertex 4.70226 4.70226 45.1172
      vertex 5.2758 4.04826 45.1172
      vertex 7.77258 4.4875 45.1172
    endloop
  endfacet
  facet normal 0 0 1
    outer loop
      vertex 7.77258 4.4875 45.1172
      vertex 5.75907 3.325 45.1172
      vertex 8.29182 3.43458 45.1172
    endloop
  endfacet
  facet normal 0 0 1
    outer loop
      vertex 3.325 5.75907 45.1172
      vertex 4.04826 5.2758 45.1172
      vertex 6.34628 6.34628 45.1172
    endloop
  endfacet
  facet normal 0 0 1
    outer loop
      vertex 8.29182 3.43458 45.1172
      vertex 6.1438 2.54485 45.1172
      vertex 8.66918 2.3229 45.1172
    endloop
  endfacet
  facet normal 0 0 1
    outer loop
      vertex 8.66918 2.3229 45.1172
      vertex 6.42341 1.72115 45.1172
      vertex 8.89822 1.17147 45.1172
    endloop
  endfacet
  facet normal 0 0 1
    outer loop
      vertex 4.70226 -4.70226 45.1172
      vertex 4.04826 -5.2758 45.1172
      vertex 6.34628 -6.34628 45.1172
    endloop
  endfacet
  facet normal 0 0 1
    outer loop
      vertex 8.89822 1.17147 45.1172
      vertex 6.59311 0.867999 45.1172
      vertex 8.975 0 45.1172
    endloop
  endfacet
  facet normal 0 0 1
    outer loop
      vertex -6.42341 1.72115 45.1172
      vertex -6.1438 2.54485 45.1172
      vertex -8.89822 1.17147 45.1172
    endloop
  endfacet
  facet normal 0 0 1
    outer loop
      vertex 8.975 0 45.1172
      vertex 6.65 0 45.1172
      vertex 8.89822 -1.17147 45.1172
    endloop
  endfacet
  facet normal 0 0 1
    outer loop
      vertex 6.65 0 45.1172
      vertex 6.59311 -0.867999 45.1172
      vertex 8.89822 -1.17147 45.1172
    endloop
  endfacet
  facet normal 0 0 1
    outer loop
      vertex 8.89822 -1.17147 45.1172
      vertex 6.42341 -1.72115 45.1172
      vertex 8.66918 -2.3229 45.1172
    endloop
  endfacet
  facet normal 0 0 1
    outer loop
      vertex 8.66918 -2.3229 45.1172
      vertex 6.1438 -2.54485 45.1172
      vertex 8.29182 -3.43458 45.1172
    endloop
  endfacet
  facet normal 0 0 1
    outer loop
      vertex 6.1438 2.54485 45.1172
      vertex 6.42341 1.72115 45.1172
      vertex 8.66918 2.3229 45.1172
    endloop
  endfacet
  facet normal 0 0 1
    outer loop
      vertex 8.29182 -3.43458 45.1172
      vertex 5.75907 -3.325 45.1172
      vertex 7.77258 -4.4875 45.1172
    endloop
  endfacet
  facet normal 0 0 1
    outer loop
      vertex 6.42341 1.72115 45.1172
      vertex 6.59311 0.867999 45.1172
      vertex 8.89822 1.17147 45.1172
    endloop
  endfacet
  facet normal 0 0 1
    outer loop
      vertex 7.77258 -4.4875 45.1172
      vertex 5.2758 -4.04826 45.1172
      vertex 7.12035 -5.46363 45.1172
    endloop
  endfacet
  facet normal 0 0 1
    outer loop
      vertex 6.59311 0.867999 45.1172
      vertex 6.65 0 45.1172
      vertex 8.975 0 45.1172
    endloop
  endfacet
  facet normal 0 0 1
    outer loop
      vertex 7.12035 -5.46363 45.1172
      vertex 4.70226 -4.70226 45.1172
      vertex 6.34628 -6.34628 45.1172
    endloop
  endfacet
  facet normal 0 0 1
    outer loop
      vertex 6.59311 -0.867999 45.1172
      vertex 6.42341 -1.72115 45.1172
      vertex 8.89822 -1.17147 45.1172
    endloop
  endfacet
  facet normal 0 0 1
    outer loop
      vertex 6.34628 -6.34628 45.1172
      vertex 4.04826 -5.2758 45.1172
      vertex 5.46363 -7.12035 45.1172
    endloop
  endfacet
  facet normal 0 0 1
    outer loop
      vertex 4.04826 -5.2758 45.1172
      vertex 3.325 -5.75907 45.1172
      vertex 5.46363 -7.12035 45.1172
    endloop
  endfacet
  facet normal 0 0 1
    outer loop
      vertex 5.46363 -7.12035 45.1172
      vertex 2.54485 -6.1438 45.1172
      vertex 4.4875 -7.77258 45.1172
    endloop
  endfacet
  facet normal 0 0 1
    outer loop
      vertex 5.75907 -3.325 45.1172
      vertex 5.2758 -4.04826 45.1172
      vertex 7.77258 -4.4875 45.1172
    endloop
  endfacet
  facet normal 0 0 1
    outer loop
      vertex 4.4875 -7.77258 45.1172
      vertex 1.72115 -6.42341 45.1172
      vertex 3.43458 -8.29182 45.1172
    endloop
  endfacet
  facet normal 0 0 1
    outer loop
      vertex 5.2758 -4.04826 45.1172
      vertex 4.70226 -4.70226 45.1172
      vertex 7.12035 -5.46363 45.1172
    endloop
  endfacet
  facet normal 0 0 1
    outer loop
      vertex 3.43458 -8.29182 45.1172
      vertex 0.867999 -6.59311 45.1172
      vertex 2.3229 -8.66918 45.1172
    endloop
  endfacet
  facet normal 0 0 1
    outer loop
      vertex 2.3229 -8.66918 45.1172
      vertex 0 -6.65 45.1172
      vertex 1.17147 -8.89822 45.1172
    endloop
  endfacet
  facet normal 0 0 1
    outer loop
      vertex 0 -6.65 45.1172
      vertex -0.867999 -6.59311 45.1172
      vertex 1.17147 -8.89822 45.1172
    endloop
  endfacet
  facet normal 0 0 1
    outer loop
      vertex 1.17147 -8.89822 45.1172
      vertex -1.72115 -6.42341 45.1172
      vertex 0 -8.975 45.1172
    endloop
  endfacet
  facet normal 0 0 1
    outer loop
      vertex 1.72115 -6.42341 45.1172
      vertex 0.867999 -6.59311 45.1172
      vertex 3.43458 -8.29182 45.1172
    endloop
  endfacet
  facet normal 0 0 1
    outer loop
      vertex 0 -8.975 45.1172
      vertex -2.54485 -6.1438 45.1172
      vertex -1.17147 -8.89822 45.1172
    endloop
  endfacet
  facet normal 0 0 1
    outer loop
      vertex -2.54485 -6.1438 45.1172
      vertex -3.325 -5.75907 45.1172
      vertex -1.17147 -8.89822 45.1172
    endloop
  endfacet
  facet normal 0 0 1
    outer loop
      vertex -1.17147 -8.89822 45.1172
      vertex -4.04826 -5.2758 45.1172
      vertex -2.3229 -8.66918 45.1172
    endloop
  endfacet
  facet normal 0 0 1
    outer loop
      vertex -4.04826 -5.2758 45.1172
      vertex -4.70226 -4.70226 45.1172
      vertex -2.3229 -8.66918 45.1172
    endloop
  endfacet
  facet normal 0 0 1
    outer loop
      vertex -4.70226 -4.70226 45.1172
      vertex -5.2758 -4.04826 45.1172
      vertex -2.3229 -8.66918 45.1172
    endloop
  endfacet
  facet normal 0 0 1
    outer loop
      vertex -5.75907 -3.325 45.1172
      vertex -8.89822 1.17147 45.1172
      vertex -5.2758 -4.04826 45.1172
    endloop
  endfacet
  facet normal 0 0 1
    outer loop
      vertex -3.325 -5.75907 45.1172
      vertex -4.04826 -5.2758 45.1172
      vertex -1.17147 -8.89822 45.1172
    endloop
  endfacet
  facet normal 0 0 1
    outer loop
      vertex -6.42341 -1.72115 45.1172
      vertex -6.59311 -0.867999 45.1172
      vertex -8.89822 1.17147 45.1172
    endloop
  endfacet
  facet normal 0 0 1
    outer loop
      vertex -6.1438 -2.54485 45.1172
      vertex -6.42341 -1.72115 45.1172
      vertex -8.89822 1.17147 45.1172
    endloop
  endfacet
  facet normal 0 0 1
    outer loop
      vertex -0.867999 -6.59311 45.1172
      vertex -1.72115 -6.42341 45.1172
      vertex 1.17147 -8.89822 45.1172
    endloop
  endfacet
  facet normal 0 0 1
    outer loop
      vertex -6.59311 -0.867999 45.1172
      vertex -6.65 0 45.1172
      vertex -8.89822 1.17147 45.1172
    endloop
  endfacet
  facet normal 0 0 1
    outer loop
      vertex 3.325 -5.75907 45.1172
      vertex 2.54485 -6.1438 45.1172
      vertex 5.46363 -7.12035 45.1172
    endloop
  endfacet
  facet normal 0 0 1
    outer loop
      vertex -6.65 0 45.1172
      vertex -6.59311 0.867999 45.1172
      vertex -8.89822 1.17147 45.1172
    endloop
  endfacet
  facet normal 0 0 1
    outer loop
      vertex 6.42341 -1.72115 45.1172
      vertex 6.1438 -2.54485 45.1172
      vertex 8.66918 -2.3229 45.1172
    endloop
  endfacet
  facet normal 0 0 1
    outer loop
      vertex -6.59311 0.867999 45.1172
      vertex -6.42341 1.72115 45.1172
      vertex -8.89822 1.17147 45.1172
    endloop
  endfacet
  facet normal 0 0 -1
    outer loop
      vertex -12.1 0 0
      vertex -11.9965 1.57937 0
      vertex -11.9965 -1.57937 0
    endloop
  endfacet
  facet normal 0 0 -1
    outer loop
      vertex -11.9965 -1.57937 0
      vertex -11.9965 1.57937 0
      vertex -11.6877 3.13171 0
    endloop
  endfacet
  facet normal 0 0 -1
    outer loop
      vertex -11.9965 -1.57937 0
      vertex -11.6877 3.13171 0
      vertex -11.1789 4.63047 0
    endloop
  endfacet
  facet normal 0 0 -1
    outer loop
      vertex -11.9965 -1.57937 0
      vertex -11.1789 4.63047 0
      vertex -10.4789 6.05 0
    endloop
  endfacet
  facet normal 0 0 -1
    outer loop
      vertex -11.9965 -1.57937 0
      vertex -10.4789 6.05 0
      vertex -9.59957 7.36601 0
    endloop
  endfacet
  facet normal 0 0 -1
    outer loop
      vertex -11.9965 -1.57937 0
      vertex -9.59957 7.36601 0
      vertex -8.55599 8.55599 0
    endloop
  endfacet
  facet normal 0 0 -1
    outer loop
      vertex -11.9965 -1.57937 0
      vertex -8.55599 8.55599 0
      vertex -7.36601 9.59957 0
    endloop
  endfacet
  facet normal 0 0 -1
    outer loop
      vertex -11.9965 -1.57937 0
      vertex -7.36601 9.59957 0
      vertex -6.05 10.4789 0
    endloop
  endfacet
  facet normal 0 0 -1
    outer loop
      vertex -7.75503 5.95064 0
      vertex -6.05 10.4789 0
      vertex -4.63047 11.1789 0
    endloop
  endfacet
  facet normal 0 0 -1
    outer loop
      vertex -5.95064 7.75503 0
      vertex -4.63047 11.1789 0
      vertex -3.13171 11.6877 0
    endloop
  endfacet
  facet normal 0 0 -1
    outer loop
      vertex -4.8875 8.4654 0
      vertex -3.13171 11.6877 0
      vertex -1.57937 11.9965 0
    endloop
  endfacet
  facet normal 0 0 -1
    outer loop
      vertex -2.52996 9.44192 0
      vertex -1.57937 11.9965 0
      vertex 0 12.1 0
    endloop
  endfacet
  facet normal 0 0 -1
    outer loop
      vertex -1.27589 9.69137 0
      vertex 0 12.1 0
      vertex 1.57937 11.9965 0
    endloop
  endfacet
  facet normal 0 0 -1
    outer loop
      vertex 0 9.775 0
      vertex 1.57937 11.9965 0
      vertex 3.13171 11.6877 0
    endloop
  endfacet
  facet normal 0 0 -1
    outer loop
      vertex 1.27589 9.69137 0
      vertex 3.13171 11.6877 0
      vertex 4.63047 11.1789 0
    endloop
  endfacet
  facet normal 0 0 -1
    outer loop
      vertex 3.74073 9.03092 0
      vertex 4.63047 11.1789 0
      vertex 6.05 10.4789 0
    endloop
  endfacet
  facet normal 0 0 -1
    outer loop
      vertex 4.8875 8.4654 0
      vertex 6.05 10.4789 0
      vertex 7.36601 9.59957 0
    endloop
  endfacet
  facet normal 0 0 -1
    outer loop
      vertex 5.95064 7.75503 0
      vertex 7.36601 9.59957 0
      vertex 8.55599 8.55599 0
    endloop
  endfacet
  facet normal 0 0 -1
    outer loop
      vertex 6.91197 6.91197 0
      vertex 8.55599 8.55599 0
      vertex 9.59957 7.36601 0
    endloop
  endfacet
  facet normal 0 0 -1
    outer loop
      vertex 7.75503 5.95064 0
      vertex 9.59957 7.36601 0
      vertex 10.4789 6.05 0
    endloop
  endfacet
  facet normal 0 0 -1
    outer loop
      vertex 8.4654 4.8875 0
      vertex 10.4789 6.05 0
      vertex 11.1789 4.63047 0
    endloop
  endfacet
  facet normal 0 0 -1
    outer loop
      vertex 9.03092 3.74073 0
      vertex 11.1789 4.63047 0
      vertex 11.6877 3.13171 0
    endloop
  endfacet
  facet normal 0 0 -1
    outer loop
      vertex 9.69137 1.27589 0
      vertex 11.6877 3.13171 0
      vertex 11.9965 1.57937 0
    endloop
  endfacet
  facet normal 0 0 -1
    outer loop
      vertex 9.775 0 0
      vertex 11.9965 1.57937 0
      vertex 12.1 0 0
    endloop
  endfacet
  facet normal 0 0 -1
    outer loop
      vertex 9.69137 -1.27589 0
      vertex 12.1 0 0
      vertex 11.9965 -1.57937 0
    endloop
  endfacet
  facet normal 0 0 -1
    outer loop
      vertex 9.44192 -2.52996 0
      vertex 11.9965 -1.57937 0
      vertex 11.6877 -3.13171 0
    endloop
  endfacet
  facet normal 0 0 -1
    outer loop
      vertex 9.03092 -3.74073 0
      vertex 11.6877 -3.13171 0
      vertex 11.1789 -4.63047 0
    endloop
  endfacet
  facet normal 0 0 -1
    outer loop
      vertex 8.4654 -4.8875 0
      vertex 11.1789 -4.63047 0
      vertex 10.4789 -6.05 0
    endloop
  endfacet
  facet normal 0 0 -1
    outer loop
      vertex 7.75503 -5.95064 0
      vertex 10.4789 -6.05 0
      vertex 9.59957 -7.36601 0
    endloop
  endfacet
  facet normal 0 0 -1
    outer loop
      vertex 6.91197 -6.91197 0
      vertex 9.59957 -7.36601 0
      vertex 8.55599 -8.55599 0
    endloop
  endfacet
  facet normal 0 0 -1
    outer loop
      vertex 4.8875 -8.4654 0
      vertex 8.55599 -8.55599 0
      vertex 7.36601 -9.59957 0
    endloop
  endfacet
  facet normal 0 0 -1
    outer loop
      vertex 3.74073 -9.03092 0
      vertex 7.36601 -9.59957 0
      vertex 6.05 -10.4789 0
    endloop
  endfacet
  facet normal 0 0 -1
    outer loop
      vertex 2.52996 -9.44192 0
      vertex 6.05 -10.4789 0
      vertex 4.63047 -11.1789 0
    endloop
  endfacet
  facet normal 0 0 -1
    outer loop
      vertex 1.27589 -9.69137 0
      vertex 4.63047 -11.1789 0
      vertex 3.13171 -11.6877 0
    endloop
  endfacet
  facet normal 0 0 -1
    outer loop
      vertex -1.27589 -9.69137 0
      vertex 3.13171 -11.6877 0
      vertex 1.57937 -11.9965 0
    endloop
  endfacet
  facet normal 0 0 -1
    outer loop
      vertex -2.52996 -9.44192 0
      vertex 1.57937 -11.9965 0
      vertex 0 -12.1 0
    endloop
  endfacet
  facet normal 0 0 -1
    outer loop
      vertex -4.8875 -8.4654 0
      vertex 0 -12.1 0
      vertex -1.57937 -11.9965 0
    endloop
  endfacet
  facet normal 0 0 -1
    outer loop
      vertex -6.91197 -6.91197 0
      vertex -1.57937 -11.9965 0
      vertex -3.13171 -11.6877 0
    endloop
  endfacet
  facet normal 0 0 -1
    outer loop
      vertex -11.9965 -1.57937 0
      vertex -3.13171 -11.6877 0
      vertex -4.63047 -11.1789 0
    endloop
  endfacet
  facet normal 0 0 -1
    outer loop
      vertex -11.9965 -1.57937 0
      vertex -4.63047 -11.1789 0
      vertex -6.05 -10.4789 0
    endloop
  endfacet
  facet normal 0 0 -1
    outer loop
      vertex -11.9965 -1.57937 0
      vertex -6.05 -10.4789 0
      vertex -7.36601 -9.59957 0
    endloop
  endfacet
  facet normal 0 0 -1
    outer loop
      vertex -11.9965 -1.57937 0
      vertex -7.36601 -9.59957 0
      vertex -8.55599 -8.55599 0
    endloop
  endfacet
  facet normal 0 0 -1
    outer loop
      vertex -11.9965 -1.57937 0
      vertex -8.55599 -8.55599 0
      vertex -9.59957 -7.36601 0
    endloop
  endfacet
  facet normal 0 0 -1
    outer loop
      vertex -11.9965 -1.57937 0
      vertex -9.59957 -7.36601 0
      vertex -10.4789 -6.05 0
    endloop
  endfacet
  facet normal 0 0 -1
    outer loop
      vertex -11.9965 -1.57937 0
      vertex -10.4789 -6.05 0
      vertex -11.1789 -4.63047 0
    endloop
  endfacet
  facet normal 0 0 -1
    outer loop
      vertex -11.9965 -1.57937 0
      vertex -11.1789 -4.63047 0
      vertex -11.6877 -3.13171 0
    endloop
  endfacet
  facet normal 0 0 -1
    outer loop
      vertex -9.69137 -1.27589 0
      vertex -11.9965 -1.57937 0
      vertex -9.775 0 0
    endloop
  endfacet
  facet normal 0 0 -1
    outer loop
      vertex -9.44192 -2.52996 0
      vertex -11.9965 -1.57937 0
      vertex -9.69137 -1.27589 0
    endloop
  endfacet
  facet normal 0 0 -1
    outer loop
      vertex -9.03092 -3.74073 0
      vertex -11.9965 -1.57937 0
      vertex -9.44192 -2.52996 0
    endloop
  endfacet
  facet normal 0 0 -1
    outer loop
      vertex -8.4654 -4.8875 0
      vertex -11.9965 -1.57937 0
      vertex -9.03092 -3.74073 0
    endloop
  endfacet
  facet normal 0 0 -1
    outer loop
      vertex -7.75503 -5.95064 0
      vertex -11.9965 -1.57937 0
      vertex -8.4654 -4.8875 0
    endloop
  endfacet
  facet normal 0 0 -1
    outer loop
      vertex -4.8875 -8.4654 0
      vertex -1.57937 -11.9965 0
      vertex -5.95064 -7.75503 0
    endloop
  endfacet
  facet normal 0 0 -1
    outer loop
      vertex -11.9965 -1.57937 0
      vertex -7.75503 -5.95064 0
      vertex -3.13171 -11.6877 0
    endloop
  endfacet
  facet normal 0 0 -1
    outer loop
      vertex -5.95064 -7.75503 0
      vertex -1.57937 -11.9965 0
      vertex -6.91197 -6.91197 0
    endloop
  endfacet
  facet normal 0 0 -1
    outer loop
      vertex -7.75503 -5.95064 0
      vertex -6.91197 -6.91197 0
      vertex -3.13171 -11.6877 0
    endloop
  endfacet
  facet normal 0 0 -1
    outer loop
      vertex -3.74073 -9.03092 0
      vertex 0 -12.1 0
      vertex -4.8875 -8.4654 0
    endloop
  endfacet
  facet normal 0 0 -1
    outer loop
      vertex -2.52996 -9.44192 0
      vertex 0 -12.1 0
      vertex -3.74073 -9.03092 0
    endloop
  endfacet
  facet normal 0 0 -1
    outer loop
      vertex 0 -9.775 0
      vertex 3.13171 -11.6877 0
      vertex -1.27589 -9.69137 0
    endloop
  endfacet
  facet normal 0 0 -1
    outer loop
      vertex 1.27589 -9.69137 0
      vertex 3.13171 -11.6877 0
      vertex 0 -9.775 0
    endloop
  endfacet
  facet normal 0 0 -1
    outer loop
      vertex -1.27589 -9.69137 0
      vertex 1.57937 -11.9965 0
      vertex -2.52996 -9.44192 0
    endloop
  endfacet
  facet normal 0 0 -1
    outer loop
      vertex 5.95064 -7.75503 0
      vertex 8.55599 -8.55599 0
      vertex 4.8875 -8.4654 0
    endloop
  endfacet
  facet normal 0 0 -1
    outer loop
      vertex 6.91197 -6.91197 0
      vertex 8.55599 -8.55599 0
      vertex 5.95064 -7.75503 0
    endloop
  endfacet
  facet normal 0 0 -1
    outer loop
      vertex 4.8875 -8.4654 0
      vertex 7.36601 -9.59957 0
      vertex 3.74073 -9.03092 0
    endloop
  endfacet
  facet normal 0 0 -1
    outer loop
      vertex 3.74073 -9.03092 0
      vertex 6.05 -10.4789 0
      vertex 2.52996 -9.44192 0
    endloop
  endfacet
  facet normal 0 0 -1
    outer loop
      vertex 2.52996 -9.44192 0
      vertex 4.63047 -11.1789 0
      vertex 1.27589 -9.69137 0
    endloop
  endfacet
  facet normal 0 0 -1
    outer loop
      vertex 9.69137 1.27589 0
      vertex 11.9965 1.57937 0
      vertex 9.775 0 0
    endloop
  endfacet
  facet normal 0 0 -1
    outer loop
      vertex 9.44192 2.52996 0
      vertex 11.6877 3.13171 0
      vertex 9.69137 1.27589 0
    endloop
  endfacet
  facet normal 0 0 -1
    outer loop
      vertex 9.775 0 0
      vertex 12.1 0 0
      vertex 9.69137 -1.27589 0
    endloop
  endfacet
  facet normal 0 0 -1
    outer loop
      vertex 9.69137 -1.27589 0
      vertex 11.9965 -1.57937 0
      vertex 9.44192 -2.52996 0
    endloop
  endfacet
  facet normal 0 0 -1
    outer loop
      vertex 9.44192 -2.52996 0
      vertex 11.6877 -3.13171 0
      vertex 9.03092 -3.74073 0
    endloop
  endfacet
  facet normal 0 0 -1
    outer loop
      vertex 9.03092 -3.74073 0
      vertex 11.1789 -4.63047 0
      vertex 8.4654 -4.8875 0
    endloop
  endfacet
  facet normal 0 0 -1
    outer loop
      vertex 8.4654 -4.8875 0
      vertex 10.4789 -6.05 0
      vertex 7.75503 -5.95064 0
    endloop
  endfacet
  facet normal 0 0 -1
    outer loop
      vertex 7.75503 -5.95064 0
      vertex 9.59957 -7.36601 0
      vertex 6.91197 -6.91197 0
    endloop
  endfacet
  facet normal 0 0 -1
    outer loop
      vertex 2.52996 9.44192 0
      vertex 4.63047 11.1789 0
      vertex 3.74073 9.03092 0
    endloop
  endfacet
  facet normal 0 0 -1
    outer loop
      vertex 1.27589 9.69137 0
      vertex 4.63047 11.1789 0
      vertex 2.52996 9.44192 0
    endloop
  endfacet
  facet normal 0 0 -1
    outer loop
      vertex 3.74073 9.03092 0
      vertex 6.05 10.4789 0
      vertex 4.8875 8.4654 0
    endloop
  endfacet
  facet normal 0 0 -1
    outer loop
      vertex 4.8875 8.4654 0
      vertex 7.36601 9.59957 0
      vertex 5.95064 7.75503 0
    endloop
  endfacet
  facet normal 0 0 -1
    outer loop
      vertex 5.95064 7.75503 0
      vertex 8.55599 8.55599 0
      vertex 6.91197 6.91197 0
    endloop
  endfacet
  facet normal 0 0 -1
    outer loop
      vertex -3.74073 9.03092 0
      vertex -1.57937 11.9965 0
      vertex -2.52996 9.44192 0
    endloop
  endfacet
  facet normal 0 0 -1
    outer loop
      vertex -5.95064 7.75503 0
      vertex -3.13171 11.6877 0
      vertex -4.8875 8.4654 0
    endloop
  endfacet
  facet normal 0 0 -1
    outer loop
      vertex -6.91197 6.91197 0
      vertex -4.63047 11.1789 0
      vertex -5.95064 7.75503 0
    endloop
  endfacet
  facet normal 0 0 -1
    outer loop
      vertex -7.75503 5.95064 0
      vertex -4.63047 11.1789 0
      vertex -6.91197 6.91197 0
    endloop
  endfacet
  facet normal 0 0 -1
    outer loop
      vertex -8.4654 4.8875 0
      vertex -6.05 10.4789 0
      vertex -7.75503 5.95064 0
    endloop
  endfacet
  facet normal 0 0 -1
    outer loop
      vertex -9.44192 2.52996 0
      vertex -11.9965 -1.57937 0
      vertex -9.03092 3.74073 0
    endloop
  endfacet
  facet normal 0 0 -1
    outer loop
      vertex -11.9965 -1.57937 0
      vertex -6.05 10.4789 0
      vertex -8.4654 4.8875 0
    endloop
  endfacet
  facet normal 0 0 -1
    outer loop
      vertex -11.9965 -1.57937 0
      vertex -8.4654 4.8875 0
      vertex -9.03092 3.74073 0
    endloop
  endfacet
  facet normal 0 0 -1
    outer loop
      vertex -9.69137 1.27589 0
      vertex -11.9965 -1.57937 0
      vertex -9.44192 2.52996 0
    endloop
  endfacet
  facet normal 0 0 -1
    outer loop
      vertex 6.91197 6.91197 0
      vertex 9.59957 7.36601 0
      vertex 7.75503 5.95064 0
    endloop
  endfacet
  facet normal 0 0 -1
    outer loop
      vertex -9.775 0 0
      vertex -11.9965 -1.57937 0
      vertex -9.69137 1.27589 0
    endloop
  endfacet
  facet normal 0 0 -1
    outer loop
      vertex -4.8875 8.4654 0
      vertex -1.57937 11.9965 0
      vertex -3.74073 9.03092 0
    endloop
  endfacet
  facet normal 0 0 -1
    outer loop
      vertex -2.52996 9.44192 0
      vertex 0 12.1 0
      vertex -1.27589 9.69137 0
    endloop
  endfacet
  facet normal 0 0 -1
    outer loop
      vertex -1.27589 9.69137 0
      vertex 1.57937 11.9965 0
      vertex 0 9.775 0
    endloop
  endfacet
  facet normal 0 0 -1
    outer loop
      vertex 0 9.775 0
      vertex 3.13171 11.6877 0
      vertex 1.27589 9.69137 0
    endloop
  endfacet
  facet normal 0 0 -1
    outer loop
      vertex 7.75503 5.95064 0
      vertex 10.4789 6.05 0
      vertex 8.4654 4.8875 0
    endloop
  endfacet
  facet normal 0 0 -1
    outer loop
      vertex 8.4654 4.8875 0
      vertex 11.1789 4.63047 0
      vertex 9.03092 3.74073 0
    endloop
  endfacet
  facet normal 0 0 -1
    outer loop
      vertex 9.03092 3.74073 0
      vertex 11.6877 3.13171 0
      vertex 9.44192 2.52996 0
    endloop
  endfacet
  facet normal -0.997859 0.065403 0
    outer loop
      vertex -12.1 0 0
      vertex -12.1 0 40.4297
      vertex -11.9965 1.57937 0
    endloop
  endfacet
  facet normal -0.997859 0.065403 0
    outer loop
      vertex -11.9965 1.57937 0
      vertex -12.1 0 40.4297
      vertex -11.9965 1.57937 40.4297
    endloop
  endfacet
  facet normal -0.997859 -0.065403 0
    outer loop
      vertex -12.1 0 0
      vertex -11.9965 -1.57937 0
      vertex -12.1 0 40.4297
    endloop
  endfacet
  facet normal -0.997859 -0.065403 0
    outer loop
      vertex -12.1 0 40.4297
      vertex -11.9965 -1.57937 0
      vertex -11.9965 -1.57937 40.4297
    endloop
  endfacet
  facet normal -0.980785 -0.195091 0
    outer loop
      vertex -11.9965 -1.57937 0
      vertex -11.6877 -3.13171 0
      vertex -11.9965 -1.57937 40.4297
    endloop
  endfacet
  facet normal -0.980785 -0.195091 0
    outer loop
      vertex -11.9965 -1.57937 40.4297
      vertex -11.6877 -3.13171 0
      vertex -11.6877 -3.13171 40.4297
    endloop
  endfacet
  facet normal -0.94693 -0.321439 0
    outer loop
      vertex -11.6877 -3.13171 0
      vertex -11.1789 -4.63047 0
      vertex -11.6877 -3.13171 40.4297
    endloop
  endfacet
  facet normal -0.94693 -0.321439 0
    outer loop
      vertex -11.6877 -3.13171 40.4297
      vertex -11.1789 -4.63047 0
      vertex -11.1789 -4.63047 40.4297
    endloop
  endfacet
  facet normal -0.896873 -0.442289 0
    outer loop
      vertex -11.1789 -4.63047 0
      vertex -10.4789 -6.05 0
      vertex -11.1789 -4.63047 40.4297
    endloop
  endfacet
  facet normal -0.896873 -0.442289 0
    outer loop
      vertex -11.1789 -4.63047 40.4297
      vertex -10.4789 -6.05 0
      vertex -10.4789 -6.05 40.4297
    endloop
  endfacet
  facet normal -0.83147 -0.55557 0
    outer loop
      vertex -10.4789 -6.05 0
      vertex -9.59957 -7.36601 0
      vertex -10.4789 -6.05 40.4297
    endloop
  endfacet
  facet normal -0.83147 -0.55557 0
    outer loop
      vertex -10.4789 -6.05 40.4297
      vertex -9.59957 -7.36601 0
      vertex -9.59957 -7.36601 40.4297
    endloop
  endfacet
  facet normal -0.75184 -0.659346 0
    outer loop
      vertex -9.59957 -7.36601 0
      vertex -8.55599 -8.55599 0
      vertex -9.59957 -7.36601 40.4297
    endloop
  endfacet
  facet normal -0.75184 -0.659346 0
    outer loop
      vertex -9.59957 -7.36601 40.4297
      vertex -8.55599 -8.55599 0
      vertex -8.55599 -8.55599 40.4297
    endloop
  endfacet
  facet normal -0.659346 -0.75184 0
    outer loop
      vertex -8.55599 -8.55599 40.4297
      vertex -8.55599 -8.55599 0
      vertex -7.36601 -9.59957 0
    endloop
  endfacet
  facet normal -0.659346 -0.75184 0
    outer loop
      vertex -7.36601 -9.59957 40.4297
      vertex -8.55599 -8.55599 40.4297
      vertex -7.36601 -9.59957 0
    endloop
  endfacet
  facet normal -0.55557 -0.83147 0
    outer loop
      vertex -7.36601 -9.59957 40.4297
      vertex -7.36601 -9.59957 0
      vertex -6.05 -10.4789 0
    endloop
  endfacet
  facet normal -0.55557 -0.83147 0
    outer loop
      vertex -6.05 -10.4789 40.4297
      vertex -7.36601 -9.59957 40.4297
      vertex -6.05 -10.4789 0
    endloop
  endfacet
  facet normal -0.442289 -0.896873 0
    outer loop
      vertex -6.05 -10.4789 40.4297
      vertex -6.05 -10.4789 0
      vertex -4.63047 -11.1789 0
    endloop
  endfacet
  facet normal -0.442289 -0.896873 0
    outer loop
      vertex -4.63047 -11.1789 40.4297
      vertex -6.05 -10.4789 40.4297
      vertex -4.63047 -11.1789 0
    endloop
  endfacet
  facet normal -0.321439 -0.94693 0
    outer loop
      vertex -4.63047 -11.1789 40.4297
      vertex -4.63047 -11.1789 0
      vertex -3.13171 -11.6877 0
    endloop
  endfacet
  facet normal -0.321439 -0.94693 0
    outer loop
      vertex -3.13171 -11.6877 40.4297
      vertex -4.63047 -11.1789 40.4297
      vertex -3.13171 -11.6877 0
    endloop
  endfacet
  facet normal -0.195091 -0.980785 0
    outer loop
      vertex -3.13171 -11.6877 40.4297
      vertex -3.13171 -11.6877 0
      vertex -1.57937 -11.9965 0
    endloop
  endfacet
  facet normal -0.195091 -0.980785 0
    outer loop
      vertex -1.57937 -11.9965 40.4297
      vertex -3.13171 -11.6877 40.4297
      vertex -1.57937 -11.9965 0
    endloop
  endfacet
  facet normal -0.065403 -0.997859 0
    outer loop
      vertex -1.57937 -11.9965 40.4297
      vertex -1.57937 -11.9965 0
      vertex 0 -12.1 0
    endloop
  endfacet
  facet normal -0.065403 -0.997859 0
    outer loop
      vertex 0 -12.1 40.4297
      vertex -1.57937 -11.9965 40.4297
      vertex 0 -12.1 0
    endloop
  endfacet
  facet normal 0.065403 -0.997859 0
    outer loop
      vertex 0 -12.1 40.4297
      vertex 0 -12.1 0
      vertex 1.57937 -11.9965 0
    endloop
  endfacet
  facet normal 0.065403 -0.997859 0
    outer loop
      vertex 1.57937 -11.9965 40.4297
      vertex 0 -12.1 40.4297
      vertex 1.57937 -11.9965 0
    endloop
  endfacet
  facet normal 0.195091 -0.980785 0
    outer loop
      vertex 1.57937 -11.9965 40.4297
      vertex 1.57937 -11.9965 0
      vertex 3.13171 -11.6877 0
    endloop
  endfacet
  facet normal 0.195091 -0.980785 0
    outer loop
      vertex 3.13171 -11.6877 40.4297
      vertex 1.57937 -11.9965 40.4297
      vertex 3.13171 -11.6877 0
    endloop
  endfacet
  facet normal 0.321439 -0.94693 0
    outer loop
      vertex 3.13171 -11.6877 40.4297
      vertex 3.13171 -11.6877 0
      vertex 4.63047 -11.1789 0
    endloop
  endfacet
  facet normal 0.321439 -0.94693 0
    outer loop
      vertex 4.63047 -11.1789 40.4297
      vertex 3.13171 -11.6877 40.4297
      vertex 4.63047 -11.1789 0
    endloop
  endfacet
  facet normal 0.442289 -0.896873 0
    outer loop
      vertex 4.63047 -11.1789 40.4297
      vertex 4.63047 -11.1789 0
      vertex 6.05 -10.4789 0
    endloop
  endfacet
  facet normal 0.442289 -0.896873 0
    outer loop
      vertex 6.05 -10.4789 40.4297
      vertex 4.63047 -11.1789 40.4297
      vertex 6.05 -10.4789 0
    endloop
  endfacet
  facet normal 0.55557 -0.83147 0
    outer loop
      vertex 6.05 -10.4789 40.4297
      vertex 6.05 -10.4789 0
      vertex 7.36601 -9.59957 0
    endloop
  endfacet
  facet normal 0.55557 -0.83147 0
    outer loop
      vertex 7.36601 -9.59957 40.4297
      vertex 6.05 -10.4789 40.4297
      vertex 7.36601 -9.59957 0
    endloop
  endfacet
  facet normal 0.659346 -0.75184 0
    outer loop
      vertex 7.36601 -9.59957 40.4297
      vertex 7.36601 -9.59957 0
      vertex 8.55599 -8.55599 0
    endloop
  endfacet
  facet normal 0.659346 -0.75184 0
    outer loop
      vertex 8.55599 -8.55599 40.4297
      vertex 7.36601 -9.59957 40.4297
      vertex 8.55599 -8.55599 0
    endloop
  endfacet
  facet normal 0.75184 -0.659346 0
    outer loop
      vertex 8.55599 -8.55599 40.4297
      vertex 8.55599 -8.55599 0
      vertex 9.59957 -7.36601 0
    endloop
  endfacet
  facet normal 0.75184 -0.659346 0
    outer loop
      vertex 9.59957 -7.36601 40.4297
      vertex 8.55599 -8.55599 40.4297
      vertex 9.59957 -7.36601 0
    endloop
  endfacet
  facet normal 0.83147 -0.55557 0
    outer loop
      vertex 9.59957 -7.36601 40.4297
      vertex 9.59957 -7.36601 0
      vertex 10.4789 -6.05 0
    endloop
  endfacet
  facet normal 0.83147 -0.55557 0
    outer loop
      vertex 10.4789 -6.05 40.4297
      vertex 9.59957 -7.36601 40.4297
      vertex 10.4789 -6.05 0
    endloop
  endfacet
  facet normal 0.896873 -0.442289 0
    outer loop
      vertex 10.4789 -6.05 40.4297
      vertex 10.4789 -6.05 0
      vertex 11.1789 -4.63047 0
    endloop
  endfacet
  facet normal 0.896873 -0.442289 0
    outer loop
      vertex 11.1789 -4.63047 40.4297
      vertex 10.4789 -6.05 40.4297
      vertex 11.1789 -4.63047 0
    endloop
  endfacet
  facet normal 0.94693 -0.321439 0
    outer loop
      vertex 11.1789 -4.63047 40.4297
      vertex 11.1789 -4.63047 0
      vertex 11.6877 -3.13171 0
    endloop
  endfacet
  facet normal 0.94693 -0.321439 0
    outer loop
      vertex 11.6877 -3.13171 40.4297
      vertex 11.1789 -4.63047 40.4297
      vertex 11.6877 -3.13171 0
    endloop
  endfacet
  facet normal 0.980785 -0.195091 0
    outer loop
      vertex 11.6877 -3.13171 40.4297
      vertex 11.6877 -3.13171 0
      vertex 11.9965 -1.57937 0
    endloop
  endfacet
  facet normal 0.980785 -0.195091 0
    outer loop
      vertex 11.9965 -1.57937 40.4297
      vertex 11.6877 -3.13171 40.4297
      vertex 11.9965 -1.57937 0
    endloop
  endfacet
  facet normal 0.997859 -0.065403 0
    outer loop
      vertex 11.9965 -1.57937 40.4297
      vertex 11.9965 -1.57937 0
      vertex 12.1 0 0
    endloop
  endfacet
  facet normal 0.997859 -0.065403 0
    outer loop
      vertex 12.1 0 40.4297
      vertex 11.9965 -1.57937 40.4297
      vertex 12.1 0 0
    endloop
  endfacet
  facet normal 0.997859 0.065403 0
    outer loop
      vertex 12.1 0 0
      vertex 11.9965 1.57937 0
      vertex 11.9965 1.57937 40.4297
    endloop
  endfacet
  facet normal 0.997859 0.065403 0
    outer loop
      vertex 12.1 0 40.4297
      vertex 12.1 0 0
      vertex 11.9965 1.57937 40.4297
    endloop
  endfacet
  facet normal 0.980785 0.195091 0
    outer loop
      vertex 11.9965 1.57937 0
      vertex 11.6877 3.13171 0
      vertex 11.6877 3.13171 40.4297
    endloop
  endfacet
  facet normal 0.980785 0.195091 0
    outer loop
      vertex 11.9965 1.57937 40.4297
      vertex 11.9965 1.57937 0
      vertex 11.6877 3.13171 40.4297
    endloop
  endfacet
  facet normal 0.94693 0.321439 0
    outer loop
      vertex 11.6877 3.13171 0
      vertex 11.1789 4.63047 0
      vertex 11.1789 4.63047 40.4297
    endloop
  endfacet
  facet normal 0.94693 0.321439 0
    outer loop
      vertex 11.6877 3.13171 40.4297
      vertex 11.6877 3.13171 0
      vertex 11.1789 4.63047 40.4297
    endloop
  endfacet
  facet normal 0.896873 0.442289 0
    outer loop
      vertex 11.1789 4.63047 0
      vertex 10.4789 6.05 0
      vertex 10.4789 6.05 40.4297
    endloop
  endfacet
  facet normal 0.896873 0.442289 0
    outer loop
      vertex 11.1789 4.63047 40.4297
      vertex 11.1789 4.63047 0
      vertex 10.4789 6.05 40.4297
    endloop
  endfacet
  facet normal 0.83147 0.55557 0
    outer loop
      vertex 10.4789 6.05 0
      vertex 9.59957 7.36601 0
      vertex 9.59957 7.36601 40.4297
    endloop
  endfacet
  facet normal 0.83147 0.55557 0
    outer loop
      vertex 10.4789 6.05 40.4297
      vertex 10.4789 6.05 0
      vertex 9.59957 7.36601 40.4297
    endloop
  endfacet
  facet normal 0.75184 0.659346 0
    outer loop
      vertex 9.59957 7.36601 0
      vertex 8.55599 8.55599 0
      vertex 8.55599 8.55599 40.4297
    endloop
  endfacet
  facet normal 0.75184 0.659346 0
    outer loop
      vertex 9.59957 7.36601 40.4297
      vertex 9.59957 7.36601 0
      vertex 8.55599 8.55599 40.4297
    endloop
  endfacet
  facet normal 0.659346 0.75184 0
    outer loop
      vertex 7.36601 9.59957 0
      vertex 7.36601 9.59957 40.4297
      vertex 8.55599 8.55599 0
    endloop
  endfacet
  facet normal 0.659346 0.75184 0
    outer loop
      vertex 8.55599 8.55599 0
      vertex 7.36601 9.59957 40.4297
      vertex 8.55599 8.55599 40.4297
    endloop
  endfacet
  facet normal 0.55557 0.83147 0
    outer loop
      vertex 6.05 10.4789 0
      vertex 6.05 10.4789 40.4297
      vertex 7.36601 9.59957 0
    endloop
  endfacet
  facet normal 0.55557 0.83147 0
    outer loop
      vertex 7.36601 9.59957 0
      vertex 6.05 10.4789 40.4297
      vertex 7.36601 9.59957 40.4297
    endloop
  endfacet
  facet normal 0.442289 0.896873 0
    outer loop
      vertex 4.63047 11.1789 0
      vertex 4.63047 11.1789 40.4297
      vertex 6.05 10.4789 0
    endloop
  endfacet
  facet normal 0.442289 0.896873 0
    outer loop
      vertex 6.05 10.4789 0
      vertex 4.63047 11.1789 40.4297
      vertex 6.05 10.4789 40.4297
    endloop
  endfacet
  facet normal 0.321439 0.94693 0
    outer loop
      vertex 3.13171 11.6877 0
      vertex 3.13171 11.6877 40.4297
      vertex 4.63047 11.1789 0
    endloop
  endfacet
  facet normal 0.321439 0.94693 0
    outer loop
      vertex 4.63047 11.1789 0
      vertex 3.13171 11.6877 40.4297
      vertex 4.63047 11.1789 40.4297
    endloop
  endfacet
  facet normal 0.195091 0.980785 0
    outer loop
      vertex 1.57937 11.9965 0
      vertex 1.57937 11.9965 40.4297
      vertex 3.13171 11.6877 0
    endloop
  endfacet
  facet normal 0.195091 0.980785 0
    outer loop
      vertex 3.13171 11.6877 0
      vertex 1.57937 11.9965 40.4297
      vertex 3.13171 11.6877 40.4297
    endloop
  endfacet
  facet normal 0.065403 0.997859 0
    outer loop
      vertex 0 12.1 0
      vertex 0 12.1 40.4297
      vertex 1.57937 11.9965 0
    endloop
  endfacet
  facet normal 0.065403 0.997859 0
    outer loop
      vertex 1.57937 11.9965 0
      vertex 0 12.1 40.4297
      vertex 1.57937 11.9965 40.4297
    endloop
  endfacet
  facet normal -0.065403 0.997859 0
    outer loop
      vertex -1.57937 11.9965 0
      vertex -1.57937 11.9965 40.4297
      vertex 0 12.1 0
    endloop
  endfacet
  facet normal -0.065403 0.997859 0
    outer loop
      vertex 0 12.1 0
      vertex -1.57937 11.9965 40.4297
      vertex 0 12.1 40.4297
    endloop
  endfacet
  facet normal -0.195091 0.980785 0
    outer loop
      vertex -3.13171 11.6877 0
      vertex -3.13171 11.6877 40.4297
      vertex -1.57937 11.9965 0
    endloop
  endfacet
  facet normal -0.195091 0.980785 0
    outer loop
      vertex -1.57937 11.9965 0
      vertex -3.13171 11.6877 40.4297
      vertex -1.57937 11.9965 40.4297
    endloop
  endfacet
  facet normal -0.321439 0.94693 0
    outer loop
      vertex -4.63047 11.1789 0
      vertex -4.63047 11.1789 40.4297
      vertex -3.13171 11.6877 0
    endloop
  endfacet
  facet normal -0.321439 0.94693 0
    outer loop
      vertex -3.13171 11.6877 0
      vertex -4.63047 11.1789 40.4297
      vertex -3.13171 11.6877 40.4297
    endloop
  endfacet
  facet normal -0.442289 0.896873 0
    outer loop
      vertex -6.05 10.4789 0
      vertex -6.05 10.4789 40.4297
      vertex -4.63047 11.1789 0
    endloop
  endfacet
  facet normal -0.442289 0.896873 0
    outer loop
      vertex -4.63047 11.1789 0
      vertex -6.05 10.4789 40.4297
      vertex -4.63047 11.1789 40.4297
    endloop
  endfacet
  facet normal -0.55557 0.83147 0
    outer loop
      vertex -7.36601 9.59957 0
      vertex -7.36601 9.59957 40.4297
      vertex -6.05 10.4789 0
    endloop
  endfacet
  facet normal -0.55557 0.83147 0
    outer loop
      vertex -6.05 10.4789 0
      vertex -7.36601 9.59957 40.4297
      vertex -6.05 10.4789 40.4297
    endloop
  endfacet
  facet normal -0.659346 0.75184 0
    outer loop
      vertex -8.55599 8.55599 0
      vertex -8.55599 8.55599 40.4297
      vertex -7.36601 9.59957 0
    endloop
  endfacet
  facet normal -0.659346 0.75184 0
    outer loop
      vertex -7.36601 9.59957 0
      vertex -8.55599 8.55599 40.4297
      vertex -7.36601 9.59957 40.4297
    endloop
  endfacet
  facet normal -0.75184 0.659346 0
    outer loop
      vertex -9.59957 7.36601 0
      vertex -9.59957 7.36601 40.4297
      vertex -8.55599 8.55599 0
    endloop
  endfacet
  facet normal -0.75184 0.659346 0
    outer loop
      vertex -8.55599 8.55599 0
      vertex -9.59957 7.36601 40.4297
      vertex -8.55599 8.55599 40.4297
    endloop
  endfacet
  facet normal -0.83147 0.55557 0
    outer loop
      vertex -10.4789 6.05 0
      vertex -10.4789 6.05 40.4297
      vertex -9.59957 7.36601 0
    endloop
  endfacet
  facet normal -0.83147 0.55557 0
    outer loop
      vertex -9.59957 7.36601 0
      vertex -10.4789 6.05 40.4297
      vertex -9.59957 7.36601 40.4297
    endloop
  endfacet
  facet normal -0.896873 0.442289 0
    outer loop
      vertex -11.1789 4.63047 0
      vertex -11.1789 4.63047 40.4297
      vertex -10.4789 6.05 0
    endloop
  endfacet
  facet normal -0.896873 0.442289 0
    outer loop
      vertex -10.4789 6.05 0
      vertex -11.1789 4.63047 40.4297
      vertex -10.4789 6.05 40.4297
    endloop
  endfacet
  facet normal -0.94693 0.321439 0
    outer loop
      vertex -11.6877 3.13171 0
      vertex -11.6877 3.13171 40.4297
      vertex -11.1789 4.63047 0
    endloop
  endfacet
  facet normal -0.94693 0.321439 0
    outer loop
      vertex -11.1789 4.63047 0
      vertex -11.6877 3.13171 40.4297
      vertex -11.1789 4.63047 40.4297
    endloop
  endfacet
  facet normal -0.980785 0.195091 0
    outer loop
      vertex -11.9965 1.57937 0
      vertex -11.9965 1.57937 40.4297
      vertex -11.6877 3.13171 0
    endloop
  endfacet
  facet normal -0.980785 0.195091 0
    outer loop
      vertex -11.6877 3.13171 0
      vertex -11.9965 1.57937 40.4297
      vertex -11.6877 3.13171 40.4297
    endloop
  endfacet
  facet normal 0.997859 -0.0654027 0
    outer loop
      vertex -9.69137 1.27589 0
      vertex -9.69137 1.27589 40.4297
      vertex -9.775 0 40.4297
    endloop
  endfacet
  facet normal 0.997859 -0.0654027 0
    outer loop
      vertex -9.775 0 0
      vertex -9.69137 1.27589 0
      vertex -9.775 0 40.4297
    endloop
  endfacet
  facet normal 0.997859 0.0654027 0
    outer loop
      vertex -9.775 0 40.4297
      vertex -9.69137 -1.27589 40.4297
      vertex -9.69137 -1.27589 0
    endloop
  endfacet
  facet normal 0.997859 0.0654027 0
    outer loop
      vertex -9.775 0 0
      vertex -9.775 0 40.4297
      vertex -9.69137 -1.27589 0
    endloop
  endfacet
  facet normal 0.980785 -0.195091 0
    outer loop
      vertex -9.44192 2.52996 0
      vertex -9.44192 2.52996 40.4297
      vertex -9.69137 1.27589 40.4297
    endloop
  endfacet
  facet normal 0.980785 -0.195091 0
    outer loop
      vertex -9.69137 1.27589 0
      vertex -9.44192 2.52996 0
      vertex -9.69137 1.27589 40.4297
    endloop
  endfacet
  facet normal 0.94693 -0.32144 0
    outer loop
      vertex -9.03092 3.74073 0
      vertex -9.03092 3.74073 40.4297
      vertex -9.44192 2.52996 40.4297
    endloop
  endfacet
  facet normal 0.94693 -0.32144 0
    outer loop
      vertex -9.44192 2.52996 0
      vertex -9.03092 3.74073 0
      vertex -9.44192 2.52996 40.4297
    endloop
  endfacet
  facet normal 0.896873 -0.442289 0
    outer loop
      vertex -8.4654 4.8875 0
      vertex -8.4654 4.8875 40.4297
      vertex -9.03092 3.74073 40.4297
    endloop
  endfacet
  facet normal 0.896873 -0.442289 0
    outer loop
      vertex -9.03092 3.74073 0
      vertex -8.4654 4.8875 0
      vertex -9.03092 3.74073 40.4297
    endloop
  endfacet
  facet normal 0.83147 -0.55557 0
    outer loop
      vertex -7.75503 5.95064 0
      vertex -7.75503 5.95064 40.4297
      vertex -8.4654 4.8875 40.4297
    endloop
  endfacet
  facet normal 0.83147 -0.55557 0
    outer loop
      vertex -8.4654 4.8875 0
      vertex -7.75503 5.95064 0
      vertex -8.4654 4.8875 40.4297
    endloop
  endfacet
  facet normal 0.75184 -0.659346 0
    outer loop
      vertex -6.91197 6.91197 0
      vertex -6.91197 6.91197 40.4297
      vertex -7.75503 5.95064 40.4297
    endloop
  endfacet
  facet normal 0.75184 -0.659346 0
    outer loop
      vertex -7.75503 5.95064 0
      vertex -6.91197 6.91197 0
      vertex -7.75503 5.95064 40.4297
    endloop
  endfacet
  facet normal 0.659346 -0.75184 0
    outer loop
      vertex -5.95064 7.75503 0
      vertex -5.95064 7.75503 40.4297
      vertex -6.91197 6.91197 40.4297
    endloop
  endfacet
  facet normal 0.659346 -0.75184 0
    outer loop
      vertex -6.91197 6.91197 0
      vertex -5.95064 7.75503 0
      vertex -6.91197 6.91197 40.4297
    endloop
  endfacet
  facet normal 0.55557 -0.83147 0
    outer loop
      vertex -4.8875 8.4654 0
      vertex -4.8875 8.4654 40.4297
      vertex -5.95064 7.75503 40.4297
    endloop
  endfacet
  facet normal 0.55557 -0.83147 0
    outer loop
      vertex -5.95064 7.75503 0
      vertex -4.8875 8.4654 0
      vertex -5.95064 7.75503 40.4297
    endloop
  endfacet
  facet normal 0.442289 -0.896873 0
    outer loop
      vertex -3.74073 9.03092 0
      vertex -3.74073 9.03092 40.4297
      vertex -4.8875 8.4654 40.4297
    endloop
  endfacet
  facet normal 0.442289 -0.896873 0
    outer loop
      vertex -4.8875 8.4654 0
      vertex -3.74073 9.03092 0
      vertex -4.8875 8.4654 40.4297
    endloop
  endfacet
  facet normal 0.32144 -0.94693 0
    outer loop
      vertex -2.52996 9.44192 0
      vertex -2.52996 9.44192 40.4297
      vertex -3.74073 9.03092 40.4297
    endloop
  endfacet
  facet normal 0.32144 -0.94693 0
    outer loop
      vertex -3.74073 9.03092 0
      vertex -2.52996 9.44192 0
      vertex -3.74073 9.03092 40.4297
    endloop
  endfacet
  facet normal 0.195091 -0.980785 0
    outer loop
      vertex -1.27589 9.69137 0
      vertex -1.27589 9.69137 40.4297
      vertex -2.52996 9.44192 40.4297
    endloop
  endfacet
  facet normal 0.195091 -0.980785 0
    outer loop
      vertex -2.52996 9.44192 0
      vertex -1.27589 9.69137 0
      vertex -2.52996 9.44192 40.4297
    endloop
  endfacet
  facet normal 0.0654027 -0.997859 0
    outer loop
      vertex 0 9.775 0
      vertex 0 9.775 40.4297
      vertex -1.27589 9.69137 40.4297
    endloop
  endfacet
  facet normal 0.0654027 -0.997859 0
    outer loop
      vertex -1.27589 9.69137 0
      vertex 0 9.775 0
      vertex -1.27589 9.69137 40.4297
    endloop
  endfacet
  facet normal -0.0654027 -0.997859 0
    outer loop
      vertex 1.27589 9.69137 0
      vertex 1.27589 9.69137 40.4297
      vertex 0 9.775 40.4297
    endloop
  endfacet
  facet normal -0.0654027 -0.997859 0
    outer loop
      vertex 0 9.775 0
      vertex 1.27589 9.69137 0
      vertex 0 9.775 40.4297
    endloop
  endfacet
  facet normal -0.195091 -0.980785 0
    outer loop
      vertex 2.52996 9.44192 0
      vertex 2.52996 9.44192 40.4297
      vertex 1.27589 9.69137 40.4297
    endloop
  endfacet
  facet normal -0.195091 -0.980785 0
    outer loop
      vertex 1.27589 9.69137 0
      vertex 2.52996 9.44192 0
      vertex 1.27589 9.69137 40.4297
    endloop
  endfacet
  facet normal -0.32144 -0.94693 0
    outer loop
      vertex 3.74073 9.03092 0
      vertex 3.74073 9.03092 40.4297
      vertex 2.52996 9.44192 40.4297
    endloop
  endfacet
  facet normal -0.32144 -0.94693 0
    outer loop
      vertex 2.52996 9.44192 0
      vertex 3.74073 9.03092 0
      vertex 2.52996 9.44192 40.4297
    endloop
  endfacet
  facet normal -0.442289 -0.896873 0
    outer loop
      vertex 4.8875 8.4654 0
      vertex 4.8875 8.4654 40.4297
      vertex 3.74073 9.03092 40.4297
    endloop
  endfacet
  facet normal -0.442289 -0.896873 0
    outer loop
      vertex 3.74073 9.03092 0
      vertex 4.8875 8.4654 0
      vertex 3.74073 9.03092 40.4297
    endloop
  endfacet
  facet normal -0.55557 -0.83147 0
    outer loop
      vertex 5.95064 7.75503 0
      vertex 5.95064 7.75503 40.4297
      vertex 4.8875 8.4654 40.4297
    endloop
  endfacet
  facet normal -0.55557 -0.83147 0
    outer loop
      vertex 4.8875 8.4654 0
      vertex 5.95064 7.75503 0
      vertex 4.8875 8.4654 40.4297
    endloop
  endfacet
  facet normal -0.659346 -0.75184 0
    outer loop
      vertex 6.91197 6.91197 0
      vertex 6.91197 6.91197 40.4297
      vertex 5.95064 7.75503 40.4297
    endloop
  endfacet
  facet normal -0.659346 -0.75184 0
    outer loop
      vertex 5.95064 7.75503 0
      vertex 6.91197 6.91197 0
      vertex 5.95064 7.75503 40.4297
    endloop
  endfacet
  facet normal -0.75184 -0.659346 0
    outer loop
      vertex 7.75503 5.95064 40.4297
      vertex 6.91197 6.91197 40.4297
      vertex 7.75503 5.95064 0
    endloop
  endfacet
  facet normal -0.75184 -0.659346 0
    outer loop
      vertex 7.75503 5.95064 0
      vertex 6.91197 6.91197 40.4297
      vertex 6.91197 6.91197 0
    endloop
  endfacet
  facet normal -0.83147 -0.55557 0
    outer loop
      vertex 8.4654 4.8875 40.4297
      vertex 7.75503 5.95064 40.4297
      vertex 8.4654 4.8875 0
    endloop
  endfacet
  facet normal -0.83147 -0.55557 0
    outer loop
      vertex 8.4654 4.8875 0
      vertex 7.75503 5.95064 40.4297
      vertex 7.75503 5.95064 0
    endloop
  endfacet
  facet normal -0.896873 -0.442289 0
    outer loop
      vertex 9.03092 3.74073 40.4297
      vertex 8.4654 4.8875 40.4297
      vertex 9.03092 3.74073 0
    endloop
  endfacet
  facet normal -0.896873 -0.442289 0
    outer loop
      vertex 9.03092 3.74073 0
      vertex 8.4654 4.8875 40.4297
      vertex 8.4654 4.8875 0
    endloop
  endfacet
  facet normal -0.94693 -0.32144 0
    outer loop
      vertex 9.44192 2.52996 40.4297
      vertex 9.03092 3.74073 40.4297
      vertex 9.44192 2.52996 0
    endloop
  endfacet
  facet normal -0.94693 -0.32144 0
    outer loop
      vertex 9.44192 2.52996 0
      vertex 9.03092 3.74073 40.4297
      vertex 9.03092 3.74073 0
    endloop
  endfacet
  facet normal -0.980785 -0.195091 0
    outer loop
      vertex 9.69137 1.27589 40.4297
      vertex 9.44192 2.52996 40.4297
      vertex 9.69137 1.27589 0
    endloop
  endfacet
  facet normal -0.980785 -0.195091 0
    outer loop
      vertex 9.69137 1.27589 0
      vertex 9.44192 2.52996 40.4297
      vertex 9.44192 2.52996 0
    endloop
  endfacet
  facet normal -0.997859 -0.0654027 0
    outer loop
      vertex 9.775 0 40.4297
      vertex 9.69137 1.27589 40.4297
      vertex 9.775 0 0
    endloop
  endfacet
  facet normal -0.997859 -0.0654027 0
    outer loop
      vertex 9.775 0 0
      vertex 9.69137 1.27589 40.4297
      vertex 9.69137 1.27589 0
    endloop
  endfacet
  facet normal -0.997859 0.0654027 0
    outer loop
      vertex 9.775 0 40.4297
      vertex 9.775 0 0
      vertex 9.69137 -1.27589 40.4297
    endloop
  endfacet
  facet normal -0.997859 0.0654027 0
    outer loop
      vertex 9.69137 -1.27589 40.4297
      vertex 9.775 0 0
      vertex 9.69137 -1.27589 0
    endloop
  endfacet
  facet normal -0.980785 0.195091 0
    outer loop
      vertex 9.69137 -1.27589 40.4297
      vertex 9.69137 -1.27589 0
      vertex 9.44192 -2.52996 40.4297
    endloop
  endfacet
  facet normal -0.980785 0.195091 0
    outer loop
      vertex 9.44192 -2.52996 40.4297
      vertex 9.69137 -1.27589 0
      vertex 9.44192 -2.52996 0
    endloop
  endfacet
  facet normal -0.94693 0.32144 0
    outer loop
      vertex 9.44192 -2.52996 40.4297
      vertex 9.44192 -2.52996 0
      vertex 9.03092 -3.74073 40.4297
    endloop
  endfacet
  facet normal -0.94693 0.32144 0
    outer loop
      vertex 9.03092 -3.74073 40.4297
      vertex 9.44192 -2.52996 0
      vertex 9.03092 -3.74073 0
    endloop
  endfacet
  facet normal -0.896873 0.442289 0
    outer loop
      vertex 9.03092 -3.74073 40.4297
      vertex 9.03092 -3.74073 0
      vertex 8.4654 -4.8875 40.4297
    endloop
  endfacet
  facet normal -0.896873 0.442289 0
    outer loop
      vertex 8.4654 -4.8875 40.4297
      vertex 9.03092 -3.74073 0
      vertex 8.4654 -4.8875 0
    endloop
  endfacet
  facet normal -0.83147 0.55557 0
    outer loop
      vertex 8.4654 -4.8875 40.4297
      vertex 8.4654 -4.8875 0
      vertex 7.75503 -5.95064 40.4297
    endloop
  endfacet
  facet normal -0.83147 0.55557 0
    outer loop
      vertex 7.75503 -5.95064 40.4297
      vertex 8.4654 -4.8875 0
      vertex 7.75503 -5.95064 0
    endloop
  endfacet
  facet normal -0.75184 0.659346 0
    outer loop
      vertex 7.75503 -5.95064 40.4297
      vertex 7.75503 -5.95064 0
      vertex 6.91197 -6.91197 40.4297
    endloop
  endfacet
  facet normal -0.75184 0.659346 0
    outer loop
      vertex 6.91197 -6.91197 40.4297
      vertex 7.75503 -5.95064 0
      vertex 6.91197 -6.91197 0
    endloop
  endfacet
  facet normal -0.659346 0.75184 0
    outer loop
      vertex 6.91197 -6.91197 40.4297
      vertex 6.91197 -6.91197 0
      vertex 5.95064 -7.75503 40.4297
    endloop
  endfacet
  facet normal -0.659346 0.75184 0
    outer loop
      vertex 5.95064 -7.75503 40.4297
      vertex 6.91197 -6.91197 0
      vertex 5.95064 -7.75503 0
    endloop
  endfacet
  facet normal -0.55557 0.83147 0
    outer loop
      vertex 5.95064 -7.75503 40.4297
      vertex 5.95064 -7.75503 0
      vertex 4.8875 -8.4654 40.4297
    endloop
  endfacet
  facet normal -0.55557 0.83147 0
    outer loop
      vertex 4.8875 -8.4654 40.4297
      vertex 5.95064 -7.75503 0
      vertex 4.8875 -8.4654 0
    endloop
  endfacet
  facet normal -0.442289 0.896873 0
    outer loop
      vertex 4.8875 -8.4654 40.4297
      vertex 4.8875 -8.4654 0
      vertex 3.74073 -9.03092 40.4297
    endloop
  endfacet
  facet normal -0.442289 0.896873 0
    outer loop
      vertex 3.74073 -9.03092 40.4297
      vertex 4.8875 -8.4654 0
      vertex 3.74073 -9.03092 0
    endloop
  endfacet
  facet normal -0.32144 0.94693 0
    outer loop
      vertex 3.74073 -9.03092 40.4297
      vertex 3.74073 -9.03092 0
      vertex 2.52996 -9.44192 40.4297
    endloop
  endfacet
  facet normal -0.32144 0.94693 0
    outer loop
      vertex 2.52996 -9.44192 40.4297
      vertex 3.74073 -9.03092 0
      vertex 2.52996 -9.44192 0
    endloop
  endfacet
  facet normal -0.195091 0.980785 0
    outer loop
      vertex 2.52996 -9.44192 40.4297
      vertex 2.52996 -9.44192 0
      vertex 1.27589 -9.69137 40.4297
    endloop
  endfacet
  facet normal -0.195091 0.980785 0
    outer loop
      vertex 1.27589 -9.69137 40.4297
      vertex 2.52996 -9.44192 0
      vertex 1.27589 -9.69137 0
    endloop
  endfacet
  facet normal -0.0654027 0.997859 0
    outer loop
      vertex 1.27589 -9.69137 40.4297
      vertex 1.27589 -9.69137 0
      vertex 0 -9.775 40.4297
    endloop
  endfacet
  facet normal -0.0654027 0.997859 0
    outer loop
      vertex 0 -9.775 40.4297
      vertex 1.27589 -9.69137 0
      vertex 0 -9.775 0
    endloop
  endfacet
  facet normal 0.0654027 0.997859 0
    outer loop
      vertex 0 -9.775 40.4297
      vertex 0 -9.775 0
      vertex -1.27589 -9.69137 40.4297
    endloop
  endfacet
  facet normal 0.0654027 0.997859 0
    outer loop
      vertex -1.27589 -9.69137 40.4297
      vertex 0 -9.775 0
      vertex -1.27589 -9.69137 0
    endloop
  endfacet
  facet normal 0.195091 0.980785 0
    outer loop
      vertex -1.27589 -9.69137 40.4297
      vertex -1.27589 -9.69137 0
      vertex -2.52996 -9.44192 40.4297
    endloop
  endfacet
  facet normal 0.195091 0.980785 0
    outer loop
      vertex -2.52996 -9.44192 40.4297
      vertex -1.27589 -9.69137 0
      vertex -2.52996 -9.44192 0
    endloop
  endfacet
  facet normal 0.32144 0.94693 0
    outer loop
      vertex -2.52996 -9.44192 40.4297
      vertex -2.52996 -9.44192 0
      vertex -3.74073 -9.03092 40.4297
    endloop
  endfacet
  facet normal 0.32144 0.94693 0
    outer loop
      vertex -3.74073 -9.03092 40.4297
      vertex -2.52996 -9.44192 0
      vertex -3.74073 -9.03092 0
    endloop
  endfacet
  facet normal 0.442289 0.896873 0
    outer loop
      vertex -3.74073 -9.03092 40.4297
      vertex -3.74073 -9.03092 0
      vertex -4.8875 -8.4654 40.4297
    endloop
  endfacet
  facet normal 0.442289 0.896873 0
    outer loop
      vertex -4.8875 -8.4654 40.4297
      vertex -3.74073 -9.03092 0
      vertex -4.8875 -8.4654 0
    endloop
  endfacet
  facet normal 0.55557 0.83147 0
    outer loop
      vertex -4.8875 -8.4654 40.4297
      vertex -4.8875 -8.4654 0
      vertex -5.95064 -7.75503 40.4297
    endloop
  endfacet
  facet normal 0.55557 0.83147 0
    outer loop
      vertex -5.95064 -7.75503 40.4297
      vertex -4.8875 -8.4654 0
      vertex -5.95064 -7.75503 0
    endloop
  endfacet
  facet normal 0.659346 0.75184 0
    outer loop
      vertex -5.95064 -7.75503 40.4297
      vertex -5.95064 -7.75503 0
      vertex -6.91197 -6.91197 40.4297
    endloop
  endfacet
  facet normal 0.659346 0.75184 0
    outer loop
      vertex -6.91197 -6.91197 40.4297
      vertex -5.95064 -7.75503 0
      vertex -6.91197 -6.91197 0
    endloop
  endfacet
  facet normal 0.75184 0.659346 0
    outer loop
      vertex -7.75503 -5.95064 40.4297
      vertex -6.91197 -6.91197 40.4297
      vertex -6.91197 -6.91197 0
    endloop
  endfacet
  facet normal 0.75184 0.659346 0
    outer loop
      vertex -7.75503 -5.95064 0
      vertex -7.75503 -5.95064 40.4297
      vertex -6.91197 -6.91197 0
    endloop
  endfacet
  facet normal 0.83147 0.55557 0
    outer loop
      vertex -8.4654 -4.8875 40.4297
      vertex -7.75503 -5.95064 40.4297
      vertex -7.75503 -5.95064 0
    endloop
  endfacet
  facet normal 0.83147 0.55557 0
    outer loop
      vertex -8.4654 -4.8875 0
      vertex -8.4654 -4.8875 40.4297
      vertex -7.75503 -5.95064 0
    endloop
  endfacet
  facet normal 0.896873 0.442289 0
    outer loop
      vertex -9.03092 -3.74073 40.4297
      vertex -8.4654 -4.8875 40.4297
      vertex -8.4654 -4.8875 0
    endloop
  endfacet
  facet normal 0.896873 0.442289 0
    outer loop
      vertex -9.03092 -3.74073 0
      vertex -9.03092 -3.74073 40.4297
      vertex -8.4654 -4.8875 0
    endloop
  endfacet
  facet normal 0.94693 0.32144 0
    outer loop
      vertex -9.44192 -2.52996 40.4297
      vertex -9.03092 -3.74073 40.4297
      vertex -9.03092 -3.74073 0
    endloop
  endfacet
  facet normal 0.94693 0.32144 0
    outer loop
      vertex -9.44192 -2.52996 0
      vertex -9.44192 -2.52996 40.4297
      vertex -9.03092 -3.74073 0
    endloop
  endfacet
  facet normal 0.980785 0.195091 0
    outer loop
      vertex -9.69137 -1.27589 40.4297
      vertex -9.44192 -2.52996 40.4297
      vertex -9.44192 -2.52996 0
    endloop
  endfacet
  facet normal 0.980785 0.195091 0
    outer loop
      vertex -9.69137 -1.27589 0
      vertex -9.69137 -1.27589 40.4297
      vertex -9.44192 -2.52996 0
    endloop
  endfacet
  facet normal 0 0 1
    outer loop
      vertex -11.9965 1.57937 40.4297
      vertex -12.1 0 40.4297
      vertex -11.9965 -1.57937 40.4297
    endloop
  endfacet
  facet normal 0 0 1
    outer loop
      vertex -11.1789 -4.63047 40.4297
      vertex -11.9965 1.57937 40.4297
      vertex -11.6877 -3.13171 40.4297
    endloop
  endfacet
  facet normal 0 0 1
    outer loop
      vertex -11.6877 -3.13171 40.4297
      vertex -11.9965 1.57937 40.4297
      vertex -11.9965 -1.57937 40.4297
    endloop
  endfacet
  facet normal 0 0 1
    outer loop
      vertex -10.4789 -6.05 40.4297
      vertex -11.9965 1.57937 40.4297
      vertex -11.1789 -4.63047 40.4297
    endloop
  endfacet
  facet normal 0 0 1
    outer loop
      vertex -9.59957 -7.36601 40.4297
      vertex -11.9965 1.57937 40.4297
      vertex -10.4789 -6.05 40.4297
    endloop
  endfacet
  facet normal 0 0 1
    outer loop
      vertex -8.55599 -8.55599 40.4297
      vertex -11.9965 1.57937 40.4297
      vertex -9.59957 -7.36601 40.4297
    endloop
  endfacet
  facet normal 0 0 1
    outer loop
      vertex -7.36601 -9.59957 40.4297
      vertex -11.9965 1.57937 40.4297
      vertex -8.55599 -8.55599 40.4297
    endloop
  endfacet
  facet normal 0 0 1
    outer loop
      vertex -6.05 -10.4789 40.4297
      vertex -11.9965 1.57937 40.4297
      vertex -7.36601 -9.59957 40.4297
    endloop
  endfacet
  facet normal 0 0 1
    outer loop
      vertex -8.4654 -4.8875 40.4297
      vertex -11.9965 1.57937 40.4297
      vertex -6.05 -10.4789 40.4297
    endloop
  endfacet
  facet normal 0 0 1
    outer loop
      vertex 7.75503 -5.95064 40.4297
      vertex 6.91197 -6.91197 40.4297
      vertex 9.59957 -7.36601 40.4297
    endloop
  endfacet
  facet normal 0 0 1
    outer loop
      vertex 8.4654 -4.8875 40.4297
      vertex 7.75503 -5.95064 40.4297
      vertex 10.4789 -6.05 40.4297
    endloop
  endfacet
  facet normal 0 0 1
    outer loop
      vertex 9.03092 -3.74073 40.4297
      vertex 8.4654 -4.8875 40.4297
      vertex 11.1789 -4.63047 40.4297
    endloop
  endfacet
  facet normal 0 0 1
    outer loop
      vertex -9.69137 1.27589 40.4297
      vertex -9.44192 2.52996 40.4297
      vertex -11.9965 1.57937 40.4297
    endloop
  endfacet
  facet normal 0 0 1
    outer loop
      vertex 4.8875 -8.4654 40.4297
      vertex 3.74073 -9.03092 40.4297
      vertex 6.05 -10.4789 40.4297
    endloop
  endfacet
  facet normal 0 0 1
    outer loop
      vertex 9.44192 2.52996 40.4297
      vertex 9.69137 1.27589 40.4297
      vertex 11.9965 1.57937 40.4297
    endloop
  endfacet
  facet normal 0 0 1
    outer loop
      vertex 9.03092 3.74073 40.4297
      vertex 9.44192 2.52996 40.4297
      vertex 11.6877 3.13171 40.4297
    endloop
  endfacet
  facet normal 0 0 1
    outer loop
      vertex 8.4654 4.8875 40.4297
      vertex 9.03092 3.74073 40.4297
      vertex 11.1789 4.63047 40.4297
    endloop
  endfacet
  facet normal 0 0 1
    outer loop
      vertex 5.95064 7.75503 40.4297
      vertex 6.91197 6.91197 40.4297
      vertex 8.55599 8.55599 40.4297
    endloop
  endfacet
  facet normal 0 0 1
    outer loop
      vertex 0 9.775 40.4297
      vertex 1.27589 9.69137 40.4297
      vertex 3.13171 11.6877 40.4297
    endloop
  endfacet
  facet normal 0 0 1
    outer loop
      vertex -5.95064 7.75503 40.4297
      vertex -4.8875 8.4654 40.4297
      vertex -1.57937 11.9965 40.4297
    endloop
  endfacet
  facet normal 0 0 1
    outer loop
      vertex -3.74073 9.03092 40.4297
      vertex -2.52996 9.44192 40.4297
      vertex 0 12.1 40.4297
    endloop
  endfacet
  facet normal 0 0 1
    outer loop
      vertex -4.63047 11.1789 40.4297
      vertex -11.9965 1.57937 40.4297
      vertex -3.13171 11.6877 40.4297
    endloop
  endfacet
  facet normal 0 0 1
    outer loop
      vertex -6.05 10.4789 40.4297
      vertex -11.9965 1.57937 40.4297
      vertex -4.63047 11.1789 40.4297
    endloop
  endfacet
  facet normal 0 0 1
    outer loop
      vertex -7.36601 9.59957 40.4297
      vertex -11.9965 1.57937 40.4297
      vertex -6.05 10.4789 40.4297
    endloop
  endfacet
  facet normal 0 0 1
    outer loop
      vertex -8.55599 8.55599 40.4297
      vertex -11.9965 1.57937 40.4297
      vertex -7.36601 9.59957 40.4297
    endloop
  endfacet
  facet normal 0 0 1
    outer loop
      vertex -9.59957 7.36601 40.4297
      vertex -11.9965 1.57937 40.4297
      vertex -8.55599 8.55599 40.4297
    endloop
  endfacet
  facet normal 0 0 1
    outer loop
      vertex -10.4789 6.05 40.4297
      vertex -11.9965 1.57937 40.4297
      vertex -9.59957 7.36601 40.4297
    endloop
  endfacet
  facet normal 0 0 1
    outer loop
      vertex -11.1789 4.63047 40.4297
      vertex -11.9965 1.57937 40.4297
      vertex -10.4789 6.05 40.4297
    endloop
  endfacet
  facet normal 0 0 1
    outer loop
      vertex -11.6877 3.13171 40.4297
      vertex -11.9965 1.57937 40.4297
      vertex -11.1789 4.63047 40.4297
    endloop
  endfacet
  facet normal 0 0 1
    outer loop
      vertex -4.8875 -8.4654 40.4297
      vertex -5.95064 -7.75503 40.4297
      vertex -3.13171 -11.6877 40.4297
    endloop
  endfacet
  facet normal 0 0 1
    outer loop
      vertex 1.27589 -9.69137 40.4297
      vertex 0 -9.775 40.4297
      vertex 3.13171 -11.6877 40.4297
    endloop
  endfacet
  facet normal 0 0 1
    outer loop
      vertex 9.44192 -2.52996 40.4297
      vertex 9.03092 -3.74073 40.4297
      vertex 11.6877 -3.13171 40.4297
    endloop
  endfacet
  facet normal 0 0 1
    outer loop
      vertex 6.91197 6.91197 40.4297
      vertex 7.75503 5.95064 40.4297
      vertex 9.59957 7.36601 40.4297
    endloop
  endfacet
  facet normal 0 0 1
    outer loop
      vertex 1.27589 9.69137 40.4297
      vertex 2.52996 9.44192 40.4297
      vertex 4.63047 11.1789 40.4297
    endloop
  endfacet
  facet normal 0 0 1
    outer loop
      vertex -2.52996 9.44192 40.4297
      vertex -1.27589 9.69137 40.4297
      vertex 1.57937 11.9965 40.4297
    endloop
  endfacet
  facet normal 0 0 1
    outer loop
      vertex -3.13171 11.6877 40.4297
      vertex -11.9965 1.57937 40.4297
      vertex -7.75503 5.95064 40.4297
    endloop
  endfacet
  facet normal 0 0 1
    outer loop
      vertex -3.13171 11.6877 40.4297
      vertex -6.91197 6.91197 40.4297
      vertex -1.57937 11.9965 40.4297
    endloop
  endfacet
  facet normal 0 0 1
    outer loop
      vertex -3.13171 11.6877 40.4297
      vertex -7.75503 5.95064 40.4297
      vertex -6.91197 6.91197 40.4297
    endloop
  endfacet
  facet normal 0 0 1
    outer loop
      vertex -6.91197 6.91197 40.4297
      vertex -5.95064 7.75503 40.4297
      vertex -1.57937 11.9965 40.4297
    endloop
  endfacet
  facet normal 0 0 1
    outer loop
      vertex -1.57937 11.9965 40.4297
      vertex -4.8875 8.4654 40.4297
      vertex 0 12.1 40.4297
    endloop
  endfacet
  facet normal 0 0 1
    outer loop
      vertex -4.8875 8.4654 40.4297
      vertex -3.74073 9.03092 40.4297
      vertex 0 12.1 40.4297
    endloop
  endfacet
  facet normal 0 0 1
    outer loop
      vertex 0 12.1 40.4297
      vertex -2.52996 9.44192 40.4297
      vertex 1.57937 11.9965 40.4297
    endloop
  endfacet
  facet normal 0 0 1
    outer loop
      vertex -8.4654 4.8875 40.4297
      vertex -7.75503 5.95064 40.4297
      vertex -11.9965 1.57937 40.4297
    endloop
  endfacet
  facet normal 0 0 1
    outer loop
      vertex 1.57937 11.9965 40.4297
      vertex -1.27589 9.69137 40.4297
      vertex 3.13171 11.6877 40.4297
    endloop
  endfacet
  facet normal 0 0 1
    outer loop
      vertex -1.27589 9.69137 40.4297
      vertex 0 9.775 40.4297
      vertex 3.13171 11.6877 40.4297
    endloop
  endfacet
  facet normal 0 0 1
    outer loop
      vertex 3.13171 11.6877 40.4297
      vertex 1.27589 9.69137 40.4297
      vertex 4.63047 11.1789 40.4297
    endloop
  endfacet
  facet normal 0 0 1
    outer loop
      vertex 3.74073 9.03092 40.4297
      vertex 4.8875 8.4654 40.4297
      vertex 7.36601 9.59957 40.4297
    endloop
  endfacet
  facet normal 0 0 1
    outer loop
      vertex 4.63047 11.1789 40.4297
      vertex 2.52996 9.44192 40.4297
      vertex 6.05 10.4789 40.4297
    endloop
  endfacet
  facet normal 0 0 1
    outer loop
      vertex -9.03092 3.74073 40.4297
      vertex -8.4654 4.8875 40.4297
      vertex -11.9965 1.57937 40.4297
    endloop
  endfacet
  facet normal 0 0 1
    outer loop
      vertex 6.05 10.4789 40.4297
      vertex 3.74073 9.03092 40.4297
      vertex 7.36601 9.59957 40.4297
    endloop
  endfacet
  facet normal 0 0 1
    outer loop
      vertex 7.36601 9.59957 40.4297
      vertex 4.8875 8.4654 40.4297
      vertex 8.55599 8.55599 40.4297
    endloop
  endfacet
  facet normal 0 0 1
    outer loop
      vertex 4.8875 8.4654 40.4297
      vertex 5.95064 7.75503 40.4297
      vertex 8.55599 8.55599 40.4297
    endloop
  endfacet
  facet normal 0 0 1
    outer loop
      vertex 8.55599 8.55599 40.4297
      vertex 6.91197 6.91197 40.4297
      vertex 9.59957 7.36601 40.4297
    endloop
  endfacet
  facet normal 0 0 1
    outer loop
      vertex 2.52996 9.44192 40.4297
      vertex 3.74073 9.03092 40.4297
      vertex 6.05 10.4789 40.4297
    endloop
  endfacet
  facet normal 0 0 1
    outer loop
      vertex 9.59957 7.36601 40.4297
      vertex 7.75503 5.95064 40.4297
      vertex 10.4789 6.05 40.4297
    endloop
  endfacet
  facet normal 0 0 1
    outer loop
      vertex 10.4789 6.05 40.4297
      vertex 8.4654 4.8875 40.4297
      vertex 11.1789 4.63047 40.4297
    endloop
  endfacet
  facet normal 0 0 1
    outer loop
      vertex 9.69137 1.27589 40.4297
      vertex 9.775 0 40.4297
      vertex 12.1 0 40.4297
    endloop
  endfacet
  facet normal 0 0 1
    outer loop
      vertex 11.1789 4.63047 40.4297
      vertex 9.03092 3.74073 40.4297
      vertex 11.6877 3.13171 40.4297
    endloop
  endfacet
  facet normal 0 0 1
    outer loop
      vertex -9.44192 2.52996 40.4297
      vertex -9.03092 3.74073 40.4297
      vertex -11.9965 1.57937 40.4297
    endloop
  endfacet
  facet normal 0 0 1
    outer loop
      vertex 11.6877 3.13171 40.4297
      vertex 9.44192 2.52996 40.4297
      vertex 11.9965 1.57937 40.4297
    endloop
  endfacet
  facet normal 0 0 1
    outer loop
      vertex 11.9965 1.57937 40.4297
      vertex 9.69137 1.27589 40.4297
      vertex 12.1 0 40.4297
    endloop
  endfacet
  facet normal 0 0 1
    outer loop
      vertex 12.1 0 40.4297
      vertex 9.775 0 40.4297
      vertex 11.9965 -1.57937 40.4297
    endloop
  endfacet
  facet normal 0 0 1
    outer loop
      vertex 11.9965 -1.57937 40.4297
      vertex 9.69137 -1.27589 40.4297
      vertex 11.6877 -3.13171 40.4297
    endloop
  endfacet
  facet normal 0 0 1
    outer loop
      vertex 7.75503 5.95064 40.4297
      vertex 8.4654 4.8875 40.4297
      vertex 10.4789 6.05 40.4297
    endloop
  endfacet
  facet normal 0 0 1
    outer loop
      vertex 9.69137 -1.27589 40.4297
      vertex 9.44192 -2.52996 40.4297
      vertex 11.6877 -3.13171 40.4297
    endloop
  endfacet
  facet normal 0 0 1
    outer loop
      vertex 11.6877 -3.13171 40.4297
      vertex 9.03092 -3.74073 40.4297
      vertex 11.1789 -4.63047 40.4297
    endloop
  endfacet
  facet normal 0 0 1
    outer loop
      vertex 11.1789 -4.63047 40.4297
      vertex 8.4654 -4.8875 40.4297
      vertex 10.4789 -6.05 40.4297
    endloop
  endfacet
  facet normal 0 0 1
    outer loop
      vertex 10.4789 -6.05 40.4297
      vertex 7.75503 -5.95064 40.4297
      vertex 9.59957 -7.36601 40.4297
    endloop
  endfacet
  facet normal 0 0 1
    outer loop
      vertex 9.59957 -7.36601 40.4297
      vertex 6.91197 -6.91197 40.4297
      vertex 8.55599 -8.55599 40.4297
    endloop
  endfacet
  facet normal 0 0 1
    outer loop
      vertex 8.55599 -8.55599 40.4297
      vertex 5.95064 -7.75503 40.4297
      vertex 7.36601 -9.59957 40.4297
    endloop
  endfacet
  facet normal 0 0 1
    outer loop
      vertex 9.775 0 40.4297
      vertex 9.69137 -1.27589 40.4297
      vertex 11.9965 -1.57937 40.4297
    endloop
  endfacet
  facet normal 0 0 1
    outer loop
      vertex 7.36601 -9.59957 40.4297
      vertex 4.8875 -8.4654 40.4297
      vertex 6.05 -10.4789 40.4297
    endloop
  endfacet
  facet normal 0 0 1
    outer loop
      vertex 6.05 -10.4789 40.4297
      vertex 3.74073 -9.03092 40.4297
      vertex 4.63047 -11.1789 40.4297
    endloop
  endfacet
  facet normal 0 0 1
    outer loop
      vertex 3.74073 -9.03092 40.4297
      vertex 2.52996 -9.44192 40.4297
      vertex 4.63047 -11.1789 40.4297
    endloop
  endfacet
  facet normal 0 0 1
    outer loop
      vertex 4.63047 -11.1789 40.4297
      vertex 1.27589 -9.69137 40.4297
      vertex 3.13171 -11.6877 40.4297
    endloop
  endfacet
  facet normal 0 0 1
    outer loop
      vertex 3.13171 -11.6877 40.4297
      vertex 0 -9.775 40.4297
      vertex 1.57937 -11.9965 40.4297
    endloop
  endfacet
  facet normal 0 0 1
    outer loop
      vertex 1.57937 -11.9965 40.4297
      vertex -1.27589 -9.69137 40.4297
      vertex 0 -12.1 40.4297
    endloop
  endfacet
  facet normal 0 0 1
    outer loop
      vertex 0 -12.1 40.4297
      vertex -2.52996 -9.44192 40.4297
      vertex -1.57937 -11.9965 40.4297
    endloop
  endfacet
  facet normal 0 0 1
    outer loop
      vertex -2.52996 -9.44192 40.4297
      vertex -3.74073 -9.03092 40.4297
      vertex -1.57937 -11.9965 40.4297
    endloop
  endfacet
  facet normal 0 0 1
    outer loop
      vertex -1.57937 -11.9965 40.4297
      vertex -4.8875 -8.4654 40.4297
      vertex -3.13171 -11.6877 40.4297
    endloop
  endfacet
  facet normal 0 0 1
    outer loop
      vertex 0 -9.775 40.4297
      vertex -1.27589 -9.69137 40.4297
      vertex 1.57937 -11.9965 40.4297
    endloop
  endfacet
  facet normal 0 0 1
    outer loop
      vertex -3.13171 -11.6877 40.4297
      vertex -5.95064 -7.75503 40.4297
      vertex -4.63047 -11.1789 40.4297
    endloop
  endfacet
  facet normal 0 0 1
    outer loop
      vertex -5.95064 -7.75503 40.4297
      vertex -6.91197 -6.91197 40.4297
      vertex -4.63047 -11.1789 40.4297
    endloop
  endfacet
  facet normal 0 0 1
    outer loop
      vertex -4.63047 -11.1789 40.4297
      vertex -7.75503 -5.95064 40.4297
      vertex -6.05 -10.4789 40.4297
    endloop
  endfacet
  facet normal 0 0 1
    outer loop
      vertex -7.75503 -5.95064 40.4297
      vertex -8.4654 -4.8875 40.4297
      vertex -6.05 -10.4789 40.4297
    endloop
  endfacet
  facet normal 0 0 1
    outer loop
      vertex -9.03092 -3.74073 40.4297
      vertex -11.9965 1.57937 40.4297
      vertex -8.4654 -4.8875 40.4297
    endloop
  endfacet
  facet normal 0 0 1
    outer loop
      vertex -6.91197 -6.91197 40.4297
      vertex -7.75503 -5.95064 40.4297
      vertex -4.63047 -11.1789 40.4297
    endloop
  endfacet
  facet normal 0 0 1
    outer loop
      vertex -9.44192 -2.52996 40.4297
      vertex -9.69137 -1.27589 40.4297
      vertex -11.9965 1.57937 40.4297
    endloop
  endfacet
  facet normal 0 0 1
    outer loop
      vertex -9.03092 -3.74073 40.4297
      vertex -9.44192 -2.52996 40.4297
      vertex -11.9965 1.57937 40.4297
    endloop
  endfacet
  facet normal 0 0 1
    outer loop
      vertex -3.74073 -9.03092 40.4297
      vertex -4.8875 -8.4654 40.4297
      vertex -1.57937 -11.9965 40.4297
    endloop
  endfacet
  facet normal 0 0 1
    outer loop
      vertex -9.69137 -1.27589 40.4297
      vertex -9.775 0 40.4297
      vertex -11.9965 1.57937 40.4297
    endloop
  endfacet
  facet normal 0 0 1
    outer loop
      vertex 6.91197 -6.91197 40.4297
      vertex 5.95064 -7.75503 40.4297
      vertex 8.55599 -8.55599 40.4297
    endloop
  endfacet
  facet normal 0 0 1
    outer loop
      vertex 5.95064 -7.75503 40.4297
      vertex 4.8875 -8.4654 40.4297
      vertex 7.36601 -9.59957 40.4297
    endloop
  endfacet
  facet normal 0 0 1
    outer loop
      vertex -1.27589 -9.69137 40.4297
      vertex -2.52996 -9.44192 40.4297
      vertex 0 -12.1 40.4297
    endloop
  endfacet
  facet normal 0 0 1
    outer loop
      vertex 2.52996 -9.44192 40.4297
      vertex 1.27589 -9.69137 40.4297
      vertex 4.63047 -11.1789 40.4297
    endloop
  endfacet
  facet normal 0 0 1
    outer loop
      vertex -9.775 0 40.4297
      vertex -9.69137 1.27589 40.4297
      vertex -11.9965 1.57937 40.4297
    endloop
  endfacet
  facet normal 0 0 -1
    outer loop
      vertex -15.225 0 0
      vertex -15.0947 1.98726 0
      vertex -15.0947 -1.98726 0
    endloop
  endfacet
  facet normal 0 0 -1
    outer loop
      vertex -15.0947 -1.98726 0
      vertex -15.0947 1.98726 0
      vertex -14.7062 3.94052 0
    endloop
  endfacet
  facet normal 0 0 -1
    outer loop
      vertex -15.0947 -1.98726 0
      vertex -14.7062 3.94052 0
      vertex -14.0661 5.82635 0
    endloop
  endfacet
  facet normal 0 0 -1
    outer loop
      vertex -15.0947 -1.98726 0
      vertex -14.0661 5.82635 0
      vertex -13.1852 7.6125 0
    endloop
  endfacet
  facet normal 0 0 -1
    outer loop
      vertex -15.0947 -1.98726 0
      vertex -13.1852 7.6125 0
      vertex -12.0788 9.26839 0
    endloop
  endfacet
  facet normal 0 0 -1
    outer loop
      vertex -15.0947 -1.98726 0
      vertex -12.0788 9.26839 0
      vertex -10.7657 10.7657 0
    endloop
  endfacet
  facet normal 0 0 -1
    outer loop
      vertex -15.0947 -1.98726 0
      vertex -10.7657 10.7657 0
      vertex -9.26839 12.0788 0
    endloop
  endfacet
  facet normal 0 0 -1
    outer loop
      vertex -11.1717 6.45 0
      vertex -9.26839 12.0788 0
      vertex -7.6125 13.1852 0
    endloop
  endfacet
  facet normal 0 0 -1
    outer loop
      vertex -9.12168 9.12168 0
      vertex -7.6125 13.1852 0
      vertex -5.82635 14.0661 0
    endloop
  endfacet
  facet normal 0 0 -1
    outer loop
      vertex -6.45 11.1717 0
      vertex -5.82635 14.0661 0
      vertex -3.94052 14.7062 0
    endloop
  endfacet
  facet normal 0 0 -1
    outer loop
      vertex -4.93662 11.918 0
      vertex -3.94052 14.7062 0
      vertex -1.98726 15.0947 0
    endloop
  endfacet
  facet normal 0 0 -1
    outer loop
      vertex -3.33877 12.4604 0
      vertex -1.98726 15.0947 0
      vertex 0 15.225 0
    endloop
  endfacet
  facet normal 0 0 -1
    outer loop
      vertex -1.68379 12.7896 0
      vertex 0 15.225 0
      vertex 1.98726 15.0947 0
    endloop
  endfacet
  facet normal 0 0 -1
    outer loop
      vertex 1.68379 12.7896 0
      vertex 1.98726 15.0947 0
      vertex 3.94052 14.7062 0
    endloop
  endfacet
  facet normal 0 0 -1
    outer loop
      vertex 3.33877 12.4604 0
      vertex 3.94052 14.7062 0
      vertex 5.82635 14.0661 0
    endloop
  endfacet
  facet normal 0 0 -1
    outer loop
      vertex 4.93662 11.918 0
      vertex 5.82635 14.0661 0
      vertex 7.6125 13.1852 0
    endloop
  endfacet
  facet normal 0 0 -1
    outer loop
      vertex 6.45 11.1717 0
      vertex 7.6125 13.1852 0
      vertex 9.26839 12.0788 0
    endloop
  endfacet
  facet normal 0 0 -1
    outer loop
      vertex 7.85302 10.2343 0
      vertex 9.26839 12.0788 0
      vertex 10.7657 10.7657 0
    endloop
  endfacet
  facet normal 0 0 -1
    outer loop
      vertex 9.12168 9.12168 0
      vertex 10.7657 10.7657 0
      vertex 12.0788 9.26839 0
    endloop
  endfacet
  facet normal 0 0 -1
    outer loop
      vertex 10.2343 7.85302 0
      vertex 12.0788 9.26839 0
      vertex 13.1852 7.6125 0
    endloop
  endfacet
  facet normal 0 0 -1
    outer loop
      vertex 11.1717 6.45 0
      vertex 13.1852 7.6125 0
      vertex 14.0661 5.82635 0
    endloop
  endfacet
  facet normal 0 0 -1
    outer loop
      vertex 11.918 4.93662 0
      vertex 14.0661 5.82635 0
      vertex 14.7062 3.94052 0
    endloop
  endfacet
  facet normal 0 0 -1
    outer loop
      vertex 12.7896 1.68379 0
      vertex 14.7062 3.94052 0
      vertex 15.0947 1.98726 0
    endloop
  endfacet
  facet normal 0 0 -1
    outer loop
      vertex 12.9 0 0
      vertex 15.0947 1.98726 0
      vertex 15.225 0 0
    endloop
  endfacet
  facet normal 0 0 -1
    outer loop
      vertex 12.7896 -1.68379 0
      vertex 15.225 0 0
      vertex 15.0947 -1.98726 0
    endloop
  endfacet
  facet normal 0 0 -1
    outer loop
      vertex 12.4604 -3.33877 0
      vertex 15.0947 -1.98726 0
      vertex 14.7062 -3.94052 0
    endloop
  endfacet
  facet normal 0 0 -1
    outer loop
      vertex 11.918 -4.93662 0
      vertex 14.7062 -3.94052 0
      vertex 14.0661 -5.82635 0
    endloop
  endfacet
  facet normal 0 0 -1
    outer loop
      vertex 11.1717 -6.45 0
      vertex 14.0661 -5.82635 0
      vertex 13.1852 -7.6125 0
    endloop
  endfacet
  facet normal 0 0 -1
    outer loop
      vertex 10.2343 -7.85302 0
      vertex 13.1852 -7.6125 0
      vertex 12.0788 -9.26839 0
    endloop
  endfacet
  facet normal 0 0 -1
    outer loop
      vertex 9.12168 -9.12168 0
      vertex 12.0788 -9.26839 0
      vertex 10.7657 -10.7657 0
    endloop
  endfacet
  facet normal 0 0 -1
    outer loop
      vertex 7.85302 -10.2343 0
      vertex 10.7657 -10.7657 0
      vertex 9.26839 -12.0788 0
    endloop
  endfacet
  facet normal 0 0 -1
    outer loop
      vertex 6.45 -11.1717 0
      vertex 9.26839 -12.0788 0
      vertex 7.6125 -13.1852 0
    endloop
  endfacet
  facet normal 0 0 -1
    outer loop
      vertex 3.33877 -12.4604 0
      vertex 7.6125 -13.1852 0
      vertex 5.82635 -14.0661 0
    endloop
  endfacet
  facet normal 0 0 -1
    outer loop
      vertex 1.68379 -12.7896 0
      vertex 5.82635 -14.0661 0
      vertex 3.94052 -14.7062 0
    endloop
  endfacet
  facet normal 0 0 -1
    outer loop
      vertex 0 -12.9 0
      vertex 3.94052 -14.7062 0
      vertex 1.98726 -15.0947 0
    endloop
  endfacet
  facet normal 0 0 -1
    outer loop
      vertex -1.68379 -12.7896 0
      vertex 1.98726 -15.0947 0
      vertex 0 -15.225 0
    endloop
  endfacet
  facet normal 0 0 -1
    outer loop
      vertex -4.93662 -11.918 0
      vertex 0 -15.225 0
      vertex -1.98726 -15.0947 0
    endloop
  endfacet
  facet normal 0 0 -1
    outer loop
      vertex -7.85302 -10.2343 0
      vertex -1.98726 -15.0947 0
      vertex -3.94052 -14.7062 0
    endloop
  endfacet
  facet normal 0 0 -1
    outer loop
      vertex -9.12168 -9.12168 0
      vertex -3.94052 -14.7062 0
      vertex -5.82635 -14.0661 0
    endloop
  endfacet
  facet normal 0 0 -1
    outer loop
      vertex -15.0947 -1.98726 0
      vertex -5.82635 -14.0661 0
      vertex -7.6125 -13.1852 0
    endloop
  endfacet
  facet normal 0 0 -1
    outer loop
      vertex -15.0947 -1.98726 0
      vertex -7.6125 -13.1852 0
      vertex -9.26839 -12.0788 0
    endloop
  endfacet
  facet normal 0 0 -1
    outer loop
      vertex -15.0947 -1.98726 0
      vertex -9.26839 -12.0788 0
      vertex -10.7657 -10.7657 0
    endloop
  endfacet
  facet normal 0 0 -1
    outer loop
      vertex -15.0947 -1.98726 0
      vertex -10.7657 -10.7657 0
      vertex -12.0788 -9.26839 0
    endloop
  endfacet
  facet normal 0 0 -1
    outer loop
      vertex -15.0947 -1.98726 0
      vertex -12.0788 -9.26839 0
      vertex -13.1852 -7.6125 0
    endloop
  endfacet
  facet normal 0 0 -1
    outer loop
      vertex -15.0947 -1.98726 0
      vertex -13.1852 -7.6125 0
      vertex -14.0661 -5.82635 0
    endloop
  endfacet
  facet normal 0 0 -1
    outer loop
      vertex -15.0947 -1.98726 0
      vertex -14.0661 -5.82635 0
      vertex -14.7062 -3.94052 0
    endloop
  endfacet
  facet normal 0 0 -1
    outer loop
      vertex -12.7896 -1.68379 0
      vertex -15.0947 -1.98726 0
      vertex -12.9 0 0
    endloop
  endfacet
  facet normal 0 0 -1
    outer loop
      vertex -12.4604 -3.33877 0
      vertex -15.0947 -1.98726 0
      vertex -12.7896 -1.68379 0
    endloop
  endfacet
  facet normal 0 0 -1
    outer loop
      vertex -11.918 -4.93662 0
      vertex -15.0947 -1.98726 0
      vertex -12.4604 -3.33877 0
    endloop
  endfacet
  facet normal 0 0 -1
    outer loop
      vertex -11.1717 -6.45 0
      vertex -15.0947 -1.98726 0
      vertex -11.918 -4.93662 0
    endloop
  endfacet
  facet normal 0 0 -1
    outer loop
      vertex -10.2343 -7.85302 0
      vertex -15.0947 -1.98726 0
      vertex -11.1717 -6.45 0
    endloop
  endfacet
  facet normal 0 0 -1
    outer loop
      vertex -7.85302 -10.2343 0
      vertex -3.94052 -14.7062 0
      vertex -9.12168 -9.12168 0
    endloop
  endfacet
  facet normal 0 0 -1
    outer loop
      vertex -15.0947 -1.98726 0
      vertex -10.2343 -7.85302 0
      vertex -5.82635 -14.0661 0
    endloop
  endfacet
  facet normal 0 0 -1
    outer loop
      vertex -10.2343 -7.85302 0
      vertex -9.12168 -9.12168 0
      vertex -5.82635 -14.0661 0
    endloop
  endfacet
  facet normal 0 0 -1
    outer loop
      vertex -6.45 -11.1717 0
      vertex -1.98726 -15.0947 0
      vertex -7.85302 -10.2343 0
    endloop
  endfacet
  facet normal 0 0 -1
    outer loop
      vertex -4.93662 -11.918 0
      vertex -1.98726 -15.0947 0
      vertex -6.45 -11.1717 0
    endloop
  endfacet
  facet normal 0 0 -1
    outer loop
      vertex -3.33877 -12.4604 0
      vertex 0 -15.225 0
      vertex -4.93662 -11.918 0
    endloop
  endfacet
  facet normal 0 0 -1
    outer loop
      vertex -1.68379 -12.7896 0
      vertex 0 -15.225 0
      vertex -3.33877 -12.4604 0
    endloop
  endfacet
  facet normal 0 0 -1
    outer loop
      vertex 4.93662 -11.918 0
      vertex 7.6125 -13.1852 0
      vertex 3.33877 -12.4604 0
    endloop
  endfacet
  facet normal 0 0 -1
    outer loop
      vertex 6.45 -11.1717 0
      vertex 7.6125 -13.1852 0
      vertex 4.93662 -11.918 0
    endloop
  endfacet
  facet normal 0 0 -1
    outer loop
      vertex 3.33877 -12.4604 0
      vertex 5.82635 -14.0661 0
      vertex 1.68379 -12.7896 0
    endloop
  endfacet
  facet normal 0 0 -1
    outer loop
      vertex 1.68379 -12.7896 0
      vertex 3.94052 -14.7062 0
      vertex 0 -12.9 0
    endloop
  endfacet
  facet normal 0 0 -1
    outer loop
      vertex 0 -12.9 0
      vertex 1.98726 -15.0947 0
      vertex -1.68379 -12.7896 0
    endloop
  endfacet
  facet normal 0 0 -1
    outer loop
      vertex 12.7896 1.68379 0
      vertex 15.0947 1.98726 0
      vertex 12.9 0 0
    endloop
  endfacet
  facet normal 0 0 -1
    outer loop
      vertex 12.4604 3.33877 0
      vertex 14.7062 3.94052 0
      vertex 12.7896 1.68379 0
    endloop
  endfacet
  facet normal 0 0 -1
    outer loop
      vertex 12.9 0 0
      vertex 15.225 0 0
      vertex 12.7896 -1.68379 0
    endloop
  endfacet
  facet normal 0 0 -1
    outer loop
      vertex 12.7896 -1.68379 0
      vertex 15.0947 -1.98726 0
      vertex 12.4604 -3.33877 0
    endloop
  endfacet
  facet normal 0 0 -1
    outer loop
      vertex 12.4604 -3.33877 0
      vertex 14.7062 -3.94052 0
      vertex 11.918 -4.93662 0
    endloop
  endfacet
  facet normal 0 0 -1
    outer loop
      vertex 11.918 -4.93662 0
      vertex 14.0661 -5.82635 0
      vertex 11.1717 -6.45 0
    endloop
  endfacet
  facet normal 0 0 -1
    outer loop
      vertex 11.1717 -6.45 0
      vertex 13.1852 -7.6125 0
      vertex 10.2343 -7.85302 0
    endloop
  endfacet
  facet normal 0 0 -1
    outer loop
      vertex 10.2343 -7.85302 0
      vertex 12.0788 -9.26839 0
      vertex 9.12168 -9.12168 0
    endloop
  endfacet
  facet normal 0 0 -1
    outer loop
      vertex 9.12168 -9.12168 0
      vertex 10.7657 -10.7657 0
      vertex 7.85302 -10.2343 0
    endloop
  endfacet
  facet normal 0 0 -1
    outer loop
      vertex 7.85302 -10.2343 0
      vertex 9.26839 -12.0788 0
      vertex 6.45 -11.1717 0
    endloop
  endfacet
  facet normal 0 0 -1
    outer loop
      vertex 0 12.9 0
      vertex 1.98726 15.0947 0
      vertex 1.68379 12.7896 0
    endloop
  endfacet
  facet normal 0 0 -1
    outer loop
      vertex -1.68379 12.7896 0
      vertex 1.98726 15.0947 0
      vertex 0 12.9 0
    endloop
  endfacet
  facet normal 0 0 -1
    outer loop
      vertex 1.68379 12.7896 0
      vertex 3.94052 14.7062 0
      vertex 3.33877 12.4604 0
    endloop
  endfacet
  facet normal 0 0 -1
    outer loop
      vertex 3.33877 12.4604 0
      vertex 5.82635 14.0661 0
      vertex 4.93662 11.918 0
    endloop
  endfacet
  facet normal 0 0 -1
    outer loop
      vertex 4.93662 11.918 0
      vertex 7.6125 13.1852 0
      vertex 6.45 11.1717 0
    endloop
  endfacet
  facet normal 0 0 -1
    outer loop
      vertex -7.85302 10.2343 0
      vertex -5.82635 14.0661 0
      vertex -6.45 11.1717 0
    endloop
  endfacet
  facet normal 0 0 -1
    outer loop
      vertex -10.2343 7.85302 0
      vertex -7.6125 13.1852 0
      vertex -9.12168 9.12168 0
    endloop
  endfacet
  facet normal 0 0 -1
    outer loop
      vertex -11.1717 6.45 0
      vertex -7.6125 13.1852 0
      vertex -10.2343 7.85302 0
    endloop
  endfacet
  facet normal 0 0 -1
    outer loop
      vertex -11.918 4.93662 0
      vertex -9.26839 12.0788 0
      vertex -11.1717 6.45 0
    endloop
  endfacet
  facet normal 0 0 -1
    outer loop
      vertex -12.4604 3.33877 0
      vertex -15.0947 -1.98726 0
      vertex -11.918 4.93662 0
    endloop
  endfacet
  facet normal 0 0 -1
    outer loop
      vertex -15.0947 -1.98726 0
      vertex -9.26839 12.0788 0
      vertex -11.918 4.93662 0
    endloop
  endfacet
  facet normal 0 0 -1
    outer loop
      vertex -12.7896 1.68379 0
      vertex -15.0947 -1.98726 0
      vertex -12.4604 3.33877 0
    endloop
  endfacet
  facet normal 0 0 -1
    outer loop
      vertex 6.45 11.1717 0
      vertex 9.26839 12.0788 0
      vertex 7.85302 10.2343 0
    endloop
  endfacet
  facet normal 0 0 -1
    outer loop
      vertex -12.9 0 0
      vertex -15.0947 -1.98726 0
      vertex -12.7896 1.68379 0
    endloop
  endfacet
  facet normal 0 0 -1
    outer loop
      vertex -9.12168 9.12168 0
      vertex -5.82635 14.0661 0
      vertex -7.85302 10.2343 0
    endloop
  endfacet
  facet normal 0 0 -1
    outer loop
      vertex -6.45 11.1717 0
      vertex -3.94052 14.7062 0
      vertex -4.93662 11.918 0
    endloop
  endfacet
  facet normal 0 0 -1
    outer loop
      vertex -4.93662 11.918 0
      vertex -1.98726 15.0947 0
      vertex -3.33877 12.4604 0
    endloop
  endfacet
  facet normal 0 0 -1
    outer loop
      vertex -3.33877 12.4604 0
      vertex 0 15.225 0
      vertex -1.68379 12.7896 0
    endloop
  endfacet
  facet normal 0 0 -1
    outer loop
      vertex 7.85302 10.2343 0
      vertex 10.7657 10.7657 0
      vertex 9.12168 9.12168 0
    endloop
  endfacet
  facet normal 0 0 -1
    outer loop
      vertex 9.12168 9.12168 0
      vertex 12.0788 9.26839 0
      vertex 10.2343 7.85302 0
    endloop
  endfacet
  facet normal 0 0 -1
    outer loop
      vertex 10.2343 7.85302 0
      vertex 13.1852 7.6125 0
      vertex 11.1717 6.45 0
    endloop
  endfacet
  facet normal 0 0 -1
    outer loop
      vertex 11.1717 6.45 0
      vertex 14.0661 5.82635 0
      vertex 11.918 4.93662 0
    endloop
  endfacet
  facet normal 0 0 -1
    outer loop
      vertex 11.918 4.93662 0
      vertex 14.7062 3.94052 0
      vertex 12.4604 3.33877 0
    endloop
  endfacet
  facet normal -0.997859 0.0654031 0
    outer loop
      vertex -15.225 0 0
      vertex -15.225 0 34.1797
      vertex -15.0947 1.98726 0
    endloop
  endfacet
  facet normal -0.997859 0.0654031 0
    outer loop
      vertex -15.0947 1.98726 0
      vertex -15.225 0 34.1797
      vertex -15.0947 1.98726 34.1797
    endloop
  endfacet
  facet normal -0.997859 -0.0654031 0
    outer loop
      vertex -15.225 0 0
      vertex -15.0947 -1.98726 0
      vertex -15.225 0 34.1797
    endloop
  endfacet
  facet normal -0.997859 -0.0654031 0
    outer loop
      vertex -15.225 0 34.1797
      vertex -15.0947 -1.98726 0
      vertex -15.0947 -1.98726 34.1797
    endloop
  endfacet
  facet normal -0.980785 -0.19509 0
    outer loop
      vertex -15.0947 -1.98726 0
      vertex -14.7062 -3.94052 0
      vertex -15.0947 -1.98726 34.1797
    endloop
  endfacet
  facet normal -0.980785 -0.19509 0
    outer loop
      vertex -15.0947 -1.98726 34.1797
      vertex -14.7062 -3.94052 0
      vertex -14.7062 -3.94052 34.1797
    endloop
  endfacet
  facet normal -0.94693 -0.32144 0
    outer loop
      vertex -14.7062 -3.94052 0
      vertex -14.0661 -5.82635 0
      vertex -14.7062 -3.94052 34.1797
    endloop
  endfacet
  facet normal -0.94693 -0.32144 0
    outer loop
      vertex -14.7062 -3.94052 34.1797
      vertex -14.0661 -5.82635 0
      vertex -14.0661 -5.82635 34.1797
    endloop
  endfacet
  facet normal -0.896873 -0.442289 0
    outer loop
      vertex -14.0661 -5.82635 0
      vertex -13.1852 -7.6125 0
      vertex -14.0661 -5.82635 34.1797
    endloop
  endfacet
  facet normal -0.896873 -0.442289 0
    outer loop
      vertex -14.0661 -5.82635 34.1797
      vertex -13.1852 -7.6125 0
      vertex -13.1852 -7.6125 34.1797
    endloop
  endfacet
  facet normal -0.83147 -0.55557 0
    outer loop
      vertex -13.1852 -7.6125 0
      vertex -12.0788 -9.26839 0
      vertex -13.1852 -7.6125 34.1797
    endloop
  endfacet
  facet normal -0.83147 -0.55557 0
    outer loop
      vertex -13.1852 -7.6125 34.1797
      vertex -12.0788 -9.26839 0
      vertex -12.0788 -9.26839 34.1797
    endloop
  endfacet
  facet normal -0.75184 -0.659346 0
    outer loop
      vertex -12.0788 -9.26839 0
      vertex -10.7657 -10.7657 0
      vertex -12.0788 -9.26839 34.1797
    endloop
  endfacet
  facet normal -0.75184 -0.659346 0
    outer loop
      vertex -12.0788 -9.26839 34.1797
      vertex -10.7657 -10.7657 0
      vertex -10.7657 -10.7657 34.1797
    endloop
  endfacet
  facet normal -0.659346 -0.75184 0
    outer loop
      vertex -10.7657 -10.7657 34.1797
      vertex -10.7657 -10.7657 0
      vertex -9.26839 -12.0788 0
    endloop
  endfacet
  facet normal -0.659346 -0.75184 0
    outer loop
      vertex -9.26839 -12.0788 34.1797
      vertex -10.7657 -10.7657 34.1797
      vertex -9.26839 -12.0788 0
    endloop
  endfacet
  facet normal -0.55557 -0.83147 0
    outer loop
      vertex -9.26839 -12.0788 34.1797
      vertex -9.26839 -12.0788 0
      vertex -7.6125 -13.1852 0
    endloop
  endfacet
  facet normal -0.55557 -0.83147 0
    outer loop
      vertex -7.6125 -13.1852 34.1797
      vertex -9.26839 -12.0788 34.1797
      vertex -7.6125 -13.1852 0
    endloop
  endfacet
  facet normal -0.442289 -0.896873 0
    outer loop
      vertex -7.6125 -13.1852 34.1797
      vertex -7.6125 -13.1852 0
      vertex -5.82635 -14.0661 0
    endloop
  endfacet
  facet normal -0.442289 -0.896873 0
    outer loop
      vertex -5.82635 -14.0661 34.1797
      vertex -7.6125 -13.1852 34.1797
      vertex -5.82635 -14.0661 0
    endloop
  endfacet
  facet normal -0.32144 -0.94693 0
    outer loop
      vertex -5.82635 -14.0661 34.1797
      vertex -5.82635 -14.0661 0
      vertex -3.94052 -14.7062 0
    endloop
  endfacet
  facet normal -0.32144 -0.94693 0
    outer loop
      vertex -3.94052 -14.7062 34.1797
      vertex -5.82635 -14.0661 34.1797
      vertex -3.94052 -14.7062 0
    endloop
  endfacet
  facet normal -0.19509 -0.980785 0
    outer loop
      vertex -3.94052 -14.7062 34.1797
      vertex -3.94052 -14.7062 0
      vertex -1.98726 -15.0947 0
    endloop
  endfacet
  facet normal -0.19509 -0.980785 0
    outer loop
      vertex -1.98726 -15.0947 34.1797
      vertex -3.94052 -14.7062 34.1797
      vertex -1.98726 -15.0947 0
    endloop
  endfacet
  facet normal -0.0654031 -0.997859 0
    outer loop
      vertex -1.98726 -15.0947 34.1797
      vertex -1.98726 -15.0947 0
      vertex 0 -15.225 0
    endloop
  endfacet
  facet normal -0.0654031 -0.997859 0
    outer loop
      vertex 0 -15.225 34.1797
      vertex -1.98726 -15.0947 34.1797
      vertex 0 -15.225 0
    endloop
  endfacet
  facet normal 0.0654031 -0.997859 0
    outer loop
      vertex 0 -15.225 34.1797
      vertex 0 -15.225 0
      vertex 1.98726 -15.0947 0
    endloop
  endfacet
  facet normal 0.0654031 -0.997859 0
    outer loop
      vertex 1.98726 -15.0947 34.1797
      vertex 0 -15.225 34.1797
      vertex 1.98726 -15.0947 0
    endloop
  endfacet
  facet normal 0.19509 -0.980785 0
    outer loop
      vertex 1.98726 -15.0947 34.1797
      vertex 1.98726 -15.0947 0
      vertex 3.94052 -14.7062 0
    endloop
  endfacet
  facet normal 0.19509 -0.980785 0
    outer loop
      vertex 3.94052 -14.7062 34.1797
      vertex 1.98726 -15.0947 34.1797
      vertex 3.94052 -14.7062 0
    endloop
  endfacet
  facet normal 0.32144 -0.94693 0
    outer loop
      vertex 3.94052 -14.7062 34.1797
      vertex 3.94052 -14.7062 0
      vertex 5.82635 -14.0661 0
    endloop
  endfacet
  facet normal 0.32144 -0.94693 0
    outer loop
      vertex 5.82635 -14.0661 34.1797
      vertex 3.94052 -14.7062 34.1797
      vertex 5.82635 -14.0661 0
    endloop
  endfacet
  facet normal 0.442289 -0.896873 0
    outer loop
      vertex 5.82635 -14.0661 34.1797
      vertex 5.82635 -14.0661 0
      vertex 7.6125 -13.1852 0
    endloop
  endfacet
  facet normal 0.442289 -0.896873 0
    outer loop
      vertex 7.6125 -13.1852 34.1797
      vertex 5.82635 -14.0661 34.1797
      vertex 7.6125 -13.1852 0
    endloop
  endfacet
  facet normal 0.55557 -0.83147 0
    outer loop
      vertex 7.6125 -13.1852 34.1797
      vertex 7.6125 -13.1852 0
      vertex 9.26839 -12.0788 0
    endloop
  endfacet
  facet normal 0.55557 -0.83147 0
    outer loop
      vertex 9.26839 -12.0788 34.1797
      vertex 7.6125 -13.1852 34.1797
      vertex 9.26839 -12.0788 0
    endloop
  endfacet
  facet normal 0.659346 -0.75184 0
    outer loop
      vertex 9.26839 -12.0788 34.1797
      vertex 9.26839 -12.0788 0
      vertex 10.7657 -10.7657 0
    endloop
  endfacet
  facet normal 0.659346 -0.75184 0
    outer loop
      vertex 10.7657 -10.7657 34.1797
      vertex 9.26839 -12.0788 34.1797
      vertex 10.7657 -10.7657 0
    endloop
  endfacet
  facet normal 0.75184 -0.659346 0
    outer loop
      vertex 10.7657 -10.7657 34.1797
      vertex 10.7657 -10.7657 0
      vertex 12.0788 -9.26839 0
    endloop
  endfacet
  facet normal 0.75184 -0.659346 0
    outer loop
      vertex 12.0788 -9.26839 34.1797
      vertex 10.7657 -10.7657 34.1797
      vertex 12.0788 -9.26839 0
    endloop
  endfacet
  facet normal 0.83147 -0.55557 0
    outer loop
      vertex 12.0788 -9.26839 34.1797
      vertex 12.0788 -9.26839 0
      vertex 13.1852 -7.6125 0
    endloop
  endfacet
  facet normal 0.83147 -0.55557 0
    outer loop
      vertex 13.1852 -7.6125 34.1797
      vertex 12.0788 -9.26839 34.1797
      vertex 13.1852 -7.6125 0
    endloop
  endfacet
  facet normal 0.896873 -0.442289 0
    outer loop
      vertex 13.1852 -7.6125 34.1797
      vertex 13.1852 -7.6125 0
      vertex 14.0661 -5.82635 0
    endloop
  endfacet
  facet normal 0.896873 -0.442289 0
    outer loop
      vertex 14.0661 -5.82635 34.1797
      vertex 13.1852 -7.6125 34.1797
      vertex 14.0661 -5.82635 0
    endloop
  endfacet
  facet normal 0.94693 -0.32144 0
    outer loop
      vertex 14.0661 -5.82635 34.1797
      vertex 14.0661 -5.82635 0
      vertex 14.7062 -3.94052 0
    endloop
  endfacet
  facet normal 0.94693 -0.32144 0
    outer loop
      vertex 14.7062 -3.94052 34.1797
      vertex 14.0661 -5.82635 34.1797
      vertex 14.7062 -3.94052 0
    endloop
  endfacet
  facet normal 0.980785 -0.19509 0
    outer loop
      vertex 14.7062 -3.94052 34.1797
      vertex 14.7062 -3.94052 0
      vertex 15.0947 -1.98726 0
    endloop
  endfacet
  facet normal 0.980785 -0.19509 0
    outer loop
      vertex 15.0947 -1.98726 34.1797
      vertex 14.7062 -3.94052 34.1797
      vertex 15.0947 -1.98726 0
    endloop
  endfacet
  facet normal 0.997859 -0.0654031 0
    outer loop
      vertex 15.0947 -1.98726 34.1797
      vertex 15.0947 -1.98726 0
      vertex 15.225 0 0
    endloop
  endfacet
  facet normal 0.997859 -0.0654031 0
    outer loop
      vertex 15.225 0 34.1797
      vertex 15.0947 -1.98726 34.1797
      vertex 15.225 0 0
    endloop
  endfacet
  facet normal 0.997859 0.0654031 0
    outer loop
      vertex 15.225 0 0
      vertex 15.0947 1.98726 0
      vertex 15.0947 1.98726 34.1797
    endloop
  endfacet
  facet normal 0.997859 0.0654031 0
    outer loop
      vertex 15.225 0 34.1797
      vertex 15.225 0 0
      vertex 15.0947 1.98726 34.1797
    endloop
  endfacet
  facet normal 0.980785 0.19509 0
    outer loop
      vertex 15.0947 1.98726 0
      vertex 14.7062 3.94052 0
      vertex 14.7062 3.94052 34.1797
    endloop
  endfacet
  facet normal 0.980785 0.19509 0
    outer loop
      vertex 15.0947 1.98726 34.1797
      vertex 15.0947 1.98726 0
      vertex 14.7062 3.94052 34.1797
    endloop
  endfacet
  facet normal 0.94693 0.32144 0
    outer loop
      vertex 14.7062 3.94052 0
      vertex 14.0661 5.82635 0
      vertex 14.0661 5.82635 34.1797
    endloop
  endfacet
  facet normal 0.94693 0.32144 0
    outer loop
      vertex 14.7062 3.94052 34.1797
      vertex 14.7062 3.94052 0
      vertex 14.0661 5.82635 34.1797
    endloop
  endfacet
  facet normal 0.896873 0.442289 0
    outer loop
      vertex 14.0661 5.82635 0
      vertex 13.1852 7.6125 0
      vertex 13.1852 7.6125 34.1797
    endloop
  endfacet
  facet normal 0.896873 0.442289 0
    outer loop
      vertex 14.0661 5.82635 34.1797
      vertex 14.0661 5.82635 0
      vertex 13.1852 7.6125 34.1797
    endloop
  endfacet
  facet normal 0.83147 0.55557 0
    outer loop
      vertex 13.1852 7.6125 0
      vertex 12.0788 9.26839 0
      vertex 12.0788 9.26839 34.1797
    endloop
  endfacet
  facet normal 0.83147 0.55557 0
    outer loop
      vertex 13.1852 7.6125 34.1797
      vertex 13.1852 7.6125 0
      vertex 12.0788 9.26839 34.1797
    endloop
  endfacet
  facet normal 0.75184 0.659346 0
    outer loop
      vertex 12.0788 9.26839 0
      vertex 10.7657 10.7657 0
      vertex 10.7657 10.7657 34.1797
    endloop
  endfacet
  facet normal 0.75184 0.659346 0
    outer loop
      vertex 12.0788 9.26839 34.1797
      vertex 12.0788 9.26839 0
      vertex 10.7657 10.7657 34.1797
    endloop
  endfacet
  facet normal 0.659346 0.75184 0
    outer loop
      vertex 9.26839 12.0788 0
      vertex 9.26839 12.0788 34.1797
      vertex 10.7657 10.7657 0
    endloop
  endfacet
  facet normal 0.659346 0.75184 0
    outer loop
      vertex 10.7657 10.7657 0
      vertex 9.26839 12.0788 34.1797
      vertex 10.7657 10.7657 34.1797
    endloop
  endfacet
  facet normal 0.55557 0.83147 0
    outer loop
      vertex 7.6125 13.1852 0
      vertex 7.6125 13.1852 34.1797
      vertex 9.26839 12.0788 0
    endloop
  endfacet
  facet normal 0.55557 0.83147 0
    outer loop
      vertex 9.26839 12.0788 0
      vertex 7.6125 13.1852 34.1797
      vertex 9.26839 12.0788 34.1797
    endloop
  endfacet
  facet normal 0.442289 0.896873 0
    outer loop
      vertex 5.82635 14.0661 0
      vertex 5.82635 14.0661 34.1797
      vertex 7.6125 13.1852 0
    endloop
  endfacet
  facet normal 0.442289 0.896873 0
    outer loop
      vertex 7.6125 13.1852 0
      vertex 5.82635 14.0661 34.1797
      vertex 7.6125 13.1852 34.1797
    endloop
  endfacet
  facet normal 0.32144 0.94693 0
    outer loop
      vertex 3.94052 14.7062 0
      vertex 3.94052 14.7062 34.1797
      vertex 5.82635 14.0661 0
    endloop
  endfacet
  facet normal 0.32144 0.94693 0
    outer loop
      vertex 5.82635 14.0661 0
      vertex 3.94052 14.7062 34.1797
      vertex 5.82635 14.0661 34.1797
    endloop
  endfacet
  facet normal 0.19509 0.980785 0
    outer loop
      vertex 1.98726 15.0947 0
      vertex 1.98726 15.0947 34.1797
      vertex 3.94052 14.7062 0
    endloop
  endfacet
  facet normal 0.19509 0.980785 0
    outer loop
      vertex 3.94052 14.7062 0
      vertex 1.98726 15.0947 34.1797
      vertex 3.94052 14.7062 34.1797
    endloop
  endfacet
  facet normal 0.0654031 0.997859 0
    outer loop
      vertex 0 15.225 0
      vertex 0 15.225 34.1797
      vertex 1.98726 15.0947 0
    endloop
  endfacet
  facet normal 0.0654031 0.997859 0
    outer loop
      vertex 1.98726 15.0947 0
      vertex 0 15.225 34.1797
      vertex 1.98726 15.0947 34.1797
    endloop
  endfacet
  facet normal -0.0654031 0.997859 0
    outer loop
      vertex -1.98726 15.0947 0
      vertex -1.98726 15.0947 34.1797
      vertex 0 15.225 0
    endloop
  endfacet
  facet normal -0.0654031 0.997859 0
    outer loop
      vertex 0 15.225 0
      vertex -1.98726 15.0947 34.1797
      vertex 0 15.225 34.1797
    endloop
  endfacet
  facet normal -0.19509 0.980785 0
    outer loop
      vertex -3.94052 14.7062 0
      vertex -3.94052 14.7062 34.1797
      vertex -1.98726 15.0947 0
    endloop
  endfacet
  facet normal -0.19509 0.980785 0
    outer loop
      vertex -1.98726 15.0947 0
      vertex -3.94052 14.7062 34.1797
      vertex -1.98726 15.0947 34.1797
    endloop
  endfacet
  facet normal -0.32144 0.94693 0
    outer loop
      vertex -5.82635 14.0661 0
      vertex -5.82635 14.0661 34.1797
      vertex -3.94052 14.7062 0
    endloop
  endfacet
  facet normal -0.32144 0.94693 0
    outer loop
      vertex -3.94052 14.7062 0
      vertex -5.82635 14.0661 34.1797
      vertex -3.94052 14.7062 34.1797
    endloop
  endfacet
  facet normal -0.442289 0.896873 0
    outer loop
      vertex -7.6125 13.1852 0
      vertex -7.6125 13.1852 34.1797
      vertex -5.82635 14.0661 0
    endloop
  endfacet
  facet normal -0.442289 0.896873 0
    outer loop
      vertex -5.82635 14.0661 0
      vertex -7.6125 13.1852 34.1797
      vertex -5.82635 14.0661 34.1797
    endloop
  endfacet
  facet normal -0.55557 0.83147 0
    outer loop
      vertex -9.26839 12.0788 0
      vertex -9.26839 12.0788 34.1797
      vertex -7.6125 13.1852 0
    endloop
  endfacet
  facet normal -0.55557 0.83147 0
    outer loop
      vertex -7.6125 13.1852 0
      vertex -9.26839 12.0788 34.1797
      vertex -7.6125 13.1852 34.1797
    endloop
  endfacet
  facet normal -0.659346 0.75184 0
    outer loop
      vertex -10.7657 10.7657 0
      vertex -10.7657 10.7657 34.1797
      vertex -9.26839 12.0788 0
    endloop
  endfacet
  facet normal -0.659346 0.75184 0
    outer loop
      vertex -9.26839 12.0788 0
      vertex -10.7657 10.7657 34.1797
      vertex -9.26839 12.0788 34.1797
    endloop
  endfacet
  facet normal -0.75184 0.659346 0
    outer loop
      vertex -12.0788 9.26839 0
      vertex -12.0788 9.26839 34.1797
      vertex -10.7657 10.7657 0
    endloop
  endfacet
  facet normal -0.75184 0.659346 0
    outer loop
      vertex -10.7657 10.7657 0
      vertex -12.0788 9.26839 34.1797
      vertex -10.7657 10.7657 34.1797
    endloop
  endfacet
  facet normal -0.83147 0.55557 0
    outer loop
      vertex -13.1852 7.6125 0
      vertex -13.1852 7.6125 34.1797
      vertex -12.0788 9.26839 0
    endloop
  endfacet
  facet normal -0.83147 0.55557 0
    outer loop
      vertex -12.0788 9.26839 0
      vertex -13.1852 7.6125 34.1797
      vertex -12.0788 9.26839 34.1797
    endloop
  endfacet
  facet normal -0.896873 0.442289 0
    outer loop
      vertex -14.0661 5.82635 0
      vertex -14.0661 5.82635 34.1797
      vertex -13.1852 7.6125 0
    endloop
  endfacet
  facet normal -0.896873 0.442289 0
    outer loop
      vertex -13.1852 7.6125 0
      vertex -14.0661 5.82635 34.1797
      vertex -13.1852 7.6125 34.1797
    endloop
  endfacet
  facet normal -0.94693 0.32144 0
    outer loop
      vertex -14.7062 3.94052 0
      vertex -14.7062 3.94052 34.1797
      vertex -14.0661 5.82635 0
    endloop
  endfacet
  facet normal -0.94693 0.32144 0
    outer loop
      vertex -14.0661 5.82635 0
      vertex -14.7062 3.94052 34.1797
      vertex -14.0661 5.82635 34.1797
    endloop
  endfacet
  facet normal -0.980785 0.19509 0
    outer loop
      vertex -15.0947 1.98726 0
      vertex -15.0947 1.98726 34.1797
      vertex -14.7062 3.94052 0
    endloop
  endfacet
  facet normal -0.980785 0.19509 0
    outer loop
      vertex -14.7062 3.94052 0
      vertex -15.0947 1.98726 34.1797
      vertex -14.7062 3.94052 34.1797
    endloop
  endfacet
  facet normal 0.997859 -0.065403 0
    outer loop
      vertex -12.7896 1.68379 0
      vertex -12.7896 1.68379 34.1797
      vertex -12.9 0 34.1797
    endloop
  endfacet
  facet normal 0.997859 -0.065403 0
    outer loop
      vertex -12.9 0 0
      vertex -12.7896 1.68379 0
      vertex -12.9 0 34.1797
    endloop
  endfacet
  facet normal 0.997859 0.065403 0
    outer loop
      vertex -12.9 0 34.1797
      vertex -12.7896 -1.68379 34.1797
      vertex -12.7896 -1.68379 0
    endloop
  endfacet
  facet normal 0.997859 0.065403 0
    outer loop
      vertex -12.9 0 0
      vertex -12.9 0 34.1797
      vertex -12.7896 -1.68379 0
    endloop
  endfacet
  facet normal 0.980785 -0.195091 0
    outer loop
      vertex -12.4604 3.33877 0
      vertex -12.4604 3.33877 34.1797
      vertex -12.7896 1.68379 34.1797
    endloop
  endfacet
  facet normal 0.980785 -0.195091 0
    outer loop
      vertex -12.7896 1.68379 0
      vertex -12.4604 3.33877 0
      vertex -12.7896 1.68379 34.1797
    endloop
  endfacet
  facet normal 0.94693 -0.321439 0
    outer loop
      vertex -11.918 4.93662 0
      vertex -11.918 4.93662 34.1797
      vertex -12.4604 3.33877 34.1797
    endloop
  endfacet
  facet normal 0.94693 -0.321439 0
    outer loop
      vertex -12.4604 3.33877 0
      vertex -11.918 4.93662 0
      vertex -12.4604 3.33877 34.1797
    endloop
  endfacet
  facet normal 0.896873 -0.442289 0
    outer loop
      vertex -11.1717 6.45 0
      vertex -11.1717 6.45 34.1797
      vertex -11.918 4.93662 34.1797
    endloop
  endfacet
  facet normal 0.896873 -0.442289 0
    outer loop
      vertex -11.918 4.93662 0
      vertex -11.1717 6.45 0
      vertex -11.918 4.93662 34.1797
    endloop
  endfacet
  facet normal 0.831469 -0.555571 0
    outer loop
      vertex -10.2343 7.85302 0
      vertex -10.2343 7.85302 34.1797
      vertex -11.1717 6.45 34.1797
    endloop
  endfacet
  facet normal 0.831469 -0.555571 0
    outer loop
      vertex -11.1717 6.45 0
      vertex -10.2343 7.85302 0
      vertex -11.1717 6.45 34.1797
    endloop
  endfacet
  facet normal 0.75184 -0.659346 0
    outer loop
      vertex -9.12168 9.12168 0
      vertex -9.12168 9.12168 34.1797
      vertex -10.2343 7.85302 34.1797
    endloop
  endfacet
  facet normal 0.75184 -0.659346 0
    outer loop
      vertex -10.2343 7.85302 0
      vertex -9.12168 9.12168 0
      vertex -10.2343 7.85302 34.1797
    endloop
  endfacet
  facet normal 0.659346 -0.75184 0
    outer loop
      vertex -7.85302 10.2343 0
      vertex -7.85302 10.2343 34.1797
      vertex -9.12168 9.12168 34.1797
    endloop
  endfacet
  facet normal 0.659346 -0.75184 0
    outer loop
      vertex -9.12168 9.12168 0
      vertex -7.85302 10.2343 0
      vertex -9.12168 9.12168 34.1797
    endloop
  endfacet
  facet normal 0.555571 -0.831469 0
    outer loop
      vertex -6.45 11.1717 0
      vertex -6.45 11.1717 34.1797
      vertex -7.85302 10.2343 34.1797
    endloop
  endfacet
  facet normal 0.555571 -0.831469 0
    outer loop
      vertex -7.85302 10.2343 0
      vertex -6.45 11.1717 0
      vertex -7.85302 10.2343 34.1797
    endloop
  endfacet
  facet normal 0.442289 -0.896873 0
    outer loop
      vertex -4.93662 11.918 0
      vertex -4.93662 11.918 34.1797
      vertex -6.45 11.1717 34.1797
    endloop
  endfacet
  facet normal 0.442289 -0.896873 0
    outer loop
      vertex -6.45 11.1717 0
      vertex -4.93662 11.918 0
      vertex -6.45 11.1717 34.1797
    endloop
  endfacet
  facet normal 0.321439 -0.94693 0
    outer loop
      vertex -3.33877 12.4604 0
      vertex -3.33877 12.4604 34.1797
      vertex -4.93662 11.918 34.1797
    endloop
  endfacet
  facet normal 0.321439 -0.94693 0
    outer loop
      vertex -4.93662 11.918 0
      vertex -3.33877 12.4604 0
      vertex -4.93662 11.918 34.1797
    endloop
  endfacet
  facet normal 0.195091 -0.980785 0
    outer loop
      vertex -1.68379 12.7896 0
      vertex -1.68379 12.7896 34.1797
      vertex -3.33877 12.4604 34.1797
    endloop
  endfacet
  facet normal 0.195091 -0.980785 0
    outer loop
      vertex -3.33877 12.4604 0
      vertex -1.68379 12.7896 0
      vertex -3.33877 12.4604 34.1797
    endloop
  endfacet
  facet normal 0.065403 -0.997859 0
    outer loop
      vertex 0 12.9 0
      vertex 0 12.9 34.1797
      vertex -1.68379 12.7896 34.1797
    endloop
  endfacet
  facet normal 0.065403 -0.997859 0
    outer loop
      vertex -1.68379 12.7896 0
      vertex 0 12.9 0
      vertex -1.68379 12.7896 34.1797
    endloop
  endfacet
  facet normal -0.065403 -0.997859 0
    outer loop
      vertex 1.68379 12.7896 0
      vertex 1.68379 12.7896 34.1797
      vertex 0 12.9 34.1797
    endloop
  endfacet
  facet normal -0.065403 -0.997859 0
    outer loop
      vertex 0 12.9 0
      vertex 1.68379 12.7896 0
      vertex 0 12.9 34.1797
    endloop
  endfacet
  facet normal -0.195091 -0.980785 0
    outer loop
      vertex 3.33877 12.4604 0
      vertex 3.33877 12.4604 34.1797
      vertex 1.68379 12.7896 34.1797
    endloop
  endfacet
  facet normal -0.195091 -0.980785 0
    outer loop
      vertex 1.68379 12.7896 0
      vertex 3.33877 12.4604 0
      vertex 1.68379 12.7896 34.1797
    endloop
  endfacet
  facet normal -0.321439 -0.94693 0
    outer loop
      vertex 4.93662 11.918 0
      vertex 4.93662 11.918 34.1797
      vertex 3.33877 12.4604 34.1797
    endloop
  endfacet
  facet normal -0.321439 -0.94693 0
    outer loop
      vertex 3.33877 12.4604 0
      vertex 4.93662 11.918 0
      vertex 3.33877 12.4604 34.1797
    endloop
  endfacet
  facet normal -0.442289 -0.896873 0
    outer loop
      vertex 6.45 11.1717 0
      vertex 6.45 11.1717 34.1797
      vertex 4.93662 11.918 34.1797
    endloop
  endfacet
  facet normal -0.442289 -0.896873 0
    outer loop
      vertex 4.93662 11.918 0
      vertex 6.45 11.1717 0
      vertex 4.93662 11.918 34.1797
    endloop
  endfacet
  facet normal -0.555571 -0.831469 0
    outer loop
      vertex 7.85302 10.2343 0
      vertex 7.85302 10.2343 34.1797
      vertex 6.45 11.1717 34.1797
    endloop
  endfacet
  facet normal -0.555571 -0.831469 0
    outer loop
      vertex 6.45 11.1717 0
      vertex 7.85302 10.2343 0
      vertex 6.45 11.1717 34.1797
    endloop
  endfacet
  facet normal -0.659346 -0.75184 0
    outer loop
      vertex 9.12168 9.12168 0
      vertex 9.12168 9.12168 34.1797
      vertex 7.85302 10.2343 34.1797
    endloop
  endfacet
  facet normal -0.659346 -0.75184 0
    outer loop
      vertex 7.85302 10.2343 0
      vertex 9.12168 9.12168 0
      vertex 7.85302 10.2343 34.1797
    endloop
  endfacet
  facet normal -0.75184 -0.659346 0
    outer loop
      vertex 10.2343 7.85302 34.1797
      vertex 9.12168 9.12168 34.1797
      vertex 10.2343 7.85302 0
    endloop
  endfacet
  facet normal -0.75184 -0.659346 0
    outer loop
      vertex 10.2343 7.85302 0
      vertex 9.12168 9.12168 34.1797
      vertex 9.12168 9.12168 0
    endloop
  endfacet
  facet normal -0.831469 -0.555571 0
    outer loop
      vertex 11.1717 6.45 34.1797
      vertex 10.2343 7.85302 34.1797
      vertex 11.1717 6.45 0
    endloop
  endfacet
  facet normal -0.831469 -0.555571 0
    outer loop
      vertex 11.1717 6.45 0
      vertex 10.2343 7.85302 34.1797
      vertex 10.2343 7.85302 0
    endloop
  endfacet
  facet normal -0.896873 -0.442289 0
    outer loop
      vertex 11.918 4.93662 34.1797
      vertex 11.1717 6.45 34.1797
      vertex 11.918 4.93662 0
    endloop
  endfacet
  facet normal -0.896873 -0.442289 0
    outer loop
      vertex 11.918 4.93662 0
      vertex 11.1717 6.45 34.1797
      vertex 11.1717 6.45 0
    endloop
  endfacet
  facet normal -0.94693 -0.321439 0
    outer loop
      vertex 12.4604 3.33877 34.1797
      vertex 11.918 4.93662 34.1797
      vertex 12.4604 3.33877 0
    endloop
  endfacet
  facet normal -0.94693 -0.321439 0
    outer loop
      vertex 12.4604 3.33877 0
      vertex 11.918 4.93662 34.1797
      vertex 11.918 4.93662 0
    endloop
  endfacet
  facet normal -0.980785 -0.195091 0
    outer loop
      vertex 12.7896 1.68379 34.1797
      vertex 12.4604 3.33877 34.1797
      vertex 12.7896 1.68379 0
    endloop
  endfacet
  facet normal -0.980785 -0.195091 0
    outer loop
      vertex 12.7896 1.68379 0
      vertex 12.4604 3.33877 34.1797
      vertex 12.4604 3.33877 0
    endloop
  endfacet
  facet normal -0.997859 -0.065403 0
    outer loop
      vertex 12.9 0 34.1797
      vertex 12.7896 1.68379 34.1797
      vertex 12.9 0 0
    endloop
  endfacet
  facet normal -0.997859 -0.065403 0
    outer loop
      vertex 12.9 0 0
      vertex 12.7896 1.68379 34.1797
      vertex 12.7896 1.68379 0
    endloop
  endfacet
  facet normal -0.997859 0.065403 0
    outer loop
      vertex 12.9 0 34.1797
      vertex 12.9 0 0
      vertex 12.7896 -1.68379 34.1797
    endloop
  endfacet
  facet normal -0.997859 0.065403 0
    outer loop
      vertex 12.7896 -1.68379 34.1797
      vertex 12.9 0 0
      vertex 12.7896 -1.68379 0
    endloop
  endfacet
  facet normal -0.980785 0.195091 0
    outer loop
      vertex 12.7896 -1.68379 34.1797
      vertex 12.7896 -1.68379 0
      vertex 12.4604 -3.33877 34.1797
    endloop
  endfacet
  facet normal -0.980785 0.195091 0
    outer loop
      vertex 12.4604 -3.33877 34.1797
      vertex 12.7896 -1.68379 0
      vertex 12.4604 -3.33877 0
    endloop
  endfacet
  facet normal -0.94693 0.321439 0
    outer loop
      vertex 12.4604 -3.33877 34.1797
      vertex 12.4604 -3.33877 0
      vertex 11.918 -4.93662 34.1797
    endloop
  endfacet
  facet normal -0.94693 0.321439 0
    outer loop
      vertex 11.918 -4.93662 34.1797
      vertex 12.4604 -3.33877 0
      vertex 11.918 -4.93662 0
    endloop
  endfacet
  facet normal -0.896873 0.442289 0
    outer loop
      vertex 11.918 -4.93662 34.1797
      vertex 11.918 -4.93662 0
      vertex 11.1717 -6.45 34.1797
    endloop
  endfacet
  facet normal -0.896873 0.442289 0
    outer loop
      vertex 11.1717 -6.45 34.1797
      vertex 11.918 -4.93662 0
      vertex 11.1717 -6.45 0
    endloop
  endfacet
  facet normal -0.831469 0.555571 0
    outer loop
      vertex 11.1717 -6.45 34.1797
      vertex 11.1717 -6.45 0
      vertex 10.2343 -7.85302 34.1797
    endloop
  endfacet
  facet normal -0.831469 0.555571 0
    outer loop
      vertex 10.2343 -7.85302 34.1797
      vertex 11.1717 -6.45 0
      vertex 10.2343 -7.85302 0
    endloop
  endfacet
  facet normal -0.75184 0.659346 0
    outer loop
      vertex 10.2343 -7.85302 34.1797
      vertex 10.2343 -7.85302 0
      vertex 9.12168 -9.12168 34.1797
    endloop
  endfacet
  facet normal -0.75184 0.659346 0
    outer loop
      vertex 9.12168 -9.12168 34.1797
      vertex 10.2343 -7.85302 0
      vertex 9.12168 -9.12168 0
    endloop
  endfacet
  facet normal -0.659346 0.75184 0
    outer loop
      vertex 9.12168 -9.12168 34.1797
      vertex 9.12168 -9.12168 0
      vertex 7.85302 -10.2343 34.1797
    endloop
  endfacet
  facet normal -0.659346 0.75184 0
    outer loop
      vertex 7.85302 -10.2343 34.1797
      vertex 9.12168 -9.12168 0
      vertex 7.85302 -10.2343 0
    endloop
  endfacet
  facet normal -0.555571 0.831469 0
    outer loop
      vertex 7.85302 -10.2343 34.1797
      vertex 7.85302 -10.2343 0
      vertex 6.45 -11.1717 34.1797
    endloop
  endfacet
  facet normal -0.555571 0.831469 0
    outer loop
      vertex 6.45 -11.1717 34.1797
      vertex 7.85302 -10.2343 0
      vertex 6.45 -11.1717 0
    endloop
  endfacet
  facet normal -0.442289 0.896873 0
    outer loop
      vertex 6.45 -11.1717 34.1797
      vertex 6.45 -11.1717 0
      vertex 4.93662 -11.918 34.1797
    endloop
  endfacet
  facet normal -0.442289 0.896873 0
    outer loop
      vertex 4.93662 -11.918 34.1797
      vertex 6.45 -11.1717 0
      vertex 4.93662 -11.918 0
    endloop
  endfacet
  facet normal -0.321439 0.94693 0
    outer loop
      vertex 4.93662 -11.918 34.1797
      vertex 4.93662 -11.918 0
      vertex 3.33877 -12.4604 34.1797
    endloop
  endfacet
  facet normal -0.321439 0.94693 0
    outer loop
      vertex 3.33877 -12.4604 34.1797
      vertex 4.93662 -11.918 0
      vertex 3.33877 -12.4604 0
    endloop
  endfacet
  facet normal -0.195091 0.980785 0
    outer loop
      vertex 3.33877 -12.4604 34.1797
      vertex 3.33877 -12.4604 0
      vertex 1.68379 -12.7896 34.1797
    endloop
  endfacet
  facet normal -0.195091 0.980785 0
    outer loop
      vertex 1.68379 -12.7896 34.1797
      vertex 3.33877 -12.4604 0
      vertex 1.68379 -12.7896 0
    endloop
  endfacet
  facet normal -0.065403 0.997859 0
    outer loop
      vertex 1.68379 -12.7896 34.1797
      vertex 1.68379 -12.7896 0
      vertex 0 -12.9 34.1797
    endloop
  endfacet
  facet normal -0.065403 0.997859 0
    outer loop
      vertex 0 -12.9 34.1797
      vertex 1.68379 -12.7896 0
      vertex 0 -12.9 0
    endloop
  endfacet
  facet normal 0.065403 0.997859 0
    outer loop
      vertex 0 -12.9 34.1797
      vertex 0 -12.9 0
      vertex -1.68379 -12.7896 34.1797
    endloop
  endfacet
  facet normal 0.065403 0.997859 0
    outer loop
      vertex -1.68379 -12.7896 34.1797
      vertex 0 -12.9 0
      vertex -1.68379 -12.7896 0
    endloop
  endfacet
  facet normal 0.195091 0.980785 0
    outer loop
      vertex -1.68379 -12.7896 34.1797
      vertex -1.68379 -12.7896 0
      vertex -3.33877 -12.4604 34.1797
    endloop
  endfacet
  facet normal 0.195091 0.980785 0
    outer loop
      vertex -3.33877 -12.4604 34.1797
      vertex -1.68379 -12.7896 0
      vertex -3.33877 -12.4604 0
    endloop
  endfacet
  facet normal 0.321439 0.94693 0
    outer loop
      vertex -3.33877 -12.4604 34.1797
      vertex -3.33877 -12.4604 0
      vertex -4.93662 -11.918 34.1797
    endloop
  endfacet
  facet normal 0.321439 0.94693 0
    outer loop
      vertex -4.93662 -11.918 34.1797
      vertex -3.33877 -12.4604 0
      vertex -4.93662 -11.918 0
    endloop
  endfacet
  facet normal 0.442289 0.896873 0
    outer loop
      vertex -4.93662 -11.918 34.1797
      vertex -4.93662 -11.918 0
      vertex -6.45 -11.1717 34.1797
    endloop
  endfacet
  facet normal 0.442289 0.896873 0
    outer loop
      vertex -6.45 -11.1717 34.1797
      vertex -4.93662 -11.918 0
      vertex -6.45 -11.1717 0
    endloop
  endfacet
  facet normal 0.555571 0.831469 0
    outer loop
      vertex -6.45 -11.1717 34.1797
      vertex -6.45 -11.1717 0
      vertex -7.85302 -10.2343 34.1797
    endloop
  endfacet
  facet normal 0.555571 0.831469 0
    outer loop
      vertex -7.85302 -10.2343 34.1797
      vertex -6.45 -11.1717 0
      vertex -7.85302 -10.2343 0
    endloop
  endfacet
  facet normal 0.659346 0.75184 0
    outer loop
      vertex -7.85302 -10.2343 34.1797
      vertex -7.85302 -10.2343 0
      vertex -9.12168 -9.12168 34.1797
    endloop
  endfacet
  facet normal 0.659346 0.75184 0
    outer loop
      vertex -9.12168 -9.12168 34.1797
      vertex -7.85302 -10.2343 0
      vertex -9.12168 -9.12168 0
    endloop
  endfacet
  facet normal 0.75184 0.659346 0
    outer loop
      vertex -10.2343 -7.85302 34.1797
      vertex -9.12168 -9.12168 34.1797
      vertex -9.12168 -9.12168 0
    endloop
  endfacet
  facet normal 0.75184 0.659346 0
    outer loop
      vertex -10.2343 -7.85302 0
      vertex -10.2343 -7.85302 34.1797
      vertex -9.12168 -9.12168 0
    endloop
  endfacet
  facet normal 0.831469 0.555571 0
    outer loop
      vertex -11.1717 -6.45 34.1797
      vertex -10.2343 -7.85302 34.1797
      vertex -10.2343 -7.85302 0
    endloop
  endfacet
  facet normal 0.831469 0.555571 0
    outer loop
      vertex -11.1717 -6.45 0
      vertex -11.1717 -6.45 34.1797
      vertex -10.2343 -7.85302 0
    endloop
  endfacet
  facet normal 0.896873 0.442289 0
    outer loop
      vertex -11.918 -4.93662 34.1797
      vertex -11.1717 -6.45 34.1797
      vertex -11.1717 -6.45 0
    endloop
  endfacet
  facet normal 0.896873 0.442289 0
    outer loop
      vertex -11.918 -4.93662 0
      vertex -11.918 -4.93662 34.1797
      vertex -11.1717 -6.45 0
    endloop
  endfacet
  facet normal 0.94693 0.321439 0
    outer loop
      vertex -12.4604 -3.33877 34.1797
      vertex -11.918 -4.93662 34.1797
      vertex -11.918 -4.93662 0
    endloop
  endfacet
  facet normal 0.94693 0.321439 0
    outer loop
      vertex -12.4604 -3.33877 0
      vertex -12.4604 -3.33877 34.1797
      vertex -11.918 -4.93662 0
    endloop
  endfacet
  facet normal 0.980785 0.195091 0
    outer loop
      vertex -12.7896 -1.68379 34.1797
      vertex -12.4604 -3.33877 34.1797
      vertex -12.4604 -3.33877 0
    endloop
  endfacet
  facet normal 0.980785 0.195091 0
    outer loop
      vertex -12.7896 -1.68379 0
      vertex -12.7896 -1.68379 34.1797
      vertex -12.4604 -3.33877 0
    endloop
  endfacet
  facet normal 0 0 1
    outer loop
      vertex -15.0947 1.98726 34.1797
      vertex -15.225 0 34.1797
      vertex -15.0947 -1.98726 34.1797
    endloop
  endfacet
  facet normal 0 0 1
    outer loop
      vertex -14.0661 -5.82635 34.1797
      vertex -15.0947 1.98726 34.1797
      vertex -14.7062 -3.94052 34.1797
    endloop
  endfacet
  facet normal 0 0 1
    outer loop
      vertex -14.7062 -3.94052 34.1797
      vertex -15.0947 1.98726 34.1797
      vertex -15.0947 -1.98726 34.1797
    endloop
  endfacet
  facet normal 0 0 1
    outer loop
      vertex -13.1852 -7.6125 34.1797
      vertex -15.0947 1.98726 34.1797
      vertex -14.0661 -5.82635 34.1797
    endloop
  endfacet
  facet normal 0 0 1
    outer loop
      vertex -12.0788 -9.26839 34.1797
      vertex -15.0947 1.98726 34.1797
      vertex -13.1852 -7.6125 34.1797
    endloop
  endfacet
  facet normal 0 0 1
    outer loop
      vertex -10.7657 -10.7657 34.1797
      vertex -15.0947 1.98726 34.1797
      vertex -12.0788 -9.26839 34.1797
    endloop
  endfacet
  facet normal 0 0 1
    outer loop
      vertex -9.26839 -12.0788 34.1797
      vertex -15.0947 1.98726 34.1797
      vertex -10.7657 -10.7657 34.1797
    endloop
  endfacet
  facet normal 0 0 1
    outer loop
      vertex -11.918 -4.93662 34.1797
      vertex -15.0947 1.98726 34.1797
      vertex -9.26839 -12.0788 34.1797
    endloop
  endfacet
  facet normal 0 0 1
    outer loop
      vertex 10.2343 -7.85302 34.1797
      vertex 9.12168 -9.12168 34.1797
      vertex 12.0788 -9.26839 34.1797
    endloop
  endfacet
  facet normal 0 0 1
    outer loop
      vertex 11.1717 -6.45 34.1797
      vertex 10.2343 -7.85302 34.1797
      vertex 13.1852 -7.6125 34.1797
    endloop
  endfacet
  facet normal 0 0 1
    outer loop
      vertex 11.918 -4.93662 34.1797
      vertex 11.1717 -6.45 34.1797
      vertex 14.0661 -5.82635 34.1797
    endloop
  endfacet
  facet normal 0 0 1
    outer loop
      vertex -12.7896 1.68379 34.1797
      vertex -12.4604 3.33877 34.1797
      vertex -15.0947 1.98726 34.1797
    endloop
  endfacet
  facet normal 0 0 1
    outer loop
      vertex 3.33877 -12.4604 34.1797
      vertex 1.68379 -12.7896 34.1797
      vertex 3.94052 -14.7062 34.1797
    endloop
  endfacet
  facet normal 0 0 1
    outer loop
      vertex 12.4604 3.33877 34.1797
      vertex 12.7896 1.68379 34.1797
      vertex 15.0947 1.98726 34.1797
    endloop
  endfacet
  facet normal 0 0 1
    outer loop
      vertex 11.918 4.93662 34.1797
      vertex 12.4604 3.33877 34.1797
      vertex 14.7062 3.94052 34.1797
    endloop
  endfacet
  facet normal 0 0 1
    outer loop
      vertex 11.1717 6.45 34.1797
      vertex 11.918 4.93662 34.1797
      vertex 14.0661 5.82635 34.1797
    endloop
  endfacet
  facet normal 0 0 1
    outer loop
      vertex 10.2343 7.85302 34.1797
      vertex 11.1717 6.45 34.1797
      vertex 13.1852 7.6125 34.1797
    endloop
  endfacet
  facet normal 0 0 1
    outer loop
      vertex 9.12168 9.12168 34.1797
      vertex 10.2343 7.85302 34.1797
      vertex 12.0788 9.26839 34.1797
    endloop
  endfacet
  facet normal 0 0 1
    outer loop
      vertex 4.93662 11.918 34.1797
      vertex 6.45 11.1717 34.1797
      vertex 7.6125 13.1852 34.1797
    endloop
  endfacet
  facet normal 0 0 1
    outer loop
      vertex -9.12168 9.12168 34.1797
      vertex -7.85302 10.2343 34.1797
      vertex -3.94052 14.7062 34.1797
    endloop
  endfacet
  facet normal 0 0 1
    outer loop
      vertex -3.33877 12.4604 34.1797
      vertex -1.68379 12.7896 34.1797
      vertex 0 15.225 34.1797
    endloop
  endfacet
  facet normal 0 0 1
    outer loop
      vertex -7.6125 13.1852 34.1797
      vertex -15.0947 1.98726 34.1797
      vertex -5.82635 14.0661 34.1797
    endloop
  endfacet
  facet normal 0 0 1
    outer loop
      vertex -9.26839 12.0788 34.1797
      vertex -15.0947 1.98726 34.1797
      vertex -7.6125 13.1852 34.1797
    endloop
  endfacet
  facet normal 0 0 1
    outer loop
      vertex -10.7657 10.7657 34.1797
      vertex -15.0947 1.98726 34.1797
      vertex -9.26839 12.0788 34.1797
    endloop
  endfacet
  facet normal 0 0 1
    outer loop
      vertex -12.0788 9.26839 34.1797
      vertex -15.0947 1.98726 34.1797
      vertex -10.7657 10.7657 34.1797
    endloop
  endfacet
  facet normal 0 0 1
    outer loop
      vertex -13.1852 7.6125 34.1797
      vertex -15.0947 1.98726 34.1797
      vertex -12.0788 9.26839 34.1797
    endloop
  endfacet
  facet normal 0 0 1
    outer loop
      vertex -14.0661 5.82635 34.1797
      vertex -15.0947 1.98726 34.1797
      vertex -13.1852 7.6125 34.1797
    endloop
  endfacet
  facet normal 0 0 1
    outer loop
      vertex -14.7062 3.94052 34.1797
      vertex -15.0947 1.98726 34.1797
      vertex -14.0661 5.82635 34.1797
    endloop
  endfacet
  facet normal 0 0 1
    outer loop
      vertex -10.2343 -7.85302 34.1797
      vertex -11.1717 -6.45 34.1797
      vertex -7.6125 -13.1852 34.1797
    endloop
  endfacet
  facet normal 0 0 1
    outer loop
      vertex -1.68379 -12.7896 34.1797
      vertex -3.33877 -12.4604 34.1797
      vertex 0 -15.225 34.1797
    endloop
  endfacet
  facet normal 0 0 1
    outer loop
      vertex 12.4604 -3.33877 34.1797
      vertex 11.918 -4.93662 34.1797
      vertex 14.7062 -3.94052 34.1797
    endloop
  endfacet
  facet normal 0 0 1
    outer loop
      vertex 6.45 11.1717 34.1797
      vertex 7.85302 10.2343 34.1797
      vertex 9.26839 12.0788 34.1797
    endloop
  endfacet
  facet normal 0 0 1
    outer loop
      vertex -1.68379 12.7896 34.1797
      vertex 0 12.9 34.1797
      vertex 1.98726 15.0947 34.1797
    endloop
  endfacet
  facet normal 0 0 1
    outer loop
      vertex -11.1717 6.45 34.1797
      vertex -10.2343 7.85302 34.1797
      vertex -15.0947 1.98726 34.1797
    endloop
  endfacet
  facet normal 0 0 1
    outer loop
      vertex 1.68379 12.7896 34.1797
      vertex 3.33877 12.4604 34.1797
      vertex 5.82635 14.0661 34.1797
    endloop
  endfacet
  facet normal 0 0 1
    outer loop
      vertex -6.45 11.1717 34.1797
      vertex -4.93662 11.918 34.1797
      vertex -1.98726 15.0947 34.1797
    endloop
  endfacet
  facet normal 0 0 1
    outer loop
      vertex -5.82635 14.0661 34.1797
      vertex -15.0947 1.98726 34.1797
      vertex -10.2343 7.85302 34.1797
    endloop
  endfacet
  facet normal 0 0 1
    outer loop
      vertex -5.82635 14.0661 34.1797
      vertex -9.12168 9.12168 34.1797
      vertex -3.94052 14.7062 34.1797
    endloop
  endfacet
  facet normal 0 0 1
    outer loop
      vertex -5.82635 14.0661 34.1797
      vertex -10.2343 7.85302 34.1797
      vertex -9.12168 9.12168 34.1797
    endloop
  endfacet
  facet normal 0 0 1
    outer loop
      vertex -3.94052 14.7062 34.1797
      vertex -7.85302 10.2343 34.1797
      vertex -1.98726 15.0947 34.1797
    endloop
  endfacet
  facet normal 0 0 1
    outer loop
      vertex -7.85302 10.2343 34.1797
      vertex -6.45 11.1717 34.1797
      vertex -1.98726 15.0947 34.1797
    endloop
  endfacet
  facet normal 0 0 1
    outer loop
      vertex -1.98726 15.0947 34.1797
      vertex -4.93662 11.918 34.1797
      vertex 0 15.225 34.1797
    endloop
  endfacet
  facet normal 0 0 1
    outer loop
      vertex -4.93662 11.918 34.1797
      vertex -3.33877 12.4604 34.1797
      vertex 0 15.225 34.1797
    endloop
  endfacet
  facet normal 0 0 1
    outer loop
      vertex 0 15.225 34.1797
      vertex -1.68379 12.7896 34.1797
      vertex 1.98726 15.0947 34.1797
    endloop
  endfacet
  facet normal 0 0 1
    outer loop
      vertex -11.918 4.93662 34.1797
      vertex -11.1717 6.45 34.1797
      vertex -15.0947 1.98726 34.1797
    endloop
  endfacet
  facet normal 0 0 1
    outer loop
      vertex 1.98726 15.0947 34.1797
      vertex 0 12.9 34.1797
      vertex 3.94052 14.7062 34.1797
    endloop
  endfacet
  facet normal 0 0 1
    outer loop
      vertex 3.94052 14.7062 34.1797
      vertex 1.68379 12.7896 34.1797
      vertex 5.82635 14.0661 34.1797
    endloop
  endfacet
  facet normal 0 0 1
    outer loop
      vertex 5.82635 14.0661 34.1797
      vertex 3.33877 12.4604 34.1797
      vertex 7.6125 13.1852 34.1797
    endloop
  endfacet
  facet normal 0 0 1
    outer loop
      vertex 3.33877 12.4604 34.1797
      vertex 4.93662 11.918 34.1797
      vertex 7.6125 13.1852 34.1797
    endloop
  endfacet
  facet normal 0 0 1
    outer loop
      vertex 7.6125 13.1852 34.1797
      vertex 6.45 11.1717 34.1797
      vertex 9.26839 12.0788 34.1797
    endloop
  endfacet
  facet normal 0 0 1
    outer loop
      vertex 0 12.9 34.1797
      vertex 1.68379 12.7896 34.1797
      vertex 3.94052 14.7062 34.1797
    endloop
  endfacet
  facet normal 0 0 1
    outer loop
      vertex 9.26839 12.0788 34.1797
      vertex 7.85302 10.2343 34.1797
      vertex 10.7657 10.7657 34.1797
    endloop
  endfacet
  facet normal 0 0 1
    outer loop
      vertex 10.7657 10.7657 34.1797
      vertex 9.12168 9.12168 34.1797
      vertex 12.0788 9.26839 34.1797
    endloop
  endfacet
  facet normal 0 0 1
    outer loop
      vertex 12.7896 1.68379 34.1797
      vertex 12.9 0 34.1797
      vertex 15.225 0 34.1797
    endloop
  endfacet
  facet normal 0 0 1
    outer loop
      vertex 12.0788 9.26839 34.1797
      vertex 10.2343 7.85302 34.1797
      vertex 13.1852 7.6125 34.1797
    endloop
  endfacet
  facet normal 0 0 1
    outer loop
      vertex -12.4604 3.33877 34.1797
      vertex -11.918 4.93662 34.1797
      vertex -15.0947 1.98726 34.1797
    endloop
  endfacet
  facet normal 0 0 1
    outer loop
      vertex 13.1852 7.6125 34.1797
      vertex 11.1717 6.45 34.1797
      vertex 14.0661 5.82635 34.1797
    endloop
  endfacet
  facet normal 0 0 1
    outer loop
      vertex 14.0661 5.82635 34.1797
      vertex 11.918 4.93662 34.1797
      vertex 14.7062 3.94052 34.1797
    endloop
  endfacet
  facet normal 0 0 1
    outer loop
      vertex 14.7062 3.94052 34.1797
      vertex 12.4604 3.33877 34.1797
      vertex 15.0947 1.98726 34.1797
    endloop
  endfacet
  facet normal 0 0 1
    outer loop
      vertex 15.0947 1.98726 34.1797
      vertex 12.7896 1.68379 34.1797
      vertex 15.225 0 34.1797
    endloop
  endfacet
  facet normal 0 0 1
    outer loop
      vertex 15.225 0 34.1797
      vertex 12.9 0 34.1797
      vertex 15.0947 -1.98726 34.1797
    endloop
  endfacet
  facet normal 0 0 1
    outer loop
      vertex 15.0947 -1.98726 34.1797
      vertex 12.7896 -1.68379 34.1797
      vertex 14.7062 -3.94052 34.1797
    endloop
  endfacet
  facet normal 0 0 1
    outer loop
      vertex 7.85302 10.2343 34.1797
      vertex 9.12168 9.12168 34.1797
      vertex 10.7657 10.7657 34.1797
    endloop
  endfacet
  facet normal 0 0 1
    outer loop
      vertex 12.7896 -1.68379 34.1797
      vertex 12.4604 -3.33877 34.1797
      vertex 14.7062 -3.94052 34.1797
    endloop
  endfacet
  facet normal 0 0 1
    outer loop
      vertex 14.7062 -3.94052 34.1797
      vertex 11.918 -4.93662 34.1797
      vertex 14.0661 -5.82635 34.1797
    endloop
  endfacet
  facet normal 0 0 1
    outer loop
      vertex 14.0661 -5.82635 34.1797
      vertex 11.1717 -6.45 34.1797
      vertex 13.1852 -7.6125 34.1797
    endloop
  endfacet
  facet normal 0 0 1
    outer loop
      vertex 13.1852 -7.6125 34.1797
      vertex 10.2343 -7.85302 34.1797
      vertex 12.0788 -9.26839 34.1797
    endloop
  endfacet
  facet normal 0 0 1
    outer loop
      vertex 12.0788 -9.26839 34.1797
      vertex 9.12168 -9.12168 34.1797
      vertex 10.7657 -10.7657 34.1797
    endloop
  endfacet
  facet normal 0 0 1
    outer loop
      vertex 10.7657 -10.7657 34.1797
      vertex 7.85302 -10.2343 34.1797
      vertex 9.26839 -12.0788 34.1797
    endloop
  endfacet
  facet normal 0 0 1
    outer loop
      vertex 9.26839 -12.0788 34.1797
      vertex 6.45 -11.1717 34.1797
      vertex 7.6125 -13.1852 34.1797
    endloop
  endfacet
  facet normal 0 0 1
    outer loop
      vertex 7.6125 -13.1852 34.1797
      vertex 4.93662 -11.918 34.1797
      vertex 5.82635 -14.0661 34.1797
    endloop
  endfacet
  facet normal 0 0 1
    outer loop
      vertex 12.9 0 34.1797
      vertex 12.7896 -1.68379 34.1797
      vertex 15.0947 -1.98726 34.1797
    endloop
  endfacet
  facet normal 0 0 1
    outer loop
      vertex 5.82635 -14.0661 34.1797
      vertex 3.33877 -12.4604 34.1797
      vertex 3.94052 -14.7062 34.1797
    endloop
  endfacet
  facet normal 0 0 1
    outer loop
      vertex 3.94052 -14.7062 34.1797
      vertex 1.68379 -12.7896 34.1797
      vertex 1.98726 -15.0947 34.1797
    endloop
  endfacet
  facet normal 0 0 1
    outer loop
      vertex 1.68379 -12.7896 34.1797
      vertex 0 -12.9 34.1797
      vertex 1.98726 -15.0947 34.1797
    endloop
  endfacet
  facet normal 0 0 1
    outer loop
      vertex 1.98726 -15.0947 34.1797
      vertex -1.68379 -12.7896 34.1797
      vertex 0 -15.225 34.1797
    endloop
  endfacet
  facet normal 0 0 1
    outer loop
      vertex 0 -15.225 34.1797
      vertex -3.33877 -12.4604 34.1797
      vertex -1.98726 -15.0947 34.1797
    endloop
  endfacet
  facet normal 0 0 1
    outer loop
      vertex -1.98726 -15.0947 34.1797
      vertex -4.93662 -11.918 34.1797
      vertex -3.94052 -14.7062 34.1797
    endloop
  endfacet
  facet normal 0 0 1
    outer loop
      vertex -3.94052 -14.7062 34.1797
      vertex -6.45 -11.1717 34.1797
      vertex -5.82635 -14.0661 34.1797
    endloop
  endfacet
  facet normal 0 0 1
    outer loop
      vertex -6.45 -11.1717 34.1797
      vertex -7.85302 -10.2343 34.1797
      vertex -5.82635 -14.0661 34.1797
    endloop
  endfacet
  facet normal 0 0 1
    outer loop
      vertex -5.82635 -14.0661 34.1797
      vertex -9.12168 -9.12168 34.1797
      vertex -7.6125 -13.1852 34.1797
    endloop
  endfacet
  facet normal 0 0 1
    outer loop
      vertex -3.33877 -12.4604 34.1797
      vertex -4.93662 -11.918 34.1797
      vertex -1.98726 -15.0947 34.1797
    endloop
  endfacet
  facet normal 0 0 1
    outer loop
      vertex -9.12168 -9.12168 34.1797
      vertex -10.2343 -7.85302 34.1797
      vertex -7.6125 -13.1852 34.1797
    endloop
  endfacet
  facet normal 0 0 1
    outer loop
      vertex -7.6125 -13.1852 34.1797
      vertex -11.1717 -6.45 34.1797
      vertex -9.26839 -12.0788 34.1797
    endloop
  endfacet
  facet normal 0 0 1
    outer loop
      vertex -11.1717 -6.45 34.1797
      vertex -11.918 -4.93662 34.1797
      vertex -9.26839 -12.0788 34.1797
    endloop
  endfacet
  facet normal 0 0 1
    outer loop
      vertex -12.4604 -3.33877 34.1797
      vertex -12.7896 -1.68379 34.1797
      vertex -15.0947 1.98726 34.1797
    endloop
  endfacet
  facet normal 0 0 1
    outer loop
      vertex -11.918 -4.93662 34.1797
      vertex -12.4604 -3.33877 34.1797
      vertex -15.0947 1.98726 34.1797
    endloop
  endfacet
  facet normal 0 0 1
    outer loop
      vertex -7.85302 -10.2343 34.1797
      vertex -9.12168 -9.12168 34.1797
      vertex -5.82635 -14.0661 34.1797
    endloop
  endfacet
  facet normal 0 0 1
    outer loop
      vertex -12.7896 -1.68379 34.1797
      vertex -12.9 0 34.1797
      vertex -15.0947 1.98726 34.1797
    endloop
  endfacet
  facet normal 0 0 1
    outer loop
      vertex 9.12168 -9.12168 34.1797
      vertex 7.85302 -10.2343 34.1797
      vertex 10.7657 -10.7657 34.1797
    endloop
  endfacet
  facet normal 0 0 1
    outer loop
      vertex 7.85302 -10.2343 34.1797
      vertex 6.45 -11.1717 34.1797
      vertex 9.26839 -12.0788 34.1797
    endloop
  endfacet
  facet normal 0 0 1
    outer loop
      vertex 6.45 -11.1717 34.1797
      vertex 4.93662 -11.918 34.1797
      vertex 7.6125 -13.1852 34.1797
    endloop
  endfacet
  facet normal 0 0 1
    outer loop
      vertex 4.93662 -11.918 34.1797
      vertex 3.33877 -12.4604 34.1797
      vertex 5.82635 -14.0661 34.1797
    endloop
  endfacet
  facet normal 0 0 1
    outer loop
      vertex -4.93662 -11.918 34.1797
      vertex -6.45 -11.1717 34.1797
      vertex -3.94052 -14.7062 34.1797
    endloop
  endfacet
  facet normal 0 0 1
    outer loop
      vertex 0 -12.9 34.1797
      vertex -1.68379 -12.7896 34.1797
      vertex 1.98726 -15.0947 34.1797
    endloop
  endfacet
  facet normal 0 0 1
    outer loop
      vertex -12.9 0 34.1797
      vertex -12.7896 1.68379 34.1797
      vertex -15.0947 1.98726 34.1797
    endloop
  endfacet
  facet normal 0 0 -1
    outer loop
      vertex -18.35 0 0
      vertex -18.193 2.39516 0
      vertex -18.193 -2.39516 0
    endloop
  endfacet
  facet normal 0 0 -1
    outer loop
      vertex -18.193 -2.39516 0
      vertex -18.193 2.39516 0
      vertex -17.7247 4.74933 0
    endloop
  endfacet
  facet normal 0 0 -1
    outer loop
      vertex -18.193 -2.39516 0
      vertex -17.7247 4.74933 0
      vertex -16.9532 7.02224 0
    endloop
  endfacet
  facet normal 0 0 -1
    outer loop
      vertex -18.193 -2.39516 0
      vertex -16.9532 7.02224 0
      vertex -15.8916 9.175 0
    endloop
  endfacet
  facet normal 0 0 -1
    outer loop
      vertex -18.193 -2.39516 0
      vertex -15.8916 9.175 0
      vertex -14.558 11.1708 0
    endloop
  endfacet
  facet normal 0 0 -1
    outer loop
      vertex -18.193 -2.39516 0
      vertex -14.558 11.1708 0
      vertex -12.9754 12.9754 0
    endloop
  endfacet
  facet normal 0 0 -1
    outer loop
      vertex -14.8052 6.1325 0
      vertex -12.9754 12.9754 0
      vertex -11.1708 14.558 0
    endloop
  endfacet
  facet normal 0 0 -1
    outer loop
      vertex -12.7135 9.7554 0
      vertex -11.1708 14.558 0
      vertex -9.175 15.8916 0
    endloop
  endfacet
  facet normal 0 0 -1
    outer loop
      vertex -9.7554 12.7135 0
      vertex -9.175 15.8916 0
      vertex -7.02224 16.9532 0
    endloop
  endfacet
  facet normal 0 0 -1
    outer loop
      vertex -8.0125 13.8781 0
      vertex -7.02224 16.9532 0
      vertex -4.74933 17.7247 0
    endloop
  endfacet
  facet normal 0 0 -1
    outer loop
      vertex -6.1325 14.8052 0
      vertex -4.74933 17.7247 0
      vertex -2.39516 18.193 0
    endloop
  endfacet
  facet normal 0 0 -1
    outer loop
      vertex -4.14757 15.479 0
      vertex -2.39516 18.193 0
      vertex 0 18.35 0
    endloop
  endfacet
  facet normal 0 0 -1
    outer loop
      vertex 0 16.025 0
      vertex 0 18.35 0
      vertex 2.39516 18.193 0
    endloop
  endfacet
  facet normal 0 0 -1
    outer loop
      vertex 2.09168 15.8879 0
      vertex 2.39516 18.193 0
      vertex 4.74933 17.7247 0
    endloop
  endfacet
  facet normal 0 0 -1
    outer loop
      vertex 4.14757 15.479 0
      vertex 4.74933 17.7247 0
      vertex 7.02224 16.9532 0
    endloop
  endfacet
  facet normal 0 0 -1
    outer loop
      vertex 6.1325 14.8052 0
      vertex 7.02224 16.9532 0
      vertex 9.175 15.8916 0
    endloop
  endfacet
  facet normal 0 0 -1
    outer loop
      vertex 8.0125 13.8781 0
      vertex 9.175 15.8916 0
      vertex 11.1708 14.558 0
    endloop
  endfacet
  facet normal 0 0 -1
    outer loop
      vertex 9.7554 12.7135 0
      vertex 11.1708 14.558 0
      vertex 12.9754 12.9754 0
    endloop
  endfacet
  facet normal 0 0 -1
    outer loop
      vertex 11.3314 11.3314 0
      vertex 12.9754 12.9754 0
      vertex 14.558 11.1708 0
    endloop
  endfacet
  facet normal 0 0 -1
    outer loop
      vertex 12.7135 9.7554 0
      vertex 14.558 11.1708 0
      vertex 15.8916 9.175 0
    endloop
  endfacet
  facet normal 0 0 -1
    outer loop
      vertex 13.8781 8.0125 0
      vertex 15.8916 9.175 0
      vertex 16.9532 7.02224 0
    endloop
  endfacet
  facet normal 0 0 -1
    outer loop
      vertex 14.8052 6.1325 0
      vertex 16.9532 7.02224 0
      vertex 17.7247 4.74933 0
    endloop
  endfacet
  facet normal 0 0 -1
    outer loop
      vertex 15.479 4.14757 0
      vertex 17.7247 4.74933 0
      vertex 18.193 2.39516 0
    endloop
  endfacet
  facet normal 0 0 -1
    outer loop
      vertex 16.025 0 0
      vertex 18.193 2.39516 0
      vertex 18.35 0 0
    endloop
  endfacet
  facet normal 0 0 -1
    outer loop
      vertex 15.8879 -2.09168 0
      vertex 18.35 0 0
      vertex 18.193 -2.39516 0
    endloop
  endfacet
  facet normal 0 0 -1
    outer loop
      vertex 15.479 -4.14757 0
      vertex 18.193 -2.39516 0
      vertex 17.7247 -4.74933 0
    endloop
  endfacet
  facet normal 0 0 -1
    outer loop
      vertex 14.8052 -6.1325 0
      vertex 17.7247 -4.74933 0
      vertex 16.9532 -7.02224 0
    endloop
  endfacet
  facet normal 0 0 -1
    outer loop
      vertex 13.8781 -8.0125 0
      vertex 16.9532 -7.02224 0
      vertex 15.8916 -9.175 0
    endloop
  endfacet
  facet normal 0 0 -1
    outer loop
      vertex 12.7135 -9.7554 0
      vertex 15.8916 -9.175 0
      vertex 14.558 -11.1708 0
    endloop
  endfacet
  facet normal 0 0 -1
    outer loop
      vertex 11.3314 -11.3314 0
      vertex 14.558 -11.1708 0
      vertex 12.9754 -12.9754 0
    endloop
  endfacet
  facet normal 0 0 -1
    outer loop
      vertex 9.7554 -12.7135 0
      vertex 12.9754 -12.9754 0
      vertex 11.1708 -14.558 0
    endloop
  endfacet
  facet normal 0 0 -1
    outer loop
      vertex 8.0125 -13.8781 0
      vertex 11.1708 -14.558 0
      vertex 9.175 -15.8916 0
    endloop
  endfacet
  facet normal 0 0 -1
    outer loop
      vertex 6.1325 -14.8052 0
      vertex 9.175 -15.8916 0
      vertex 7.02224 -16.9532 0
    endloop
  endfacet
  facet normal 0 0 -1
    outer loop
      vertex 2.09168 -15.8879 0
      vertex 7.02224 -16.9532 0
      vertex 4.74933 -17.7247 0
    endloop
  endfacet
  facet normal 0 0 -1
    outer loop
      vertex 0 -16.025 0
      vertex 4.74933 -17.7247 0
      vertex 2.39516 -18.193 0
    endloop
  endfacet
  facet normal 0 0 -1
    outer loop
      vertex -2.09168 -15.8879 0
      vertex 2.39516 -18.193 0
      vertex 0 -18.35 0
    endloop
  endfacet
  facet normal 0 0 -1
    outer loop
      vertex -4.14757 -15.479 0
      vertex 0 -18.35 0
      vertex -2.39516 -18.193 0
    endloop
  endfacet
  facet normal 0 0 -1
    outer loop
      vertex -8.0125 -13.8781 0
      vertex -2.39516 -18.193 0
      vertex -4.74933 -17.7247 0
    endloop
  endfacet
  facet normal 0 0 -1
    outer loop
      vertex -11.3314 -11.3314 0
      vertex -4.74933 -17.7247 0
      vertex -7.02224 -16.9532 0
    endloop
  endfacet
  facet normal 0 0 -1
    outer loop
      vertex -12.7135 -9.7554 0
      vertex -7.02224 -16.9532 0
      vertex -9.175 -15.8916 0
    endloop
  endfacet
  facet normal 0 0 -1
    outer loop
      vertex -18.193 -2.39516 0
      vertex -9.175 -15.8916 0
      vertex -11.1708 -14.558 0
    endloop
  endfacet
  facet normal 0 0 -1
    outer loop
      vertex -18.193 -2.39516 0
      vertex -11.1708 -14.558 0
      vertex -12.9754 -12.9754 0
    endloop
  endfacet
  facet normal 0 0 -1
    outer loop
      vertex -18.193 -2.39516 0
      vertex -12.9754 -12.9754 0
      vertex -14.558 -11.1708 0
    endloop
  endfacet
  facet normal 0 0 -1
    outer loop
      vertex -18.193 -2.39516 0
      vertex -14.558 -11.1708 0
      vertex -15.8916 -9.175 0
    endloop
  endfacet
  facet normal 0 0 -1
    outer loop
      vertex -18.193 -2.39516 0
      vertex -15.8916 -9.175 0
      vertex -16.9532 -7.02224 0
    endloop
  endfacet
  facet normal 0 0 -1
    outer loop
      vertex -18.193 -2.39516 0
      vertex -16.9532 -7.02224 0
      vertex -17.7247 -4.74933 0
    endloop
  endfacet
  facet normal 0 0 -1
    outer loop
      vertex -15.8879 -2.09168 0
      vertex -18.193 -2.39516 0
      vertex -16.025 0 0
    endloop
  endfacet
  facet normal 0 0 -1
    outer loop
      vertex 9.7554 -12.7135 0
      vertex 11.1708 -14.558 0
      vertex 8.0125 -13.8781 0
    endloop
  endfacet
  facet normal 0 0 -1
    outer loop
      vertex -15.479 -4.14757 0
      vertex -18.193 -2.39516 0
      vertex -15.8879 -2.09168 0
    endloop
  endfacet
  facet normal 0 0 -1
    outer loop
      vertex -14.8052 -6.1325 0
      vertex -18.193 -2.39516 0
      vertex -15.479 -4.14757 0
    endloop
  endfacet
  facet normal 0 0 -1
    outer loop
      vertex -13.8781 -8.0125 0
      vertex -18.193 -2.39516 0
      vertex -14.8052 -6.1325 0
    endloop
  endfacet
  facet normal 0 0 -1
    outer loop
      vertex -12.7135 -9.7554 0
      vertex -18.193 -2.39516 0
      vertex -13.8781 -8.0125 0
    endloop
  endfacet
  facet normal 0 0 -1
    outer loop
      vertex -11.3314 -11.3314 0
      vertex -7.02224 -16.9532 0
      vertex -12.7135 -9.7554 0
    endloop
  endfacet
  facet normal 0 0 -1
    outer loop
      vertex -18.193 -2.39516 0
      vertex -12.7135 -9.7554 0
      vertex -9.175 -15.8916 0
    endloop
  endfacet
  facet normal 0 0 -1
    outer loop
      vertex -9.7554 -12.7135 0
      vertex -4.74933 -17.7247 0
      vertex -11.3314 -11.3314 0
    endloop
  endfacet
  facet normal 0 0 -1
    outer loop
      vertex -8.0125 -13.8781 0
      vertex -4.74933 -17.7247 0
      vertex -9.7554 -12.7135 0
    endloop
  endfacet
  facet normal 0 0 -1
    outer loop
      vertex -6.1325 -14.8052 0
      vertex -2.39516 -18.193 0
      vertex -8.0125 -13.8781 0
    endloop
  endfacet
  facet normal 0 0 -1
    outer loop
      vertex -4.14757 -15.479 0
      vertex -2.39516 -18.193 0
      vertex -6.1325 -14.8052 0
    endloop
  endfacet
  facet normal 0 0 -1
    outer loop
      vertex 4.14757 -15.479 0
      vertex 7.02224 -16.9532 0
      vertex 2.09168 -15.8879 0
    endloop
  endfacet
  facet normal 0 0 -1
    outer loop
      vertex 6.1325 -14.8052 0
      vertex 7.02224 -16.9532 0
      vertex 4.14757 -15.479 0
    endloop
  endfacet
  facet normal 0 0 -1
    outer loop
      vertex 2.09168 -15.8879 0
      vertex 4.74933 -17.7247 0
      vertex 0 -16.025 0
    endloop
  endfacet
  facet normal 0 0 -1
    outer loop
      vertex 0 -16.025 0
      vertex 2.39516 -18.193 0
      vertex -2.09168 -15.8879 0
    endloop
  endfacet
  facet normal 0 0 -1
    outer loop
      vertex -2.09168 -15.8879 0
      vertex 0 -18.35 0
      vertex -4.14757 -15.479 0
    endloop
  endfacet
  facet normal 0 0 -1
    outer loop
      vertex 15.8879 2.09168 0
      vertex 18.193 2.39516 0
      vertex 16.025 0 0
    endloop
  endfacet
  facet normal 0 0 -1
    outer loop
      vertex 14.8052 6.1325 0
      vertex 17.7247 4.74933 0
      vertex 15.479 4.14757 0
    endloop
  endfacet
  facet normal 0 0 -1
    outer loop
      vertex 15.479 4.14757 0
      vertex 18.193 2.39516 0
      vertex 15.8879 2.09168 0
    endloop
  endfacet
  facet normal 0 0 -1
    outer loop
      vertex 16.025 0 0
      vertex 18.35 0 0
      vertex 15.8879 -2.09168 0
    endloop
  endfacet
  facet normal 0 0 -1
    outer loop
      vertex 15.8879 -2.09168 0
      vertex 18.193 -2.39516 0
      vertex 15.479 -4.14757 0
    endloop
  endfacet
  facet normal 0 0 -1
    outer loop
      vertex 15.479 -4.14757 0
      vertex 17.7247 -4.74933 0
      vertex 14.8052 -6.1325 0
    endloop
  endfacet
  facet normal 0 0 -1
    outer loop
      vertex 14.8052 -6.1325 0
      vertex 16.9532 -7.02224 0
      vertex 13.8781 -8.0125 0
    endloop
  endfacet
  facet normal 0 0 -1
    outer loop
      vertex 13.8781 -8.0125 0
      vertex 15.8916 -9.175 0
      vertex 12.7135 -9.7554 0
    endloop
  endfacet
  facet normal 0 0 -1
    outer loop
      vertex 12.7135 -9.7554 0
      vertex 14.558 -11.1708 0
      vertex 11.3314 -11.3314 0
    endloop
  endfacet
  facet normal 0 0 -1
    outer loop
      vertex 11.3314 -11.3314 0
      vertex 12.9754 -12.9754 0
      vertex 9.7554 -12.7135 0
    endloop
  endfacet
  facet normal 0 0 -1
    outer loop
      vertex -2.09168 15.8879 0
      vertex 0 18.35 0
      vertex 0 16.025 0
    endloop
  endfacet
  facet normal 0 0 -1
    outer loop
      vertex -4.14757 15.479 0
      vertex 0 18.35 0
      vertex -2.09168 15.8879 0
    endloop
  endfacet
  facet normal 0 0 -1
    outer loop
      vertex 0 16.025 0
      vertex 2.39516 18.193 0
      vertex 2.09168 15.8879 0
    endloop
  endfacet
  facet normal 0 0 -1
    outer loop
      vertex 2.09168 15.8879 0
      vertex 4.74933 17.7247 0
      vertex 4.14757 15.479 0
    endloop
  endfacet
  facet normal 0 0 -1
    outer loop
      vertex 4.14757 15.479 0
      vertex 7.02224 16.9532 0
      vertex 6.1325 14.8052 0
    endloop
  endfacet
  facet normal 0 0 -1
    outer loop
      vertex -11.3314 11.3314 0
      vertex -9.175 15.8916 0
      vertex -9.7554 12.7135 0
    endloop
  endfacet
  facet normal 0 0 -1
    outer loop
      vertex -13.8781 8.0125 0
      vertex -11.1708 14.558 0
      vertex -12.7135 9.7554 0
    endloop
  endfacet
  facet normal 0 0 -1
    outer loop
      vertex -14.8052 6.1325 0
      vertex -11.1708 14.558 0
      vertex -13.8781 8.0125 0
    endloop
  endfacet
  facet normal 0 0 -1
    outer loop
      vertex -18.193 -2.39516 0
      vertex -12.9754 12.9754 0
      vertex -14.8052 6.1325 0
    endloop
  endfacet
  facet normal 0 0 -1
    outer loop
      vertex -15.479 4.14757 0
      vertex -18.193 -2.39516 0
      vertex -14.8052 6.1325 0
    endloop
  endfacet
  facet normal 0 0 -1
    outer loop
      vertex -15.8879 2.09168 0
      vertex -18.193 -2.39516 0
      vertex -15.479 4.14757 0
    endloop
  endfacet
  facet normal 0 0 -1
    outer loop
      vertex 6.1325 14.8052 0
      vertex 9.175 15.8916 0
      vertex 8.0125 13.8781 0
    endloop
  endfacet
  facet normal 0 0 -1
    outer loop
      vertex -16.025 0 0
      vertex -18.193 -2.39516 0
      vertex -15.8879 2.09168 0
    endloop
  endfacet
  facet normal 0 0 -1
    outer loop
      vertex -12.7135 9.7554 0
      vertex -9.175 15.8916 0
      vertex -11.3314 11.3314 0
    endloop
  endfacet
  facet normal 0 0 -1
    outer loop
      vertex -9.7554 12.7135 0
      vertex -7.02224 16.9532 0
      vertex -8.0125 13.8781 0
    endloop
  endfacet
  facet normal 0 0 -1
    outer loop
      vertex -8.0125 13.8781 0
      vertex -4.74933 17.7247 0
      vertex -6.1325 14.8052 0
    endloop
  endfacet
  facet normal 0 0 -1
    outer loop
      vertex -6.1325 14.8052 0
      vertex -2.39516 18.193 0
      vertex -4.14757 15.479 0
    endloop
  endfacet
  facet normal 0 0 -1
    outer loop
      vertex 8.0125 13.8781 0
      vertex 11.1708 14.558 0
      vertex 9.7554 12.7135 0
    endloop
  endfacet
  facet normal 0 0 -1
    outer loop
      vertex 9.7554 12.7135 0
      vertex 12.9754 12.9754 0
      vertex 11.3314 11.3314 0
    endloop
  endfacet
  facet normal 0 0 -1
    outer loop
      vertex 11.3314 11.3314 0
      vertex 14.558 11.1708 0
      vertex 12.7135 9.7554 0
    endloop
  endfacet
  facet normal 0 0 -1
    outer loop
      vertex 12.7135 9.7554 0
      vertex 15.8916 9.175 0
      vertex 13.8781 8.0125 0
    endloop
  endfacet
  facet normal 0 0 -1
    outer loop
      vertex 13.8781 8.0125 0
      vertex 16.9532 7.02224 0
      vertex 14.8052 6.1325 0
    endloop
  endfacet
  facet normal 0 0 -1
    outer loop
      vertex 8.0125 -13.8781 0
      vertex 9.175 -15.8916 0
      vertex 6.1325 -14.8052 0
    endloop
  endfacet
  facet normal -0.997859 0.0654032 0
    outer loop
      vertex -18.35 0 0
      vertex -18.35 0 26.3672
      vertex -18.193 2.39516 0
    endloop
  endfacet
  facet normal -0.997859 0.0654032 0
    outer loop
      vertex -18.193 2.39516 0
      vertex -18.35 0 26.3672
      vertex -18.193 2.39516 26.3672
    endloop
  endfacet
  facet normal -0.997859 -0.0654032 0
    outer loop
      vertex -18.35 0 0
      vertex -18.193 -2.39516 0
      vertex -18.35 0 26.3672
    endloop
  endfacet
  facet normal -0.997859 -0.0654032 0
    outer loop
      vertex -18.35 0 26.3672
      vertex -18.193 -2.39516 0
      vertex -18.193 -2.39516 26.3672
    endloop
  endfacet
  facet normal -0.980785 -0.19509 0
    outer loop
      vertex -18.193 -2.39516 0
      vertex -17.7247 -4.74933 0
      vertex -18.193 -2.39516 26.3672
    endloop
  endfacet
  facet normal -0.980785 -0.19509 0
    outer loop
      vertex -18.193 -2.39516 26.3672
      vertex -17.7247 -4.74933 0
      vertex -17.7247 -4.74933 26.3672
    endloop
  endfacet
  facet normal -0.94693 -0.32144 0
    outer loop
      vertex -17.7247 -4.74933 0
      vertex -16.9532 -7.02224 0
      vertex -17.7247 -4.74933 26.3672
    endloop
  endfacet
  facet normal -0.94693 -0.32144 0
    outer loop
      vertex -17.7247 -4.74933 26.3672
      vertex -16.9532 -7.02224 0
      vertex -16.9532 -7.02224 26.3672
    endloop
  endfacet
  facet normal -0.896873 -0.442289 0
    outer loop
      vertex -16.9532 -7.02224 0
      vertex -15.8916 -9.175 0
      vertex -16.9532 -7.02224 26.3672
    endloop
  endfacet
  facet normal -0.896873 -0.442289 0
    outer loop
      vertex -16.9532 -7.02224 26.3672
      vertex -15.8916 -9.175 0
      vertex -15.8916 -9.175 26.3672
    endloop
  endfacet
  facet normal -0.83147 -0.55557 0
    outer loop
      vertex -15.8916 -9.175 0
      vertex -14.558 -11.1708 0
      vertex -15.8916 -9.175 26.3672
    endloop
  endfacet
  facet normal -0.83147 -0.55557 0
    outer loop
      vertex -15.8916 -9.175 26.3672
      vertex -14.558 -11.1708 0
      vertex -14.558 -11.1708 26.3672
    endloop
  endfacet
  facet normal -0.75184 -0.659346 0
    outer loop
      vertex -14.558 -11.1708 0
      vertex -12.9754 -12.9754 0
      vertex -14.558 -11.1708 26.3672
    endloop
  endfacet
  facet normal -0.75184 -0.659346 0
    outer loop
      vertex -14.558 -11.1708 26.3672
      vertex -12.9754 -12.9754 0
      vertex -12.9754 -12.9754 26.3672
    endloop
  endfacet
  facet normal -0.659346 -0.75184 0
    outer loop
      vertex -12.9754 -12.9754 26.3672
      vertex -12.9754 -12.9754 0
      vertex -11.1708 -14.558 0
    endloop
  endfacet
  facet normal -0.659346 -0.75184 0
    outer loop
      vertex -11.1708 -14.558 26.3672
      vertex -12.9754 -12.9754 26.3672
      vertex -11.1708 -14.558 0
    endloop
  endfacet
  facet normal -0.55557 -0.83147 0
    outer loop
      vertex -11.1708 -14.558 26.3672
      vertex -11.1708 -14.558 0
      vertex -9.175 -15.8916 0
    endloop
  endfacet
  facet normal -0.55557 -0.83147 0
    outer loop
      vertex -9.175 -15.8916 26.3672
      vertex -11.1708 -14.558 26.3672
      vertex -9.175 -15.8916 0
    endloop
  endfacet
  facet normal -0.442289 -0.896873 0
    outer loop
      vertex -9.175 -15.8916 26.3672
      vertex -9.175 -15.8916 0
      vertex -7.02224 -16.9532 0
    endloop
  endfacet
  facet normal -0.442289 -0.896873 0
    outer loop
      vertex -7.02224 -16.9532 26.3672
      vertex -9.175 -15.8916 26.3672
      vertex -7.02224 -16.9532 0
    endloop
  endfacet
  facet normal -0.32144 -0.94693 0
    outer loop
      vertex -7.02224 -16.9532 26.3672
      vertex -7.02224 -16.9532 0
      vertex -4.74933 -17.7247 0
    endloop
  endfacet
  facet normal -0.32144 -0.94693 0
    outer loop
      vertex -4.74933 -17.7247 26.3672
      vertex -7.02224 -16.9532 26.3672
      vertex -4.74933 -17.7247 0
    endloop
  endfacet
  facet normal -0.19509 -0.980785 0
    outer loop
      vertex -4.74933 -17.7247 26.3672
      vertex -4.74933 -17.7247 0
      vertex -2.39516 -18.193 0
    endloop
  endfacet
  facet normal -0.19509 -0.980785 0
    outer loop
      vertex -2.39516 -18.193 26.3672
      vertex -4.74933 -17.7247 26.3672
      vertex -2.39516 -18.193 0
    endloop
  endfacet
  facet normal -0.0654032 -0.997859 0
    outer loop
      vertex -2.39516 -18.193 26.3672
      vertex -2.39516 -18.193 0
      vertex 0 -18.35 0
    endloop
  endfacet
  facet normal -0.0654032 -0.997859 0
    outer loop
      vertex 0 -18.35 26.3672
      vertex -2.39516 -18.193 26.3672
      vertex 0 -18.35 0
    endloop
  endfacet
  facet normal 0.0654032 -0.997859 0
    outer loop
      vertex 0 -18.35 26.3672
      vertex 0 -18.35 0
      vertex 2.39516 -18.193 0
    endloop
  endfacet
  facet normal 0.0654032 -0.997859 0
    outer loop
      vertex 2.39516 -18.193 26.3672
      vertex 0 -18.35 26.3672
      vertex 2.39516 -18.193 0
    endloop
  endfacet
  facet normal 0.19509 -0.980785 0
    outer loop
      vertex 2.39516 -18.193 26.3672
      vertex 2.39516 -18.193 0
      vertex 4.74933 -17.7247 0
    endloop
  endfacet
  facet normal 0.19509 -0.980785 0
    outer loop
      vertex 4.74933 -17.7247 26.3672
      vertex 2.39516 -18.193 26.3672
      vertex 4.74933 -17.7247 0
    endloop
  endfacet
  facet normal 0.32144 -0.94693 0
    outer loop
      vertex 4.74933 -17.7247 26.3672
      vertex 4.74933 -17.7247 0
      vertex 7.02224 -16.9532 0
    endloop
  endfacet
  facet normal 0.32144 -0.94693 0
    outer loop
      vertex 7.02224 -16.9532 26.3672
      vertex 4.74933 -17.7247 26.3672
      vertex 7.02224 -16.9532 0
    endloop
  endfacet
  facet normal 0.442289 -0.896873 0
    outer loop
      vertex 7.02224 -16.9532 26.3672
      vertex 7.02224 -16.9532 0
      vertex 9.175 -15.8916 0
    endloop
  endfacet
  facet normal 0.442289 -0.896873 0
    outer loop
      vertex 9.175 -15.8916 26.3672
      vertex 7.02224 -16.9532 26.3672
      vertex 9.175 -15.8916 0
    endloop
  endfacet
  facet normal 0.55557 -0.83147 0
    outer loop
      vertex 9.175 -15.8916 26.3672
      vertex 9.175 -15.8916 0
      vertex 11.1708 -14.558 0
    endloop
  endfacet
  facet normal 0.55557 -0.83147 0
    outer loop
      vertex 11.1708 -14.558 26.3672
      vertex 9.175 -15.8916 26.3672
      vertex 11.1708 -14.558 0
    endloop
  endfacet
  facet normal 0.659346 -0.75184 0
    outer loop
      vertex 11.1708 -14.558 26.3672
      vertex 11.1708 -14.558 0
      vertex 12.9754 -12.9754 0
    endloop
  endfacet
  facet normal 0.659346 -0.75184 0
    outer loop
      vertex 12.9754 -12.9754 26.3672
      vertex 11.1708 -14.558 26.3672
      vertex 12.9754 -12.9754 0
    endloop
  endfacet
  facet normal 0.75184 -0.659346 0
    outer loop
      vertex 12.9754 -12.9754 26.3672
      vertex 12.9754 -12.9754 0
      vertex 14.558 -11.1708 0
    endloop
  endfacet
  facet normal 0.75184 -0.659346 0
    outer loop
      vertex 14.558 -11.1708 26.3672
      vertex 12.9754 -12.9754 26.3672
      vertex 14.558 -11.1708 0
    endloop
  endfacet
  facet normal 0.83147 -0.55557 0
    outer loop
      vertex 14.558 -11.1708 26.3672
      vertex 14.558 -11.1708 0
      vertex 15.8916 -9.175 0
    endloop
  endfacet
  facet normal 0.83147 -0.55557 0
    outer loop
      vertex 15.8916 -9.175 26.3672
      vertex 14.558 -11.1708 26.3672
      vertex 15.8916 -9.175 0
    endloop
  endfacet
  facet normal 0.896873 -0.442289 0
    outer loop
      vertex 15.8916 -9.175 26.3672
      vertex 15.8916 -9.175 0
      vertex 16.9532 -7.02224 0
    endloop
  endfacet
  facet normal 0.896873 -0.442289 0
    outer loop
      vertex 16.9532 -7.02224 26.3672
      vertex 15.8916 -9.175 26.3672
      vertex 16.9532 -7.02224 0
    endloop
  endfacet
  facet normal 0.94693 -0.32144 0
    outer loop
      vertex 16.9532 -7.02224 26.3672
      vertex 16.9532 -7.02224 0
      vertex 17.7247 -4.74933 0
    endloop
  endfacet
  facet normal 0.94693 -0.32144 0
    outer loop
      vertex 17.7247 -4.74933 26.3672
      vertex 16.9532 -7.02224 26.3672
      vertex 17.7247 -4.74933 0
    endloop
  endfacet
  facet normal 0.980785 -0.19509 0
    outer loop
      vertex 17.7247 -4.74933 26.3672
      vertex 17.7247 -4.74933 0
      vertex 18.193 -2.39516 0
    endloop
  endfacet
  facet normal 0.980785 -0.19509 0
    outer loop
      vertex 18.193 -2.39516 26.3672
      vertex 17.7247 -4.74933 26.3672
      vertex 18.193 -2.39516 0
    endloop
  endfacet
  facet normal 0.997859 -0.0654032 0
    outer loop
      vertex 18.193 -2.39516 26.3672
      vertex 18.193 -2.39516 0
      vertex 18.35 0 0
    endloop
  endfacet
  facet normal 0.997859 -0.0654032 0
    outer loop
      vertex 18.35 0 26.3672
      vertex 18.193 -2.39516 26.3672
      vertex 18.35 0 0
    endloop
  endfacet
  facet normal 0.997859 0.0654032 0
    outer loop
      vertex 18.35 0 0
      vertex 18.193 2.39516 0
      vertex 18.193 2.39516 26.3672
    endloop
  endfacet
  facet normal 0.997859 0.0654032 0
    outer loop
      vertex 18.35 0 26.3672
      vertex 18.35 0 0
      vertex 18.193 2.39516 26.3672
    endloop
  endfacet
  facet normal 0.980785 0.19509 0
    outer loop
      vertex 18.193 2.39516 0
      vertex 17.7247 4.74933 0
      vertex 17.7247 4.74933 26.3672
    endloop
  endfacet
  facet normal 0.980785 0.19509 0
    outer loop
      vertex 18.193 2.39516 26.3672
      vertex 18.193 2.39516 0
      vertex 17.7247 4.74933 26.3672
    endloop
  endfacet
  facet normal 0.94693 0.32144 0
    outer loop
      vertex 17.7247 4.74933 0
      vertex 16.9532 7.02224 0
      vertex 16.9532 7.02224 26.3672
    endloop
  endfacet
  facet normal 0.94693 0.32144 0
    outer loop
      vertex 17.7247 4.74933 26.3672
      vertex 17.7247 4.74933 0
      vertex 16.9532 7.02224 26.3672
    endloop
  endfacet
  facet normal 0.896873 0.442289 0
    outer loop
      vertex 16.9532 7.02224 0
      vertex 15.8916 9.175 0
      vertex 15.8916 9.175 26.3672
    endloop
  endfacet
  facet normal 0.896873 0.442289 0
    outer loop
      vertex 16.9532 7.02224 26.3672
      vertex 16.9532 7.02224 0
      vertex 15.8916 9.175 26.3672
    endloop
  endfacet
  facet normal 0.83147 0.55557 0
    outer loop
      vertex 15.8916 9.175 0
      vertex 14.558 11.1708 0
      vertex 14.558 11.1708 26.3672
    endloop
  endfacet
  facet normal 0.83147 0.55557 0
    outer loop
      vertex 15.8916 9.175 26.3672
      vertex 15.8916 9.175 0
      vertex 14.558 11.1708 26.3672
    endloop
  endfacet
  facet normal 0.75184 0.659346 0
    outer loop
      vertex 14.558 11.1708 0
      vertex 12.9754 12.9754 0
      vertex 12.9754 12.9754 26.3672
    endloop
  endfacet
  facet normal 0.75184 0.659346 0
    outer loop
      vertex 14.558 11.1708 26.3672
      vertex 14.558 11.1708 0
      vertex 12.9754 12.9754 26.3672
    endloop
  endfacet
  facet normal 0.659346 0.75184 0
    outer loop
      vertex 11.1708 14.558 0
      vertex 11.1708 14.558 26.3672
      vertex 12.9754 12.9754 0
    endloop
  endfacet
  facet normal 0.659346 0.75184 0
    outer loop
      vertex 12.9754 12.9754 0
      vertex 11.1708 14.558 26.3672
      vertex 12.9754 12.9754 26.3672
    endloop
  endfacet
  facet normal 0.55557 0.83147 0
    outer loop
      vertex 9.175 15.8916 0
      vertex 9.175 15.8916 26.3672
      vertex 11.1708 14.558 0
    endloop
  endfacet
  facet normal 0.55557 0.83147 0
    outer loop
      vertex 11.1708 14.558 0
      vertex 9.175 15.8916 26.3672
      vertex 11.1708 14.558 26.3672
    endloop
  endfacet
  facet normal 0.442289 0.896873 0
    outer loop
      vertex 7.02224 16.9532 0
      vertex 7.02224 16.9532 26.3672
      vertex 9.175 15.8916 0
    endloop
  endfacet
  facet normal 0.442289 0.896873 0
    outer loop
      vertex 9.175 15.8916 0
      vertex 7.02224 16.9532 26.3672
      vertex 9.175 15.8916 26.3672
    endloop
  endfacet
  facet normal 0.32144 0.94693 0
    outer loop
      vertex 4.74933 17.7247 0
      vertex 4.74933 17.7247 26.3672
      vertex 7.02224 16.9532 0
    endloop
  endfacet
  facet normal 0.32144 0.94693 0
    outer loop
      vertex 7.02224 16.9532 0
      vertex 4.74933 17.7247 26.3672
      vertex 7.02224 16.9532 26.3672
    endloop
  endfacet
  facet normal 0.19509 0.980785 0
    outer loop
      vertex 2.39516 18.193 0
      vertex 2.39516 18.193 26.3672
      vertex 4.74933 17.7247 0
    endloop
  endfacet
  facet normal 0.19509 0.980785 0
    outer loop
      vertex 4.74933 17.7247 0
      vertex 2.39516 18.193 26.3672
      vertex 4.74933 17.7247 26.3672
    endloop
  endfacet
  facet normal 0.0654032 0.997859 0
    outer loop
      vertex 0 18.35 0
      vertex 0 18.35 26.3672
      vertex 2.39516 18.193 0
    endloop
  endfacet
  facet normal 0.0654032 0.997859 0
    outer loop
      vertex 2.39516 18.193 0
      vertex 0 18.35 26.3672
      vertex 2.39516 18.193 26.3672
    endloop
  endfacet
  facet normal -0.0654032 0.997859 0
    outer loop
      vertex -2.39516 18.193 0
      vertex -2.39516 18.193 26.3672
      vertex 0 18.35 0
    endloop
  endfacet
  facet normal -0.0654032 0.997859 0
    outer loop
      vertex 0 18.35 0
      vertex -2.39516 18.193 26.3672
      vertex 0 18.35 26.3672
    endloop
  endfacet
  facet normal -0.19509 0.980785 0
    outer loop
      vertex -4.74933 17.7247 0
      vertex -4.74933 17.7247 26.3672
      vertex -2.39516 18.193 0
    endloop
  endfacet
  facet normal -0.19509 0.980785 0
    outer loop
      vertex -2.39516 18.193 0
      vertex -4.74933 17.7247 26.3672
      vertex -2.39516 18.193 26.3672
    endloop
  endfacet
  facet normal -0.32144 0.94693 0
    outer loop
      vertex -7.02224 16.9532 0
      vertex -7.02224 16.9532 26.3672
      vertex -4.74933 17.7247 0
    endloop
  endfacet
  facet normal -0.32144 0.94693 0
    outer loop
      vertex -4.74933 17.7247 0
      vertex -7.02224 16.9532 26.3672
      vertex -4.74933 17.7247 26.3672
    endloop
  endfacet
  facet normal -0.442289 0.896873 0
    outer loop
      vertex -9.175 15.8916 0
      vertex -9.175 15.8916 26.3672
      vertex -7.02224 16.9532 0
    endloop
  endfacet
  facet normal -0.442289 0.896873 0
    outer loop
      vertex -7.02224 16.9532 0
      vertex -9.175 15.8916 26.3672
      vertex -7.02224 16.9532 26.3672
    endloop
  endfacet
  facet normal -0.55557 0.83147 0
    outer loop
      vertex -11.1708 14.558 0
      vertex -11.1708 14.558 26.3672
      vertex -9.175 15.8916 0
    endloop
  endfacet
  facet normal -0.55557 0.83147 0
    outer loop
      vertex -9.175 15.8916 0
      vertex -11.1708 14.558 26.3672
      vertex -9.175 15.8916 26.3672
    endloop
  endfacet
  facet normal -0.659346 0.75184 0
    outer loop
      vertex -12.9754 12.9754 0
      vertex -12.9754 12.9754 26.3672
      vertex -11.1708 14.558 0
    endloop
  endfacet
  facet normal -0.659346 0.75184 0
    outer loop
      vertex -11.1708 14.558 0
      vertex -12.9754 12.9754 26.3672
      vertex -11.1708 14.558 26.3672
    endloop
  endfacet
  facet normal -0.75184 0.659346 0
    outer loop
      vertex -14.558 11.1708 0
      vertex -14.558 11.1708 26.3672
      vertex -12.9754 12.9754 0
    endloop
  endfacet
  facet normal -0.75184 0.659346 0
    outer loop
      vertex -12.9754 12.9754 0
      vertex -14.558 11.1708 26.3672
      vertex -12.9754 12.9754 26.3672
    endloop
  endfacet
  facet normal -0.83147 0.55557 0
    outer loop
      vertex -15.8916 9.175 0
      vertex -15.8916 9.175 26.3672
      vertex -14.558 11.1708 0
    endloop
  endfacet
  facet normal -0.83147 0.55557 0
    outer loop
      vertex -14.558 11.1708 0
      vertex -15.8916 9.175 26.3672
      vertex -14.558 11.1708 26.3672
    endloop
  endfacet
  facet normal -0.896873 0.442289 0
    outer loop
      vertex -16.9532 7.02224 0
      vertex -16.9532 7.02224 26.3672
      vertex -15.8916 9.175 0
    endloop
  endfacet
  facet normal -0.896873 0.442289 0
    outer loop
      vertex -15.8916 9.175 0
      vertex -16.9532 7.02224 26.3672
      vertex -15.8916 9.175 26.3672
    endloop
  endfacet
  facet normal -0.94693 0.32144 0
    outer loop
      vertex -17.7247 4.74933 0
      vertex -17.7247 4.74933 26.3672
      vertex -16.9532 7.02224 0
    endloop
  endfacet
  facet normal -0.94693 0.32144 0
    outer loop
      vertex -16.9532 7.02224 0
      vertex -17.7247 4.74933 26.3672
      vertex -16.9532 7.02224 26.3672
    endloop
  endfacet
  facet normal -0.980785 0.19509 0
    outer loop
      vertex -18.193 2.39516 0
      vertex -18.193 2.39516 26.3672
      vertex -17.7247 4.74933 0
    endloop
  endfacet
  facet normal -0.980785 0.19509 0
    outer loop
      vertex -17.7247 4.74933 0
      vertex -18.193 2.39516 26.3672
      vertex -17.7247 4.74933 26.3672
    endloop
  endfacet
  facet normal 0.997859 0.0654031 0
    outer loop
      vertex -16.025 0 26.3672
      vertex -15.8879 -2.09168 26.3672
      vertex -15.8879 -2.09168 0
    endloop
  endfacet
  facet normal 0.997859 0.0654031 0
    outer loop
      vertex -16.025 0 0
      vertex -16.025 0 26.3672
      vertex -15.8879 -2.09168 0
    endloop
  endfacet
  facet normal 0.997859 -0.0654031 0
    outer loop
      vertex -15.8879 2.09168 0
      vertex -15.8879 2.09168 26.3672
      vertex -16.025 0 26.3672
    endloop
  endfacet
  facet normal 0.997859 -0.0654031 0
    outer loop
      vertex -16.025 0 0
      vertex -15.8879 2.09168 0
      vertex -16.025 0 26.3672
    endloop
  endfacet
  facet normal 0.980785 -0.195091 0
    outer loop
      vertex -15.479 4.14757 0
      vertex -15.479 4.14757 26.3672
      vertex -15.8879 2.09168 26.3672
    endloop
  endfacet
  facet normal 0.980785 -0.195091 0
    outer loop
      vertex -15.8879 2.09168 0
      vertex -15.479 4.14757 0
      vertex -15.8879 2.09168 26.3672
    endloop
  endfacet
  facet normal 0.94693 -0.321439 0
    outer loop
      vertex -14.8052 6.1325 0
      vertex -14.8052 6.1325 26.3672
      vertex -15.479 4.14757 26.3672
    endloop
  endfacet
  facet normal 0.94693 -0.321439 0
    outer loop
      vertex -15.479 4.14757 0
      vertex -14.8052 6.1325 0
      vertex -15.479 4.14757 26.3672
    endloop
  endfacet
  facet normal 0.896873 -0.442289 0
    outer loop
      vertex -13.8781 8.0125 0
      vertex -13.8781 8.0125 26.3672
      vertex -14.8052 6.1325 26.3672
    endloop
  endfacet
  facet normal 0.896873 -0.442289 0
    outer loop
      vertex -14.8052 6.1325 0
      vertex -13.8781 8.0125 0
      vertex -14.8052 6.1325 26.3672
    endloop
  endfacet
  facet normal 0.83147 -0.55557 0
    outer loop
      vertex -12.7135 9.7554 0
      vertex -12.7135 9.7554 26.3672
      vertex -13.8781 8.0125 26.3672
    endloop
  endfacet
  facet normal 0.83147 -0.55557 0
    outer loop
      vertex -13.8781 8.0125 0
      vertex -12.7135 9.7554 0
      vertex -13.8781 8.0125 26.3672
    endloop
  endfacet
  facet normal 0.75184 -0.659346 0
    outer loop
      vertex -11.3314 11.3314 0
      vertex -11.3314 11.3314 26.3672
      vertex -12.7135 9.7554 26.3672
    endloop
  endfacet
  facet normal 0.75184 -0.659346 0
    outer loop
      vertex -12.7135 9.7554 0
      vertex -11.3314 11.3314 0
      vertex -12.7135 9.7554 26.3672
    endloop
  endfacet
  facet normal 0.659346 -0.75184 0
    outer loop
      vertex -9.7554 12.7135 0
      vertex -9.7554 12.7135 26.3672
      vertex -11.3314 11.3314 26.3672
    endloop
  endfacet
  facet normal 0.659346 -0.75184 0
    outer loop
      vertex -11.3314 11.3314 0
      vertex -9.7554 12.7135 0
      vertex -11.3314 11.3314 26.3672
    endloop
  endfacet
  facet normal 0.55557 -0.83147 0
    outer loop
      vertex -8.0125 13.8781 0
      vertex -8.0125 13.8781 26.3672
      vertex -9.7554 12.7135 26.3672
    endloop
  endfacet
  facet normal 0.55557 -0.83147 0
    outer loop
      vertex -9.7554 12.7135 0
      vertex -8.0125 13.8781 0
      vertex -9.7554 12.7135 26.3672
    endloop
  endfacet
  facet normal 0.442289 -0.896873 0
    outer loop
      vertex -6.1325 14.8052 0
      vertex -6.1325 14.8052 26.3672
      vertex -8.0125 13.8781 26.3672
    endloop
  endfacet
  facet normal 0.442289 -0.896873 0
    outer loop
      vertex -8.0125 13.8781 0
      vertex -6.1325 14.8052 0
      vertex -8.0125 13.8781 26.3672
    endloop
  endfacet
  facet normal 0.321439 -0.94693 0
    outer loop
      vertex -4.14757 15.479 0
      vertex -4.14757 15.479 26.3672
      vertex -6.1325 14.8052 26.3672
    endloop
  endfacet
  facet normal 0.321439 -0.94693 0
    outer loop
      vertex -6.1325 14.8052 0
      vertex -4.14757 15.479 0
      vertex -6.1325 14.8052 26.3672
    endloop
  endfacet
  facet normal 0.195091 -0.980785 0
    outer loop
      vertex -2.09168 15.8879 0
      vertex -2.09168 15.8879 26.3672
      vertex -4.14757 15.479 26.3672
    endloop
  endfacet
  facet normal 0.195091 -0.980785 0
    outer loop
      vertex -4.14757 15.479 0
      vertex -2.09168 15.8879 0
      vertex -4.14757 15.479 26.3672
    endloop
  endfacet
  facet normal 0.0654031 -0.997859 0
    outer loop
      vertex 0 16.025 0
      vertex 0 16.025 26.3672
      vertex -2.09168 15.8879 26.3672
    endloop
  endfacet
  facet normal 0.0654031 -0.997859 0
    outer loop
      vertex -2.09168 15.8879 0
      vertex 0 16.025 0
      vertex -2.09168 15.8879 26.3672
    endloop
  endfacet
  facet normal -0.0654031 -0.997859 0
    outer loop
      vertex 2.09168 15.8879 0
      vertex 2.09168 15.8879 26.3672
      vertex 0 16.025 26.3672
    endloop
  endfacet
  facet normal -0.0654031 -0.997859 0
    outer loop
      vertex 0 16.025 0
      vertex 2.09168 15.8879 0
      vertex 0 16.025 26.3672
    endloop
  endfacet
  facet normal -0.195091 -0.980785 0
    outer loop
      vertex 4.14757 15.479 0
      vertex 4.14757 15.479 26.3672
      vertex 2.09168 15.8879 26.3672
    endloop
  endfacet
  facet normal -0.195091 -0.980785 0
    outer loop
      vertex 2.09168 15.8879 0
      vertex 4.14757 15.479 0
      vertex 2.09168 15.8879 26.3672
    endloop
  endfacet
  facet normal -0.321439 -0.94693 0
    outer loop
      vertex 6.1325 14.8052 0
      vertex 6.1325 14.8052 26.3672
      vertex 4.14757 15.479 26.3672
    endloop
  endfacet
  facet normal -0.321439 -0.94693 0
    outer loop
      vertex 4.14757 15.479 0
      vertex 6.1325 14.8052 0
      vertex 4.14757 15.479 26.3672
    endloop
  endfacet
  facet normal -0.442289 -0.896873 0
    outer loop
      vertex 8.0125 13.8781 0
      vertex 8.0125 13.8781 26.3672
      vertex 6.1325 14.8052 26.3672
    endloop
  endfacet
  facet normal -0.442289 -0.896873 0
    outer loop
      vertex 6.1325 14.8052 0
      vertex 8.0125 13.8781 0
      vertex 6.1325 14.8052 26.3672
    endloop
  endfacet
  facet normal -0.55557 -0.83147 0
    outer loop
      vertex 9.7554 12.7135 0
      vertex 9.7554 12.7135 26.3672
      vertex 8.0125 13.8781 26.3672
    endloop
  endfacet
  facet normal -0.55557 -0.83147 0
    outer loop
      vertex 8.0125 13.8781 0
      vertex 9.7554 12.7135 0
      vertex 8.0125 13.8781 26.3672
    endloop
  endfacet
  facet normal -0.659346 -0.75184 0
    outer loop
      vertex 11.3314 11.3314 0
      vertex 11.3314 11.3314 26.3672
      vertex 9.7554 12.7135 26.3672
    endloop
  endfacet
  facet normal -0.659346 -0.75184 0
    outer loop
      vertex 9.7554 12.7135 0
      vertex 11.3314 11.3314 0
      vertex 9.7554 12.7135 26.3672
    endloop
  endfacet
  facet normal -0.75184 -0.659346 0
    outer loop
      vertex 12.7135 9.7554 26.3672
      vertex 11.3314 11.3314 26.3672
      vertex 12.7135 9.7554 0
    endloop
  endfacet
  facet normal -0.75184 -0.659346 0
    outer loop
      vertex 12.7135 9.7554 0
      vertex 11.3314 11.3314 26.3672
      vertex 11.3314 11.3314 0
    endloop
  endfacet
  facet normal -0.83147 -0.55557 0
    outer loop
      vertex 13.8781 8.0125 26.3672
      vertex 12.7135 9.7554 26.3672
      vertex 13.8781 8.0125 0
    endloop
  endfacet
  facet normal -0.83147 -0.55557 0
    outer loop
      vertex 13.8781 8.0125 0
      vertex 12.7135 9.7554 26.3672
      vertex 12.7135 9.7554 0
    endloop
  endfacet
  facet normal -0.896873 -0.442289 0
    outer loop
      vertex 14.8052 6.1325 26.3672
      vertex 13.8781 8.0125 26.3672
      vertex 14.8052 6.1325 0
    endloop
  endfacet
  facet normal -0.896873 -0.442289 0
    outer loop
      vertex 14.8052 6.1325 0
      vertex 13.8781 8.0125 26.3672
      vertex 13.8781 8.0125 0
    endloop
  endfacet
  facet normal -0.94693 -0.321439 0
    outer loop
      vertex 15.479 4.14757 26.3672
      vertex 14.8052 6.1325 26.3672
      vertex 15.479 4.14757 0
    endloop
  endfacet
  facet normal -0.94693 -0.321439 0
    outer loop
      vertex 15.479 4.14757 0
      vertex 14.8052 6.1325 26.3672
      vertex 14.8052 6.1325 0
    endloop
  endfacet
  facet normal -0.980785 -0.195091 0
    outer loop
      vertex 15.8879 2.09168 26.3672
      vertex 15.479 4.14757 26.3672
      vertex 15.8879 2.09168 0
    endloop
  endfacet
  facet normal -0.980785 -0.195091 0
    outer loop
      vertex 15.8879 2.09168 0
      vertex 15.479 4.14757 26.3672
      vertex 15.479 4.14757 0
    endloop
  endfacet
  facet normal -0.997859 -0.0654031 0
    outer loop
      vertex 16.025 0 26.3672
      vertex 15.8879 2.09168 26.3672
      vertex 16.025 0 0
    endloop
  endfacet
  facet normal -0.997859 -0.0654031 0
    outer loop
      vertex 16.025 0 0
      vertex 15.8879 2.09168 26.3672
      vertex 15.8879 2.09168 0
    endloop
  endfacet
  facet normal -0.997859 0.0654031 0
    outer loop
      vertex 16.025 0 26.3672
      vertex 16.025 0 0
      vertex 15.8879 -2.09168 26.3672
    endloop
  endfacet
  facet normal -0.997859 0.0654031 0
    outer loop
      vertex 15.8879 -2.09168 26.3672
      vertex 16.025 0 0
      vertex 15.8879 -2.09168 0
    endloop
  endfacet
  facet normal -0.980785 0.195091 0
    outer loop
      vertex 15.8879 -2.09168 26.3672
      vertex 15.8879 -2.09168 0
      vertex 15.479 -4.14757 26.3672
    endloop
  endfacet
  facet normal -0.980785 0.195091 0
    outer loop
      vertex 15.479 -4.14757 26.3672
      vertex 15.8879 -2.09168 0
      vertex 15.479 -4.14757 0
    endloop
  endfacet
  facet normal -0.94693 0.321439 0
    outer loop
      vertex 15.479 -4.14757 26.3672
      vertex 15.479 -4.14757 0
      vertex 14.8052 -6.1325 26.3672
    endloop
  endfacet
  facet normal -0.94693 0.321439 0
    outer loop
      vertex 14.8052 -6.1325 26.3672
      vertex 15.479 -4.14757 0
      vertex 14.8052 -6.1325 0
    endloop
  endfacet
  facet normal -0.896873 0.442289 0
    outer loop
      vertex 14.8052 -6.1325 26.3672
      vertex 14.8052 -6.1325 0
      vertex 13.8781 -8.0125 26.3672
    endloop
  endfacet
  facet normal -0.896873 0.442289 0
    outer loop
      vertex 13.8781 -8.0125 26.3672
      vertex 14.8052 -6.1325 0
      vertex 13.8781 -8.0125 0
    endloop
  endfacet
  facet normal -0.83147 0.55557 0
    outer loop
      vertex 13.8781 -8.0125 26.3672
      vertex 13.8781 -8.0125 0
      vertex 12.7135 -9.7554 26.3672
    endloop
  endfacet
  facet normal -0.83147 0.55557 0
    outer loop
      vertex 12.7135 -9.7554 26.3672
      vertex 13.8781 -8.0125 0
      vertex 12.7135 -9.7554 0
    endloop
  endfacet
  facet normal -0.75184 0.659346 0
    outer loop
      vertex 12.7135 -9.7554 26.3672
      vertex 12.7135 -9.7554 0
      vertex 11.3314 -11.3314 26.3672
    endloop
  endfacet
  facet normal -0.75184 0.659346 0
    outer loop
      vertex 11.3314 -11.3314 26.3672
      vertex 12.7135 -9.7554 0
      vertex 11.3314 -11.3314 0
    endloop
  endfacet
  facet normal -0.659346 0.75184 0
    outer loop
      vertex 11.3314 -11.3314 26.3672
      vertex 11.3314 -11.3314 0
      vertex 9.7554 -12.7135 26.3672
    endloop
  endfacet
  facet normal -0.659346 0.75184 0
    outer loop
      vertex 9.7554 -12.7135 26.3672
      vertex 11.3314 -11.3314 0
      vertex 9.7554 -12.7135 0
    endloop
  endfacet
  facet normal -0.55557 0.83147 0
    outer loop
      vertex 9.7554 -12.7135 26.3672
      vertex 9.7554 -12.7135 0
      vertex 8.0125 -13.8781 26.3672
    endloop
  endfacet
  facet normal -0.55557 0.83147 0
    outer loop
      vertex 8.0125 -13.8781 26.3672
      vertex 9.7554 -12.7135 0
      vertex 8.0125 -13.8781 0
    endloop
  endfacet
  facet normal -0.442289 0.896873 0
    outer loop
      vertex 8.0125 -13.8781 26.3672
      vertex 8.0125 -13.8781 0
      vertex 6.1325 -14.8052 26.3672
    endloop
  endfacet
  facet normal -0.442289 0.896873 0
    outer loop
      vertex 6.1325 -14.8052 26.3672
      vertex 8.0125 -13.8781 0
      vertex 6.1325 -14.8052 0
    endloop
  endfacet
  facet normal -0.321439 0.94693 0
    outer loop
      vertex 6.1325 -14.8052 26.3672
      vertex 6.1325 -14.8052 0
      vertex 4.14757 -15.479 26.3672
    endloop
  endfacet
  facet normal -0.321439 0.94693 0
    outer loop
      vertex 4.14757 -15.479 26.3672
      vertex 6.1325 -14.8052 0
      vertex 4.14757 -15.479 0
    endloop
  endfacet
  facet normal -0.195091 0.980785 0
    outer loop
      vertex 4.14757 -15.479 26.3672
      vertex 4.14757 -15.479 0
      vertex 2.09168 -15.8879 26.3672
    endloop
  endfacet
  facet normal -0.195091 0.980785 0
    outer loop
      vertex 2.09168 -15.8879 26.3672
      vertex 4.14757 -15.479 0
      vertex 2.09168 -15.8879 0
    endloop
  endfacet
  facet normal -0.0654031 0.997859 0
    outer loop
      vertex 2.09168 -15.8879 26.3672
      vertex 2.09168 -15.8879 0
      vertex 0 -16.025 26.3672
    endloop
  endfacet
  facet normal -0.0654031 0.997859 0
    outer loop
      vertex 0 -16.025 26.3672
      vertex 2.09168 -15.8879 0
      vertex 0 -16.025 0
    endloop
  endfacet
  facet normal 0.0654031 0.997859 0
    outer loop
      vertex 0 -16.025 26.3672
      vertex 0 -16.025 0
      vertex -2.09168 -15.8879 26.3672
    endloop
  endfacet
  facet normal 0.0654031 0.997859 0
    outer loop
      vertex -2.09168 -15.8879 26.3672
      vertex 0 -16.025 0
      vertex -2.09168 -15.8879 0
    endloop
  endfacet
  facet normal 0.195091 0.980785 0
    outer loop
      vertex -2.09168 -15.8879 26.3672
      vertex -2.09168 -15.8879 0
      vertex -4.14757 -15.479 26.3672
    endloop
  endfacet
  facet normal 0.195091 0.980785 0
    outer loop
      vertex -4.14757 -15.479 26.3672
      vertex -2.09168 -15.8879 0
      vertex -4.14757 -15.479 0
    endloop
  endfacet
  facet normal 0.321439 0.94693 0
    outer loop
      vertex -4.14757 -15.479 26.3672
      vertex -4.14757 -15.479 0
      vertex -6.1325 -14.8052 26.3672
    endloop
  endfacet
  facet normal 0.321439 0.94693 0
    outer loop
      vertex -6.1325 -14.8052 26.3672
      vertex -4.14757 -15.479 0
      vertex -6.1325 -14.8052 0
    endloop
  endfacet
  facet normal 0.442289 0.896873 0
    outer loop
      vertex -6.1325 -14.8052 26.3672
      vertex -6.1325 -14.8052 0
      vertex -8.0125 -13.8781 26.3672
    endloop
  endfacet
  facet normal 0.442289 0.896873 0
    outer loop
      vertex -8.0125 -13.8781 26.3672
      vertex -6.1325 -14.8052 0
      vertex -8.0125 -13.8781 0
    endloop
  endfacet
  facet normal 0.55557 0.83147 0
    outer loop
      vertex -8.0125 -13.8781 26.3672
      vertex -8.0125 -13.8781 0
      vertex -9.7554 -12.7135 26.3672
    endloop
  endfacet
  facet normal 0.55557 0.83147 0
    outer loop
      vertex -9.7554 -12.7135 26.3672
      vertex -8.0125 -13.8781 0
      vertex -9.7554 -12.7135 0
    endloop
  endfacet
  facet normal 0.659346 0.75184 0
    outer loop
      vertex -9.7554 -12.7135 26.3672
      vertex -9.7554 -12.7135 0
      vertex -11.3314 -11.3314 26.3672
    endloop
  endfacet
  facet normal 0.659346 0.75184 0
    outer loop
      vertex -11.3314 -11.3314 26.3672
      vertex -9.7554 -12.7135 0
      vertex -11.3314 -11.3314 0
    endloop
  endfacet
  facet normal 0.75184 0.659346 0
    outer loop
      vertex -12.7135 -9.7554 26.3672
      vertex -11.3314 -11.3314 26.3672
      vertex -11.3314 -11.3314 0
    endloop
  endfacet
  facet normal 0.75184 0.659346 0
    outer loop
      vertex -12.7135 -9.7554 0
      vertex -12.7135 -9.7554 26.3672
      vertex -11.3314 -11.3314 0
    endloop
  endfacet
  facet normal 0.83147 0.55557 0
    outer loop
      vertex -13.8781 -8.0125 26.3672
      vertex -12.7135 -9.7554 26.3672
      vertex -12.7135 -9.7554 0
    endloop
  endfacet
  facet normal 0.83147 0.55557 0
    outer loop
      vertex -13.8781 -8.0125 0
      vertex -13.8781 -8.0125 26.3672
      vertex -12.7135 -9.7554 0
    endloop
  endfacet
  facet normal 0.896873 0.442289 0
    outer loop
      vertex -14.8052 -6.1325 26.3672
      vertex -13.8781 -8.0125 26.3672
      vertex -13.8781 -8.0125 0
    endloop
  endfacet
  facet normal 0.896873 0.442289 0
    outer loop
      vertex -14.8052 -6.1325 0
      vertex -14.8052 -6.1325 26.3672
      vertex -13.8781 -8.0125 0
    endloop
  endfacet
  facet normal 0.94693 0.321439 0
    outer loop
      vertex -15.479 -4.14757 26.3672
      vertex -14.8052 -6.1325 26.3672
      vertex -14.8052 -6.1325 0
    endloop
  endfacet
  facet normal 0.94693 0.321439 0
    outer loop
      vertex -15.479 -4.14757 0
      vertex -15.479 -4.14757 26.3672
      vertex -14.8052 -6.1325 0
    endloop
  endfacet
  facet normal 0.980785 0.195091 0
    outer loop
      vertex -15.8879 -2.09168 26.3672
      vertex -15.479 -4.14757 26.3672
      vertex -15.479 -4.14757 0
    endloop
  endfacet
  facet normal 0.980785 0.195091 0
    outer loop
      vertex -15.8879 -2.09168 0
      vertex -15.8879 -2.09168 26.3672
      vertex -15.479 -4.14757 0
    endloop
  endfacet
  facet normal 0 0 1
    outer loop
      vertex -18.193 2.39516 26.3672
      vertex -18.35 0 26.3672
      vertex -18.193 -2.39516 26.3672
    endloop
  endfacet
  facet normal 0 0 1
    outer loop
      vertex -16.9532 -7.02224 26.3672
      vertex -18.193 2.39516 26.3672
      vertex -17.7247 -4.74933 26.3672
    endloop
  endfacet
  facet normal 0 0 1
    outer loop
      vertex -17.7247 -4.74933 26.3672
      vertex -18.193 2.39516 26.3672
      vertex -18.193 -2.39516 26.3672
    endloop
  endfacet
  facet normal 0 0 1
    outer loop
      vertex -15.8916 -9.175 26.3672
      vertex -18.193 2.39516 26.3672
      vertex -16.9532 -7.02224 26.3672
    endloop
  endfacet
  facet normal 0 0 1
    outer loop
      vertex -14.558 -11.1708 26.3672
      vertex -18.193 2.39516 26.3672
      vertex -15.8916 -9.175 26.3672
    endloop
  endfacet
  facet normal 0 0 1
    outer loop
      vertex -12.9754 -12.9754 26.3672
      vertex -18.193 2.39516 26.3672
      vertex -14.558 -11.1708 26.3672
    endloop
  endfacet
  facet normal 0 0 1
    outer loop
      vertex -14.8052 -6.1325 26.3672
      vertex -18.193 2.39516 26.3672
      vertex -12.9754 -12.9754 26.3672
    endloop
  endfacet
  facet normal 0 0 1
    outer loop
      vertex -14.8052 -6.1325 26.3672
      vertex -15.479 -4.14757 26.3672
      vertex -18.193 2.39516 26.3672
    endloop
  endfacet
  facet normal 0 0 1
    outer loop
      vertex 4.14757 15.479 26.3672
      vertex 6.1325 14.8052 26.3672
      vertex 7.02224 16.9532 26.3672
    endloop
  endfacet
  facet normal 0 0 1
    outer loop
      vertex -9.7554 12.7135 26.3672
      vertex -8.0125 13.8781 26.3672
      vertex -4.74933 17.7247 26.3672
    endloop
  endfacet
  facet normal 0 0 1
    outer loop
      vertex -6.1325 14.8052 26.3672
      vertex -4.14757 15.479 26.3672
      vertex -2.39516 18.193 26.3672
    endloop
  endfacet
  facet normal 0 0 1
    outer loop
      vertex -11.1708 14.558 26.3672
      vertex -18.193 2.39516 26.3672
      vertex -9.175 15.8916 26.3672
    endloop
  endfacet
  facet normal 0 0 1
    outer loop
      vertex -12.9754 12.9754 26.3672
      vertex -18.193 2.39516 26.3672
      vertex -11.1708 14.558 26.3672
    endloop
  endfacet
  facet normal 0 0 1
    outer loop
      vertex -14.558 11.1708 26.3672
      vertex -18.193 2.39516 26.3672
      vertex -12.9754 12.9754 26.3672
    endloop
  endfacet
  facet normal 0 0 1
    outer loop
      vertex -15.8916 9.175 26.3672
      vertex -18.193 2.39516 26.3672
      vertex -14.558 11.1708 26.3672
    endloop
  endfacet
  facet normal 0 0 1
    outer loop
      vertex -16.9532 7.02224 26.3672
      vertex -18.193 2.39516 26.3672
      vertex -15.8916 9.175 26.3672
    endloop
  endfacet
  facet normal 0 0 1
    outer loop
      vertex -17.7247 4.74933 26.3672
      vertex -18.193 2.39516 26.3672
      vertex -16.9532 7.02224 26.3672
    endloop
  endfacet
  facet normal 0 0 1
    outer loop
      vertex -13.8781 -8.0125 26.3672
      vertex -14.8052 -6.1325 26.3672
      vertex -11.1708 -14.558 26.3672
    endloop
  endfacet
  facet normal 0 0 1
    outer loop
      vertex 9.7554 -12.7135 26.3672
      vertex 8.0125 -13.8781 26.3672
      vertex 11.1708 -14.558 26.3672
    endloop
  endfacet
  facet normal 0 0 1
    outer loop
      vertex -4.14757 -15.479 26.3672
      vertex -6.1325 -14.8052 26.3672
      vertex -2.39516 -18.193 26.3672
    endloop
  endfacet
  facet normal 0 0 1
    outer loop
      vertex 14.8052 -6.1325 26.3672
      vertex 13.8781 -8.0125 26.3672
      vertex 16.9532 -7.02224 26.3672
    endloop
  endfacet
  facet normal 0 0 1
    outer loop
      vertex 6.1325 14.8052 26.3672
      vertex 8.0125 13.8781 26.3672
      vertex 9.175 15.8916 26.3672
    endloop
  endfacet
  facet normal 0 0 1
    outer loop
      vertex -4.14757 15.479 26.3672
      vertex -2.09168 15.8879 26.3672
      vertex 0 18.35 26.3672
    endloop
  endfacet
  facet normal 0 0 1
    outer loop
      vertex -13.8781 8.0125 26.3672
      vertex -12.7135 9.7554 26.3672
      vertex -18.193 2.39516 26.3672
    endloop
  endfacet
  facet normal 0 0 1
    outer loop
      vertex 0 16.025 26.3672
      vertex 2.09168 15.8879 26.3672
      vertex 4.74933 17.7247 26.3672
    endloop
  endfacet
  facet normal 0 0 1
    outer loop
      vertex -12.7135 9.7554 26.3672
      vertex -11.3314 11.3314 26.3672
      vertex -7.02224 16.9532 26.3672
    endloop
  endfacet
  facet normal 0 0 1
    outer loop
      vertex -9.175 15.8916 26.3672
      vertex -12.7135 9.7554 26.3672
      vertex -7.02224 16.9532 26.3672
    endloop
  endfacet
  facet normal 0 0 1
    outer loop
      vertex -9.175 15.8916 26.3672
      vertex -18.193 2.39516 26.3672
      vertex -12.7135 9.7554 26.3672
    endloop
  endfacet
  facet normal 0 0 1
    outer loop
      vertex -7.02224 16.9532 26.3672
      vertex -11.3314 11.3314 26.3672
      vertex -4.74933 17.7247 26.3672
    endloop
  endfacet
  facet normal 0 0 1
    outer loop
      vertex -11.3314 11.3314 26.3672
      vertex -9.7554 12.7135 26.3672
      vertex -4.74933 17.7247 26.3672
    endloop
  endfacet
  facet normal 0 0 1
    outer loop
      vertex -4.74933 17.7247 26.3672
      vertex -8.0125 13.8781 26.3672
      vertex -2.39516 18.193 26.3672
    endloop
  endfacet
  facet normal 0 0 1
    outer loop
      vertex -8.0125 13.8781 26.3672
      vertex -6.1325 14.8052 26.3672
      vertex -2.39516 18.193 26.3672
    endloop
  endfacet
  facet normal 0 0 1
    outer loop
      vertex -2.39516 18.193 26.3672
      vertex -4.14757 15.479 26.3672
      vertex 0 18.35 26.3672
    endloop
  endfacet
  facet normal 0 0 1
    outer loop
      vertex -14.8052 6.1325 26.3672
      vertex -13.8781 8.0125 26.3672
      vertex -18.193 2.39516 26.3672
    endloop
  endfacet
  facet normal 0 0 1
    outer loop
      vertex 0 18.35 26.3672
      vertex -2.09168 15.8879 26.3672
      vertex 2.39516 18.193 26.3672
    endloop
  endfacet
  facet normal 0 0 1
    outer loop
      vertex 2.39516 18.193 26.3672
      vertex 0 16.025 26.3672
      vertex 4.74933 17.7247 26.3672
    endloop
  endfacet
  facet normal 0 0 1
    outer loop
      vertex 4.74933 17.7247 26.3672
      vertex 2.09168 15.8879 26.3672
      vertex 7.02224 16.9532 26.3672
    endloop
  endfacet
  facet normal 0 0 1
    outer loop
      vertex 2.09168 15.8879 26.3672
      vertex 4.14757 15.479 26.3672
      vertex 7.02224 16.9532 26.3672
    endloop
  endfacet
  facet normal 0 0 1
    outer loop
      vertex 7.02224 16.9532 26.3672
      vertex 6.1325 14.8052 26.3672
      vertex 9.175 15.8916 26.3672
    endloop
  endfacet
  facet normal 0 0 1
    outer loop
      vertex -2.09168 15.8879 26.3672
      vertex 0 16.025 26.3672
      vertex 2.39516 18.193 26.3672
    endloop
  endfacet
  facet normal 0 0 1
    outer loop
      vertex 9.175 15.8916 26.3672
      vertex 8.0125 13.8781 26.3672
      vertex 11.1708 14.558 26.3672
    endloop
  endfacet
  facet normal 0 0 1
    outer loop
      vertex 11.1708 14.558 26.3672
      vertex 9.7554 12.7135 26.3672
      vertex 12.9754 12.9754 26.3672
    endloop
  endfacet
  facet normal 0 0 1
    outer loop
      vertex 2.09168 -15.8879 26.3672
      vertex 0 -16.025 26.3672
      vertex 2.39516 -18.193 26.3672
    endloop
  endfacet
  facet normal 0 0 1
    outer loop
      vertex 12.9754 12.9754 26.3672
      vertex 11.3314 11.3314 26.3672
      vertex 14.558 11.1708 26.3672
    endloop
  endfacet
  facet normal 0 0 1
    outer loop
      vertex -15.479 4.14757 26.3672
      vertex -14.8052 6.1325 26.3672
      vertex -18.193 2.39516 26.3672
    endloop
  endfacet
  facet normal 0 0 1
    outer loop
      vertex 14.558 11.1708 26.3672
      vertex 12.7135 9.7554 26.3672
      vertex 15.8916 9.175 26.3672
    endloop
  endfacet
  facet normal 0 0 1
    outer loop
      vertex 15.8916 9.175 26.3672
      vertex 13.8781 8.0125 26.3672
      vertex 16.9532 7.02224 26.3672
    endloop
  endfacet
  facet normal 0 0 1
    outer loop
      vertex 16.9532 7.02224 26.3672
      vertex 14.8052 6.1325 26.3672
      vertex 17.7247 4.74933 26.3672
    endloop
  endfacet
  facet normal 0 0 1
    outer loop
      vertex 17.7247 4.74933 26.3672
      vertex 15.479 4.14757 26.3672
      vertex 18.193 2.39516 26.3672
    endloop
  endfacet
  facet normal 0 0 1
    outer loop
      vertex 18.193 2.39516 26.3672
      vertex 15.8879 2.09168 26.3672
      vertex 18.35 0 26.3672
    endloop
  endfacet
  facet normal 0 0 1
    outer loop
      vertex 18.35 0 26.3672
      vertex 16.025 0 26.3672
      vertex 18.193 -2.39516 26.3672
    endloop
  endfacet
  facet normal 0 0 1
    outer loop
      vertex 16.025 0 26.3672
      vertex 15.8879 -2.09168 26.3672
      vertex 18.193 -2.39516 26.3672
    endloop
  endfacet
  facet normal 0 0 1
    outer loop
      vertex 18.193 -2.39516 26.3672
      vertex 15.479 -4.14757 26.3672
      vertex 17.7247 -4.74933 26.3672
    endloop
  endfacet
  facet normal 0 0 1
    outer loop
      vertex 17.7247 -4.74933 26.3672
      vertex 14.8052 -6.1325 26.3672
      vertex 16.9532 -7.02224 26.3672
    endloop
  endfacet
  facet normal 0 0 1
    outer loop
      vertex 8.0125 13.8781 26.3672
      vertex 9.7554 12.7135 26.3672
      vertex 11.1708 14.558 26.3672
    endloop
  endfacet
  facet normal 0 0 1
    outer loop
      vertex 16.9532 -7.02224 26.3672
      vertex 13.8781 -8.0125 26.3672
      vertex 15.8916 -9.175 26.3672
    endloop
  endfacet
  facet normal 0 0 1
    outer loop
      vertex 9.7554 12.7135 26.3672
      vertex 11.3314 11.3314 26.3672
      vertex 12.9754 12.9754 26.3672
    endloop
  endfacet
  facet normal 0 0 1
    outer loop
      vertex 15.8916 -9.175 26.3672
      vertex 12.7135 -9.7554 26.3672
      vertex 14.558 -11.1708 26.3672
    endloop
  endfacet
  facet normal 0 0 1
    outer loop
      vertex 11.3314 11.3314 26.3672
      vertex 12.7135 9.7554 26.3672
      vertex 14.558 11.1708 26.3672
    endloop
  endfacet
  facet normal 0 0 1
    outer loop
      vertex 14.558 -11.1708 26.3672
      vertex 11.3314 -11.3314 26.3672
      vertex 12.9754 -12.9754 26.3672
    endloop
  endfacet
  facet normal 0 0 1
    outer loop
      vertex 12.7135 9.7554 26.3672
      vertex 13.8781 8.0125 26.3672
      vertex 15.8916 9.175 26.3672
    endloop
  endfacet
  facet normal 0 0 1
    outer loop
      vertex 12.9754 -12.9754 26.3672
      vertex 9.7554 -12.7135 26.3672
      vertex 11.1708 -14.558 26.3672
    endloop
  endfacet
  facet normal 0 0 1
    outer loop
      vertex 13.8781 8.0125 26.3672
      vertex 14.8052 6.1325 26.3672
      vertex 16.9532 7.02224 26.3672
    endloop
  endfacet
  facet normal 0 0 1
    outer loop
      vertex 11.1708 -14.558 26.3672
      vertex 8.0125 -13.8781 26.3672
      vertex 9.175 -15.8916 26.3672
    endloop
  endfacet
  facet normal 0 0 1
    outer loop
      vertex 14.8052 6.1325 26.3672
      vertex 15.479 4.14757 26.3672
      vertex 17.7247 4.74933 26.3672
    endloop
  endfacet
  facet normal 0 0 1
    outer loop
      vertex 9.175 -15.8916 26.3672
      vertex 6.1325 -14.8052 26.3672
      vertex 7.02224 -16.9532 26.3672
    endloop
  endfacet
  facet normal 0 0 1
    outer loop
      vertex 15.479 4.14757 26.3672
      vertex 15.8879 2.09168 26.3672
      vertex 18.193 2.39516 26.3672
    endloop
  endfacet
  facet normal 0 0 1
    outer loop
      vertex 7.02224 -16.9532 26.3672
      vertex 4.14757 -15.479 26.3672
      vertex 4.74933 -17.7247 26.3672
    endloop
  endfacet
  facet normal 0 0 1
    outer loop
      vertex 15.8879 2.09168 26.3672
      vertex 16.025 0 26.3672
      vertex 18.35 0 26.3672
    endloop
  endfacet
  facet normal 0 0 1
    outer loop
      vertex 4.74933 -17.7247 26.3672
      vertex 2.09168 -15.8879 26.3672
      vertex 2.39516 -18.193 26.3672
    endloop
  endfacet
  facet normal 0 0 1
    outer loop
      vertex 15.8879 -2.09168 26.3672
      vertex 15.479 -4.14757 26.3672
      vertex 18.193 -2.39516 26.3672
    endloop
  endfacet
  facet normal 0 0 1
    outer loop
      vertex 2.39516 -18.193 26.3672
      vertex 0 -16.025 26.3672
      vertex 0 -18.35 26.3672
    endloop
  endfacet
  facet normal 0 0 1
    outer loop
      vertex 0 -16.025 26.3672
      vertex -2.09168 -15.8879 26.3672
      vertex 0 -18.35 26.3672
    endloop
  endfacet
  facet normal 0 0 1
    outer loop
      vertex 0 -18.35 26.3672
      vertex -4.14757 -15.479 26.3672
      vertex -2.39516 -18.193 26.3672
    endloop
  endfacet
  facet normal 0 0 1
    outer loop
      vertex 13.8781 -8.0125 26.3672
      vertex 12.7135 -9.7554 26.3672
      vertex 15.8916 -9.175 26.3672
    endloop
  endfacet
  facet normal 0 0 1
    outer loop
      vertex -2.39516 -18.193 26.3672
      vertex -6.1325 -14.8052 26.3672
      vertex -4.74933 -17.7247 26.3672
    endloop
  endfacet
  facet normal 0 0 1
    outer loop
      vertex 12.7135 -9.7554 26.3672
      vertex 11.3314 -11.3314 26.3672
      vertex 14.558 -11.1708 26.3672
    endloop
  endfacet
  facet normal 0 0 1
    outer loop
      vertex -4.74933 -17.7247 26.3672
      vertex -8.0125 -13.8781 26.3672
      vertex -7.02224 -16.9532 26.3672
    endloop
  endfacet
  facet normal 0 0 1
    outer loop
      vertex 11.3314 -11.3314 26.3672
      vertex 9.7554 -12.7135 26.3672
      vertex 12.9754 -12.9754 26.3672
    endloop
  endfacet
  facet normal 0 0 1
    outer loop
      vertex -7.02224 -16.9532 26.3672
      vertex -9.7554 -12.7135 26.3672
      vertex -9.175 -15.8916 26.3672
    endloop
  endfacet
  facet normal 0 0 1
    outer loop
      vertex -9.7554 -12.7135 26.3672
      vertex -11.3314 -11.3314 26.3672
      vertex -9.175 -15.8916 26.3672
    endloop
  endfacet
  facet normal 0 0 1
    outer loop
      vertex -9.175 -15.8916 26.3672
      vertex -12.7135 -9.7554 26.3672
      vertex -11.1708 -14.558 26.3672
    endloop
  endfacet
  facet normal 0 0 1
    outer loop
      vertex -6.1325 -14.8052 26.3672
      vertex -8.0125 -13.8781 26.3672
      vertex -4.74933 -17.7247 26.3672
    endloop
  endfacet
  facet normal 0 0 1
    outer loop
      vertex -12.7135 -9.7554 26.3672
      vertex -13.8781 -8.0125 26.3672
      vertex -11.1708 -14.558 26.3672
    endloop
  endfacet
  facet normal 0 0 1
    outer loop
      vertex -11.1708 -14.558 26.3672
      vertex -14.8052 -6.1325 26.3672
      vertex -12.9754 -12.9754 26.3672
    endloop
  endfacet
  facet normal 0 0 1
    outer loop
      vertex -15.479 -4.14757 26.3672
      vertex -15.8879 -2.09168 26.3672
      vertex -18.193 2.39516 26.3672
    endloop
  endfacet
  facet normal 0 0 1
    outer loop
      vertex -11.3314 -11.3314 26.3672
      vertex -12.7135 -9.7554 26.3672
      vertex -9.175 -15.8916 26.3672
    endloop
  endfacet
  facet normal 0 0 1
    outer loop
      vertex -15.8879 -2.09168 26.3672
      vertex -16.025 0 26.3672
      vertex -18.193 2.39516 26.3672
    endloop
  endfacet
  facet normal 0 0 1
    outer loop
      vertex 8.0125 -13.8781 26.3672
      vertex 6.1325 -14.8052 26.3672
      vertex 9.175 -15.8916 26.3672
    endloop
  endfacet
  facet normal 0 0 1
    outer loop
      vertex 6.1325 -14.8052 26.3672
      vertex 4.14757 -15.479 26.3672
      vertex 7.02224 -16.9532 26.3672
    endloop
  endfacet
  facet normal 0 0 1
    outer loop
      vertex 4.14757 -15.479 26.3672
      vertex 2.09168 -15.8879 26.3672
      vertex 4.74933 -17.7247 26.3672
    endloop
  endfacet
  facet normal 0 0 1
    outer loop
      vertex -8.0125 -13.8781 26.3672
      vertex -9.7554 -12.7135 26.3672
      vertex -7.02224 -16.9532 26.3672
    endloop
  endfacet
  facet normal 0 0 1
    outer loop
      vertex -2.09168 -15.8879 26.3672
      vertex -4.14757 -15.479 26.3672
      vertex 0 -18.35 26.3672
    endloop
  endfacet
  facet normal 0 0 1
    outer loop
      vertex -16.025 0 26.3672
      vertex -15.8879 2.09168 26.3672
      vertex -18.193 2.39516 26.3672
    endloop
  endfacet
  facet normal 0 0 1
    outer loop
      vertex 15.479 -4.14757 26.3672
      vertex 14.8052 -6.1325 26.3672
      vertex 17.7247 -4.74933 26.3672
    endloop
  endfacet
  facet normal 0 0 1
    outer loop
      vertex -15.8879 2.09168 26.3672
      vertex -15.479 4.14757 26.3672
      vertex -18.193 2.39516 26.3672
    endloop
  endfacet
  facet normal 0 0 -1
    outer loop
      vertex -21.475 0 0
      vertex -21.2913 2.80305 0
      vertex -21.2913 -2.80305 0
    endloop
  endfacet
  facet normal 0 0 -1
    outer loop
      vertex -21.2913 -2.80305 0
      vertex -21.2913 2.80305 0
      vertex -20.7433 5.55814 0
    endloop
  endfacet
  facet normal 0 0 -1
    outer loop
      vertex -21.2913 -2.80305 0
      vertex -20.7433 5.55814 0
      vertex -19.8403 8.21813 0
    endloop
  endfacet
  facet normal 0 0 -1
    outer loop
      vertex -21.2913 -2.80305 0
      vertex -19.8403 8.21813 0
      vertex -18.5979 10.7375 0
    endloop
  endfacet
  facet normal 0 0 -1
    outer loop
      vertex -21.2913 -2.80305 0
      vertex -18.5979 10.7375 0
      vertex -17.0373 13.0732 0
    endloop
  endfacet
  facet normal 0 0 -1
    outer loop
      vertex -21.2913 -2.80305 0
      vertex -17.0373 13.0732 0
      vertex -15.1851 15.1851 0
    endloop
  endfacet
  facet normal 0 0 -1
    outer loop
      vertex -16.5844 9.575 0
      vertex -15.1851 15.1851 0
      vertex -13.0732 17.0373 0
    endloop
  endfacet
  facet normal 0 0 -1
    outer loop
      vertex -13.5411 13.5411 0
      vertex -13.0732 17.0373 0
      vertex -10.7375 18.5979 0
    endloop
  endfacet
  facet normal 0 0 -1
    outer loop
      vertex -11.6578 15.1927 0
      vertex -10.7375 18.5979 0
      vertex -8.21813 19.8403 0
    endloop
  endfacet
  facet normal 0 0 -1
    outer loop
      vertex -9.575 16.5844 0
      vertex -8.21813 19.8403 0
      vertex -5.55814 20.7433 0
    endloop
  endfacet
  facet normal 0 0 -1
    outer loop
      vertex -4.95639 18.4975 0
      vertex -5.55814 20.7433 0
      vertex -2.80305 21.2913 0
    endloop
  endfacet
  facet normal 0 0 -1
    outer loop
      vertex -2.49958 18.9862 0
      vertex -2.80305 21.2913 0
      vertex 0 21.475 0
    endloop
  endfacet
  facet normal 0 0 -1
    outer loop
      vertex 0 19.15 0
      vertex 0 21.475 0
      vertex 2.80305 21.2913 0
    endloop
  endfacet
  facet normal 0 0 -1
    outer loop
      vertex 2.49958 18.9862 0
      vertex 2.80305 21.2913 0
      vertex 5.55814 20.7433 0
    endloop
  endfacet
  facet normal 0 0 -1
    outer loop
      vertex 4.95639 18.4975 0
      vertex 5.55814 20.7433 0
      vertex 8.21813 19.8403 0
    endloop
  endfacet
  facet normal 0 0 -1
    outer loop
      vertex 7.32839 17.6923 0
      vertex 8.21813 19.8403 0
      vertex 10.7375 18.5979 0
    endloop
  endfacet
  facet normal 0 0 -1
    outer loop
      vertex 9.575 16.5844 0
      vertex 10.7375 18.5979 0
      vertex 13.0732 17.0373 0
    endloop
  endfacet
  facet normal 0 0 -1
    outer loop
      vertex 11.6578 15.1927 0
      vertex 13.0732 17.0373 0
      vertex 15.1851 15.1851 0
    endloop
  endfacet
  facet normal 0 0 -1
    outer loop
      vertex 13.5411 13.5411 0
      vertex 15.1851 15.1851 0
      vertex 17.0373 13.0732 0
    endloop
  endfacet
  facet normal 0 0 -1
    outer loop
      vertex 15.1927 11.6578 0
      vertex 17.0373 13.0732 0
      vertex 18.5979 10.7375 0
    endloop
  endfacet
  facet normal 0 0 -1
    outer loop
      vertex 16.5844 9.575 0
      vertex 18.5979 10.7375 0
      vertex 19.8403 8.21813 0
    endloop
  endfacet
  facet normal 0 0 -1
    outer loop
      vertex 17.6923 7.32839 0
      vertex 19.8403 8.21813 0
      vertex 20.7433 5.55814 0
    endloop
  endfacet
  facet normal 0 0 -1
    outer loop
      vertex 18.9862 2.49958 0
      vertex 20.7433 5.55814 0
      vertex 21.2913 2.80305 0
    endloop
  endfacet
  facet normal 0 0 -1
    outer loop
      vertex 19.15 0 0
      vertex 21.2913 2.80305 0
      vertex 21.475 0 0
    endloop
  endfacet
  facet normal 0 0 -1
    outer loop
      vertex 18.9862 -2.49958 0
      vertex 21.475 0 0
      vertex 21.2913 -2.80305 0
    endloop
  endfacet
  facet normal 0 0 -1
    outer loop
      vertex 18.4975 -4.95639 0
      vertex 21.2913 -2.80305 0
      vertex 20.7433 -5.55814 0
    endloop
  endfacet
  facet normal 0 0 -1
    outer loop
      vertex 17.6923 -7.32839 0
      vertex 20.7433 -5.55814 0
      vertex 19.8403 -8.21813 0
    endloop
  endfacet
  facet normal 0 0 -1
    outer loop
      vertex 16.5844 -9.575 0
      vertex 19.8403 -8.21813 0
      vertex 18.5979 -10.7375 0
    endloop
  endfacet
  facet normal 0 0 -1
    outer loop
      vertex 15.1927 -11.6578 0
      vertex 18.5979 -10.7375 0
      vertex 17.0373 -13.0732 0
    endloop
  endfacet
  facet normal 0 0 -1
    outer loop
      vertex 13.5411 -13.5411 0
      vertex 17.0373 -13.0732 0
      vertex 15.1851 -15.1851 0
    endloop
  endfacet
  facet normal 0 0 -1
    outer loop
      vertex 11.6578 -15.1927 0
      vertex 15.1851 -15.1851 0
      vertex 13.0732 -17.0373 0
    endloop
  endfacet
  facet normal 0 0 -1
    outer loop
      vertex 9.575 -16.5844 0
      vertex 13.0732 -17.0373 0
      vertex 10.7375 -18.5979 0
    endloop
  endfacet
  facet normal 0 0 -1
    outer loop
      vertex 7.32839 -17.6923 0
      vertex 10.7375 -18.5979 0
      vertex 8.21813 -19.8403 0
    endloop
  endfacet
  facet normal 0 0 -1
    outer loop
      vertex 4.95639 -18.4975 0
      vertex 8.21813 -19.8403 0
      vertex 5.55814 -20.7433 0
    endloop
  endfacet
  facet normal 0 0 -1
    outer loop
      vertex 2.49958 -18.9862 0
      vertex 5.55814 -20.7433 0
      vertex 2.80305 -21.2913 0
    endloop
  endfacet
  facet normal 0 0 -1
    outer loop
      vertex -2.49958 -18.9862 0
      vertex 2.80305 -21.2913 0
      vertex 0 -21.475 0
    endloop
  endfacet
  facet normal 0 0 -1
    outer loop
      vertex -4.95639 -18.4975 0
      vertex 0 -21.475 0
      vertex -2.80305 -21.2913 0
    endloop
  endfacet
  facet normal 0 0 -1
    outer loop
      vertex -7.32839 -17.6923 0
      vertex -2.80305 -21.2913 0
      vertex -5.55814 -20.7433 0
    endloop
  endfacet
  facet normal 0 0 -1
    outer loop
      vertex -11.6578 -15.1927 0
      vertex -5.55814 -20.7433 0
      vertex -8.21813 -19.8403 0
    endloop
  endfacet
  facet normal 0 0 -1
    outer loop
      vertex -15.1927 -11.6578 0
      vertex -8.21813 -19.8403 0
      vertex -10.7375 -18.5979 0
    endloop
  endfacet
  facet normal 0 0 -1
    outer loop
      vertex -21.2913 -2.80305 0
      vertex -10.7375 -18.5979 0
      vertex -13.0732 -17.0373 0
    endloop
  endfacet
  facet normal 0 0 -1
    outer loop
      vertex -21.2913 -2.80305 0
      vertex -13.0732 -17.0373 0
      vertex -15.1851 -15.1851 0
    endloop
  endfacet
  facet normal 0 0 -1
    outer loop
      vertex -21.2913 -2.80305 0
      vertex -15.1851 -15.1851 0
      vertex -17.0373 -13.0732 0
    endloop
  endfacet
  facet normal 0 0 -1
    outer loop
      vertex -21.2913 -2.80305 0
      vertex -17.0373 -13.0732 0
      vertex -18.5979 -10.7375 0
    endloop
  endfacet
  facet normal 0 0 -1
    outer loop
      vertex -21.2913 -2.80305 0
      vertex -18.5979 -10.7375 0
      vertex -19.8403 -8.21813 0
    endloop
  endfacet
  facet normal 0 0 -1
    outer loop
      vertex -21.2913 -2.80305 0
      vertex -19.8403 -8.21813 0
      vertex -20.7433 -5.55814 0
    endloop
  endfacet
  facet normal 0 0 -1
    outer loop
      vertex -18.9862 -2.49958 0
      vertex -21.2913 -2.80305 0
      vertex -19.15 0 0
    endloop
  endfacet
  facet normal 0 0 -1
    outer loop
      vertex -18.4975 -4.95639 0
      vertex -21.2913 -2.80305 0
      vertex -18.9862 -2.49958 0
    endloop
  endfacet
  facet normal 0 0 -1
    outer loop
      vertex -17.6923 -7.32839 0
      vertex -21.2913 -2.80305 0
      vertex -18.4975 -4.95639 0
    endloop
  endfacet
  facet normal 0 0 -1
    outer loop
      vertex -16.5844 -9.575 0
      vertex -21.2913 -2.80305 0
      vertex -17.6923 -7.32839 0
    endloop
  endfacet
  facet normal 0 0 -1
    outer loop
      vertex -11.6578 -15.1927 0
      vertex -8.21813 -19.8403 0
      vertex -13.5411 -13.5411 0
    endloop
  endfacet
  facet normal 0 0 -1
    outer loop
      vertex -21.2913 -2.80305 0
      vertex -16.5844 -9.575 0
      vertex -10.7375 -18.5979 0
    endloop
  endfacet
  facet normal 0 0 -1
    outer loop
      vertex -13.5411 -13.5411 0
      vertex -8.21813 -19.8403 0
      vertex -15.1927 -11.6578 0
    endloop
  endfacet
  facet normal 0 0 -1
    outer loop
      vertex -16.5844 -9.575 0
      vertex -15.1927 -11.6578 0
      vertex -10.7375 -18.5979 0
    endloop
  endfacet
  facet normal 0 0 -1
    outer loop
      vertex -9.575 -16.5844 0
      vertex -5.55814 -20.7433 0
      vertex -11.6578 -15.1927 0
    endloop
  endfacet
  facet normal 0 0 -1
    outer loop
      vertex -7.32839 -17.6923 0
      vertex -5.55814 -20.7433 0
      vertex -9.575 -16.5844 0
    endloop
  endfacet
  facet normal 0 0 -1
    outer loop
      vertex 0 -19.15 0
      vertex 2.80305 -21.2913 0
      vertex -2.49958 -18.9862 0
    endloop
  endfacet
  facet normal 0 0 -1
    outer loop
      vertex 2.49958 -18.9862 0
      vertex 2.80305 -21.2913 0
      vertex 0 -19.15 0
    endloop
  endfacet
  facet normal 0 0 -1
    outer loop
      vertex -2.49958 -18.9862 0
      vertex 0 -21.475 0
      vertex -4.95639 -18.4975 0
    endloop
  endfacet
  facet normal 0 0 -1
    outer loop
      vertex -4.95639 -18.4975 0
      vertex -2.80305 -21.2913 0
      vertex -7.32839 -17.6923 0
    endloop
  endfacet
  facet normal 0 0 -1
    outer loop
      vertex 18.9862 2.49958 0
      vertex 21.2913 2.80305 0
      vertex 19.15 0 0
    endloop
  endfacet
  facet normal 0 0 -1
    outer loop
      vertex 18.4975 4.95639 0
      vertex 20.7433 5.55814 0
      vertex 18.9862 2.49958 0
    endloop
  endfacet
  facet normal 0 0 -1
    outer loop
      vertex 19.15 0 0
      vertex 21.475 0 0
      vertex 18.9862 -2.49958 0
    endloop
  endfacet
  facet normal 0 0 -1
    outer loop
      vertex 18.9862 -2.49958 0
      vertex 21.2913 -2.80305 0
      vertex 18.4975 -4.95639 0
    endloop
  endfacet
  facet normal 0 0 -1
    outer loop
      vertex 18.4975 -4.95639 0
      vertex 20.7433 -5.55814 0
      vertex 17.6923 -7.32839 0
    endloop
  endfacet
  facet normal 0 0 -1
    outer loop
      vertex 17.6923 -7.32839 0
      vertex 19.8403 -8.21813 0
      vertex 16.5844 -9.575 0
    endloop
  endfacet
  facet normal 0 0 -1
    outer loop
      vertex 16.5844 -9.575 0
      vertex 18.5979 -10.7375 0
      vertex 15.1927 -11.6578 0
    endloop
  endfacet
  facet normal 0 0 -1
    outer loop
      vertex 15.1927 -11.6578 0
      vertex 17.0373 -13.0732 0
      vertex 13.5411 -13.5411 0
    endloop
  endfacet
  facet normal 0 0 -1
    outer loop
      vertex 13.5411 -13.5411 0
      vertex 15.1851 -15.1851 0
      vertex 11.6578 -15.1927 0
    endloop
  endfacet
  facet normal 0 0 -1
    outer loop
      vertex 11.6578 -15.1927 0
      vertex 13.0732 -17.0373 0
      vertex 9.575 -16.5844 0
    endloop
  endfacet
  facet normal 0 0 -1
    outer loop
      vertex 9.575 -16.5844 0
      vertex 10.7375 -18.5979 0
      vertex 7.32839 -17.6923 0
    endloop
  endfacet
  facet normal 0 0 -1
    outer loop
      vertex 7.32839 -17.6923 0
      vertex 8.21813 -19.8403 0
      vertex 4.95639 -18.4975 0
    endloop
  endfacet
  facet normal 0 0 -1
    outer loop
      vertex 4.95639 -18.4975 0
      vertex 5.55814 -20.7433 0
      vertex 2.49958 -18.9862 0
    endloop
  endfacet
  facet normal 0 0 -1
    outer loop
      vertex -7.32839 17.6923 0
      vertex -5.55814 20.7433 0
      vertex -4.95639 18.4975 0
    endloop
  endfacet
  facet normal 0 0 -1
    outer loop
      vertex -9.575 16.5844 0
      vertex -5.55814 20.7433 0
      vertex -7.32839 17.6923 0
    endloop
  endfacet
  facet normal 0 0 -1
    outer loop
      vertex -4.95639 18.4975 0
      vertex -2.80305 21.2913 0
      vertex -2.49958 18.9862 0
    endloop
  endfacet
  facet normal 0 0 -1
    outer loop
      vertex -2.49958 18.9862 0
      vertex 0 21.475 0
      vertex 0 19.15 0
    endloop
  endfacet
  facet normal 0 0 -1
    outer loop
      vertex -15.1927 11.6578 0
      vertex -13.0732 17.0373 0
      vertex -13.5411 13.5411 0
    endloop
  endfacet
  facet normal 0 0 -1
    outer loop
      vertex -17.6923 7.32839 0
      vertex -15.1851 15.1851 0
      vertex -16.5844 9.575 0
    endloop
  endfacet
  facet normal 0 0 -1
    outer loop
      vertex -18.9862 2.49958 0
      vertex -21.2913 -2.80305 0
      vertex -18.4975 4.95639 0
    endloop
  endfacet
  facet normal 0 0 -1
    outer loop
      vertex -21.2913 -2.80305 0
      vertex -15.1851 15.1851 0
      vertex -17.6923 7.32839 0
    endloop
  endfacet
  facet normal 0 0 -1
    outer loop
      vertex -21.2913 -2.80305 0
      vertex -17.6923 7.32839 0
      vertex -18.4975 4.95639 0
    endloop
  endfacet
  facet normal 0 0 -1
    outer loop
      vertex 0 19.15 0
      vertex 2.80305 21.2913 0
      vertex 2.49958 18.9862 0
    endloop
  endfacet
  facet normal 0 0 -1
    outer loop
      vertex -19.15 0 0
      vertex -21.2913 -2.80305 0
      vertex -18.9862 2.49958 0
    endloop
  endfacet
  facet normal 0 0 -1
    outer loop
      vertex -16.5844 9.575 0
      vertex -13.0732 17.0373 0
      vertex -15.1927 11.6578 0
    endloop
  endfacet
  facet normal 0 0 -1
    outer loop
      vertex -13.5411 13.5411 0
      vertex -10.7375 18.5979 0
      vertex -11.6578 15.1927 0
    endloop
  endfacet
  facet normal 0 0 -1
    outer loop
      vertex -11.6578 15.1927 0
      vertex -8.21813 19.8403 0
      vertex -9.575 16.5844 0
    endloop
  endfacet
  facet normal 0 0 -1
    outer loop
      vertex 2.49958 18.9862 0
      vertex 5.55814 20.7433 0
      vertex 4.95639 18.4975 0
    endloop
  endfacet
  facet normal 0 0 -1
    outer loop
      vertex 4.95639 18.4975 0
      vertex 8.21813 19.8403 0
      vertex 7.32839 17.6923 0
    endloop
  endfacet
  facet normal 0 0 -1
    outer loop
      vertex 7.32839 17.6923 0
      vertex 10.7375 18.5979 0
      vertex 9.575 16.5844 0
    endloop
  endfacet
  facet normal 0 0 -1
    outer loop
      vertex 9.575 16.5844 0
      vertex 13.0732 17.0373 0
      vertex 11.6578 15.1927 0
    endloop
  endfacet
  facet normal 0 0 -1
    outer loop
      vertex 11.6578 15.1927 0
      vertex 15.1851 15.1851 0
      vertex 13.5411 13.5411 0
    endloop
  endfacet
  facet normal 0 0 -1
    outer loop
      vertex 13.5411 13.5411 0
      vertex 17.0373 13.0732 0
      vertex 15.1927 11.6578 0
    endloop
  endfacet
  facet normal 0 0 -1
    outer loop
      vertex 15.1927 11.6578 0
      vertex 18.5979 10.7375 0
      vertex 16.5844 9.575 0
    endloop
  endfacet
  facet normal 0 0 -1
    outer loop
      vertex 16.5844 9.575 0
      vertex 19.8403 8.21813 0
      vertex 17.6923 7.32839 0
    endloop
  endfacet
  facet normal 0 0 -1
    outer loop
      vertex 17.6923 7.32839 0
      vertex 20.7433 5.55814 0
      vertex 18.4975 4.95639 0
    endloop
  endfacet
  facet normal -0.997859 0.0654033 0
    outer loop
      vertex -21.475 0 0
      vertex -21.475 0 16.9922
      vertex -21.2913 2.80305 0
    endloop
  endfacet
  facet normal -0.997859 0.0654033 0
    outer loop
      vertex -21.2913 2.80305 0
      vertex -21.475 0 16.9922
      vertex -21.2913 2.80305 16.9922
    endloop
  endfacet
  facet normal -0.997859 -0.0654033 0
    outer loop
      vertex -21.475 0 0
      vertex -21.2913 -2.80305 0
      vertex -21.475 0 16.9922
    endloop
  endfacet
  facet normal -0.997859 -0.0654033 0
    outer loop
      vertex -21.475 0 16.9922
      vertex -21.2913 -2.80305 0
      vertex -21.2913 -2.80305 16.9922
    endloop
  endfacet
  facet normal -0.980785 -0.19509 0
    outer loop
      vertex -21.2913 -2.80305 0
      vertex -20.7433 -5.55814 0
      vertex -21.2913 -2.80305 16.9922
    endloop
  endfacet
  facet normal -0.980785 -0.19509 0
    outer loop
      vertex -21.2913 -2.80305 16.9922
      vertex -20.7433 -5.55814 0
      vertex -20.7433 -5.55814 16.9922
    endloop
  endfacet
  facet normal -0.94693 -0.321439 0
    outer loop
      vertex -20.7433 -5.55814 0
      vertex -19.8403 -8.21813 0
      vertex -20.7433 -5.55814 16.9922
    endloop
  endfacet
  facet normal -0.94693 -0.321439 0
    outer loop
      vertex -20.7433 -5.55814 16.9922
      vertex -19.8403 -8.21813 0
      vertex -19.8403 -8.21813 16.9922
    endloop
  endfacet
  facet normal -0.896873 -0.442289 0
    outer loop
      vertex -19.8403 -8.21813 0
      vertex -18.5979 -10.7375 0
      vertex -19.8403 -8.21813 16.9922
    endloop
  endfacet
  facet normal -0.896873 -0.442289 0
    outer loop
      vertex -19.8403 -8.21813 16.9922
      vertex -18.5979 -10.7375 0
      vertex -18.5979 -10.7375 16.9922
    endloop
  endfacet
  facet normal -0.83147 -0.55557 0
    outer loop
      vertex -18.5979 -10.7375 0
      vertex -17.0373 -13.0732 0
      vertex -18.5979 -10.7375 16.9922
    endloop
  endfacet
  facet normal -0.83147 -0.55557 0
    outer loop
      vertex -18.5979 -10.7375 16.9922
      vertex -17.0373 -13.0732 0
      vertex -17.0373 -13.0732 16.9922
    endloop
  endfacet
  facet normal -0.75184 -0.659346 0
    outer loop
      vertex -17.0373 -13.0732 0
      vertex -15.1851 -15.1851 0
      vertex -17.0373 -13.0732 16.9922
    endloop
  endfacet
  facet normal -0.75184 -0.659346 0
    outer loop
      vertex -17.0373 -13.0732 16.9922
      vertex -15.1851 -15.1851 0
      vertex -15.1851 -15.1851 16.9922
    endloop
  endfacet
  facet normal -0.659346 -0.75184 0
    outer loop
      vertex -15.1851 -15.1851 16.9922
      vertex -15.1851 -15.1851 0
      vertex -13.0732 -17.0373 0
    endloop
  endfacet
  facet normal -0.659346 -0.75184 0
    outer loop
      vertex -13.0732 -17.0373 16.9922
      vertex -15.1851 -15.1851 16.9922
      vertex -13.0732 -17.0373 0
    endloop
  endfacet
  facet normal -0.55557 -0.83147 0
    outer loop
      vertex -13.0732 -17.0373 16.9922
      vertex -13.0732 -17.0373 0
      vertex -10.7375 -18.5979 0
    endloop
  endfacet
  facet normal -0.55557 -0.83147 0
    outer loop
      vertex -10.7375 -18.5979 16.9922
      vertex -13.0732 -17.0373 16.9922
      vertex -10.7375 -18.5979 0
    endloop
  endfacet
  facet normal -0.442289 -0.896873 0
    outer loop
      vertex -10.7375 -18.5979 16.9922
      vertex -10.7375 -18.5979 0
      vertex -8.21813 -19.8403 0
    endloop
  endfacet
  facet normal -0.442289 -0.896873 0
    outer loop
      vertex -8.21813 -19.8403 16.9922
      vertex -10.7375 -18.5979 16.9922
      vertex -8.21813 -19.8403 0
    endloop
  endfacet
  facet normal -0.321439 -0.94693 0
    outer loop
      vertex -8.21813 -19.8403 16.9922
      vertex -8.21813 -19.8403 0
      vertex -5.55814 -20.7433 0
    endloop
  endfacet
  facet normal -0.321439 -0.94693 0
    outer loop
      vertex -5.55814 -20.7433 16.9922
      vertex -8.21813 -19.8403 16.9922
      vertex -5.55814 -20.7433 0
    endloop
  endfacet
  facet normal -0.19509 -0.980785 0
    outer loop
      vertex -5.55814 -20.7433 16.9922
      vertex -5.55814 -20.7433 0
      vertex -2.80305 -21.2913 0
    endloop
  endfacet
  facet normal -0.19509 -0.980785 0
    outer loop
      vertex -2.80305 -21.2913 16.9922
      vertex -5.55814 -20.7433 16.9922
      vertex -2.80305 -21.2913 0
    endloop
  endfacet
  facet normal -0.0654033 -0.997859 0
    outer loop
      vertex -2.80305 -21.2913 16.9922
      vertex -2.80305 -21.2913 0
      vertex 0 -21.475 0
    endloop
  endfacet
  facet normal -0.0654033 -0.997859 0
    outer loop
      vertex 0 -21.475 16.9922
      vertex -2.80305 -21.2913 16.9922
      vertex 0 -21.475 0
    endloop
  endfacet
  facet normal 0.0654033 -0.997859 0
    outer loop
      vertex 0 -21.475 16.9922
      vertex 0 -21.475 0
      vertex 2.80305 -21.2913 0
    endloop
  endfacet
  facet normal 0.0654033 -0.997859 0
    outer loop
      vertex 2.80305 -21.2913 16.9922
      vertex 0 -21.475 16.9922
      vertex 2.80305 -21.2913 0
    endloop
  endfacet
  facet normal 0.19509 -0.980785 0
    outer loop
      vertex 2.80305 -21.2913 16.9922
      vertex 2.80305 -21.2913 0
      vertex 5.55814 -20.7433 0
    endloop
  endfacet
  facet normal 0.19509 -0.980785 0
    outer loop
      vertex 5.55814 -20.7433 16.9922
      vertex 2.80305 -21.2913 16.9922
      vertex 5.55814 -20.7433 0
    endloop
  endfacet
  facet normal 0.321439 -0.94693 0
    outer loop
      vertex 5.55814 -20.7433 16.9922
      vertex 5.55814 -20.7433 0
      vertex 8.21813 -19.8403 0
    endloop
  endfacet
  facet normal 0.321439 -0.94693 0
    outer loop
      vertex 8.21813 -19.8403 16.9922
      vertex 5.55814 -20.7433 16.9922
      vertex 8.21813 -19.8403 0
    endloop
  endfacet
  facet normal 0.442289 -0.896873 0
    outer loop
      vertex 8.21813 -19.8403 16.9922
      vertex 8.21813 -19.8403 0
      vertex 10.7375 -18.5979 0
    endloop
  endfacet
  facet normal 0.442289 -0.896873 0
    outer loop
      vertex 10.7375 -18.5979 16.9922
      vertex 8.21813 -19.8403 16.9922
      vertex 10.7375 -18.5979 0
    endloop
  endfacet
  facet normal 0.55557 -0.83147 0
    outer loop
      vertex 10.7375 -18.5979 16.9922
      vertex 10.7375 -18.5979 0
      vertex 13.0732 -17.0373 0
    endloop
  endfacet
  facet normal 0.55557 -0.83147 0
    outer loop
      vertex 13.0732 -17.0373 16.9922
      vertex 10.7375 -18.5979 16.9922
      vertex 13.0732 -17.0373 0
    endloop
  endfacet
  facet normal 0.659346 -0.75184 0
    outer loop
      vertex 13.0732 -17.0373 16.9922
      vertex 13.0732 -17.0373 0
      vertex 15.1851 -15.1851 0
    endloop
  endfacet
  facet normal 0.659346 -0.75184 0
    outer loop
      vertex 15.1851 -15.1851 16.9922
      vertex 13.0732 -17.0373 16.9922
      vertex 15.1851 -15.1851 0
    endloop
  endfacet
  facet normal 0.75184 -0.659346 0
    outer loop
      vertex 15.1851 -15.1851 16.9922
      vertex 15.1851 -15.1851 0
      vertex 17.0373 -13.0732 0
    endloop
  endfacet
  facet normal 0.75184 -0.659346 0
    outer loop
      vertex 17.0373 -13.0732 16.9922
      vertex 15.1851 -15.1851 16.9922
      vertex 17.0373 -13.0732 0
    endloop
  endfacet
  facet normal 0.83147 -0.55557 0
    outer loop
      vertex 17.0373 -13.0732 16.9922
      vertex 17.0373 -13.0732 0
      vertex 18.5979 -10.7375 0
    endloop
  endfacet
  facet normal 0.83147 -0.55557 0
    outer loop
      vertex 18.5979 -10.7375 16.9922
      vertex 17.0373 -13.0732 16.9922
      vertex 18.5979 -10.7375 0
    endloop
  endfacet
  facet normal 0.896873 -0.442289 0
    outer loop
      vertex 18.5979 -10.7375 16.9922
      vertex 18.5979 -10.7375 0
      vertex 19.8403 -8.21813 0
    endloop
  endfacet
  facet normal 0.896873 -0.442289 0
    outer loop
      vertex 19.8403 -8.21813 16.9922
      vertex 18.5979 -10.7375 16.9922
      vertex 19.8403 -8.21813 0
    endloop
  endfacet
  facet normal 0.94693 -0.321439 0
    outer loop
      vertex 19.8403 -8.21813 16.9922
      vertex 19.8403 -8.21813 0
      vertex 20.7433 -5.55814 0
    endloop
  endfacet
  facet normal 0.94693 -0.321439 0
    outer loop
      vertex 20.7433 -5.55814 16.9922
      vertex 19.8403 -8.21813 16.9922
      vertex 20.7433 -5.55814 0
    endloop
  endfacet
  facet normal 0.980785 -0.19509 0
    outer loop
      vertex 20.7433 -5.55814 16.9922
      vertex 20.7433 -5.55814 0
      vertex 21.2913 -2.80305 0
    endloop
  endfacet
  facet normal 0.980785 -0.19509 0
    outer loop
      vertex 21.2913 -2.80305 16.9922
      vertex 20.7433 -5.55814 16.9922
      vertex 21.2913 -2.80305 0
    endloop
  endfacet
  facet normal 0.997859 -0.0654033 0
    outer loop
      vertex 21.2913 -2.80305 16.9922
      vertex 21.2913 -2.80305 0
      vertex 21.475 0 0
    endloop
  endfacet
  facet normal 0.997859 -0.0654033 0
    outer loop
      vertex 21.475 0 16.9922
      vertex 21.2913 -2.80305 16.9922
      vertex 21.475 0 0
    endloop
  endfacet
  facet normal 0.997859 0.0654033 0
    outer loop
      vertex 21.475 0 0
      vertex 21.2913 2.80305 0
      vertex 21.2913 2.80305 16.9922
    endloop
  endfacet
  facet normal 0.997859 0.0654033 0
    outer loop
      vertex 21.475 0 16.9922
      vertex 21.475 0 0
      vertex 21.2913 2.80305 16.9922
    endloop
  endfacet
  facet normal 0.980785 0.19509 0
    outer loop
      vertex 21.2913 2.80305 0
      vertex 20.7433 5.55814 0
      vertex 20.7433 5.55814 16.9922
    endloop
  endfacet
  facet normal 0.980785 0.19509 0
    outer loop
      vertex 21.2913 2.80305 16.9922
      vertex 21.2913 2.80305 0
      vertex 20.7433 5.55814 16.9922
    endloop
  endfacet
  facet normal 0.94693 0.321439 0
    outer loop
      vertex 20.7433 5.55814 0
      vertex 19.8403 8.21813 0
      vertex 19.8403 8.21813 16.9922
    endloop
  endfacet
  facet normal 0.94693 0.321439 0
    outer loop
      vertex 20.7433 5.55814 16.9922
      vertex 20.7433 5.55814 0
      vertex 19.8403 8.21813 16.9922
    endloop
  endfacet
  facet normal 0.896873 0.442289 0
    outer loop
      vertex 19.8403 8.21813 0
      vertex 18.5979 10.7375 0
      vertex 18.5979 10.7375 16.9922
    endloop
  endfacet
  facet normal 0.896873 0.442289 0
    outer loop
      vertex 19.8403 8.21813 16.9922
      vertex 19.8403 8.21813 0
      vertex 18.5979 10.7375 16.9922
    endloop
  endfacet
  facet normal 0.83147 0.55557 0
    outer loop
      vertex 18.5979 10.7375 0
      vertex 17.0373 13.0732 0
      vertex 17.0373 13.0732 16.9922
    endloop
  endfacet
  facet normal 0.83147 0.55557 0
    outer loop
      vertex 18.5979 10.7375 16.9922
      vertex 18.5979 10.7375 0
      vertex 17.0373 13.0732 16.9922
    endloop
  endfacet
  facet normal 0.75184 0.659346 0
    outer loop
      vertex 17.0373 13.0732 0
      vertex 15.1851 15.1851 0
      vertex 15.1851 15.1851 16.9922
    endloop
  endfacet
  facet normal 0.75184 0.659346 0
    outer loop
      vertex 17.0373 13.0732 16.9922
      vertex 17.0373 13.0732 0
      vertex 15.1851 15.1851 16.9922
    endloop
  endfacet
  facet normal 0.659346 0.75184 0
    outer loop
      vertex 13.0732 17.0373 0
      vertex 13.0732 17.0373 16.9922
      vertex 15.1851 15.1851 0
    endloop
  endfacet
  facet normal 0.659346 0.75184 0
    outer loop
      vertex 15.1851 15.1851 0
      vertex 13.0732 17.0373 16.9922
      vertex 15.1851 15.1851 16.9922
    endloop
  endfacet
  facet normal 0.55557 0.83147 0
    outer loop
      vertex 10.7375 18.5979 0
      vertex 10.7375 18.5979 16.9922
      vertex 13.0732 17.0373 0
    endloop
  endfacet
  facet normal 0.55557 0.83147 0
    outer loop
      vertex 13.0732 17.0373 0
      vertex 10.7375 18.5979 16.9922
      vertex 13.0732 17.0373 16.9922
    endloop
  endfacet
  facet normal 0.442289 0.896873 0
    outer loop
      vertex 8.21813 19.8403 0
      vertex 8.21813 19.8403 16.9922
      vertex 10.7375 18.5979 0
    endloop
  endfacet
  facet normal 0.442289 0.896873 0
    outer loop
      vertex 10.7375 18.5979 0
      vertex 8.21813 19.8403 16.9922
      vertex 10.7375 18.5979 16.9922
    endloop
  endfacet
  facet normal 0.321439 0.94693 0
    outer loop
      vertex 5.55814 20.7433 0
      vertex 5.55814 20.7433 16.9922
      vertex 8.21813 19.8403 0
    endloop
  endfacet
  facet normal 0.321439 0.94693 0
    outer loop
      vertex 8.21813 19.8403 0
      vertex 5.55814 20.7433 16.9922
      vertex 8.21813 19.8403 16.9922
    endloop
  endfacet
  facet normal 0.19509 0.980785 0
    outer loop
      vertex 2.80305 21.2913 0
      vertex 2.80305 21.2913 16.9922
      vertex 5.55814 20.7433 0
    endloop
  endfacet
  facet normal 0.19509 0.980785 0
    outer loop
      vertex 5.55814 20.7433 0
      vertex 2.80305 21.2913 16.9922
      vertex 5.55814 20.7433 16.9922
    endloop
  endfacet
  facet normal 0.0654033 0.997859 0
    outer loop
      vertex 0 21.475 0
      vertex 0 21.475 16.9922
      vertex 2.80305 21.2913 0
    endloop
  endfacet
  facet normal 0.0654033 0.997859 0
    outer loop
      vertex 2.80305 21.2913 0
      vertex 0 21.475 16.9922
      vertex 2.80305 21.2913 16.9922
    endloop
  endfacet
  facet normal -0.0654033 0.997859 0
    outer loop
      vertex -2.80305 21.2913 0
      vertex -2.80305 21.2913 16.9922
      vertex 0 21.475 0
    endloop
  endfacet
  facet normal -0.0654033 0.997859 0
    outer loop
      vertex 0 21.475 0
      vertex -2.80305 21.2913 16.9922
      vertex 0 21.475 16.9922
    endloop
  endfacet
  facet normal -0.19509 0.980785 0
    outer loop
      vertex -5.55814 20.7433 0
      vertex -5.55814 20.7433 16.9922
      vertex -2.80305 21.2913 0
    endloop
  endfacet
  facet normal -0.19509 0.980785 0
    outer loop
      vertex -2.80305 21.2913 0
      vertex -5.55814 20.7433 16.9922
      vertex -2.80305 21.2913 16.9922
    endloop
  endfacet
  facet normal -0.321439 0.94693 0
    outer loop
      vertex -8.21813 19.8403 0
      vertex -8.21813 19.8403 16.9922
      vertex -5.55814 20.7433 0
    endloop
  endfacet
  facet normal -0.321439 0.94693 0
    outer loop
      vertex -5.55814 20.7433 0
      vertex -8.21813 19.8403 16.9922
      vertex -5.55814 20.7433 16.9922
    endloop
  endfacet
  facet normal -0.442289 0.896873 0
    outer loop
      vertex -10.7375 18.5979 0
      vertex -10.7375 18.5979 16.9922
      vertex -8.21813 19.8403 0
    endloop
  endfacet
  facet normal -0.442289 0.896873 0
    outer loop
      vertex -8.21813 19.8403 0
      vertex -10.7375 18.5979 16.9922
      vertex -8.21813 19.8403 16.9922
    endloop
  endfacet
  facet normal -0.55557 0.83147 0
    outer loop
      vertex -13.0732 17.0373 0
      vertex -13.0732 17.0373 16.9922
      vertex -10.7375 18.5979 0
    endloop
  endfacet
  facet normal -0.55557 0.83147 0
    outer loop
      vertex -10.7375 18.5979 0
      vertex -13.0732 17.0373 16.9922
      vertex -10.7375 18.5979 16.9922
    endloop
  endfacet
  facet normal -0.659346 0.75184 0
    outer loop
      vertex -15.1851 15.1851 0
      vertex -15.1851 15.1851 16.9922
      vertex -13.0732 17.0373 0
    endloop
  endfacet
  facet normal -0.659346 0.75184 0
    outer loop
      vertex -13.0732 17.0373 0
      vertex -15.1851 15.1851 16.9922
      vertex -13.0732 17.0373 16.9922
    endloop
  endfacet
  facet normal -0.75184 0.659346 0
    outer loop
      vertex -17.0373 13.0732 0
      vertex -17.0373 13.0732 16.9922
      vertex -15.1851 15.1851 0
    endloop
  endfacet
  facet normal -0.75184 0.659346 0
    outer loop
      vertex -15.1851 15.1851 0
      vertex -17.0373 13.0732 16.9922
      vertex -15.1851 15.1851 16.9922
    endloop
  endfacet
  facet normal -0.83147 0.55557 0
    outer loop
      vertex -18.5979 10.7375 0
      vertex -18.5979 10.7375 16.9922
      vertex -17.0373 13.0732 0
    endloop
  endfacet
  facet normal -0.83147 0.55557 0
    outer loop
      vertex -17.0373 13.0732 0
      vertex -18.5979 10.7375 16.9922
      vertex -17.0373 13.0732 16.9922
    endloop
  endfacet
  facet normal -0.896873 0.442289 0
    outer loop
      vertex -19.8403 8.21813 0
      vertex -19.8403 8.21813 16.9922
      vertex -18.5979 10.7375 0
    endloop
  endfacet
  facet normal -0.896873 0.442289 0
    outer loop
      vertex -18.5979 10.7375 0
      vertex -19.8403 8.21813 16.9922
      vertex -18.5979 10.7375 16.9922
    endloop
  endfacet
  facet normal -0.94693 0.321439 0
    outer loop
      vertex -20.7433 5.55814 0
      vertex -20.7433 5.55814 16.9922
      vertex -19.8403 8.21813 0
    endloop
  endfacet
  facet normal -0.94693 0.321439 0
    outer loop
      vertex -19.8403 8.21813 0
      vertex -20.7433 5.55814 16.9922
      vertex -19.8403 8.21813 16.9922
    endloop
  endfacet
  facet normal -0.980785 0.19509 0
    outer loop
      vertex -21.2913 2.80305 0
      vertex -21.2913 2.80305 16.9922
      vertex -20.7433 5.55814 0
    endloop
  endfacet
  facet normal -0.980785 0.19509 0
    outer loop
      vertex -20.7433 5.55814 0
      vertex -21.2913 2.80305 16.9922
      vertex -20.7433 5.55814 16.9922
    endloop
  endfacet
  facet normal 0.997859 -0.0654032 0
    outer loop
      vertex -18.9862 2.49958 0
      vertex -18.9862 2.49958 16.9922
      vertex -19.15 0 16.9922
    endloop
  endfacet
  facet normal 0.997859 -0.0654032 0
    outer loop
      vertex -19.15 0 0
      vertex -18.9862 2.49958 0
      vertex -19.15 0 16.9922
    endloop
  endfacet
  facet normal 0.997859 0.0654032 0
    outer loop
      vertex -19.15 0 16.9922
      vertex -18.9862 -2.49958 16.9922
      vertex -18.9862 -2.49958 0
    endloop
  endfacet
  facet normal 0.997859 0.0654032 0
    outer loop
      vertex -19.15 0 0
      vertex -19.15 0 16.9922
      vertex -18.9862 -2.49958 0
    endloop
  endfacet
  facet normal 0.980785 -0.19509 0
    outer loop
      vertex -18.4975 4.95639 0
      vertex -18.4975 4.95639 16.9922
      vertex -18.9862 2.49958 16.9922
    endloop
  endfacet
  facet normal 0.980785 -0.19509 0
    outer loop
      vertex -18.9862 2.49958 0
      vertex -18.4975 4.95639 0
      vertex -18.9862 2.49958 16.9922
    endloop
  endfacet
  facet normal 0.94693 -0.32144 0
    outer loop
      vertex -17.6923 7.32839 0
      vertex -17.6923 7.32839 16.9922
      vertex -18.4975 4.95639 16.9922
    endloop
  endfacet
  facet normal 0.94693 -0.32144 0
    outer loop
      vertex -18.4975 4.95639 0
      vertex -17.6923 7.32839 0
      vertex -18.4975 4.95639 16.9922
    endloop
  endfacet
  facet normal 0.896873 -0.442289 0
    outer loop
      vertex -16.5844 9.575 0
      vertex -16.5844 9.575 16.9922
      vertex -17.6923 7.32839 16.9922
    endloop
  endfacet
  facet normal 0.896873 -0.442289 0
    outer loop
      vertex -17.6923 7.32839 0
      vertex -16.5844 9.575 0
      vertex -17.6923 7.32839 16.9922
    endloop
  endfacet
  facet normal 0.83147 -0.55557 0
    outer loop
      vertex -15.1927 11.6578 0
      vertex -15.1927 11.6578 16.9922
      vertex -16.5844 9.575 16.9922
    endloop
  endfacet
  facet normal 0.83147 -0.55557 0
    outer loop
      vertex -16.5844 9.575 0
      vertex -15.1927 11.6578 0
      vertex -16.5844 9.575 16.9922
    endloop
  endfacet
  facet normal 0.75184 -0.659346 0
    outer loop
      vertex -13.5411 13.5411 0
      vertex -13.5411 13.5411 16.9922
      vertex -15.1927 11.6578 16.9922
    endloop
  endfacet
  facet normal 0.75184 -0.659346 0
    outer loop
      vertex -15.1927 11.6578 0
      vertex -13.5411 13.5411 0
      vertex -15.1927 11.6578 16.9922
    endloop
  endfacet
  facet normal 0.659346 -0.75184 0
    outer loop
      vertex -11.6578 15.1927 0
      vertex -11.6578 15.1927 16.9922
      vertex -13.5411 13.5411 16.9922
    endloop
  endfacet
  facet normal 0.659346 -0.75184 0
    outer loop
      vertex -13.5411 13.5411 0
      vertex -11.6578 15.1927 0
      vertex -13.5411 13.5411 16.9922
    endloop
  endfacet
  facet normal 0.55557 -0.83147 0
    outer loop
      vertex -9.575 16.5844 0
      vertex -9.575 16.5844 16.9922
      vertex -11.6578 15.1927 16.9922
    endloop
  endfacet
  facet normal 0.55557 -0.83147 0
    outer loop
      vertex -11.6578 15.1927 0
      vertex -9.575 16.5844 0
      vertex -11.6578 15.1927 16.9922
    endloop
  endfacet
  facet normal 0.442289 -0.896873 0
    outer loop
      vertex -7.32839 17.6923 0
      vertex -7.32839 17.6923 16.9922
      vertex -9.575 16.5844 16.9922
    endloop
  endfacet
  facet normal 0.442289 -0.896873 0
    outer loop
      vertex -9.575 16.5844 0
      vertex -7.32839 17.6923 0
      vertex -9.575 16.5844 16.9922
    endloop
  endfacet
  facet normal 0.32144 -0.94693 0
    outer loop
      vertex -4.95639 18.4975 0
      vertex -4.95639 18.4975 16.9922
      vertex -7.32839 17.6923 16.9922
    endloop
  endfacet
  facet normal 0.32144 -0.94693 0
    outer loop
      vertex -7.32839 17.6923 0
      vertex -4.95639 18.4975 0
      vertex -7.32839 17.6923 16.9922
    endloop
  endfacet
  facet normal 0.19509 -0.980785 0
    outer loop
      vertex -2.49958 18.9862 0
      vertex -2.49958 18.9862 16.9922
      vertex -4.95639 18.4975 16.9922
    endloop
  endfacet
  facet normal 0.19509 -0.980785 0
    outer loop
      vertex -4.95639 18.4975 0
      vertex -2.49958 18.9862 0
      vertex -4.95639 18.4975 16.9922
    endloop
  endfacet
  facet normal 0.0654032 -0.997859 0
    outer loop
      vertex 0 19.15 0
      vertex 0 19.15 16.9922
      vertex -2.49958 18.9862 16.9922
    endloop
  endfacet
  facet normal 0.0654032 -0.997859 0
    outer loop
      vertex -2.49958 18.9862 0
      vertex 0 19.15 0
      vertex -2.49958 18.9862 16.9922
    endloop
  endfacet
  facet normal -0.0654032 -0.997859 0
    outer loop
      vertex 2.49958 18.9862 0
      vertex 2.49958 18.9862 16.9922
      vertex 0 19.15 16.9922
    endloop
  endfacet
  facet normal -0.0654032 -0.997859 0
    outer loop
      vertex 0 19.15 0
      vertex 2.49958 18.9862 0
      vertex 0 19.15 16.9922
    endloop
  endfacet
  facet normal -0.19509 -0.980785 0
    outer loop
      vertex 4.95639 18.4975 0
      vertex 4.95639 18.4975 16.9922
      vertex 2.49958 18.9862 16.9922
    endloop
  endfacet
  facet normal -0.19509 -0.980785 0
    outer loop
      vertex 2.49958 18.9862 0
      vertex 4.95639 18.4975 0
      vertex 2.49958 18.9862 16.9922
    endloop
  endfacet
  facet normal -0.32144 -0.94693 0
    outer loop
      vertex 7.32839 17.6923 0
      vertex 7.32839 17.6923 16.9922
      vertex 4.95639 18.4975 16.9922
    endloop
  endfacet
  facet normal -0.32144 -0.94693 0
    outer loop
      vertex 4.95639 18.4975 0
      vertex 7.32839 17.6923 0
      vertex 4.95639 18.4975 16.9922
    endloop
  endfacet
  facet normal -0.442289 -0.896873 0
    outer loop
      vertex 9.575 16.5844 0
      vertex 9.575 16.5844 16.9922
      vertex 7.32839 17.6923 16.9922
    endloop
  endfacet
  facet normal -0.442289 -0.896873 0
    outer loop
      vertex 7.32839 17.6923 0
      vertex 9.575 16.5844 0
      vertex 7.32839 17.6923 16.9922
    endloop
  endfacet
  facet normal -0.55557 -0.83147 0
    outer loop
      vertex 11.6578 15.1927 0
      vertex 11.6578 15.1927 16.9922
      vertex 9.575 16.5844 16.9922
    endloop
  endfacet
  facet normal -0.55557 -0.83147 0
    outer loop
      vertex 9.575 16.5844 0
      vertex 11.6578 15.1927 0
      vertex 9.575 16.5844 16.9922
    endloop
  endfacet
  facet normal -0.659346 -0.75184 0
    outer loop
      vertex 13.5411 13.5411 0
      vertex 13.5411 13.5411 16.9922
      vertex 11.6578 15.1927 16.9922
    endloop
  endfacet
  facet normal -0.659346 -0.75184 0
    outer loop
      vertex 11.6578 15.1927 0
      vertex 13.5411 13.5411 0
      vertex 11.6578 15.1927 16.9922
    endloop
  endfacet
  facet normal -0.75184 -0.659346 0
    outer loop
      vertex 15.1927 11.6578 16.9922
      vertex 13.5411 13.5411 16.9922
      vertex 15.1927 11.6578 0
    endloop
  endfacet
  facet normal -0.75184 -0.659346 0
    outer loop
      vertex 15.1927 11.6578 0
      vertex 13.5411 13.5411 16.9922
      vertex 13.5411 13.5411 0
    endloop
  endfacet
  facet normal -0.83147 -0.55557 0
    outer loop
      vertex 16.5844 9.575 16.9922
      vertex 15.1927 11.6578 16.9922
      vertex 16.5844 9.575 0
    endloop
  endfacet
  facet normal -0.83147 -0.55557 0
    outer loop
      vertex 16.5844 9.575 0
      vertex 15.1927 11.6578 16.9922
      vertex 15.1927 11.6578 0
    endloop
  endfacet
  facet normal -0.896873 -0.442289 0
    outer loop
      vertex 17.6923 7.32839 16.9922
      vertex 16.5844 9.575 16.9922
      vertex 17.6923 7.32839 0
    endloop
  endfacet
  facet normal -0.896873 -0.442289 0
    outer loop
      vertex 17.6923 7.32839 0
      vertex 16.5844 9.575 16.9922
      vertex 16.5844 9.575 0
    endloop
  endfacet
  facet normal -0.94693 -0.32144 0
    outer loop
      vertex 18.4975 4.95639 16.9922
      vertex 17.6923 7.32839 16.9922
      vertex 18.4975 4.95639 0
    endloop
  endfacet
  facet normal -0.94693 -0.32144 0
    outer loop
      vertex 18.4975 4.95639 0
      vertex 17.6923 7.32839 16.9922
      vertex 17.6923 7.32839 0
    endloop
  endfacet
  facet normal -0.980785 -0.19509 0
    outer loop
      vertex 18.9862 2.49958 16.9922
      vertex 18.4975 4.95639 16.9922
      vertex 18.9862 2.49958 0
    endloop
  endfacet
  facet normal -0.980785 -0.19509 0
    outer loop
      vertex 18.9862 2.49958 0
      vertex 18.4975 4.95639 16.9922
      vertex 18.4975 4.95639 0
    endloop
  endfacet
  facet normal -0.997859 -0.0654032 0
    outer loop
      vertex 19.15 0 16.9922
      vertex 18.9862 2.49958 16.9922
      vertex 19.15 0 0
    endloop
  endfacet
  facet normal -0.997859 -0.0654032 0
    outer loop
      vertex 19.15 0 0
      vertex 18.9862 2.49958 16.9922
      vertex 18.9862 2.49958 0
    endloop
  endfacet
  facet normal -0.997859 0.0654032 0
    outer loop
      vertex 19.15 0 16.9922
      vertex 19.15 0 0
      vertex 18.9862 -2.49958 16.9922
    endloop
  endfacet
  facet normal -0.997859 0.0654032 0
    outer loop
      vertex 18.9862 -2.49958 16.9922
      vertex 19.15 0 0
      vertex 18.9862 -2.49958 0
    endloop
  endfacet
  facet normal -0.980785 0.19509 0
    outer loop
      vertex 18.9862 -2.49958 16.9922
      vertex 18.9862 -2.49958 0
      vertex 18.4975 -4.95639 16.9922
    endloop
  endfacet
  facet normal -0.980785 0.19509 0
    outer loop
      vertex 18.4975 -4.95639 16.9922
      vertex 18.9862 -2.49958 0
      vertex 18.4975 -4.95639 0
    endloop
  endfacet
  facet normal -0.94693 0.32144 0
    outer loop
      vertex 18.4975 -4.95639 16.9922
      vertex 18.4975 -4.95639 0
      vertex 17.6923 -7.32839 16.9922
    endloop
  endfacet
  facet normal -0.94693 0.32144 0
    outer loop
      vertex 17.6923 -7.32839 16.9922
      vertex 18.4975 -4.95639 0
      vertex 17.6923 -7.32839 0
    endloop
  endfacet
  facet normal -0.896873 0.442289 0
    outer loop
      vertex 17.6923 -7.32839 16.9922
      vertex 17.6923 -7.32839 0
      vertex 16.5844 -9.575 16.9922
    endloop
  endfacet
  facet normal -0.896873 0.442289 0
    outer loop
      vertex 16.5844 -9.575 16.9922
      vertex 17.6923 -7.32839 0
      vertex 16.5844 -9.575 0
    endloop
  endfacet
  facet normal -0.83147 0.55557 0
    outer loop
      vertex 16.5844 -9.575 16.9922
      vertex 16.5844 -9.575 0
      vertex 15.1927 -11.6578 16.9922
    endloop
  endfacet
  facet normal -0.83147 0.55557 0
    outer loop
      vertex 15.1927 -11.6578 16.9922
      vertex 16.5844 -9.575 0
      vertex 15.1927 -11.6578 0
    endloop
  endfacet
  facet normal -0.75184 0.659346 0
    outer loop
      vertex 15.1927 -11.6578 16.9922
      vertex 15.1927 -11.6578 0
      vertex 13.5411 -13.5411 16.9922
    endloop
  endfacet
  facet normal -0.75184 0.659346 0
    outer loop
      vertex 13.5411 -13.5411 16.9922
      vertex 15.1927 -11.6578 0
      vertex 13.5411 -13.5411 0
    endloop
  endfacet
  facet normal -0.659346 0.75184 0
    outer loop
      vertex 13.5411 -13.5411 16.9922
      vertex 13.5411 -13.5411 0
      vertex 11.6578 -15.1927 16.9922
    endloop
  endfacet
  facet normal -0.659346 0.75184 0
    outer loop
      vertex 11.6578 -15.1927 16.9922
      vertex 13.5411 -13.5411 0
      vertex 11.6578 -15.1927 0
    endloop
  endfacet
  facet normal -0.55557 0.83147 0
    outer loop
      vertex 11.6578 -15.1927 16.9922
      vertex 11.6578 -15.1927 0
      vertex 9.575 -16.5844 16.9922
    endloop
  endfacet
  facet normal -0.55557 0.83147 0
    outer loop
      vertex 9.575 -16.5844 16.9922
      vertex 11.6578 -15.1927 0
      vertex 9.575 -16.5844 0
    endloop
  endfacet
  facet normal -0.442289 0.896873 0
    outer loop
      vertex 9.575 -16.5844 16.9922
      vertex 9.575 -16.5844 0
      vertex 7.32839 -17.6923 16.9922
    endloop
  endfacet
  facet normal -0.442289 0.896873 0
    outer loop
      vertex 7.32839 -17.6923 16.9922
      vertex 9.575 -16.5844 0
      vertex 7.32839 -17.6923 0
    endloop
  endfacet
  facet normal -0.32144 0.94693 0
    outer loop
      vertex 7.32839 -17.6923 16.9922
      vertex 7.32839 -17.6923 0
      vertex 4.95639 -18.4975 16.9922
    endloop
  endfacet
  facet normal -0.32144 0.94693 0
    outer loop
      vertex 4.95639 -18.4975 16.9922
      vertex 7.32839 -17.6923 0
      vertex 4.95639 -18.4975 0
    endloop
  endfacet
  facet normal -0.19509 0.980785 0
    outer loop
      vertex 4.95639 -18.4975 16.9922
      vertex 4.95639 -18.4975 0
      vertex 2.49958 -18.9862 16.9922
    endloop
  endfacet
  facet normal -0.19509 0.980785 0
    outer loop
      vertex 2.49958 -18.9862 16.9922
      vertex 4.95639 -18.4975 0
      vertex 2.49958 -18.9862 0
    endloop
  endfacet
  facet normal -0.0654032 0.997859 0
    outer loop
      vertex 2.49958 -18.9862 16.9922
      vertex 2.49958 -18.9862 0
      vertex 0 -19.15 16.9922
    endloop
  endfacet
  facet normal -0.0654032 0.997859 0
    outer loop
      vertex 0 -19.15 16.9922
      vertex 2.49958 -18.9862 0
      vertex 0 -19.15 0
    endloop
  endfacet
  facet normal 0.0654032 0.997859 0
    outer loop
      vertex 0 -19.15 16.9922
      vertex 0 -19.15 0
      vertex -2.49958 -18.9862 16.9922
    endloop
  endfacet
  facet normal 0.0654032 0.997859 0
    outer loop
      vertex -2.49958 -18.9862 16.9922
      vertex 0 -19.15 0
      vertex -2.49958 -18.9862 0
    endloop
  endfacet
  facet normal 0.19509 0.980785 0
    outer loop
      vertex -2.49958 -18.9862 16.9922
      vertex -2.49958 -18.9862 0
      vertex -4.95639 -18.4975 16.9922
    endloop
  endfacet
  facet normal 0.19509 0.980785 0
    outer loop
      vertex -4.95639 -18.4975 16.9922
      vertex -2.49958 -18.9862 0
      vertex -4.95639 -18.4975 0
    endloop
  endfacet
  facet normal 0.32144 0.94693 0
    outer loop
      vertex -4.95639 -18.4975 16.9922
      vertex -4.95639 -18.4975 0
      vertex -7.32839 -17.6923 16.9922
    endloop
  endfacet
  facet normal 0.32144 0.94693 0
    outer loop
      vertex -7.32839 -17.6923 16.9922
      vertex -4.95639 -18.4975 0
      vertex -7.32839 -17.6923 0
    endloop
  endfacet
  facet normal 0.442289 0.896873 0
    outer loop
      vertex -7.32839 -17.6923 16.9922
      vertex -7.32839 -17.6923 0
      vertex -9.575 -16.5844 16.9922
    endloop
  endfacet
  facet normal 0.442289 0.896873 0
    outer loop
      vertex -9.575 -16.5844 16.9922
      vertex -7.32839 -17.6923 0
      vertex -9.575 -16.5844 0
    endloop
  endfacet
  facet normal 0.55557 0.83147 0
    outer loop
      vertex -9.575 -16.5844 16.9922
      vertex -9.575 -16.5844 0
      vertex -11.6578 -15.1927 16.9922
    endloop
  endfacet
  facet normal 0.55557 0.83147 0
    outer loop
      vertex -11.6578 -15.1927 16.9922
      vertex -9.575 -16.5844 0
      vertex -11.6578 -15.1927 0
    endloop
  endfacet
  facet normal 0.659346 0.75184 0
    outer loop
      vertex -11.6578 -15.1927 16.9922
      vertex -11.6578 -15.1927 0
      vertex -13.5411 -13.5411 16.9922
    endloop
  endfacet
  facet normal 0.659346 0.75184 0
    outer loop
      vertex -13.5411 -13.5411 16.9922
      vertex -11.6578 -15.1927 0
      vertex -13.5411 -13.5411 0
    endloop
  endfacet
  facet normal 0.75184 0.659346 0
    outer loop
      vertex -15.1927 -11.6578 16.9922
      vertex -13.5411 -13.5411 16.9922
      vertex -13.5411 -13.5411 0
    endloop
  endfacet
  facet normal 0.75184 0.659346 0
    outer loop
      vertex -15.1927 -11.6578 0
      vertex -15.1927 -11.6578 16.9922
      vertex -13.5411 -13.5411 0
    endloop
  endfacet
  facet normal 0.83147 0.55557 0
    outer loop
      vertex -16.5844 -9.575 16.9922
      vertex -15.1927 -11.6578 16.9922
      vertex -15.1927 -11.6578 0
    endloop
  endfacet
  facet normal 0.83147 0.55557 0
    outer loop
      vertex -16.5844 -9.575 0
      vertex -16.5844 -9.575 16.9922
      vertex -15.1927 -11.6578 0
    endloop
  endfacet
  facet normal 0.896873 0.442289 0
    outer loop
      vertex -17.6923 -7.32839 16.9922
      vertex -16.5844 -9.575 16.9922
      vertex -16.5844 -9.575 0
    endloop
  endfacet
  facet normal 0.896873 0.442289 0
    outer loop
      vertex -17.6923 -7.32839 0
      vertex -17.6923 -7.32839 16.9922
      vertex -16.5844 -9.575 0
    endloop
  endfacet
  facet normal 0.94693 0.32144 0
    outer loop
      vertex -18.4975 -4.95639 16.9922
      vertex -17.6923 -7.32839 16.9922
      vertex -17.6923 -7.32839 0
    endloop
  endfacet
  facet normal 0.94693 0.32144 0
    outer loop
      vertex -18.4975 -4.95639 0
      vertex -18.4975 -4.95639 16.9922
      vertex -17.6923 -7.32839 0
    endloop
  endfacet
  facet normal 0.980785 0.19509 0
    outer loop
      vertex -18.9862 -2.49958 16.9922
      vertex -18.4975 -4.95639 16.9922
      vertex -18.4975 -4.95639 0
    endloop
  endfacet
  facet normal 0.980785 0.19509 0
    outer loop
      vertex -18.9862 -2.49958 0
      vertex -18.9862 -2.49958 16.9922
      vertex -18.4975 -4.95639 0
    endloop
  endfacet
  facet normal 0 0 1
    outer loop
      vertex -21.2913 2.80305 16.9922
      vertex -21.475 0 16.9922
      vertex -21.2913 -2.80305 16.9922
    endloop
  endfacet
  facet normal 0 0 1
    outer loop
      vertex -19.8403 -8.21813 16.9922
      vertex -21.2913 2.80305 16.9922
      vertex -20.7433 -5.55814 16.9922
    endloop
  endfacet
  facet normal 0 0 1
    outer loop
      vertex -20.7433 -5.55814 16.9922
      vertex -21.2913 2.80305 16.9922
      vertex -21.2913 -2.80305 16.9922
    endloop
  endfacet
  facet normal 0 0 1
    outer loop
      vertex -18.5979 -10.7375 16.9922
      vertex -21.2913 2.80305 16.9922
      vertex -19.8403 -8.21813 16.9922
    endloop
  endfacet
  facet normal 0 0 1
    outer loop
      vertex -17.0373 -13.0732 16.9922
      vertex -21.2913 2.80305 16.9922
      vertex -18.5979 -10.7375 16.9922
    endloop
  endfacet
  facet normal 0 0 1
    outer loop
      vertex -15.1851 -15.1851 16.9922
      vertex -21.2913 2.80305 16.9922
      vertex -17.0373 -13.0732 16.9922
    endloop
  endfacet
  facet normal 0 0 1
    outer loop
      vertex -17.6923 -7.32839 16.9922
      vertex -21.2913 2.80305 16.9922
      vertex -15.1851 -15.1851 16.9922
    endloop
  endfacet
  facet normal 0 0 1
    outer loop
      vertex 16.5844 -9.575 16.9922
      vertex 15.1927 -11.6578 16.9922
      vertex 18.5979 -10.7375 16.9922
    endloop
  endfacet
  facet normal 0 0 1
    outer loop
      vertex 17.6923 -7.32839 16.9922
      vertex 16.5844 -9.575 16.9922
      vertex 19.8403 -8.21813 16.9922
    endloop
  endfacet
  facet normal 0 0 1
    outer loop
      vertex -18.9862 2.49958 16.9922
      vertex -18.4975 4.95639 16.9922
      vertex -21.2913 2.80305 16.9922
    endloop
  endfacet
  facet normal 0 0 1
    outer loop
      vertex -2.49958 -18.9862 16.9922
      vertex -4.95639 -18.4975 16.9922
      vertex -2.80305 -21.2913 16.9922
    endloop
  endfacet
  facet normal 0 0 1
    outer loop
      vertex 18.4975 4.95639 16.9922
      vertex 18.9862 2.49958 16.9922
      vertex 21.2913 2.80305 16.9922
    endloop
  endfacet
  facet normal 0 0 1
    outer loop
      vertex 17.6923 7.32839 16.9922
      vertex 18.4975 4.95639 16.9922
      vertex 20.7433 5.55814 16.9922
    endloop
  endfacet
  facet normal 0 0 1
    outer loop
      vertex 16.5844 9.575 16.9922
      vertex 17.6923 7.32839 16.9922
      vertex 19.8403 8.21813 16.9922
    endloop
  endfacet
  facet normal 0 0 1
    outer loop
      vertex 15.1927 11.6578 16.9922
      vertex 16.5844 9.575 16.9922
      vertex 18.5979 10.7375 16.9922
    endloop
  endfacet
  facet normal 0 0 1
    outer loop
      vertex 13.5411 13.5411 16.9922
      vertex 15.1927 11.6578 16.9922
      vertex 17.0373 13.0732 16.9922
    endloop
  endfacet
  facet normal 0 0 1
    outer loop
      vertex 11.6578 15.1927 16.9922
      vertex 13.5411 13.5411 16.9922
      vertex 15.1851 15.1851 16.9922
    endloop
  endfacet
  facet normal 0 0 1
    outer loop
      vertex 9.575 16.5844 16.9922
      vertex 11.6578 15.1927 16.9922
      vertex 13.0732 17.0373 16.9922
    endloop
  endfacet
  facet normal 0 0 1
    outer loop
      vertex 7.32839 17.6923 16.9922
      vertex 9.575 16.5844 16.9922
      vertex 10.7375 18.5979 16.9922
    endloop
  endfacet
  facet normal 0 0 1
    outer loop
      vertex 0 19.15 16.9922
      vertex 2.49958 18.9862 16.9922
      vertex 2.80305 21.2913 16.9922
    endloop
  endfacet
  facet normal 0 0 1
    outer loop
      vertex -13.5411 13.5411 16.9922
      vertex -11.6578 15.1927 16.9922
      vertex -8.21813 19.8403 16.9922
    endloop
  endfacet
  facet normal 0 0 1
    outer loop
      vertex -9.575 16.5844 16.9922
      vertex -7.32839 17.6923 16.9922
      vertex -5.55814 20.7433 16.9922
    endloop
  endfacet
  facet normal 0 0 1
    outer loop
      vertex -13.0732 17.0373 16.9922
      vertex -21.2913 2.80305 16.9922
      vertex -10.7375 18.5979 16.9922
    endloop
  endfacet
  facet normal 0 0 1
    outer loop
      vertex -15.1851 15.1851 16.9922
      vertex -21.2913 2.80305 16.9922
      vertex -13.0732 17.0373 16.9922
    endloop
  endfacet
  facet normal 0 0 1
    outer loop
      vertex -17.0373 13.0732 16.9922
      vertex -21.2913 2.80305 16.9922
      vertex -15.1851 15.1851 16.9922
    endloop
  endfacet
  facet normal 0 0 1
    outer loop
      vertex -18.5979 10.7375 16.9922
      vertex -21.2913 2.80305 16.9922
      vertex -17.0373 13.0732 16.9922
    endloop
  endfacet
  facet normal 0 0 1
    outer loop
      vertex -19.8403 8.21813 16.9922
      vertex -21.2913 2.80305 16.9922
      vertex -18.5979 10.7375 16.9922
    endloop
  endfacet
  facet normal 0 0 1
    outer loop
      vertex -20.7433 5.55814 16.9922
      vertex -21.2913 2.80305 16.9922
      vertex -19.8403 8.21813 16.9922
    endloop
  endfacet
  facet normal 0 0 1
    outer loop
      vertex -9.575 -16.5844 16.9922
      vertex -11.6578 -15.1927 16.9922
      vertex -8.21813 -19.8403 16.9922
    endloop
  endfacet
  facet normal 0 0 1
    outer loop
      vertex 18.4975 -4.95639 16.9922
      vertex 17.6923 -7.32839 16.9922
      vertex 20.7433 -5.55814 16.9922
    endloop
  endfacet
  facet normal 0 0 1
    outer loop
      vertex 2.49958 18.9862 16.9922
      vertex 4.95639 18.4975 16.9922
      vertex 5.55814 20.7433 16.9922
    endloop
  endfacet
  facet normal 0 0 1
    outer loop
      vertex -7.32839 17.6923 16.9922
      vertex -4.95639 18.4975 16.9922
      vertex -2.80305 21.2913 16.9922
    endloop
  endfacet
  facet normal 0 0 1
    outer loop
      vertex -4.95639 18.4975 16.9922
      vertex -2.49958 18.9862 16.9922
      vertex 0 21.475 16.9922
    endloop
  endfacet
  facet normal 0 0 1
    outer loop
      vertex -10.7375 18.5979 16.9922
      vertex -21.2913 2.80305 16.9922
      vertex -16.5844 9.575 16.9922
    endloop
  endfacet
  facet normal 0 0 1
    outer loop
      vertex -10.7375 18.5979 16.9922
      vertex -15.1927 11.6578 16.9922
      vertex -8.21813 19.8403 16.9922
    endloop
  endfacet
  facet normal 0 0 1
    outer loop
      vertex -10.7375 18.5979 16.9922
      vertex -16.5844 9.575 16.9922
      vertex -15.1927 11.6578 16.9922
    endloop
  endfacet
  facet normal 0 0 1
    outer loop
      vertex -15.1927 11.6578 16.9922
      vertex -13.5411 13.5411 16.9922
      vertex -8.21813 19.8403 16.9922
    endloop
  endfacet
  facet normal 0 0 1
    outer loop
      vertex -8.21813 19.8403 16.9922
      vertex -11.6578 15.1927 16.9922
      vertex -5.55814 20.7433 16.9922
    endloop
  endfacet
  facet normal 0 0 1
    outer loop
      vertex -11.6578 15.1927 16.9922
      vertex -9.575 16.5844 16.9922
      vertex -5.55814 20.7433 16.9922
    endloop
  endfacet
  facet normal 0 0 1
    outer loop
      vertex -5.55814 20.7433 16.9922
      vertex -7.32839 17.6923 16.9922
      vertex -2.80305 21.2913 16.9922
    endloop
  endfacet
  facet normal 0 0 1
    outer loop
      vertex -17.6923 7.32839 16.9922
      vertex -16.5844 9.575 16.9922
      vertex -21.2913 2.80305 16.9922
    endloop
  endfacet
  facet normal 0 0 1
    outer loop
      vertex -2.80305 21.2913 16.9922
      vertex -4.95639 18.4975 16.9922
      vertex 0 21.475 16.9922
    endloop
  endfacet
  facet normal 0 0 1
    outer loop
      vertex 0 21.475 16.9922
      vertex -2.49958 18.9862 16.9922
      vertex 2.80305 21.2913 16.9922
    endloop
  endfacet
  facet normal 0 0 1
    outer loop
      vertex -2.49958 18.9862 16.9922
      vertex 0 19.15 16.9922
      vertex 2.80305 21.2913 16.9922
    endloop
  endfacet
  facet normal 0 0 1
    outer loop
      vertex 2.80305 21.2913 16.9922
      vertex 2.49958 18.9862 16.9922
      vertex 5.55814 20.7433 16.9922
    endloop
  endfacet
  facet normal 0 0 1
    outer loop
      vertex 5.55814 20.7433 16.9922
      vertex 4.95639 18.4975 16.9922
      vertex 8.21813 19.8403 16.9922
    endloop
  endfacet
  facet normal 0 0 1
    outer loop
      vertex 18.9862 2.49958 16.9922
      vertex 19.15 0 16.9922
      vertex 21.475 0 16.9922
    endloop
  endfacet
  facet normal 0 0 1
    outer loop
      vertex 8.21813 19.8403 16.9922
      vertex 7.32839 17.6923 16.9922
      vertex 10.7375 18.5979 16.9922
    endloop
  endfacet
  facet normal 0 0 1
    outer loop
      vertex -18.4975 4.95639 16.9922
      vertex -17.6923 7.32839 16.9922
      vertex -21.2913 2.80305 16.9922
    endloop
  endfacet
  facet normal 0 0 1
    outer loop
      vertex 10.7375 18.5979 16.9922
      vertex 9.575 16.5844 16.9922
      vertex 13.0732 17.0373 16.9922
    endloop
  endfacet
  facet normal 0 0 1
    outer loop
      vertex 13.0732 17.0373 16.9922
      vertex 11.6578 15.1927 16.9922
      vertex 15.1851 15.1851 16.9922
    endloop
  endfacet
  facet normal 0 0 1
    outer loop
      vertex 15.1851 15.1851 16.9922
      vertex 13.5411 13.5411 16.9922
      vertex 17.0373 13.0732 16.9922
    endloop
  endfacet
  facet normal 0 0 1
    outer loop
      vertex 17.0373 13.0732 16.9922
      vertex 15.1927 11.6578 16.9922
      vertex 18.5979 10.7375 16.9922
    endloop
  endfacet
  facet normal 0 0 1
    outer loop
      vertex 18.5979 10.7375 16.9922
      vertex 16.5844 9.575 16.9922
      vertex 19.8403 8.21813 16.9922
    endloop
  endfacet
  facet normal 0 0 1
    outer loop
      vertex 19.8403 8.21813 16.9922
      vertex 17.6923 7.32839 16.9922
      vertex 20.7433 5.55814 16.9922
    endloop
  endfacet
  facet normal 0 0 1
    outer loop
      vertex 20.7433 5.55814 16.9922
      vertex 18.4975 4.95639 16.9922
      vertex 21.2913 2.80305 16.9922
    endloop
  endfacet
  facet normal 0 0 1
    outer loop
      vertex 21.2913 2.80305 16.9922
      vertex 18.9862 2.49958 16.9922
      vertex 21.475 0 16.9922
    endloop
  endfacet
  facet normal 0 0 1
    outer loop
      vertex 21.475 0 16.9922
      vertex 19.15 0 16.9922
      vertex 21.2913 -2.80305 16.9922
    endloop
  endfacet
  facet normal 0 0 1
    outer loop
      vertex 21.2913 -2.80305 16.9922
      vertex 18.9862 -2.49958 16.9922
      vertex 20.7433 -5.55814 16.9922
    endloop
  endfacet
  facet normal 0 0 1
    outer loop
      vertex 4.95639 18.4975 16.9922
      vertex 7.32839 17.6923 16.9922
      vertex 8.21813 19.8403 16.9922
    endloop
  endfacet
  facet normal 0 0 1
    outer loop
      vertex 18.9862 -2.49958 16.9922
      vertex 18.4975 -4.95639 16.9922
      vertex 20.7433 -5.55814 16.9922
    endloop
  endfacet
  facet normal 0 0 1
    outer loop
      vertex 20.7433 -5.55814 16.9922
      vertex 17.6923 -7.32839 16.9922
      vertex 19.8403 -8.21813 16.9922
    endloop
  endfacet
  facet normal 0 0 1
    outer loop
      vertex 19.8403 -8.21813 16.9922
      vertex 16.5844 -9.575 16.9922
      vertex 18.5979 -10.7375 16.9922
    endloop
  endfacet
  facet normal 0 0 1
    outer loop
      vertex 18.5979 -10.7375 16.9922
      vertex 15.1927 -11.6578 16.9922
      vertex 17.0373 -13.0732 16.9922
    endloop
  endfacet
  facet normal 0 0 1
    outer loop
      vertex 17.0373 -13.0732 16.9922
      vertex 13.5411 -13.5411 16.9922
      vertex 15.1851 -15.1851 16.9922
    endloop
  endfacet
  facet normal 0 0 1
    outer loop
      vertex 15.1851 -15.1851 16.9922
      vertex 11.6578 -15.1927 16.9922
      vertex 13.0732 -17.0373 16.9922
    endloop
  endfacet
  facet normal 0 0 1
    outer loop
      vertex 13.0732 -17.0373 16.9922
      vertex 9.575 -16.5844 16.9922
      vertex 10.7375 -18.5979 16.9922
    endloop
  endfacet
  facet normal 0 0 1
    outer loop
      vertex 10.7375 -18.5979 16.9922
      vertex 7.32839 -17.6923 16.9922
      vertex 8.21813 -19.8403 16.9922
    endloop
  endfacet
  facet normal 0 0 1
    outer loop
      vertex 8.21813 -19.8403 16.9922
      vertex 4.95639 -18.4975 16.9922
      vertex 5.55814 -20.7433 16.9922
    endloop
  endfacet
  facet normal 0 0 1
    outer loop
      vertex 5.55814 -20.7433 16.9922
      vertex 2.49958 -18.9862 16.9922
      vertex 2.80305 -21.2913 16.9922
    endloop
  endfacet
  facet normal 0 0 1
    outer loop
      vertex 2.80305 -21.2913 16.9922
      vertex 0 -19.15 16.9922
      vertex 0 -21.475 16.9922
    endloop
  endfacet
  facet normal 0 0 1
    outer loop
      vertex 19.15 0 16.9922
      vertex 18.9862 -2.49958 16.9922
      vertex 21.2913 -2.80305 16.9922
    endloop
  endfacet
  facet normal 0 0 1
    outer loop
      vertex 0 -21.475 16.9922
      vertex -2.49958 -18.9862 16.9922
      vertex -2.80305 -21.2913 16.9922
    endloop
  endfacet
  facet normal 0 0 1
    outer loop
      vertex -2.80305 -21.2913 16.9922
      vertex -4.95639 -18.4975 16.9922
      vertex -5.55814 -20.7433 16.9922
    endloop
  endfacet
  facet normal 0 0 1
    outer loop
      vertex -4.95639 -18.4975 16.9922
      vertex -7.32839 -17.6923 16.9922
      vertex -5.55814 -20.7433 16.9922
    endloop
  endfacet
  facet normal 0 0 1
    outer loop
      vertex -5.55814 -20.7433 16.9922
      vertex -9.575 -16.5844 16.9922
      vertex -8.21813 -19.8403 16.9922
    endloop
  endfacet
  facet normal 0 0 1
    outer loop
      vertex -8.21813 -19.8403 16.9922
      vertex -11.6578 -15.1927 16.9922
      vertex -10.7375 -18.5979 16.9922
    endloop
  endfacet
  facet normal 0 0 1
    outer loop
      vertex -10.7375 -18.5979 16.9922
      vertex -13.5411 -13.5411 16.9922
      vertex -13.0732 -17.0373 16.9922
    endloop
  endfacet
  facet normal 0 0 1
    outer loop
      vertex -13.5411 -13.5411 16.9922
      vertex -15.1927 -11.6578 16.9922
      vertex -13.0732 -17.0373 16.9922
    endloop
  endfacet
  facet normal 0 0 1
    outer loop
      vertex -13.0732 -17.0373 16.9922
      vertex -16.5844 -9.575 16.9922
      vertex -15.1851 -15.1851 16.9922
    endloop
  endfacet
  facet normal 0 0 1
    outer loop
      vertex -16.5844 -9.575 16.9922
      vertex -17.6923 -7.32839 16.9922
      vertex -15.1851 -15.1851 16.9922
    endloop
  endfacet
  facet normal 0 0 1
    outer loop
      vertex -18.4975 -4.95639 16.9922
      vertex -21.2913 2.80305 16.9922
      vertex -17.6923 -7.32839 16.9922
    endloop
  endfacet
  facet normal 0 0 1
    outer loop
      vertex -18.4975 -4.95639 16.9922
      vertex -18.9862 -2.49958 16.9922
      vertex -21.2913 2.80305 16.9922
    endloop
  endfacet
  facet normal 0 0 1
    outer loop
      vertex -15.1927 -11.6578 16.9922
      vertex -16.5844 -9.575 16.9922
      vertex -13.0732 -17.0373 16.9922
    endloop
  endfacet
  facet normal 0 0 1
    outer loop
      vertex -18.9862 -2.49958 16.9922
      vertex -19.15 0 16.9922
      vertex -21.2913 2.80305 16.9922
    endloop
  endfacet
  facet normal 0 0 1
    outer loop
      vertex 15.1927 -11.6578 16.9922
      vertex 13.5411 -13.5411 16.9922
      vertex 17.0373 -13.0732 16.9922
    endloop
  endfacet
  facet normal 0 0 1
    outer loop
      vertex 13.5411 -13.5411 16.9922
      vertex 11.6578 -15.1927 16.9922
      vertex 15.1851 -15.1851 16.9922
    endloop
  endfacet
  facet normal 0 0 1
    outer loop
      vertex 11.6578 -15.1927 16.9922
      vertex 9.575 -16.5844 16.9922
      vertex 13.0732 -17.0373 16.9922
    endloop
  endfacet
  facet normal 0 0 1
    outer loop
      vertex 9.575 -16.5844 16.9922
      vertex 7.32839 -17.6923 16.9922
      vertex 10.7375 -18.5979 16.9922
    endloop
  endfacet
  facet normal 0 0 1
    outer loop
      vertex 7.32839 -17.6923 16.9922
      vertex 4.95639 -18.4975 16.9922
      vertex 8.21813 -19.8403 16.9922
    endloop
  endfacet
  facet normal 0 0 1
    outer loop
      vertex 4.95639 -18.4975 16.9922
      vertex 2.49958 -18.9862 16.9922
      vertex 5.55814 -20.7433 16.9922
    endloop
  endfacet
  facet normal 0 0 1
    outer loop
      vertex 2.49958 -18.9862 16.9922
      vertex 0 -19.15 16.9922
      vertex 2.80305 -21.2913 16.9922
    endloop
  endfacet
  facet normal 0 0 1
    outer loop
      vertex 0 -19.15 16.9922
      vertex -2.49958 -18.9862 16.9922
      vertex 0 -21.475 16.9922
    endloop
  endfacet
  facet normal 0 0 1
    outer loop
      vertex -11.6578 -15.1927 16.9922
      vertex -13.5411 -13.5411 16.9922
      vertex -10.7375 -18.5979 16.9922
    endloop
  endfacet
  facet normal 0 0 1
    outer loop
      vertex -7.32839 -17.6923 16.9922
      vertex -9.575 -16.5844 16.9922
      vertex -5.55814 -20.7433 16.9922
    endloop
  endfacet
  facet normal 0 0 1
    outer loop
      vertex -19.15 0 16.9922
      vertex -18.9862 2.49958 16.9922
      vertex -21.2913 2.80305 16.9922
    endloop
  endfacet
  facet normal 0 0 -1
    outer loop
      vertex -25 0 0
      vertex -24.7861 3.26315 0
      vertex -24.7861 -3.26315 0
    endloop
  endfacet
  facet normal 0 0 -1
    outer loop
      vertex -24.7861 -3.26315 0
      vertex -24.7861 3.26315 0
      vertex -24.1481 6.47048 0
    endloop
  endfacet
  facet normal 0 0 -1
    outer loop
      vertex -24.7861 -3.26315 0
      vertex -24.1481 6.47048 0
      vertex -23.097 9.56709 0
    endloop
  endfacet
  facet normal 0 0 -1
    outer loop
      vertex -24.7861 -3.26315 0
      vertex -23.097 9.56709 0
      vertex -21.6506 12.5 0
    endloop
  endfacet
  facet normal 0 0 -1
    outer loop
      vertex -24.7861 -3.26315 0
      vertex -21.6506 12.5 0
      vertex -19.8338 15.219 0
    endloop
  endfacet
  facet normal 0 0 -1
    outer loop
      vertex -24.7861 -3.26315 0
      vertex -19.8338 15.219 0
      vertex -17.6777 17.6777 0
    endloop
  endfacet
  facet normal 0 0 -1
    outer loop
      vertex -19.2907 11.1375 0
      vertex -17.6777 17.6777 0
      vertex -15.219 19.8338 0
    endloop
  endfacet
  facet normal 0 0 -1
    outer loop
      vertex -15.7508 15.7508 0
      vertex -15.219 19.8338 0
      vertex -12.5 21.6506 0
    endloop
  endfacet
  facet normal 0 0 -1
    outer loop
      vertex -13.5602 17.6719 0
      vertex -12.5 21.6506 0
      vertex -9.56709 23.097 0
    endloop
  endfacet
  facet normal 0 0 -1
    outer loop
      vertex -11.1375 19.2907 0
      vertex -9.56709 23.097 0
      vertex -6.47048 24.1481 0
    endloop
  endfacet
  facet normal 0 0 -1
    outer loop
      vertex -8.52427 20.5794 0
      vertex -6.47048 24.1481 0
      vertex -3.26315 24.7861 0
    endloop
  endfacet
  facet normal 0 0 -1
    outer loop
      vertex -2.90747 22.0844 0
      vertex -3.26315 24.7861 0
      vertex 0 25 0
    endloop
  endfacet
  facet normal 0 0 -1
    outer loop
      vertex 0 22.275 0
      vertex 0 25 0
      vertex 3.26315 24.7861 0
    endloop
  endfacet
  facet normal 0 0 -1
    outer loop
      vertex 2.90747 22.0844 0
      vertex 3.26315 24.7861 0
      vertex 6.47048 24.1481 0
    endloop
  endfacet
  facet normal 0 0 -1
    outer loop
      vertex 5.76519 21.516 0
      vertex 6.47048 24.1481 0
      vertex 9.56709 23.097 0
    endloop
  endfacet
  facet normal 0 0 -1
    outer loop
      vertex 8.52427 20.5794 0
      vertex 9.56709 23.097 0
      vertex 12.5 21.6506 0
    endloop
  endfacet
  facet normal 0 0 -1
    outer loop
      vertex 11.1375 19.2907 0
      vertex 12.5 21.6506 0
      vertex 15.219 19.8338 0
    endloop
  endfacet
  facet normal 0 0 -1
    outer loop
      vertex 13.5602 17.6719 0
      vertex 15.219 19.8338 0
      vertex 17.6777 17.6777 0
    endloop
  endfacet
  facet normal 0 0 -1
    outer loop
      vertex 15.7508 15.7508 0
      vertex 17.6777 17.6777 0
      vertex 19.8338 15.219 0
    endloop
  endfacet
  facet normal 0 0 -1
    outer loop
      vertex 17.6719 13.5602 0
      vertex 19.8338 15.219 0
      vertex 21.6506 12.5 0
    endloop
  endfacet
  facet normal 0 0 -1
    outer loop
      vertex 19.2907 11.1375 0
      vertex 21.6506 12.5 0
      vertex 23.097 9.56709 0
    endloop
  endfacet
  facet normal 0 0 -1
    outer loop
      vertex 20.5794 8.52427 0
      vertex 23.097 9.56709 0
      vertex 24.1481 6.47048 0
    endloop
  endfacet
  facet normal 0 0 -1
    outer loop
      vertex 21.516 5.76519 0
      vertex 24.1481 6.47048 0
      vertex 24.7861 3.26315 0
    endloop
  endfacet
  facet normal 0 0 -1
    outer loop
      vertex 22.275 0 0
      vertex 24.7861 3.26315 0
      vertex 25 0 0
    endloop
  endfacet
  facet normal 0 0 -1
    outer loop
      vertex 22.0844 -2.90747 0
      vertex 25 0 0
      vertex 24.7861 -3.26315 0
    endloop
  endfacet
  facet normal 0 0 -1
    outer loop
      vertex 21.516 -5.76519 0
      vertex 24.7861 -3.26315 0
      vertex 24.1481 -6.47048 0
    endloop
  endfacet
  facet normal 0 0 -1
    outer loop
      vertex 20.5794 -8.52427 0
      vertex 24.1481 -6.47048 0
      vertex 23.097 -9.56709 0
    endloop
  endfacet
  facet normal 0 0 -1
    outer loop
      vertex 19.2907 -11.1375 0
      vertex 23.097 -9.56709 0
      vertex 21.6506 -12.5 0
    endloop
  endfacet
  facet normal 0 0 -1
    outer loop
      vertex 17.6719 -13.5602 0
      vertex 21.6506 -12.5 0
      vertex 19.8338 -15.219 0
    endloop
  endfacet
  facet normal 0 0 -1
    outer loop
      vertex 15.7508 -15.7508 0
      vertex 19.8338 -15.219 0
      vertex 17.6777 -17.6777 0
    endloop
  endfacet
  facet normal 0 0 -1
    outer loop
      vertex 13.5602 -17.6719 0
      vertex 17.6777 -17.6777 0
      vertex 15.219 -19.8338 0
    endloop
  endfacet
  facet normal 0 0 -1
    outer loop
      vertex 11.1375 -19.2907 0
      vertex 15.219 -19.8338 0
      vertex 12.5 -21.6506 0
    endloop
  endfacet
  facet normal 0 0 -1
    outer loop
      vertex 8.52427 -20.5794 0
      vertex 12.5 -21.6506 0
      vertex 9.56709 -23.097 0
    endloop
  endfacet
  facet normal 0 0 -1
    outer loop
      vertex 5.76519 -21.516 0
      vertex 9.56709 -23.097 0
      vertex 6.47048 -24.1481 0
    endloop
  endfacet
  facet normal 0 0 -1
    outer loop
      vertex 0 -22.275 0
      vertex 6.47048 -24.1481 0
      vertex 3.26315 -24.7861 0
    endloop
  endfacet
  facet normal 0 0 -1
    outer loop
      vertex -2.90747 -22.0844 0
      vertex 3.26315 -24.7861 0
      vertex 0 -25 0
    endloop
  endfacet
  facet normal 0 0 -1
    outer loop
      vertex -5.76519 -21.516 0
      vertex 0 -25 0
      vertex -3.26315 -24.7861 0
    endloop
  endfacet
  facet normal 0 0 -1
    outer loop
      vertex -8.52427 -20.5794 0
      vertex -3.26315 -24.7861 0
      vertex -6.47048 -24.1481 0
    endloop
  endfacet
  facet normal 0 0 -1
    outer loop
      vertex -13.5602 -17.6719 0
      vertex -6.47048 -24.1481 0
      vertex -9.56709 -23.097 0
    endloop
  endfacet
  facet normal 0 0 -1
    outer loop
      vertex -17.6719 -13.5602 0
      vertex -9.56709 -23.097 0
      vertex -12.5 -21.6506 0
    endloop
  endfacet
  facet normal 0 0 -1
    outer loop
      vertex -24.7861 -3.26315 0
      vertex -12.5 -21.6506 0
      vertex -15.219 -19.8338 0
    endloop
  endfacet
  facet normal 0 0 -1
    outer loop
      vertex -24.7861 -3.26315 0
      vertex -15.219 -19.8338 0
      vertex -17.6777 -17.6777 0
    endloop
  endfacet
  facet normal 0 0 -1
    outer loop
      vertex -24.7861 -3.26315 0
      vertex -17.6777 -17.6777 0
      vertex -19.8338 -15.219 0
    endloop
  endfacet
  facet normal 0 0 -1
    outer loop
      vertex -24.7861 -3.26315 0
      vertex -19.8338 -15.219 0
      vertex -21.6506 -12.5 0
    endloop
  endfacet
  facet normal 0 0 -1
    outer loop
      vertex -24.7861 -3.26315 0
      vertex -21.6506 -12.5 0
      vertex -23.097 -9.56709 0
    endloop
  endfacet
  facet normal 0 0 -1
    outer loop
      vertex -24.7861 -3.26315 0
      vertex -23.097 -9.56709 0
      vertex -24.1481 -6.47048 0
    endloop
  endfacet
  facet normal 0 0 -1
    outer loop
      vertex -22.0844 -2.90747 0
      vertex -24.7861 -3.26315 0
      vertex -22.275 0 0
    endloop
  endfacet
  facet normal 0 0 -1
    outer loop
      vertex 11.1375 -19.2907 0
      vertex 12.5 -21.6506 0
      vertex 8.52427 -20.5794 0
    endloop
  endfacet
  facet normal 0 0 -1
    outer loop
      vertex -21.516 -5.76519 0
      vertex -24.7861 -3.26315 0
      vertex -22.0844 -2.90747 0
    endloop
  endfacet
  facet normal 0 0 -1
    outer loop
      vertex -20.5794 -8.52427 0
      vertex -24.7861 -3.26315 0
      vertex -21.516 -5.76519 0
    endloop
  endfacet
  facet normal 0 0 -1
    outer loop
      vertex -19.2907 -11.1375 0
      vertex -24.7861 -3.26315 0
      vertex -20.5794 -8.52427 0
    endloop
  endfacet
  facet normal 0 0 -1
    outer loop
      vertex -13.5602 -17.6719 0
      vertex -9.56709 -23.097 0
      vertex -15.7508 -15.7508 0
    endloop
  endfacet
  facet normal 0 0 -1
    outer loop
      vertex -24.7861 -3.26315 0
      vertex -19.2907 -11.1375 0
      vertex -12.5 -21.6506 0
    endloop
  endfacet
  facet normal 0 0 -1
    outer loop
      vertex -15.7508 -15.7508 0
      vertex -9.56709 -23.097 0
      vertex -17.6719 -13.5602 0
    endloop
  endfacet
  facet normal 0 0 -1
    outer loop
      vertex -19.2907 -11.1375 0
      vertex -17.6719 -13.5602 0
      vertex -12.5 -21.6506 0
    endloop
  endfacet
  facet normal 0 0 -1
    outer loop
      vertex -11.1375 -19.2907 0
      vertex -6.47048 -24.1481 0
      vertex -13.5602 -17.6719 0
    endloop
  endfacet
  facet normal 0 0 -1
    outer loop
      vertex -8.52427 -20.5794 0
      vertex -6.47048 -24.1481 0
      vertex -11.1375 -19.2907 0
    endloop
  endfacet
  facet normal 0 0 -1
    outer loop
      vertex 2.90747 -22.0844 0
      vertex 6.47048 -24.1481 0
      vertex 0 -22.275 0
    endloop
  endfacet
  facet normal 0 0 -1
    outer loop
      vertex 5.76519 -21.516 0
      vertex 6.47048 -24.1481 0
      vertex 2.90747 -22.0844 0
    endloop
  endfacet
  facet normal 0 0 -1
    outer loop
      vertex 0 -22.275 0
      vertex 3.26315 -24.7861 0
      vertex -2.90747 -22.0844 0
    endloop
  endfacet
  facet normal 0 0 -1
    outer loop
      vertex -2.90747 -22.0844 0
      vertex 0 -25 0
      vertex -5.76519 -21.516 0
    endloop
  endfacet
  facet normal 0 0 -1
    outer loop
      vertex -5.76519 -21.516 0
      vertex -3.26315 -24.7861 0
      vertex -8.52427 -20.5794 0
    endloop
  endfacet
  facet normal 0 0 -1
    outer loop
      vertex 22.0844 2.90747 0
      vertex 24.7861 3.26315 0
      vertex 22.275 0 0
    endloop
  endfacet
  facet normal 0 0 -1
    outer loop
      vertex 20.5794 8.52427 0
      vertex 24.1481 6.47048 0
      vertex 21.516 5.76519 0
    endloop
  endfacet
  facet normal 0 0 -1
    outer loop
      vertex 21.516 5.76519 0
      vertex 24.7861 3.26315 0
      vertex 22.0844 2.90747 0
    endloop
  endfacet
  facet normal 0 0 -1
    outer loop
      vertex 22.275 0 0
      vertex 25 0 0
      vertex 22.0844 -2.90747 0
    endloop
  endfacet
  facet normal 0 0 -1
    outer loop
      vertex 22.0844 -2.90747 0
      vertex 24.7861 -3.26315 0
      vertex 21.516 -5.76519 0
    endloop
  endfacet
  facet normal 0 0 -1
    outer loop
      vertex 21.516 -5.76519 0
      vertex 24.1481 -6.47048 0
      vertex 20.5794 -8.52427 0
    endloop
  endfacet
  facet normal 0 0 -1
    outer loop
      vertex 20.5794 -8.52427 0
      vertex 23.097 -9.56709 0
      vertex 19.2907 -11.1375 0
    endloop
  endfacet
  facet normal 0 0 -1
    outer loop
      vertex 19.2907 -11.1375 0
      vertex 21.6506 -12.5 0
      vertex 17.6719 -13.5602 0
    endloop
  endfacet
  facet normal 0 0 -1
    outer loop
      vertex 17.6719 -13.5602 0
      vertex 19.8338 -15.219 0
      vertex 15.7508 -15.7508 0
    endloop
  endfacet
  facet normal 0 0 -1
    outer loop
      vertex 15.7508 -15.7508 0
      vertex 17.6777 -17.6777 0
      vertex 13.5602 -17.6719 0
    endloop
  endfacet
  facet normal 0 0 -1
    outer loop
      vertex 13.5602 -17.6719 0
      vertex 15.219 -19.8338 0
      vertex 11.1375 -19.2907 0
    endloop
  endfacet
  facet normal 0 0 -1
    outer loop
      vertex -5.76519 21.516 0
      vertex -3.26315 24.7861 0
      vertex -2.90747 22.0844 0
    endloop
  endfacet
  facet normal 0 0 -1
    outer loop
      vertex -8.52427 20.5794 0
      vertex -3.26315 24.7861 0
      vertex -5.76519 21.516 0
    endloop
  endfacet
  facet normal 0 0 -1
    outer loop
      vertex -2.90747 22.0844 0
      vertex 0 25 0
      vertex 0 22.275 0
    endloop
  endfacet
  facet normal 0 0 -1
    outer loop
      vertex 0 22.275 0
      vertex 3.26315 24.7861 0
      vertex 2.90747 22.0844 0
    endloop
  endfacet
  facet normal 0 0 -1
    outer loop
      vertex 2.90747 22.0844 0
      vertex 6.47048 24.1481 0
      vertex 5.76519 21.516 0
    endloop
  endfacet
  facet normal 0 0 -1
    outer loop
      vertex -17.6719 13.5602 0
      vertex -15.219 19.8338 0
      vertex -15.7508 15.7508 0
    endloop
  endfacet
  facet normal 0 0 -1
    outer loop
      vertex -20.5794 8.52427 0
      vertex -17.6777 17.6777 0
      vertex -19.2907 11.1375 0
    endloop
  endfacet
  facet normal 0 0 -1
    outer loop
      vertex -22.0844 2.90747 0
      vertex -24.7861 -3.26315 0
      vertex -21.516 5.76519 0
    endloop
  endfacet
  facet normal 0 0 -1
    outer loop
      vertex -24.7861 -3.26315 0
      vertex -17.6777 17.6777 0
      vertex -20.5794 8.52427 0
    endloop
  endfacet
  facet normal 0 0 -1
    outer loop
      vertex -24.7861 -3.26315 0
      vertex -20.5794 8.52427 0
      vertex -21.516 5.76519 0
    endloop
  endfacet
  facet normal 0 0 -1
    outer loop
      vertex 5.76519 21.516 0
      vertex 9.56709 23.097 0
      vertex 8.52427 20.5794 0
    endloop
  endfacet
  facet normal 0 0 -1
    outer loop
      vertex -22.275 0 0
      vertex -24.7861 -3.26315 0
      vertex -22.0844 2.90747 0
    endloop
  endfacet
  facet normal 0 0 -1
    outer loop
      vertex -19.2907 11.1375 0
      vertex -15.219 19.8338 0
      vertex -17.6719 13.5602 0
    endloop
  endfacet
  facet normal 0 0 -1
    outer loop
      vertex -15.7508 15.7508 0
      vertex -12.5 21.6506 0
      vertex -13.5602 17.6719 0
    endloop
  endfacet
  facet normal 0 0 -1
    outer loop
      vertex -13.5602 17.6719 0
      vertex -9.56709 23.097 0
      vertex -11.1375 19.2907 0
    endloop
  endfacet
  facet normal 0 0 -1
    outer loop
      vertex -11.1375 19.2907 0
      vertex -6.47048 24.1481 0
      vertex -8.52427 20.5794 0
    endloop
  endfacet
  facet normal 0 0 -1
    outer loop
      vertex 8.52427 20.5794 0
      vertex 12.5 21.6506 0
      vertex 11.1375 19.2907 0
    endloop
  endfacet
  facet normal 0 0 -1
    outer loop
      vertex 11.1375 19.2907 0
      vertex 15.219 19.8338 0
      vertex 13.5602 17.6719 0
    endloop
  endfacet
  facet normal 0 0 -1
    outer loop
      vertex 13.5602 17.6719 0
      vertex 17.6777 17.6777 0
      vertex 15.7508 15.7508 0
    endloop
  endfacet
  facet normal 0 0 -1
    outer loop
      vertex 15.7508 15.7508 0
      vertex 19.8338 15.219 0
      vertex 17.6719 13.5602 0
    endloop
  endfacet
  facet normal 0 0 -1
    outer loop
      vertex 17.6719 13.5602 0
      vertex 21.6506 12.5 0
      vertex 19.2907 11.1375 0
    endloop
  endfacet
  facet normal 0 0 -1
    outer loop
      vertex 19.2907 11.1375 0
      vertex 23.097 9.56709 0
      vertex 20.5794 8.52427 0
    endloop
  endfacet
  facet normal 0 0 -1
    outer loop
      vertex 8.52427 -20.5794 0
      vertex 9.56709 -23.097 0
      vertex 5.76519 -21.516 0
    endloop
  endfacet
  facet normal -0.997859 0.065403 0
    outer loop
      vertex -25 0 0
      vertex -25 0 6.05469
      vertex -24.7861 3.26315 0
    endloop
  endfacet
  facet normal -0.997859 0.065403 0
    outer loop
      vertex -24.7861 3.26315 0
      vertex -25 0 6.05469
      vertex -24.7861 3.26315 6.05469
    endloop
  endfacet
  facet normal -0.997859 -0.065403 0
    outer loop
      vertex -25 0 0
      vertex -24.7861 -3.26315 0
      vertex -25 0 6.05469
    endloop
  endfacet
  facet normal -0.997859 -0.065403 0
    outer loop
      vertex -25 0 6.05469
      vertex -24.7861 -3.26315 0
      vertex -24.7861 -3.26315 6.05469
    endloop
  endfacet
  facet normal -0.980785 -0.19509 0
    outer loop
      vertex -24.7861 -3.26315 0
      vertex -24.1481 -6.47048 0
      vertex -24.7861 -3.26315 6.05469
    endloop
  endfacet
  facet normal -0.980785 -0.19509 0
    outer loop
      vertex -24.7861 -3.26315 6.05469
      vertex -24.1481 -6.47048 0
      vertex -24.1481 -6.47048 6.05469
    endloop
  endfacet
  facet normal -0.94693 -0.32144 0
    outer loop
      vertex -24.1481 -6.47048 0
      vertex -23.097 -9.56709 0
      vertex -24.1481 -6.47048 6.05469
    endloop
  endfacet
  facet normal -0.94693 -0.32144 0
    outer loop
      vertex -24.1481 -6.47048 6.05469
      vertex -23.097 -9.56709 0
      vertex -23.097 -9.56709 6.05469
    endloop
  endfacet
  facet normal -0.896873 -0.442289 0
    outer loop
      vertex -23.097 -9.56709 0
      vertex -21.6506 -12.5 0
      vertex -23.097 -9.56709 6.05469
    endloop
  endfacet
  facet normal -0.896873 -0.442289 0
    outer loop
      vertex -23.097 -9.56709 6.05469
      vertex -21.6506 -12.5 0
      vertex -21.6506 -12.5 6.05469
    endloop
  endfacet
  facet normal -0.83147 -0.55557 0
    outer loop
      vertex -21.6506 -12.5 0
      vertex -19.8338 -15.219 0
      vertex -21.6506 -12.5 6.05469
    endloop
  endfacet
  facet normal -0.83147 -0.55557 0
    outer loop
      vertex -21.6506 -12.5 6.05469
      vertex -19.8338 -15.219 0
      vertex -19.8338 -15.219 6.05469
    endloop
  endfacet
  facet normal -0.75184 -0.659346 0
    outer loop
      vertex -19.8338 -15.219 0
      vertex -17.6777 -17.6777 0
      vertex -19.8338 -15.219 6.05469
    endloop
  endfacet
  facet normal -0.75184 -0.659346 0
    outer loop
      vertex -19.8338 -15.219 6.05469
      vertex -17.6777 -17.6777 0
      vertex -17.6777 -17.6777 6.05469
    endloop
  endfacet
  facet normal -0.659346 -0.75184 0
    outer loop
      vertex -17.6777 -17.6777 6.05469
      vertex -17.6777 -17.6777 0
      vertex -15.219 -19.8338 0
    endloop
  endfacet
  facet normal -0.659346 -0.75184 0
    outer loop
      vertex -15.219 -19.8338 6.05469
      vertex -17.6777 -17.6777 6.05469
      vertex -15.219 -19.8338 0
    endloop
  endfacet
  facet normal -0.55557 -0.83147 0
    outer loop
      vertex -15.219 -19.8338 6.05469
      vertex -15.219 -19.8338 0
      vertex -12.5 -21.6506 0
    endloop
  endfacet
  facet normal -0.55557 -0.83147 0
    outer loop
      vertex -12.5 -21.6506 6.05469
      vertex -15.219 -19.8338 6.05469
      vertex -12.5 -21.6506 0
    endloop
  endfacet
  facet normal -0.442289 -0.896873 0
    outer loop
      vertex -12.5 -21.6506 6.05469
      vertex -12.5 -21.6506 0
      vertex -9.56709 -23.097 0
    endloop
  endfacet
  facet normal -0.442289 -0.896873 0
    outer loop
      vertex -9.56709 -23.097 6.05469
      vertex -12.5 -21.6506 6.05469
      vertex -9.56709 -23.097 0
    endloop
  endfacet
  facet normal -0.32144 -0.94693 0
    outer loop
      vertex -9.56709 -23.097 6.05469
      vertex -9.56709 -23.097 0
      vertex -6.47048 -24.1481 0
    endloop
  endfacet
  facet normal -0.32144 -0.94693 0
    outer loop
      vertex -6.47048 -24.1481 6.05469
      vertex -9.56709 -23.097 6.05469
      vertex -6.47048 -24.1481 0
    endloop
  endfacet
  facet normal -0.19509 -0.980785 0
    outer loop
      vertex -6.47048 -24.1481 6.05469
      vertex -6.47048 -24.1481 0
      vertex -3.26315 -24.7861 0
    endloop
  endfacet
  facet normal -0.19509 -0.980785 0
    outer loop
      vertex -3.26315 -24.7861 6.05469
      vertex -6.47048 -24.1481 6.05469
      vertex -3.26315 -24.7861 0
    endloop
  endfacet
  facet normal -0.065403 -0.997859 0
    outer loop
      vertex -3.26315 -24.7861 6.05469
      vertex -3.26315 -24.7861 0
      vertex 0 -25 0
    endloop
  endfacet
  facet normal -0.065403 -0.997859 0
    outer loop
      vertex 0 -25 6.05469
      vertex -3.26315 -24.7861 6.05469
      vertex 0 -25 0
    endloop
  endfacet
  facet normal 0.065403 -0.997859 0
    outer loop
      vertex 0 -25 6.05469
      vertex 0 -25 0
      vertex 3.26315 -24.7861 0
    endloop
  endfacet
  facet normal 0.065403 -0.997859 0
    outer loop
      vertex 3.26315 -24.7861 6.05469
      vertex 0 -25 6.05469
      vertex 3.26315 -24.7861 0
    endloop
  endfacet
  facet normal 0.19509 -0.980785 0
    outer loop
      vertex 3.26315 -24.7861 6.05469
      vertex 3.26315 -24.7861 0
      vertex 6.47048 -24.1481 0
    endloop
  endfacet
  facet normal 0.19509 -0.980785 0
    outer loop
      vertex 6.47048 -24.1481 6.05469
      vertex 3.26315 -24.7861 6.05469
      vertex 6.47048 -24.1481 0
    endloop
  endfacet
  facet normal 0.32144 -0.94693 0
    outer loop
      vertex 6.47048 -24.1481 6.05469
      vertex 6.47048 -24.1481 0
      vertex 9.56709 -23.097 0
    endloop
  endfacet
  facet normal 0.32144 -0.94693 0
    outer loop
      vertex 9.56709 -23.097 6.05469
      vertex 6.47048 -24.1481 6.05469
      vertex 9.56709 -23.097 0
    endloop
  endfacet
  facet normal 0.442289 -0.896873 0
    outer loop
      vertex 9.56709 -23.097 6.05469
      vertex 9.56709 -23.097 0
      vertex 12.5 -21.6506 0
    endloop
  endfacet
  facet normal 0.442289 -0.896873 0
    outer loop
      vertex 12.5 -21.6506 6.05469
      vertex 9.56709 -23.097 6.05469
      vertex 12.5 -21.6506 0
    endloop
  endfacet
  facet normal 0.55557 -0.83147 0
    outer loop
      vertex 12.5 -21.6506 6.05469
      vertex 12.5 -21.6506 0
      vertex 15.219 -19.8338 0
    endloop
  endfacet
  facet normal 0.55557 -0.83147 0
    outer loop
      vertex 15.219 -19.8338 6.05469
      vertex 12.5 -21.6506 6.05469
      vertex 15.219 -19.8338 0
    endloop
  endfacet
  facet normal 0.659346 -0.75184 0
    outer loop
      vertex 15.219 -19.8338 6.05469
      vertex 15.219 -19.8338 0
      vertex 17.6777 -17.6777 0
    endloop
  endfacet
  facet normal 0.659346 -0.75184 0
    outer loop
      vertex 17.6777 -17.6777 6.05469
      vertex 15.219 -19.8338 6.05469
      vertex 17.6777 -17.6777 0
    endloop
  endfacet
  facet normal 0.75184 -0.659346 0
    outer loop
      vertex 17.6777 -17.6777 6.05469
      vertex 17.6777 -17.6777 0
      vertex 19.8338 -15.219 0
    endloop
  endfacet
  facet normal 0.75184 -0.659346 0
    outer loop
      vertex 19.8338 -15.219 6.05469
      vertex 17.6777 -17.6777 6.05469
      vertex 19.8338 -15.219 0
    endloop
  endfacet
  facet normal 0.83147 -0.55557 0
    outer loop
      vertex 19.8338 -15.219 6.05469
      vertex 19.8338 -15.219 0
      vertex 21.6506 -12.5 0
    endloop
  endfacet
  facet normal 0.83147 -0.55557 0
    outer loop
      vertex 21.6506 -12.5 6.05469
      vertex 19.8338 -15.219 6.05469
      vertex 21.6506 -12.5 0
    endloop
  endfacet
  facet normal 0.896873 -0.442289 0
    outer loop
      vertex 21.6506 -12.5 6.05469
      vertex 21.6506 -12.5 0
      vertex 23.097 -9.56709 0
    endloop
  endfacet
  facet normal 0.896873 -0.442289 0
    outer loop
      vertex 23.097 -9.56709 6.05469
      vertex 21.6506 -12.5 6.05469
      vertex 23.097 -9.56709 0
    endloop
  endfacet
  facet normal 0.94693 -0.32144 0
    outer loop
      vertex 23.097 -9.56709 6.05469
      vertex 23.097 -9.56709 0
      vertex 24.1481 -6.47048 0
    endloop
  endfacet
  facet normal 0.94693 -0.32144 0
    outer loop
      vertex 24.1481 -6.47048 6.05469
      vertex 23.097 -9.56709 6.05469
      vertex 24.1481 -6.47048 0
    endloop
  endfacet
  facet normal 0.980785 -0.19509 0
    outer loop
      vertex 24.1481 -6.47048 6.05469
      vertex 24.1481 -6.47048 0
      vertex 24.7861 -3.26315 0
    endloop
  endfacet
  facet normal 0.980785 -0.19509 0
    outer loop
      vertex 24.7861 -3.26315 6.05469
      vertex 24.1481 -6.47048 6.05469
      vertex 24.7861 -3.26315 0
    endloop
  endfacet
  facet normal 0.997859 -0.065403 0
    outer loop
      vertex 24.7861 -3.26315 6.05469
      vertex 24.7861 -3.26315 0
      vertex 25 0 0
    endloop
  endfacet
  facet normal 0.997859 -0.065403 0
    outer loop
      vertex 25 0 6.05469
      vertex 24.7861 -3.26315 6.05469
      vertex 25 0 0
    endloop
  endfacet
  facet normal 0.997859 0.065403 0
    outer loop
      vertex 25 0 0
      vertex 24.7861 3.26315 0
      vertex 24.7861 3.26315 6.05469
    endloop
  endfacet
  facet normal 0.997859 0.065403 0
    outer loop
      vertex 25 0 6.05469
      vertex 25 0 0
      vertex 24.7861 3.26315 6.05469
    endloop
  endfacet
  facet normal 0.980785 0.19509 0
    outer loop
      vertex 24.7861 3.26315 0
      vertex 24.1481 6.47048 0
      vertex 24.1481 6.47048 6.05469
    endloop
  endfacet
  facet normal 0.980785 0.19509 0
    outer loop
      vertex 24.7861 3.26315 6.05469
      vertex 24.7861 3.26315 0
      vertex 24.1481 6.47048 6.05469
    endloop
  endfacet
  facet normal 0.94693 0.32144 0
    outer loop
      vertex 24.1481 6.47048 0
      vertex 23.097 9.56709 0
      vertex 23.097 9.56709 6.05469
    endloop
  endfacet
  facet normal 0.94693 0.32144 0
    outer loop
      vertex 24.1481 6.47048 6.05469
      vertex 24.1481 6.47048 0
      vertex 23.097 9.56709 6.05469
    endloop
  endfacet
  facet normal 0.896873 0.442289 0
    outer loop
      vertex 23.097 9.56709 0
      vertex 21.6506 12.5 0
      vertex 21.6506 12.5 6.05469
    endloop
  endfacet
  facet normal 0.896873 0.442289 0
    outer loop
      vertex 23.097 9.56709 6.05469
      vertex 23.097 9.56709 0
      vertex 21.6506 12.5 6.05469
    endloop
  endfacet
  facet normal 0.83147 0.55557 0
    outer loop
      vertex 21.6506 12.5 0
      vertex 19.8338 15.219 0
      vertex 19.8338 15.219 6.05469
    endloop
  endfacet
  facet normal 0.83147 0.55557 0
    outer loop
      vertex 21.6506 12.5 6.05469
      vertex 21.6506 12.5 0
      vertex 19.8338 15.219 6.05469
    endloop
  endfacet
  facet normal 0.75184 0.659346 0
    outer loop
      vertex 19.8338 15.219 0
      vertex 17.6777 17.6777 0
      vertex 17.6777 17.6777 6.05469
    endloop
  endfacet
  facet normal 0.75184 0.659346 0
    outer loop
      vertex 19.8338 15.219 6.05469
      vertex 19.8338 15.219 0
      vertex 17.6777 17.6777 6.05469
    endloop
  endfacet
  facet normal 0.659346 0.75184 0
    outer loop
      vertex 15.219 19.8338 0
      vertex 15.219 19.8338 6.05469
      vertex 17.6777 17.6777 0
    endloop
  endfacet
  facet normal 0.659346 0.75184 0
    outer loop
      vertex 17.6777 17.6777 0
      vertex 15.219 19.8338 6.05469
      vertex 17.6777 17.6777 6.05469
    endloop
  endfacet
  facet normal 0.55557 0.83147 0
    outer loop
      vertex 12.5 21.6506 0
      vertex 12.5 21.6506 6.05469
      vertex 15.219 19.8338 0
    endloop
  endfacet
  facet normal 0.55557 0.83147 0
    outer loop
      vertex 15.219 19.8338 0
      vertex 12.5 21.6506 6.05469
      vertex 15.219 19.8338 6.05469
    endloop
  endfacet
  facet normal 0.442289 0.896873 0
    outer loop
      vertex 9.56709 23.097 0
      vertex 9.56709 23.097 6.05469
      vertex 12.5 21.6506 0
    endloop
  endfacet
  facet normal 0.442289 0.896873 0
    outer loop
      vertex 12.5 21.6506 0
      vertex 9.56709 23.097 6.05469
      vertex 12.5 21.6506 6.05469
    endloop
  endfacet
  facet normal 0.32144 0.94693 0
    outer loop
      vertex 6.47048 24.1481 0
      vertex 6.47048 24.1481 6.05469
      vertex 9.56709 23.097 0
    endloop
  endfacet
  facet normal 0.32144 0.94693 0
    outer loop
      vertex 9.56709 23.097 0
      vertex 6.47048 24.1481 6.05469
      vertex 9.56709 23.097 6.05469
    endloop
  endfacet
  facet normal 0.19509 0.980785 0
    outer loop
      vertex 3.26315 24.7861 0
      vertex 3.26315 24.7861 6.05469
      vertex 6.47048 24.1481 0
    endloop
  endfacet
  facet normal 0.19509 0.980785 0
    outer loop
      vertex 6.47048 24.1481 0
      vertex 3.26315 24.7861 6.05469
      vertex 6.47048 24.1481 6.05469
    endloop
  endfacet
  facet normal 0.065403 0.997859 0
    outer loop
      vertex 0 25 0
      vertex 0 25 6.05469
      vertex 3.26315 24.7861 0
    endloop
  endfacet
  facet normal 0.065403 0.997859 0
    outer loop
      vertex 3.26315 24.7861 0
      vertex 0 25 6.05469
      vertex 3.26315 24.7861 6.05469
    endloop
  endfacet
  facet normal -0.065403 0.997859 0
    outer loop
      vertex -3.26315 24.7861 0
      vertex -3.26315 24.7861 6.05469
      vertex 0 25 0
    endloop
  endfacet
  facet normal -0.065403 0.997859 0
    outer loop
      vertex 0 25 0
      vertex -3.26315 24.7861 6.05469
      vertex 0 25 6.05469
    endloop
  endfacet
  facet normal -0.19509 0.980785 0
    outer loop
      vertex -6.47048 24.1481 0
      vertex -6.47048 24.1481 6.05469
      vertex -3.26315 24.7861 0
    endloop
  endfacet
  facet normal -0.19509 0.980785 0
    outer loop
      vertex -3.26315 24.7861 0
      vertex -6.47048 24.1481 6.05469
      vertex -3.26315 24.7861 6.05469
    endloop
  endfacet
  facet normal -0.32144 0.94693 0
    outer loop
      vertex -9.56709 23.097 0
      vertex -9.56709 23.097 6.05469
      vertex -6.47048 24.1481 0
    endloop
  endfacet
  facet normal -0.32144 0.94693 0
    outer loop
      vertex -6.47048 24.1481 0
      vertex -9.56709 23.097 6.05469
      vertex -6.47048 24.1481 6.05469
    endloop
  endfacet
  facet normal -0.442289 0.896873 0
    outer loop
      vertex -12.5 21.6506 0
      vertex -12.5 21.6506 6.05469
      vertex -9.56709 23.097 0
    endloop
  endfacet
  facet normal -0.442289 0.896873 0
    outer loop
      vertex -9.56709 23.097 0
      vertex -12.5 21.6506 6.05469
      vertex -9.56709 23.097 6.05469
    endloop
  endfacet
  facet normal -0.55557 0.83147 0
    outer loop
      vertex -15.219 19.8338 0
      vertex -15.219 19.8338 6.05469
      vertex -12.5 21.6506 0
    endloop
  endfacet
  facet normal -0.55557 0.83147 0
    outer loop
      vertex -12.5 21.6506 0
      vertex -15.219 19.8338 6.05469
      vertex -12.5 21.6506 6.05469
    endloop
  endfacet
  facet normal -0.659346 0.75184 0
    outer loop
      vertex -17.6777 17.6777 0
      vertex -17.6777 17.6777 6.05469
      vertex -15.219 19.8338 0
    endloop
  endfacet
  facet normal -0.659346 0.75184 0
    outer loop
      vertex -15.219 19.8338 0
      vertex -17.6777 17.6777 6.05469
      vertex -15.219 19.8338 6.05469
    endloop
  endfacet
  facet normal -0.75184 0.659346 0
    outer loop
      vertex -19.8338 15.219 0
      vertex -19.8338 15.219 6.05469
      vertex -17.6777 17.6777 0
    endloop
  endfacet
  facet normal -0.75184 0.659346 0
    outer loop
      vertex -17.6777 17.6777 0
      vertex -19.8338 15.219 6.05469
      vertex -17.6777 17.6777 6.05469
    endloop
  endfacet
  facet normal -0.83147 0.55557 0
    outer loop
      vertex -21.6506 12.5 0
      vertex -21.6506 12.5 6.05469
      vertex -19.8338 15.219 0
    endloop
  endfacet
  facet normal -0.83147 0.55557 0
    outer loop
      vertex -19.8338 15.219 0
      vertex -21.6506 12.5 6.05469
      vertex -19.8338 15.219 6.05469
    endloop
  endfacet
  facet normal -0.896873 0.442289 0
    outer loop
      vertex -23.097 9.56709 0
      vertex -23.097 9.56709 6.05469
      vertex -21.6506 12.5 0
    endloop
  endfacet
  facet normal -0.896873 0.442289 0
    outer loop
      vertex -21.6506 12.5 0
      vertex -23.097 9.56709 6.05469
      vertex -21.6506 12.5 6.05469
    endloop
  endfacet
  facet normal -0.94693 0.32144 0
    outer loop
      vertex -24.1481 6.47048 0
      vertex -24.1481 6.47048 6.05469
      vertex -23.097 9.56709 0
    endloop
  endfacet
  facet normal -0.94693 0.32144 0
    outer loop
      vertex -23.097 9.56709 0
      vertex -24.1481 6.47048 6.05469
      vertex -23.097 9.56709 6.05469
    endloop
  endfacet
  facet normal -0.980785 0.19509 0
    outer loop
      vertex -24.7861 3.26315 0
      vertex -24.7861 3.26315 6.05469
      vertex -24.1481 6.47048 0
    endloop
  endfacet
  facet normal -0.980785 0.19509 0
    outer loop
      vertex -24.1481 6.47048 0
      vertex -24.7861 3.26315 6.05469
      vertex -24.1481 6.47048 6.05469
    endloop
  endfacet
  facet normal 0.997859 -0.0654032 0
    outer loop
      vertex -22.0844 2.90747 0
      vertex -22.0844 2.90747 6.05469
      vertex -22.275 0 6.05469
    endloop
  endfacet
  facet normal 0.997859 -0.0654032 0
    outer loop
      vertex -22.275 0 0
      vertex -22.0844 2.90747 0
      vertex -22.275 0 6.05469
    endloop
  endfacet
  facet normal 0.997859 0.0654032 0
    outer loop
      vertex -22.275 0 6.05469
      vertex -22.0844 -2.90747 6.05469
      vertex -22.0844 -2.90747 0
    endloop
  endfacet
  facet normal 0.997859 0.0654032 0
    outer loop
      vertex -22.275 0 0
      vertex -22.275 0 6.05469
      vertex -22.0844 -2.90747 0
    endloop
  endfacet
  facet normal 0.980785 -0.19509 0
    outer loop
      vertex -21.516 5.76519 0
      vertex -21.516 5.76519 6.05469
      vertex -22.0844 2.90747 6.05469
    endloop
  endfacet
  facet normal 0.980785 -0.19509 0
    outer loop
      vertex -22.0844 2.90747 0
      vertex -21.516 5.76519 0
      vertex -22.0844 2.90747 6.05469
    endloop
  endfacet
  facet normal 0.94693 -0.321439 0
    outer loop
      vertex -20.5794 8.52427 0
      vertex -20.5794 8.52427 6.05469
      vertex -21.516 5.76519 6.05469
    endloop
  endfacet
  facet normal 0.94693 -0.321439 0
    outer loop
      vertex -21.516 5.76519 0
      vertex -20.5794 8.52427 0
      vertex -21.516 5.76519 6.05469
    endloop
  endfacet
  facet normal 0.896873 -0.442289 0
    outer loop
      vertex -19.2907 11.1375 0
      vertex -19.2907 11.1375 6.05469
      vertex -20.5794 8.52427 6.05469
    endloop
  endfacet
  facet normal 0.896873 -0.442289 0
    outer loop
      vertex -20.5794 8.52427 0
      vertex -19.2907 11.1375 0
      vertex -20.5794 8.52427 6.05469
    endloop
  endfacet
  facet normal 0.83147 -0.55557 0
    outer loop
      vertex -17.6719 13.5602 0
      vertex -17.6719 13.5602 6.05469
      vertex -19.2907 11.1375 6.05469
    endloop
  endfacet
  facet normal 0.83147 -0.55557 0
    outer loop
      vertex -19.2907 11.1375 0
      vertex -17.6719 13.5602 0
      vertex -19.2907 11.1375 6.05469
    endloop
  endfacet
  facet normal 0.75184 -0.659346 0
    outer loop
      vertex -15.7508 15.7508 0
      vertex -15.7508 15.7508 6.05469
      vertex -17.6719 13.5602 6.05469
    endloop
  endfacet
  facet normal 0.75184 -0.659346 0
    outer loop
      vertex -17.6719 13.5602 0
      vertex -15.7508 15.7508 0
      vertex -17.6719 13.5602 6.05469
    endloop
  endfacet
  facet normal 0.659346 -0.75184 0
    outer loop
      vertex -13.5602 17.6719 0
      vertex -13.5602 17.6719 6.05469
      vertex -15.7508 15.7508 6.05469
    endloop
  endfacet
  facet normal 0.659346 -0.75184 0
    outer loop
      vertex -15.7508 15.7508 0
      vertex -13.5602 17.6719 0
      vertex -15.7508 15.7508 6.05469
    endloop
  endfacet
  facet normal 0.55557 -0.83147 0
    outer loop
      vertex -11.1375 19.2907 0
      vertex -11.1375 19.2907 6.05469
      vertex -13.5602 17.6719 6.05469
    endloop
  endfacet
  facet normal 0.55557 -0.83147 0
    outer loop
      vertex -13.5602 17.6719 0
      vertex -11.1375 19.2907 0
      vertex -13.5602 17.6719 6.05469
    endloop
  endfacet
  facet normal 0.442289 -0.896873 0
    outer loop
      vertex -8.52427 20.5794 0
      vertex -8.52427 20.5794 6.05469
      vertex -11.1375 19.2907 6.05469
    endloop
  endfacet
  facet normal 0.442289 -0.896873 0
    outer loop
      vertex -11.1375 19.2907 0
      vertex -8.52427 20.5794 0
      vertex -11.1375 19.2907 6.05469
    endloop
  endfacet
  facet normal 0.321439 -0.94693 0
    outer loop
      vertex -5.76519 21.516 0
      vertex -5.76519 21.516 6.05469
      vertex -8.52427 20.5794 6.05469
    endloop
  endfacet
  facet normal 0.321439 -0.94693 0
    outer loop
      vertex -8.52427 20.5794 0
      vertex -5.76519 21.516 0
      vertex -8.52427 20.5794 6.05469
    endloop
  endfacet
  facet normal 0.19509 -0.980785 0
    outer loop
      vertex -2.90747 22.0844 0
      vertex -2.90747 22.0844 6.05469
      vertex -5.76519 21.516 6.05469
    endloop
  endfacet
  facet normal 0.19509 -0.980785 0
    outer loop
      vertex -5.76519 21.516 0
      vertex -2.90747 22.0844 0
      vertex -5.76519 21.516 6.05469
    endloop
  endfacet
  facet normal 0.0654032 -0.997859 0
    outer loop
      vertex 0 22.275 0
      vertex 0 22.275 6.05469
      vertex -2.90747 22.0844 6.05469
    endloop
  endfacet
  facet normal 0.0654032 -0.997859 0
    outer loop
      vertex -2.90747 22.0844 0
      vertex 0 22.275 0
      vertex -2.90747 22.0844 6.05469
    endloop
  endfacet
  facet normal -0.0654032 -0.997859 0
    outer loop
      vertex 2.90747 22.0844 0
      vertex 2.90747 22.0844 6.05469
      vertex 0 22.275 6.05469
    endloop
  endfacet
  facet normal -0.0654032 -0.997859 0
    outer loop
      vertex 0 22.275 0
      vertex 2.90747 22.0844 0
      vertex 0 22.275 6.05469
    endloop
  endfacet
  facet normal -0.19509 -0.980785 0
    outer loop
      vertex 5.76519 21.516 0
      vertex 5.76519 21.516 6.05469
      vertex 2.90747 22.0844 6.05469
    endloop
  endfacet
  facet normal -0.19509 -0.980785 0
    outer loop
      vertex 2.90747 22.0844 0
      vertex 5.76519 21.516 0
      vertex 2.90747 22.0844 6.05469
    endloop
  endfacet
  facet normal -0.321439 -0.94693 0
    outer loop
      vertex 8.52427 20.5794 0
      vertex 8.52427 20.5794 6.05469
      vertex 5.76519 21.516 6.05469
    endloop
  endfacet
  facet normal -0.321439 -0.94693 0
    outer loop
      vertex 5.76519 21.516 0
      vertex 8.52427 20.5794 0
      vertex 5.76519 21.516 6.05469
    endloop
  endfacet
  facet normal -0.442289 -0.896873 0
    outer loop
      vertex 11.1375 19.2907 0
      vertex 11.1375 19.2907 6.05469
      vertex 8.52427 20.5794 6.05469
    endloop
  endfacet
  facet normal -0.442289 -0.896873 0
    outer loop
      vertex 8.52427 20.5794 0
      vertex 11.1375 19.2907 0
      vertex 8.52427 20.5794 6.05469
    endloop
  endfacet
  facet normal -0.55557 -0.83147 0
    outer loop
      vertex 13.5602 17.6719 0
      vertex 13.5602 17.6719 6.05469
      vertex 11.1375 19.2907 6.05469
    endloop
  endfacet
  facet normal -0.55557 -0.83147 0
    outer loop
      vertex 11.1375 19.2907 0
      vertex 13.5602 17.6719 0
      vertex 11.1375 19.2907 6.05469
    endloop
  endfacet
  facet normal -0.659346 -0.75184 0
    outer loop
      vertex 15.7508 15.7508 0
      vertex 15.7508 15.7508 6.05469
      vertex 13.5602 17.6719 6.05469
    endloop
  endfacet
  facet normal -0.659346 -0.75184 0
    outer loop
      vertex 13.5602 17.6719 0
      vertex 15.7508 15.7508 0
      vertex 13.5602 17.6719 6.05469
    endloop
  endfacet
  facet normal -0.75184 -0.659346 0
    outer loop
      vertex 17.6719 13.5602 6.05469
      vertex 15.7508 15.7508 6.05469
      vertex 17.6719 13.5602 0
    endloop
  endfacet
  facet normal -0.75184 -0.659346 0
    outer loop
      vertex 17.6719 13.5602 0
      vertex 15.7508 15.7508 6.05469
      vertex 15.7508 15.7508 0
    endloop
  endfacet
  facet normal -0.83147 -0.55557 0
    outer loop
      vertex 19.2907 11.1375 6.05469
      vertex 17.6719 13.5602 6.05469
      vertex 19.2907 11.1375 0
    endloop
  endfacet
  facet normal -0.83147 -0.55557 0
    outer loop
      vertex 19.2907 11.1375 0
      vertex 17.6719 13.5602 6.05469
      vertex 17.6719 13.5602 0
    endloop
  endfacet
  facet normal -0.896873 -0.442289 0
    outer loop
      vertex 20.5794 8.52427 6.05469
      vertex 19.2907 11.1375 6.05469
      vertex 20.5794 8.52427 0
    endloop
  endfacet
  facet normal -0.896873 -0.442289 0
    outer loop
      vertex 20.5794 8.52427 0
      vertex 19.2907 11.1375 6.05469
      vertex 19.2907 11.1375 0
    endloop
  endfacet
  facet normal -0.94693 -0.321439 0
    outer loop
      vertex 21.516 5.76519 6.05469
      vertex 20.5794 8.52427 6.05469
      vertex 21.516 5.76519 0
    endloop
  endfacet
  facet normal -0.94693 -0.321439 0
    outer loop
      vertex 21.516 5.76519 0
      vertex 20.5794 8.52427 6.05469
      vertex 20.5794 8.52427 0
    endloop
  endfacet
  facet normal -0.980785 -0.19509 0
    outer loop
      vertex 22.0844 2.90747 6.05469
      vertex 21.516 5.76519 6.05469
      vertex 22.0844 2.90747 0
    endloop
  endfacet
  facet normal -0.980785 -0.19509 0
    outer loop
      vertex 22.0844 2.90747 0
      vertex 21.516 5.76519 6.05469
      vertex 21.516 5.76519 0
    endloop
  endfacet
  facet normal -0.997859 -0.0654032 0
    outer loop
      vertex 22.275 0 6.05469
      vertex 22.0844 2.90747 6.05469
      vertex 22.275 0 0
    endloop
  endfacet
  facet normal -0.997859 -0.0654032 0
    outer loop
      vertex 22.275 0 0
      vertex 22.0844 2.90747 6.05469
      vertex 22.0844 2.90747 0
    endloop
  endfacet
  facet normal -0.997859 0.0654032 0
    outer loop
      vertex 22.275 0 6.05469
      vertex 22.275 0 0
      vertex 22.0844 -2.90747 6.05469
    endloop
  endfacet
  facet normal -0.997859 0.0654032 0
    outer loop
      vertex 22.0844 -2.90747 6.05469
      vertex 22.275 0 0
      vertex 22.0844 -2.90747 0
    endloop
  endfacet
  facet normal -0.980785 0.19509 0
    outer loop
      vertex 22.0844 -2.90747 6.05469
      vertex 22.0844 -2.90747 0
      vertex 21.516 -5.76519 6.05469
    endloop
  endfacet
  facet normal -0.980785 0.19509 0
    outer loop
      vertex 21.516 -5.76519 6.05469
      vertex 22.0844 -2.90747 0
      vertex 21.516 -5.76519 0
    endloop
  endfacet
  facet normal -0.94693 0.321439 0
    outer loop
      vertex 21.516 -5.76519 6.05469
      vertex 21.516 -5.76519 0
      vertex 20.5794 -8.52427 6.05469
    endloop
  endfacet
  facet normal -0.94693 0.321439 0
    outer loop
      vertex 20.5794 -8.52427 6.05469
      vertex 21.516 -5.76519 0
      vertex 20.5794 -8.52427 0
    endloop
  endfacet
  facet normal -0.896873 0.442289 0
    outer loop
      vertex 20.5794 -8.52427 6.05469
      vertex 20.5794 -8.52427 0
      vertex 19.2907 -11.1375 6.05469
    endloop
  endfacet
  facet normal -0.896873 0.442289 0
    outer loop
      vertex 19.2907 -11.1375 6.05469
      vertex 20.5794 -8.52427 0
      vertex 19.2907 -11.1375 0
    endloop
  endfacet
  facet normal -0.83147 0.55557 0
    outer loop
      vertex 19.2907 -11.1375 6.05469
      vertex 19.2907 -11.1375 0
      vertex 17.6719 -13.5602 6.05469
    endloop
  endfacet
  facet normal -0.83147 0.55557 0
    outer loop
      vertex 17.6719 -13.5602 6.05469
      vertex 19.2907 -11.1375 0
      vertex 17.6719 -13.5602 0
    endloop
  endfacet
  facet normal -0.75184 0.659346 0
    outer loop
      vertex 17.6719 -13.5602 6.05469
      vertex 17.6719 -13.5602 0
      vertex 15.7508 -15.7508 6.05469
    endloop
  endfacet
  facet normal -0.75184 0.659346 0
    outer loop
      vertex 15.7508 -15.7508 6.05469
      vertex 17.6719 -13.5602 0
      vertex 15.7508 -15.7508 0
    endloop
  endfacet
  facet normal -0.659346 0.75184 0
    outer loop
      vertex 15.7508 -15.7508 6.05469
      vertex 15.7508 -15.7508 0
      vertex 13.5602 -17.6719 6.05469
    endloop
  endfacet
  facet normal -0.659346 0.75184 0
    outer loop
      vertex 13.5602 -17.6719 6.05469
      vertex 15.7508 -15.7508 0
      vertex 13.5602 -17.6719 0
    endloop
  endfacet
  facet normal -0.55557 0.83147 0
    outer loop
      vertex 13.5602 -17.6719 6.05469
      vertex 13.5602 -17.6719 0
      vertex 11.1375 -19.2907 6.05469
    endloop
  endfacet
  facet normal -0.55557 0.83147 0
    outer loop
      vertex 11.1375 -19.2907 6.05469
      vertex 13.5602 -17.6719 0
      vertex 11.1375 -19.2907 0
    endloop
  endfacet
  facet normal -0.442289 0.896873 0
    outer loop
      vertex 11.1375 -19.2907 6.05469
      vertex 11.1375 -19.2907 0
      vertex 8.52427 -20.5794 6.05469
    endloop
  endfacet
  facet normal -0.442289 0.896873 0
    outer loop
      vertex 8.52427 -20.5794 6.05469
      vertex 11.1375 -19.2907 0
      vertex 8.52427 -20.5794 0
    endloop
  endfacet
  facet normal -0.321439 0.94693 0
    outer loop
      vertex 8.52427 -20.5794 6.05469
      vertex 8.52427 -20.5794 0
      vertex 5.76519 -21.516 6.05469
    endloop
  endfacet
  facet normal -0.321439 0.94693 0
    outer loop
      vertex 5.76519 -21.516 6.05469
      vertex 8.52427 -20.5794 0
      vertex 5.76519 -21.516 0
    endloop
  endfacet
  facet normal -0.19509 0.980785 0
    outer loop
      vertex 5.76519 -21.516 6.05469
      vertex 5.76519 -21.516 0
      vertex 2.90747 -22.0844 6.05469
    endloop
  endfacet
  facet normal -0.19509 0.980785 0
    outer loop
      vertex 2.90747 -22.0844 6.05469
      vertex 5.76519 -21.516 0
      vertex 2.90747 -22.0844 0
    endloop
  endfacet
  facet normal -0.0654032 0.997859 0
    outer loop
      vertex 2.90747 -22.0844 6.05469
      vertex 2.90747 -22.0844 0
      vertex 0 -22.275 6.05469
    endloop
  endfacet
  facet normal -0.0654032 0.997859 0
    outer loop
      vertex 0 -22.275 6.05469
      vertex 2.90747 -22.0844 0
      vertex 0 -22.275 0
    endloop
  endfacet
  facet normal 0.0654032 0.997859 0
    outer loop
      vertex 0 -22.275 6.05469
      vertex 0 -22.275 0
      vertex -2.90747 -22.0844 6.05469
    endloop
  endfacet
  facet normal 0.0654032 0.997859 0
    outer loop
      vertex -2.90747 -22.0844 6.05469
      vertex 0 -22.275 0
      vertex -2.90747 -22.0844 0
    endloop
  endfacet
  facet normal 0.19509 0.980785 0
    outer loop
      vertex -2.90747 -22.0844 6.05469
      vertex -2.90747 -22.0844 0
      vertex -5.76519 -21.516 6.05469
    endloop
  endfacet
  facet normal 0.19509 0.980785 0
    outer loop
      vertex -5.76519 -21.516 6.05469
      vertex -2.90747 -22.0844 0
      vertex -5.76519 -21.516 0
    endloop
  endfacet
  facet normal 0.321439 0.94693 0
    outer loop
      vertex -5.76519 -21.516 6.05469
      vertex -5.76519 -21.516 0
      vertex -8.52427 -20.5794 6.05469
    endloop
  endfacet
  facet normal 0.321439 0.94693 0
    outer loop
      vertex -8.52427 -20.5794 6.05469
      vertex -5.76519 -21.516 0
      vertex -8.52427 -20.5794 0
    endloop
  endfacet
  facet normal 0.442289 0.896873 0
    outer loop
      vertex -8.52427 -20.5794 6.05469
      vertex -8.52427 -20.5794 0
      vertex -11.1375 -19.2907 6.05469
    endloop
  endfacet
  facet normal 0.442289 0.896873 0
    outer loop
      vertex -11.1375 -19.2907 6.05469
      vertex -8.52427 -20.5794 0
      vertex -11.1375 -19.2907 0
    endloop
  endfacet
  facet normal 0.55557 0.83147 0
    outer loop
      vertex -11.1375 -19.2907 6.05469
      vertex -11.1375 -19.2907 0
      vertex -13.5602 -17.6719 6.05469
    endloop
  endfacet
  facet normal 0.55557 0.83147 0
    outer loop
      vertex -13.5602 -17.6719 6.05469
      vertex -11.1375 -19.2907 0
      vertex -13.5602 -17.6719 0
    endloop
  endfacet
  facet normal 0.659346 0.75184 0
    outer loop
      vertex -13.5602 -17.6719 6.05469
      vertex -13.5602 -17.6719 0
      vertex -15.7508 -15.7508 6.05469
    endloop
  endfacet
  facet normal 0.659346 0.75184 0
    outer loop
      vertex -15.7508 -15.7508 6.05469
      vertex -13.5602 -17.6719 0
      vertex -15.7508 -15.7508 0
    endloop
  endfacet
  facet normal 0.75184 0.659346 0
    outer loop
      vertex -17.6719 -13.5602 6.05469
      vertex -15.7508 -15.7508 6.05469
      vertex -15.7508 -15.7508 0
    endloop
  endfacet
  facet normal 0.75184 0.659346 0
    outer loop
      vertex -17.6719 -13.5602 0
      vertex -17.6719 -13.5602 6.05469
      vertex -15.7508 -15.7508 0
    endloop
  endfacet
  facet normal 0.83147 0.55557 0
    outer loop
      vertex -19.2907 -11.1375 6.05469
      vertex -17.6719 -13.5602 6.05469
      vertex -17.6719 -13.5602 0
    endloop
  endfacet
  facet normal 0.83147 0.55557 0
    outer loop
      vertex -19.2907 -11.1375 0
      vertex -19.2907 -11.1375 6.05469
      vertex -17.6719 -13.5602 0
    endloop
  endfacet
  facet normal 0.896873 0.442289 0
    outer loop
      vertex -20.5794 -8.52427 6.05469
      vertex -19.2907 -11.1375 6.05469
      vertex -19.2907 -11.1375 0
    endloop
  endfacet
  facet normal 0.896873 0.442289 0
    outer loop
      vertex -20.5794 -8.52427 0
      vertex -20.5794 -8.52427 6.05469
      vertex -19.2907 -11.1375 0
    endloop
  endfacet
  facet normal 0.94693 0.321439 0
    outer loop
      vertex -21.516 -5.76519 6.05469
      vertex -20.5794 -8.52427 6.05469
      vertex -20.5794 -8.52427 0
    endloop
  endfacet
  facet normal 0.94693 0.321439 0
    outer loop
      vertex -21.516 -5.76519 0
      vertex -21.516 -5.76519 6.05469
      vertex -20.5794 -8.52427 0
    endloop
  endfacet
  facet normal 0.980785 0.19509 0
    outer loop
      vertex -22.0844 -2.90747 6.05469
      vertex -21.516 -5.76519 6.05469
      vertex -21.516 -5.76519 0
    endloop
  endfacet
  facet normal 0.980785 0.19509 0
    outer loop
      vertex -22.0844 -2.90747 0
      vertex -22.0844 -2.90747 6.05469
      vertex -21.516 -5.76519 0
    endloop
  endfacet
  facet normal 0 0 1
    outer loop
      vertex -24.7861 3.26315 6.05469
      vertex -25 0 6.05469
      vertex -24.7861 -3.26315 6.05469
    endloop
  endfacet
  facet normal 0 0 1
    outer loop
      vertex -23.097 -9.56709 6.05469
      vertex -24.7861 3.26315 6.05469
      vertex -24.1481 -6.47048 6.05469
    endloop
  endfacet
  facet normal 0 0 1
    outer loop
      vertex -24.1481 -6.47048 6.05469
      vertex -24.7861 3.26315 6.05469
      vertex -24.7861 -3.26315 6.05469
    endloop
  endfacet
  facet normal 0 0 1
    outer loop
      vertex -21.6506 -12.5 6.05469
      vertex -24.7861 3.26315 6.05469
      vertex -23.097 -9.56709 6.05469
    endloop
  endfacet
  facet normal 0 0 1
    outer loop
      vertex -19.8338 -15.219 6.05469
      vertex -24.7861 3.26315 6.05469
      vertex -21.6506 -12.5 6.05469
    endloop
  endfacet
  facet normal 0 0 1
    outer loop
      vertex -17.6777 -17.6777 6.05469
      vertex -24.7861 3.26315 6.05469
      vertex -19.8338 -15.219 6.05469
    endloop
  endfacet
  facet normal 0 0 1
    outer loop
      vertex -20.5794 -8.52427 6.05469
      vertex -24.7861 3.26315 6.05469
      vertex -17.6777 -17.6777 6.05469
    endloop
  endfacet
  facet normal 0 0 1
    outer loop
      vertex 2.90747 22.0844 6.05469
      vertex 5.76519 21.516 6.05469
      vertex 6.47048 24.1481 6.05469
    endloop
  endfacet
  facet normal 0 0 1
    outer loop
      vertex -15.7508 15.7508 6.05469
      vertex -13.5602 17.6719 6.05469
      vertex -9.56709 23.097 6.05469
    endloop
  endfacet
  facet normal 0 0 1
    outer loop
      vertex -11.1375 19.2907 6.05469
      vertex -8.52427 20.5794 6.05469
      vertex -6.47048 24.1481 6.05469
    endloop
  endfacet
  facet normal 0 0 1
    outer loop
      vertex -15.219 19.8338 6.05469
      vertex -24.7861 3.26315 6.05469
      vertex -12.5 21.6506 6.05469
    endloop
  endfacet
  facet normal 0 0 1
    outer loop
      vertex -17.6777 17.6777 6.05469
      vertex -24.7861 3.26315 6.05469
      vertex -15.219 19.8338 6.05469
    endloop
  endfacet
  facet normal 0 0 1
    outer loop
      vertex -19.8338 15.219 6.05469
      vertex -24.7861 3.26315 6.05469
      vertex -17.6777 17.6777 6.05469
    endloop
  endfacet
  facet normal 0 0 1
    outer loop
      vertex -21.6506 12.5 6.05469
      vertex -24.7861 3.26315 6.05469
      vertex -19.8338 15.219 6.05469
    endloop
  endfacet
  facet normal 0 0 1
    outer loop
      vertex -23.097 9.56709 6.05469
      vertex -24.7861 3.26315 6.05469
      vertex -21.6506 12.5 6.05469
    endloop
  endfacet
  facet normal 0 0 1
    outer loop
      vertex -24.1481 6.47048 6.05469
      vertex -24.7861 3.26315 6.05469
      vertex -23.097 9.56709 6.05469
    endloop
  endfacet
  facet normal 0 0 1
    outer loop
      vertex 13.5602 -17.6719 6.05469
      vertex 11.1375 -19.2907 6.05469
      vertex 15.219 -19.8338 6.05469
    endloop
  endfacet
  facet normal 0 0 1
    outer loop
      vertex -8.52427 -20.5794 6.05469
      vertex -11.1375 -19.2907 6.05469
      vertex -6.47048 -24.1481 6.05469
    endloop
  endfacet
  facet normal 0 0 1
    outer loop
      vertex 20.5794 -8.52427 6.05469
      vertex 19.2907 -11.1375 6.05469
      vertex 23.097 -9.56709 6.05469
    endloop
  endfacet
  facet normal 0 0 1
    outer loop
      vertex 5.76519 21.516 6.05469
      vertex 8.52427 20.5794 6.05469
      vertex 9.56709 23.097 6.05469
    endloop
  endfacet
  facet normal 0 0 1
    outer loop
      vertex -8.52427 20.5794 6.05469
      vertex -5.76519 21.516 6.05469
      vertex -3.26315 24.7861 6.05469
    endloop
  endfacet
  facet normal 0 0 1
    outer loop
      vertex -2.90747 22.0844 6.05469
      vertex 0 22.275 6.05469
      vertex 3.26315 24.7861 6.05469
    endloop
  endfacet
  facet normal 0 0 1
    outer loop
      vertex -12.5 21.6506 6.05469
      vertex -24.7861 3.26315 6.05469
      vertex -19.2907 11.1375 6.05469
    endloop
  endfacet
  facet normal 0 0 1
    outer loop
      vertex -12.5 21.6506 6.05469
      vertex -17.6719 13.5602 6.05469
      vertex -9.56709 23.097 6.05469
    endloop
  endfacet
  facet normal 0 0 1
    outer loop
      vertex -12.5 21.6506 6.05469
      vertex -19.2907 11.1375 6.05469
      vertex -17.6719 13.5602 6.05469
    endloop
  endfacet
  facet normal 0 0 1
    outer loop
      vertex -17.6719 13.5602 6.05469
      vertex -15.7508 15.7508 6.05469
      vertex -9.56709 23.097 6.05469
    endloop
  endfacet
  facet normal 0 0 1
    outer loop
      vertex -9.56709 23.097 6.05469
      vertex -13.5602 17.6719 6.05469
      vertex -6.47048 24.1481 6.05469
    endloop
  endfacet
  facet normal 0 0 1
    outer loop
      vertex -13.5602 17.6719 6.05469
      vertex -11.1375 19.2907 6.05469
      vertex -6.47048 24.1481 6.05469
    endloop
  endfacet
  facet normal 0 0 1
    outer loop
      vertex -6.47048 24.1481 6.05469
      vertex -8.52427 20.5794 6.05469
      vertex -3.26315 24.7861 6.05469
    endloop
  endfacet
  facet normal 0 0 1
    outer loop
      vertex -20.5794 8.52427 6.05469
      vertex -19.2907 11.1375 6.05469
      vertex -24.7861 3.26315 6.05469
    endloop
  endfacet
  facet normal 0 0 1
    outer loop
      vertex -3.26315 24.7861 6.05469
      vertex -5.76519 21.516 6.05469
      vertex 0 25 6.05469
    endloop
  endfacet
  facet normal 0 0 1
    outer loop
      vertex 0 25 6.05469
      vertex -2.90747 22.0844 6.05469
      vertex 3.26315 24.7861 6.05469
    endloop
  endfacet
  facet normal 0 0 1
    outer loop
      vertex 3.26315 24.7861 6.05469
      vertex 0 22.275 6.05469
      vertex 6.47048 24.1481 6.05469
    endloop
  endfacet
  facet normal 0 0 1
    outer loop
      vertex 0 22.275 6.05469
      vertex 2.90747 22.0844 6.05469
      vertex 6.47048 24.1481 6.05469
    endloop
  endfacet
  facet normal 0 0 1
    outer loop
      vertex 6.47048 24.1481 6.05469
      vertex 5.76519 21.516 6.05469
      vertex 9.56709 23.097 6.05469
    endloop
  endfacet
  facet normal 0 0 1
    outer loop
      vertex -5.76519 21.516 6.05469
      vertex -2.90747 22.0844 6.05469
      vertex 0 25 6.05469
    endloop
  endfacet
  facet normal 0 0 1
    outer loop
      vertex 9.56709 23.097 6.05469
      vertex 8.52427 20.5794 6.05469
      vertex 12.5 21.6506 6.05469
    endloop
  endfacet
  facet normal 0 0 1
    outer loop
      vertex 12.5 21.6506 6.05469
      vertex 11.1375 19.2907 6.05469
      vertex 15.219 19.8338 6.05469
    endloop
  endfacet
  facet normal 0 0 1
    outer loop
      vertex 0 -22.275 6.05469
      vertex -2.90747 -22.0844 6.05469
      vertex 0 -25 6.05469
    endloop
  endfacet
  facet normal 0 0 1
    outer loop
      vertex 15.219 19.8338 6.05469
      vertex 13.5602 17.6719 6.05469
      vertex 17.6777 17.6777 6.05469
    endloop
  endfacet
  facet normal 0 0 1
    outer loop
      vertex -21.516 5.76519 6.05469
      vertex -20.5794 8.52427 6.05469
      vertex -24.7861 3.26315 6.05469
    endloop
  endfacet
  facet normal 0 0 1
    outer loop
      vertex 17.6777 17.6777 6.05469
      vertex 15.7508 15.7508 6.05469
      vertex 19.8338 15.219 6.05469
    endloop
  endfacet
  facet normal 0 0 1
    outer loop
      vertex 19.8338 15.219 6.05469
      vertex 17.6719 13.5602 6.05469
      vertex 21.6506 12.5 6.05469
    endloop
  endfacet
  facet normal 0 0 1
    outer loop
      vertex 21.6506 12.5 6.05469
      vertex 19.2907 11.1375 6.05469
      vertex 23.097 9.56709 6.05469
    endloop
  endfacet
  facet normal 0 0 1
    outer loop
      vertex 23.097 9.56709 6.05469
      vertex 20.5794 8.52427 6.05469
      vertex 24.1481 6.47048 6.05469
    endloop
  endfacet
  facet normal 0 0 1
    outer loop
      vertex 24.1481 6.47048 6.05469
      vertex 21.516 5.76519 6.05469
      vertex 24.7861 3.26315 6.05469
    endloop
  endfacet
  facet normal 0 0 1
    outer loop
      vertex 24.7861 3.26315 6.05469
      vertex 22.0844 2.90747 6.05469
      vertex 25 0 6.05469
    endloop
  endfacet
  facet normal 0 0 1
    outer loop
      vertex 25 0 6.05469
      vertex 22.275 0 6.05469
      vertex 24.7861 -3.26315 6.05469
    endloop
  endfacet
  facet normal 0 0 1
    outer loop
      vertex 22.275 0 6.05469
      vertex 22.0844 -2.90747 6.05469
      vertex 24.7861 -3.26315 6.05469
    endloop
  endfacet
  facet normal 0 0 1
    outer loop
      vertex 24.7861 -3.26315 6.05469
      vertex 21.516 -5.76519 6.05469
      vertex 24.1481 -6.47048 6.05469
    endloop
  endfacet
  facet normal 0 0 1
    outer loop
      vertex 24.1481 -6.47048 6.05469
      vertex 20.5794 -8.52427 6.05469
      vertex 23.097 -9.56709 6.05469
    endloop
  endfacet
  facet normal 0 0 1
    outer loop
      vertex 8.52427 20.5794 6.05469
      vertex 11.1375 19.2907 6.05469
      vertex 12.5 21.6506 6.05469
    endloop
  endfacet
  facet normal 0 0 1
    outer loop
      vertex 23.097 -9.56709 6.05469
      vertex 19.2907 -11.1375 6.05469
      vertex 21.6506 -12.5 6.05469
    endloop
  endfacet
  facet normal 0 0 1
    outer loop
      vertex 11.1375 19.2907 6.05469
      vertex 13.5602 17.6719 6.05469
      vertex 15.219 19.8338 6.05469
    endloop
  endfacet
  facet normal 0 0 1
    outer loop
      vertex 21.6506 -12.5 6.05469
      vertex 17.6719 -13.5602 6.05469
      vertex 19.8338 -15.219 6.05469
    endloop
  endfacet
  facet normal 0 0 1
    outer loop
      vertex 13.5602 17.6719 6.05469
      vertex 15.7508 15.7508 6.05469
      vertex 17.6777 17.6777 6.05469
    endloop
  endfacet
  facet normal 0 0 1
    outer loop
      vertex 19.8338 -15.219 6.05469
      vertex 15.7508 -15.7508 6.05469
      vertex 17.6777 -17.6777 6.05469
    endloop
  endfacet
  facet normal 0 0 1
    outer loop
      vertex 15.7508 15.7508 6.05469
      vertex 17.6719 13.5602 6.05469
      vertex 19.8338 15.219 6.05469
    endloop
  endfacet
  facet normal 0 0 1
    outer loop
      vertex 17.6777 -17.6777 6.05469
      vertex 13.5602 -17.6719 6.05469
      vertex 15.219 -19.8338 6.05469
    endloop
  endfacet
  facet normal 0 0 1
    outer loop
      vertex 17.6719 13.5602 6.05469
      vertex 19.2907 11.1375 6.05469
      vertex 21.6506 12.5 6.05469
    endloop
  endfacet
  facet normal 0 0 1
    outer loop
      vertex 15.219 -19.8338 6.05469
      vertex 11.1375 -19.2907 6.05469
      vertex 12.5 -21.6506 6.05469
    endloop
  endfacet
  facet normal 0 0 1
    outer loop
      vertex 19.2907 11.1375 6.05469
      vertex 20.5794 8.52427 6.05469
      vertex 23.097 9.56709 6.05469
    endloop
  endfacet
  facet normal 0 0 1
    outer loop
      vertex 12.5 -21.6506 6.05469
      vertex 8.52427 -20.5794 6.05469
      vertex 9.56709 -23.097 6.05469
    endloop
  endfacet
  facet normal 0 0 1
    outer loop
      vertex 20.5794 8.52427 6.05469
      vertex 21.516 5.76519 6.05469
      vertex 24.1481 6.47048 6.05469
    endloop
  endfacet
  facet normal 0 0 1
    outer loop
      vertex 9.56709 -23.097 6.05469
      vertex 5.76519 -21.516 6.05469
      vertex 6.47048 -24.1481 6.05469
    endloop
  endfacet
  facet normal 0 0 1
    outer loop
      vertex 21.516 5.76519 6.05469
      vertex 22.0844 2.90747 6.05469
      vertex 24.7861 3.26315 6.05469
    endloop
  endfacet
  facet normal 0 0 1
    outer loop
      vertex 6.47048 -24.1481 6.05469
      vertex 2.90747 -22.0844 6.05469
      vertex 3.26315 -24.7861 6.05469
    endloop
  endfacet
  facet normal 0 0 1
    outer loop
      vertex 22.0844 2.90747 6.05469
      vertex 22.275 0 6.05469
      vertex 25 0 6.05469
    endloop
  endfacet
  facet normal 0 0 1
    outer loop
      vertex 3.26315 -24.7861 6.05469
      vertex 0 -22.275 6.05469
      vertex 0 -25 6.05469
    endloop
  endfacet
  facet normal 0 0 1
    outer loop
      vertex 22.0844 -2.90747 6.05469
      vertex 21.516 -5.76519 6.05469
      vertex 24.7861 -3.26315 6.05469
    endloop
  endfacet
  facet normal 0 0 1
    outer loop
      vertex 0 -25 6.05469
      vertex -2.90747 -22.0844 6.05469
      vertex -3.26315 -24.7861 6.05469
    endloop
  endfacet
  facet normal 0 0 1
    outer loop
      vertex -2.90747 -22.0844 6.05469
      vertex -5.76519 -21.516 6.05469
      vertex -3.26315 -24.7861 6.05469
    endloop
  endfacet
  facet normal 0 0 1
    outer loop
      vertex -3.26315 -24.7861 6.05469
      vertex -8.52427 -20.5794 6.05469
      vertex -6.47048 -24.1481 6.05469
    endloop
  endfacet
  facet normal 0 0 1
    outer loop
      vertex 19.2907 -11.1375 6.05469
      vertex 17.6719 -13.5602 6.05469
      vertex 21.6506 -12.5 6.05469
    endloop
  endfacet
  facet normal 0 0 1
    outer loop
      vertex -6.47048 -24.1481 6.05469
      vertex -11.1375 -19.2907 6.05469
      vertex -9.56709 -23.097 6.05469
    endloop
  endfacet
  facet normal 0 0 1
    outer loop
      vertex 17.6719 -13.5602 6.05469
      vertex 15.7508 -15.7508 6.05469
      vertex 19.8338 -15.219 6.05469
    endloop
  endfacet
  facet normal 0 0 1
    outer loop
      vertex -9.56709 -23.097 6.05469
      vertex -13.5602 -17.6719 6.05469
      vertex -12.5 -21.6506 6.05469
    endloop
  endfacet
  facet normal 0 0 1
    outer loop
      vertex 15.7508 -15.7508 6.05469
      vertex 13.5602 -17.6719 6.05469
      vertex 17.6777 -17.6777 6.05469
    endloop
  endfacet
  facet normal 0 0 1
    outer loop
      vertex -12.5 -21.6506 6.05469
      vertex -15.7508 -15.7508 6.05469
      vertex -15.219 -19.8338 6.05469
    endloop
  endfacet
  facet normal 0 0 1
    outer loop
      vertex -15.7508 -15.7508 6.05469
      vertex -17.6719 -13.5602 6.05469
      vertex -15.219 -19.8338 6.05469
    endloop
  endfacet
  facet normal 0 0 1
    outer loop
      vertex -15.219 -19.8338 6.05469
      vertex -19.2907 -11.1375 6.05469
      vertex -17.6777 -17.6777 6.05469
    endloop
  endfacet
  facet normal 0 0 1
    outer loop
      vertex -11.1375 -19.2907 6.05469
      vertex -13.5602 -17.6719 6.05469
      vertex -9.56709 -23.097 6.05469
    endloop
  endfacet
  facet normal 0 0 1
    outer loop
      vertex -19.2907 -11.1375 6.05469
      vertex -20.5794 -8.52427 6.05469
      vertex -17.6777 -17.6777 6.05469
    endloop
  endfacet
  facet normal 0 0 1
    outer loop
      vertex -21.516 -5.76519 6.05469
      vertex -24.7861 3.26315 6.05469
      vertex -20.5794 -8.52427 6.05469
    endloop
  endfacet
  facet normal 0 0 1
    outer loop
      vertex -21.516 -5.76519 6.05469
      vertex -22.0844 -2.90747 6.05469
      vertex -24.7861 3.26315 6.05469
    endloop
  endfacet
  facet normal 0 0 1
    outer loop
      vertex -17.6719 -13.5602 6.05469
      vertex -19.2907 -11.1375 6.05469
      vertex -15.219 -19.8338 6.05469
    endloop
  endfacet
  facet normal 0 0 1
    outer loop
      vertex -22.0844 -2.90747 6.05469
      vertex -22.275 0 6.05469
      vertex -24.7861 3.26315 6.05469
    endloop
  endfacet
  facet normal 0 0 1
    outer loop
      vertex 11.1375 -19.2907 6.05469
      vertex 8.52427 -20.5794 6.05469
      vertex 12.5 -21.6506 6.05469
    endloop
  endfacet
  facet normal 0 0 1
    outer loop
      vertex 8.52427 -20.5794 6.05469
      vertex 5.76519 -21.516 6.05469
      vertex 9.56709 -23.097 6.05469
    endloop
  endfacet
  facet normal 0 0 1
    outer loop
      vertex 5.76519 -21.516 6.05469
      vertex 2.90747 -22.0844 6.05469
      vertex 6.47048 -24.1481 6.05469
    endloop
  endfacet
  facet normal 0 0 1
    outer loop
      vertex 2.90747 -22.0844 6.05469
      vertex 0 -22.275 6.05469
      vertex 3.26315 -24.7861 6.05469
    endloop
  endfacet
  facet normal 0 0 1
    outer loop
      vertex -13.5602 -17.6719 6.05469
      vertex -15.7508 -15.7508 6.05469
      vertex -12.5 -21.6506 6.05469
    endloop
  endfacet
  facet normal 0 0 1
    outer loop
      vertex -5.76519 -21.516 6.05469
      vertex -8.52427 -20.5794 6.05469
      vertex -3.26315 -24.7861 6.05469
    endloop
  endfacet
  facet normal 0 0 1
    outer loop
      vertex -22.275 0 6.05469
      vertex -22.0844 2.90747 6.05469
      vertex -24.7861 3.26315 6.05469
    endloop
  endfacet
  facet normal 0 0 1
    outer loop
      vertex 21.516 -5.76519 6.05469
      vertex 20.5794 -8.52427 6.05469
      vertex 24.1481 -6.47048 6.05469
    endloop
  endfacet
  facet normal 0 0 1
    outer loop
      vertex -22.0844 2.90747 6.05469
      vertex -21.516 5.76519 6.05469
      vertex -24.7861 3.26315 6.05469
    endloop
  endfacet
endsolid OpenSCAD_Model
